customer_id,industry,company_size,country,acquisition_channel,cac,plan_tier,mrr_value,tenure_days,churned,avg_logins,total_logins,last_login_date,active_months,usage_trend_pct,total_invoices,failed_invoices,failure_rate,total_tickets,unresolved_tickets,avg_csat
1,Retail,Small,Canada,Referral,86.64,Basic,51.92,426,1,7.5,105,2026-05-01,14,-0.8205128205128205,14,0,0.0,3.0,0.0,3.3333333333333335
2,Edtech,Mid-Market,Germany,Referral,129.57,Basic,61.83,668,0,2.761904761904762,58,2026-07-01,21,-0.4705882352941177,21,0,0.0,4.0,0.0,3.75
3,Fintech,Small,Canada,Partner,256.43,Basic,46.54,273,1,2.888888888888889,26,2025-06-01,9,-0.8888888888888888,9,1,0.1111111111111111,4.0,1.0,2.0
4,Legal,Small,India,Paid Search,390.92,Pro,236.34,548,0,21.941176470588236,373,2026-07-01,17,0.03076923076923066,17,0,0.0,2.0,0.0,3.0
5,Hospitality,Mid-Market,United States,Organic,41.21,Basic,46.08,426,0,2.3846153846153846,31,2026-07-01,13,0.0,13,0,0.0,2.0,0.0,4.0
6,Retail,Small,India,Referral,55.81,Basic,43.26,424,1,1.4285714285714286,20,2026-03-01,14,-1.0,14,0,0.0,2.0,0.0,4.0
7,Healthcare,Small,United States,Organic,42.5,Basic,51.98,426,0,6.384615384615385,83,2026-07-01,13,-0.27272727272727276,13,1,0.07692307692307693,1.0,1.0,
8,Edtech,Small,India,Organic,61.84,Pro,192.82,395,0,8.333333333333334,100,2026-07-01,12,0.6842105263157895,12,2,0.16666666666666666,3.0,0.0,4.0
9,Legal,Small,Australia,Organic,34.19,Basic,56.56,212,1,1.1428571428571428,8,2026-06-01,7,3.0,7,1,0.14285714285714285,2.0,0.0,2.5
10,Legal,Mid-Market,United States,Outbound Sales,1145.7,Basic,53.39,456,0,5.428571428571429,76,2026-07-01,14,-0.15,14,0,0.0,4.0,0.0,4.25
11,Edtech,Small,Australia,Referral,89.73,Basic,47.86,211,0,5.5,33,2026-07-01,6,-0.16666666666666666,6,0,0.0,0.0,0.0,
12,Hospitality,Small,United States,Organic,30.21,Enterprise,1023.57,303,0,14.555555555555555,131,2026-07-01,9,-0.32,9,0,0.0,2.0,1.0,5.0
13,Retail,Mid-Market,Germany,Organic,57.28,Pro,172.62,365,1,13.0,156,2027-07-01,12,-0.4761904761904762,12,1,0.08333333333333333,2.0,1.0,4.0
14,Media,Small,United States,Paid Search,549.87,Basic,56.83,334,0,5.4,54,2026-07-01,10,0.4,10,0,0.0,2.0,0.0,4.5
15,Logistics,Small,India,Paid Search,430.01,Pro,170.79,273,0,23.25,186,2026-07-01,8,0.0,8,0,0.0,0.0,0.0,
16,Edtech,Small,India,Partner,269.22,Enterprise,813.7,364,0,27.09090909090909,298,2026-07-01,11,-0.09756097560975602,11,1,0.09090909090909091,3.0,0.0,3.0
17,Healthcare,Small,United Kingdom,Partner,412.16,Enterprise,949.54,546,1,23.833333333333332,429,2026-06-01,18,-0.5555555555555556,18,1,0.05555555555555555,1.0,0.0,5.0
18,Media,Small,India,Organic,54.23,Basic,58.27,426,1,4.642857142857143,65,2026-07-01,14,-0.6190476190476192,14,0,0.0,5.0,1.0,2.75
19,Manufacturing,Small,India,Paid Search,551.65,Pro,180.71,61,1,2.5,5,2024-12-01,2,,2,0,0.0,2.0,0.0,2.0
20,Hospitality,Small,United Kingdom,Organic,50.24,Basic,63.47,487,0,6.466666666666667,97,2026-07-01,15,0.20833333333333326,15,0,0.0,4.0,0.0,4.25
21,Retail,Enterprise,United States,Outbound Sales,1012.83,Basic,49.65,518,1,2.9411764705882355,50,2026-07-01,17,-0.8181818181818182,17,0,0.0,4.0,0.0,2.5
22,Legal,Small,United States,Partner,386.86,Enterprise,1077.81,182,1,33.0,198,2026-03-01,6,-0.5857142857142857,6,0,0.0,2.0,0.0,3.0
23,Media,Small,Australia,Paid Search,421.13,Basic,59.68,151,1,0.2,1,2026-03-01,5,0.0,5,0,0.0,0.0,0.0,
24,Legal,Small,Germany,Organic,45.4,Pro,246.26,303,0,6.888888888888889,62,2026-07-01,9,1.3636363636363638,9,0,0.0,3.0,1.0,4.5
25,Hospitality,Small,United States,Organic,55.66,Pro,244.41,61,1,3.0,6,2025-06-01,2,,2,0,0.0,1.0,0.0,2.0
26,Hospitality,Enterprise,United Kingdom,Paid Search,431.32,Basic,62.42,122,1,0.75,3,2025-09-01,4,0.0,4,0,0.0,0.0,0.0,
27,Healthcare,Small,United States,Paid Search,329.34,Basic,49.19,122,1,4.25,17,2026-06-01,4,-0.21428571428571436,4,2,0.5,0.0,0.0,
28,Edtech,Small,India,Organic,37.59,Basic,59.83,92,1,1.0,3,2025-09-01,3,,3,0,0.0,2.0,0.0,1.0
29,Healthcare,Small,United States,Organic,54.25,Pro,238.24,242,0,7.571428571428571,53,2026-07-01,7,-0.2222222222222222,7,1,0.14285714285714285,1.0,1.0,
30,Healthcare,Mid-Market,United Kingdom,Organic,49.91,Enterprise,1137.16,395,0,37.416666666666664,449,2026-07-01,12,0.10280373831775715,12,1,0.08333333333333333,1.0,0.0,5.0
31,Logistics,Mid-Market,India,Referral,93.58,Basic,48.4,30,1,5.0,5,2025-04-01,1,,1,0,0.0,1.0,0.0,1.0
32,Manufacturing,Mid-Market,United States,Organic,50.96,Basic,42.39,548,0,2.411764705882353,41,2026-07-01,17,1.7999999999999998,17,1,0.058823529411764705,4.0,0.0,3.75
33,Manufacturing,Small,United States,Paid Search,523.02,Pro,225.09,395,0,16.833333333333332,202,2026-07-01,12,-0.0943396226415095,12,0,0.0,3.0,0.0,4.0
34,Edtech,Small,United States,Outbound Sales,624.85,Basic,50.73,31,1,0.0,0,2025-08-01,1,,1,0,0.0,1.0,0.0,2.0
35,Healthcare,Mid-Market,United States,Outbound Sales,819.73,Basic,53.3,395,1,4.769230769230769,62,2026-04-01,13,-0.6470588235294118,13,0,0.0,3.0,0.0,3.6666666666666665
36,Legal,Small,India,Paid Search,512.56,Pro,203.52,303,0,10.444444444444445,94,2026-07-01,9,0.06896551724137943,9,0,0.0,2.0,1.0,5.0
37,Fintech,Small,Australia,Outbound Sales,575.99,Enterprise,869.6,212,1,21.142857142857142,148,2025-06-01,7,-0.6477272727272727,7,1,0.14285714285714285,0.0,0.0,
38,Media,Mid-Market,Australia,Partner,389.3,Pro,229.09,334,1,8.545454545454545,94,2026-07-01,11,-0.39285714285714285,11,3,0.2727272727272727,0.0,0.0,
39,Legal,Small,United States,Organic,52.83,Basic,56.94,395,0,6.666666666666667,80,2026-07-01,12,-0.39285714285714285,12,1,0.08333333333333333,0.0,0.0,
40,Manufacturing,Small,United Kingdom,Organic,60.59,Basic,52.25,182,1,4.833333333333333,29,2025-05-01,6,-0.3888888888888889,6,0,0.0,3.0,0.0,2.0
41,Edtech,Small,United Kingdom,Referral,142.04,Pro,206.38,456,0,12.785714285714286,179,2026-07-01,14,0.14285714285714296,14,0,0.0,4.0,0.0,3.75
42,Manufacturing,Mid-Market,United Kingdom,Referral,91.37,Basic,53.8,214,1,4.857142857142857,34,2025-10-01,7,0.2999999999999999,7,0,0.0,0.0,0.0,
43,Logistics,Small,India,Organic,32.88,Basic,44.61,395,0,7.25,87,2026-07-01,12,-0.40740740740740744,12,2,0.16666666666666666,2.0,0.0,5.0
44,Edtech,Mid-Market,United States,Partner,242.12,Pro,222.02,152,0,4.75,19,2026-07-01,4,0.09090909090909095,4,0,0.0,1.0,0.0,4.0
45,Edtech,Mid-Market,India,Referral,77.81,Basic,55.38,334,0,6.3,63,2026-07-01,10,-0.3,10,1,0.1,1.0,0.0,4.0
46,Media,Small,United States,Referral,118.96,Basic,59.92,365,1,2.9166666666666665,35,2026-02-01,12,3.0,12,1,0.08333333333333333,2.0,0.0,3.0
47,Fintech,Enterprise,Canada,Outbound Sales,872.07,Basic,48.65,211,0,4.0,24,2026-07-01,6,-0.8571428571428571,6,0,0.0,0.0,0.0,
48,Fintech,Small,Germany,Organic,59.25,Pro,207.07,183,0,9.2,46,2026-07-01,5,0.15384615384615394,5,1,0.2,3.0,1.0,3.5
49,Legal,Mid-Market,United States,Organic,58.88,Basic,41.73,303,0,7.0,63,2026-07-01,9,0.15789473684210528,9,1,0.1111111111111111,3.0,1.0,4.0
50,Hospitality,Enterprise,United States,Referral,122.77,Basic,56.97,426,0,6.230769230769231,81,2026-07-01,13,-0.42857142857142855,13,0,0.0,2.0,0.0,4.0
51,Hospitality,Mid-Market,India,Partner,365.43,Basic,57.82,120,1,2.25,9,2025-04-01,4,-0.7777777777777778,4,0,0.0,3.0,0.0,2.0
52,Manufacturing,Mid-Market,United States,Partner,379.96,Basic,53.93,214,1,1.7142857142857142,12,2025-10-01,7,0.5000000000000001,7,0,0.0,3.0,0.0,2.0
53,Fintech,Mid-Market,Australia,Paid Search,611.7,Pro,195.37,273,0,20.375,163,2026-07-01,8,0.0862068965517242,8,0,0.0,2.0,0.0,3.5
54,Healthcare,Small,Germany,Partner,300.55,Basic,41.68,364,0,6.0,66,2026-07-01,11,-0.4782608695652174,11,0,0.0,3.0,0.0,4.333333333333333
55,Healthcare,Small,United States,Referral,118.81,Basic,53.7,517,0,7.875,126,2026-07-01,16,0.0,16,3,0.1875,4.0,0.0,3.5
56,Fintech,Small,India,Organic,43.32,Pro,234.22,548,0,13.647058823529411,232,2026-07-01,17,-0.25,17,0,0.0,3.0,0.0,3.6666666666666665
57,Hospitality,Small,United States,Organic,69.5,Pro,211.4,303,0,20.0,180,2026-07-01,9,-0.01639344262295076,9,0,0.0,1.0,0.0,4.0
58,Media,Small,United States,Organic,51.61,Basic,62.99,92,1,1.6666666666666667,5,2025-09-01,3,,3,0,0.0,2.0,0.0,1.5
59,Hospitality,Small,India,Referral,120.45,Basic,53.99,61,1,5.5,11,2025-07-01,2,,2,0,0.0,2.0,0.0,1.5
60,Legal,Small,United States,Paid Search,499.73,Pro,178.53,334,0,3.8,38,2026-07-01,10,0.0,10,0,0.0,1.0,0.0,4.0
61,Legal,Small,Canada,Partner,242.11,Enterprise,1079.91,699,0,20.727272727272727,456,2026-07-01,22,0.05084745762711864,22,1,0.045454545454545456,1.0,0.0,5.0
62,Healthcare,Mid-Market,United States,Paid Search,636.9,Pro,238.43,243,1,18.125,145,2025-08-01,8,-0.5833333333333334,8,0,0.0,3.0,0.0,4.0
63,Manufacturing,Mid-Market,United States,Outbound Sales,984.89,Pro,193.56,153,1,6.0,30,2025-12-01,5,-0.5357142857142858,5,0,0.0,2.0,0.0,3.0
64,Logistics,Mid-Market,United States,Paid Search,635.78,Basic,42.31,153,1,3.6,18,2025-09-01,5,-0.3571428571428572,5,0,0.0,1.0,0.0,1.0
65,Fintech,Small,United States,Organic,47.03,Enterprise,911.67,123,1,12.0,48,2025-01-01,4,-0.4042553191489361,4,1,0.25,1.0,1.0,
66,Retail,Small,India,Organic,73.4,Basic,50.0,456,0,7.857142857142857,110,2026-07-01,14,-0.23076923076923067,14,0,0.0,3.0,0.0,4.0
67,Legal,Mid-Market,India,Referral,116.15,Basic,50.67,183,1,3.3333333333333335,20,2025-09-01,6,-0.8235294117647058,6,0,0.0,2.0,1.0,2.0
68,Legal,Small,Germany,Referral,106.03,Basic,63.52,89,1,5.0,15,2026-04-01,3,,3,0,0.0,3.0,0.0,2.3333333333333335
69,Logistics,Mid-Market,India,Organic,58.09,Pro,230.67,30,1,3.0,3,2025-11-01,1,,1,0,0.0,0.0,0.0,
70,Fintech,Small,India,Paid Search,464.19,Basic,50.52,183,1,3.1666666666666665,19,2025-09-01,6,-0.41666666666666663,6,2,0.3333333333333333,1.0,1.0,
71,Fintech,Small,United States,Outbound Sales,790.55,Enterprise,962.05,211,0,45.166666666666664,271,2026-07-01,6,0.05303030303030309,6,0,0.0,0.0,0.0,
72,Hospitality,Small,United States,Partner,315.57,Basic,48.48,303,0,5.888888888888889,53,2026-07-01,9,-0.5185185185185186,9,0,0.0,0.0,0.0,
73,Real Estate,Mid-Market,United Kingdom,Referral,130.86,Basic,47.49,30,1,0.0,0,2025-06-01,1,,1,0,0.0,1.0,0.0,2.0
74,Healthcare,Mid-Market,United States,Partner,343.6,Pro,254.0,184,1,9.166666666666666,55,2025-08-01,6,-0.3823529411764706,6,0,0.0,0.0,0.0,
75,Logistics,Enterprise,India,Paid Search,374.71,Pro,248.33,122,0,20.333333333333332,61,2026-07-01,3,,3,0,0.0,1.0,0.0,3.0
76,Retail,Mid-Market,India,Partner,387.15,Pro,183.72,273,0,10.5,84,2026-07-01,8,0.0,8,0,0.0,2.0,0.0,4.5
77,Hospitality,Enterprise,Australia,Paid Search,391.14,Pro,254.14,638,0,3.35,67,2026-07-01,20,-0.5,20,0,0.0,4.0,1.0,3.3333333333333335
78,Healthcare,Small,United States,Outbound Sales,1113.56,Pro,233.77,517,0,17.5,280,2026-07-01,16,-0.08000000000000003,16,2,0.125,5.0,0.0,3.6
79,Healthcare,Small,Canada,Outbound Sales,1330.27,Basic,46.63,548,0,5.470588235294118,93,2026-07-01,17,0.4375000000000001,17,1,0.058823529411764705,4.0,0.0,4.0
80,Fintech,Mid-Market,United States,Referral,151.96,Pro,239.71,548,0,9.117647058823529,155,2026-07-01,17,-0.06451612903225817,17,0,0.0,3.0,1.0,3.0
81,Legal,Small,Germany,Organic,41.26,Pro,215.28,31,1,6.0,6,2025-10-01,1,,1,0,0.0,1.0,0.0,2.0
82,Logistics,Small,Australia,Paid Search,449.01,Basic,52.86,61,1,0.0,0,2025-06-01,2,,2,0,0.0,1.0,0.0,2.0
83,Hospitality,Mid-Market,United Kingdom,Referral,107.0,Pro,179.4,577,1,6.684210526315789,127,2026-07-01,19,0.07142857142857136,19,2,0.10526315789473684,1.0,0.0,4.0
84,Edtech,Enterprise,United States,Organic,52.55,Basic,50.94,364,0,10.636363636363637,117,2026-07-01,11,-0.3589743589743589,11,1,0.09090909090909091,2.0,0.0,3.5
85,Logistics,Small,United States,Partner,250.18,Basic,63.58,395,1,3.6923076923076925,48,2026-04-01,13,-0.1333333333333334,13,0,0.0,2.0,1.0,4.0
86,Manufacturing,Enterprise,India,Paid Search,603.01,Pro,177.11,273,1,2.888888888888889,26,2026-06-01,9,0.0,9,2,0.2222222222222222,0.0,0.0,
87,Legal,Small,India,Organic,41.47,Basic,62.34,607,0,4.684210526315789,89,2026-07-01,19,-0.28571428571428575,19,1,0.05263157894736842,4.0,1.0,4.0
88,Healthcare,Mid-Market,India,Referral,118.55,Pro,235.66,245,1,15.875,127,2026-12-01,8,-0.6363636363636364,8,0,0.0,2.0,0.0,4.0
89,Edtech,Enterprise,United States,Organic,45.71,Basic,47.61,183,0,4.0,20,2026-07-01,5,-0.33333333333333337,5,0,0.0,1.0,0.0,5.0
90,Manufacturing,Enterprise,Canada,Organic,55.72,Enterprise,929.95,426,1,2.142857142857143,30,2025-11-01,14,1.3333333333333335,14,0,0.0,1.0,1.0,
91,Hospitality,Small,Canada,Organic,55.92,Pro,257.04,456,0,22.785714285714285,319,2026-07-01,14,-0.02816901408450709,14,0,0.0,2.0,0.0,3.5
92,Edtech,Mid-Market,United Kingdom,Paid Search,456.11,Basic,61.53,304,1,4.3,43,2026-04-01,10,-0.41666666666666663,10,2,0.2,3.0,2.0,5.0
93,Retail,Mid-Market,Australia,Organic,48.61,Basic,46.17,426,0,3.076923076923077,40,2026-07-01,13,0.2999999999999999,13,2,0.15384615384615385,0.0,0.0,
94,Retail,Small,United States,Paid Search,559.83,Pro,230.05,548,0,12.764705882352942,217,2026-07-01,17,0.057142857142857245,17,1,0.058823529411764705,5.0,0.0,3.8
95,Healthcare,Mid-Market,United States,Outbound Sales,469.64,Basic,50.85,426,0,7.769230769230769,101,2026-07-01,13,0.0,13,1,0.07692307692307693,1.0,0.0,4.0
96,Manufacturing,Mid-Market,United States,Outbound Sales,981.56,Pro,214.4,122,1,6.75,27,2025-11-01,4,-0.41666666666666663,4,0,0.0,2.0,0.0,2.0
97,Legal,Mid-Market,United Kingdom,Referral,141.01,Basic,50.87,211,0,1.6666666666666667,10,2026-07-01,6,-0.5714285714285715,6,0,0.0,0.0,0.0,
98,Logistics,Mid-Market,United States,Paid Search,435.12,Pro,245.53,151,1,2.8,14,2025-03-01,5,-0.7857142857142857,5,0,0.0,2.0,0.0,1.5
99,Edtech,Mid-Market,United States,Referral,130.23,Pro,245.54,152,0,6.25,25,2026-07-01,4,0.15789473684210528,4,0,0.0,1.0,0.0,3.0
100,Hospitality,Small,India,Paid Search,440.28,Basic,44.69,303,0,6.444444444444445,58,2026-07-01,9,2.5,9,2,0.2222222222222222,3.0,0.0,3.6666666666666665
101,Edtech,Enterprise,Germany,Partner,413.72,Basic,54.81,304,1,3.0,30,2025-08-01,10,0.33333333333333326,10,1,0.1,2.0,0.0,3.5
102,Media,Small,United States,Paid Search,485.15,Basic,61.37,151,1,1.4,7,2026-03-01,5,-0.24999999999999994,5,1,0.2,1.0,1.0,
103,Healthcare,Small,India,Organic,63.26,Enterprise,1004.5,183,0,29.8,149,2026-07-01,5,0.15853658536585374,5,0,0.0,1.0,0.0,4.0
104,Media,Mid-Market,United Kingdom,Paid Search,623.4,Basic,62.81,151,1,4.8,24,2025-05-01,5,-0.5882352941176471,5,1,0.2,2.0,0.0,2.0
105,Media,Small,Germany,Referral,150.8,Basic,54.64,456,0,7.857142857142857,110,2026-07-01,14,-0.13043478260869565,14,0,0.0,3.0,0.0,4.0
106,Real Estate,Mid-Market,United States,Partner,312.46,Basic,60.42,607,0,2.473684210526316,47,2026-07-01,19,-0.5,19,0,0.0,4.0,1.0,3.0
107,Healthcare,Small,United States,Organic,28.36,Basic,50.66,273,1,8.0,72,2026-05-01,9,-0.5,9,0,0.0,3.0,0.0,3.0
108,Media,Mid-Market,United States,Paid Search,612.49,Basic,54.15,242,0,4.714285714285714,33,2026-07-01,7,1.3333333333333335,7,0,0.0,0.0,0.0,
109,Healthcare,Small,India,Partner,298.9,Basic,46.17,30,1,0.0,0,2025-04-01,1,,1,0,0.0,1.0,0.0,2.0
110,Edtech,Small,Canada,Paid Search,539.6,Enterprise,915.67,245,1,17.0,136,2025-12-01,8,-0.5,8,0,0.0,0.0,0.0,
111,Legal,Small,United States,Organic,36.23,Basic,41.78,426,0,2.1538461538461537,28,2026-07-01,13,3.0,13,1,0.07692307692307693,4.0,1.0,4.0
112,Fintech,Small,India,Referral,134.63,Basic,50.27,242,0,5.571428571428571,39,2026-07-01,7,0.8181818181818183,7,0,0.0,3.0,0.0,4.333333333333333
113,Fintech,Small,United States,Organic,39.81,Basic,53.66,334,1,4.2727272727272725,47,2025-12-01,11,-0.6428571428571428,11,2,0.18181818181818182,2.0,0.0,2.0
114,Real Estate,Small,India,Organic,43.01,Pro,246.69,607,0,18.68421052631579,355,2026-07-01,19,-0.01612903225806463,19,0,0.0,3.0,0.0,3.6666666666666665
115,Healthcare,Small,United Kingdom,Organic,56.43,Pro,172.26,92,1,2.6666666666666665,8,2025-08-01,3,,3,0,0.0,1.0,0.0,1.0
116,Legal,Small,Australia,Organic,65.06,Pro,253.5,273,0,18.875,151,2026-07-01,8,-0.016949152542373,8,1,0.125,1.0,0.0,5.0
117,Retail,Small,United Kingdom,Organic,43.16,Pro,203.41,-31,0,15.3,153,2027-03-01,10,0.04166666666666674,10,1,0.1,1.0,0.0,5.0
118,Healthcare,Mid-Market,United States,Paid Search,311.84,Enterprise,931.43,426,0,49.30769230769231,641,2026-07-01,13,-0.026666666666666713,13,1,0.07692307692307693,1.0,1.0,
119,Fintech,Small,United States,Referral,120.86,Pro,192.66,608,1,6.95,139,2027-05-01,20,0.07692307692307707,20,0,0.0,3.0,0.0,2.6666666666666665
120,Real Estate,Small,India,Paid Search,558.97,Pro,185.74,31,1,0.0,0,2025-01-01,1,,1,0,0.0,0.0,0.0,
121,Edtech,Small,United States,Organic,36.73,Enterprise,893.63,548,0,32.23529411764706,548,2026-07-01,17,0.22891566265060237,17,1,0.058823529411764705,3.0,0.0,3.6666666666666665
122,Retail,Mid-Market,Australia,Referral,100.37,Basic,52.13,485,1,5.375,86,2026-04-01,16,-0.3529411764705883,16,0,0.0,4.0,0.0,3.75
123,Media,Mid-Market,India,Organic,79.68,Enterprise,882.96,334,0,4.7,47,2026-07-01,10,0.25,10,0,0.0,3.0,1.0,4.0
124,Media,Small,United States,Organic,62.68,Enterprise,798.0,487,0,22.866666666666667,343,2026-07-01,15,-0.10810810810810816,15,1,0.06666666666666667,2.0,0.0,5.0
125,Real Estate,Small,India,Paid Search,453.12,Basic,42.63,61,1,1.5,3,2025-09-01,2,,2,0,0.0,2.0,0.0,1.0
126,Media,Small,United States,Organic,51.59,Pro,254.22,151,1,2.6,13,2025-04-01,5,-0.7000000000000001,5,1,0.2,2.0,1.0,4.0
127,Fintech,Enterprise,United States,Organic,18.72,Basic,44.85,365,1,4.583333333333333,55,2026-01-01,12,-0.9411764705882354,12,1,0.08333333333333333,2.0,0.0,3.5
128,Logistics,Mid-Market,United States,Outbound Sales,1054.04,Pro,179.75,181,1,9.166666666666666,55,2025-06-01,6,-0.3823529411764706,6,1,0.16666666666666666,1.0,0.0,5.0
129,Retail,Mid-Market,United States,Organic,56.6,Basic,56.85,61,1,4.5,9,2025-12-01,2,,2,0,0.0,0.0,0.0,
130,Manufacturing,Small,United States,Partner,315.56,Basic,45.9,426,0,5.384615384615385,70,2026-07-01,13,-0.22222222222222218,13,0,0.0,2.0,0.0,3.5
131,Retail,Mid-Market,India,Paid Search,398.41,Basic,55.8,335,1,3.909090909090909,43,2026-08-01,11,-0.6874999999999999,11,2,0.18181818181818182,3.0,0.0,3.3333333333333335
132,Legal,Small,India,Organic,46.17,Pro,248.56,214,1,9.285714285714286,65,2025-09-01,7,-0.5384615384615384,7,0,0.0,2.0,1.0,3.0
133,Retail,Mid-Market,United States,Paid Search,382.28,Basic,60.39,395,1,8.615384615384615,112,2026-06-01,13,-0.29629629629629634,13,1,0.07692307692307693,3.0,1.0,4.5
134,Fintech,Small,India,Paid Search,535.53,Enterprise,876.5,182,1,26.0,156,2026-03-01,6,-0.5555555555555556,6,0,0.0,2.0,0.0,2.0
135,Hospitality,Small,Australia,Partner,312.73,Basic,48.72,517,0,7.0625,113,2026-07-01,16,-0.2173913043478261,16,0,0.0,3.0,0.0,4.333333333333333
136,Edtech,Mid-Market,United Kingdom,Referral,122.68,Pro,190.49,455,1,20.2,303,2026-02-01,15,-0.5652173913043478,15,0,0.0,4.0,0.0,3.5
137,Healthcare,Mid-Market,Germany,Organic,46.02,Basic,44.67,59,1,2.5,5,2025-02-01,2,,2,0,0.0,1.0,0.0,1.0
138,Hospitality,Enterprise,India,Paid Search,414.11,Pro,195.06,395,0,7.916666666666667,95,2026-07-01,12,0.27777777777777785,12,1,0.08333333333333333,2.0,0.0,4.0
139,Hospitality,Small,Germany,Paid Search,373.9,Basic,62.52,517,0,7.0,112,2026-07-01,16,-0.6153846153846153,16,1,0.0625,4.0,0.0,4.0
140,Media,Enterprise,India,Organic,22.12,Basic,55.25,184,1,1.8333333333333333,11,2026-10-01,6,-0.42857142857142866,6,1,0.16666666666666666,0.0,0.0,
141,Logistics,Enterprise,India,Outbound Sales,700.92,Pro,220.18,517,0,14.0,224,2026-07-01,16,0.15384615384615385,16,1,0.0625,3.0,0.0,3.6666666666666665
142,Manufacturing,Mid-Market,United States,Organic,53.59,Pro,187.06,426,0,11.923076923076923,155,2026-07-01,13,-0.055555555555555504,13,1,0.07692307692307693,2.0,0.0,3.0
143,Logistics,Small,India,Partner,263.45,Pro,201.4,31,1,0.0,0,2025-07-01,1,,1,1,1.0,0.0,0.0,
144,Fintech,Mid-Market,United Kingdom,Organic,55.05,Basic,42.61,426,1,2.7142857142857144,38,2026-04-01,14,0.0,14,0,0.0,3.0,1.0,1.5
145,Real Estate,Small,Australia,Paid Search,594.78,Pro,195.33,243,1,15.625,125,2026-08-01,8,-0.4339622641509434,8,2,0.25,2.0,0.0,2.5
146,Healthcare,Mid-Market,United Kingdom,Referral,106.66,Enterprise,894.15,576,0,42.55555555555556,766,2026-07-01,18,-0.052631578947368474,18,0,0.0,5.0,1.0,3.75
147,Real Estate,Enterprise,India,Organic,36.77,Pro,242.8,365,1,10.666666666666666,128,2026-07-01,12,-0.4117647058823529,12,0,0.0,3.0,0.0,4.0
148,Healthcare,Enterprise,India,Paid Search,392.3,Pro,206.04,396,1,5.538461538461538,72,2026-07-01,13,-0.4090909090909091,13,1,0.07692307692307693,4.0,0.0,4.0
149,Legal,Enterprise,India,Paid Search,427.18,Pro,179.75,607,0,14.789473684210526,281,2026-07-01,19,0.07894736842105264,19,1,0.05263157894736842,3.0,0.0,4.333333333333333
150,Fintech,Enterprise,India,Referral,121.41,Basic,57.48,211,0,1.5,9,2026-07-01,6,1.0,6,0,0.0,1.0,0.0,3.0
151,Healthcare,Mid-Market,United States,Referral,79.76,Basic,50.07,242,1,1.0,8,2026-04-01,8,-1.0,8,1,0.125,1.0,1.0,
152,Manufacturing,Small,Australia,Paid Search,662.27,Pro,255.09,-30,0,3.0,18,2026-10-01,6,1.0,6,0,0.0,0.0,0.0,
153,Fintech,Small,Germany,Organic,81.73,Basic,44.24,30,1,5.0,5,2026-04-01,1,,1,0,0.0,1.0,0.0,1.0
154,Legal,Small,United States,Partner,339.3,Pro,248.13,120,1,1.0,4,2025-02-01,4,0.0,4,1,0.25,2.0,0.0,3.5
155,Hospitality,Small,United States,Paid Search,424.14,Enterprise,1123.1,517,0,32.75,524,2026-07-01,16,-0.03921568627450987,16,0,0.0,5.0,1.0,4.75
156,Legal,Small,India,Organic,57.85,Basic,42.26,61,1,0.0,0,2025-10-01,2,,2,0,0.0,2.0,0.0,1.5
157,Healthcare,Small,United States,Paid Search,540.5,Pro,177.5,120,1,5.5,22,2025-04-01,4,-0.4090909090909091,4,0,0.0,2.0,0.0,2.0
158,Logistics,Mid-Market,India,Organic,48.03,Basic,56.85,426,0,3.6923076923076925,48,2026-07-01,13,1.5,13,0,0.0,2.0,0.0,4.5
159,Healthcare,Enterprise,Canada,Organic,40.01,Pro,193.74,576,0,18.5,333,2026-07-01,18,0.01851851851851845,18,1,0.05555555555555555,3.0,0.0,4.0
160,Logistics,Mid-Market,India,Organic,47.94,Pro,171.58,456,0,22.571428571428573,316,2026-07-01,14,0.031250000000000056,14,1,0.07142857142857142,1.0,0.0,4.0
161,Hospitality,Small,Australia,Organic,82.12,Basic,62.27,576,0,3.0555555555555554,55,2026-07-01,18,3.2500000000000004,18,1,0.05555555555555555,8.0,1.0,4.428571428571429
162,Manufacturing,Small,India,Paid Search,325.45,Basic,56.75,334,0,10.4,104,2026-07-01,10,0.06060606060606055,10,1,0.1,2.0,0.0,4.0
163,Logistics,Enterprise,India,Organic,53.62,Enterprise,1141.15,517,0,4.75,76,2026-07-01,16,-0.5384615384615384,16,0,0.0,1.0,0.0,3.0
164,Logistics,Small,United States,Referral,112.36,Pro,217.26,517,0,8.1875,131,2026-07-01,16,-0.08000000000000003,16,0,0.0,3.0,0.0,3.6666666666666665
165,Healthcare,Small,United States,Referral,117.32,Basic,48.9,61,1,0.5,1,2024-11-01,2,,2,0,0.0,2.0,1.0,1.0
166,Media,Small,United Kingdom,Organic,50.37,Pro,217.82,-28,0,5.666666666666667,102,2027-08-01,18,0.25,18,0,0.0,0.0,0.0,
167,Retail,Small,United States,Referral,109.48,Pro,180.27,334,0,5.7,57,2026-07-01,10,0.42857142857142855,10,0,0.0,2.0,0.0,4.0
168,Manufacturing,Small,Germany,Partner,282.81,Pro,217.31,-30,0,10.818181818181818,119,2026-10-01,11,1.0,11,0,0.0,1.0,0.0,4.0
169,Logistics,Enterprise,United States,Organic,29.13,Basic,44.76,61,1,1.0,2,2025-09-01,2,,2,0,0.0,1.0,0.0,1.0
170,Real Estate,Small,United States,Organic,72.06,Pro,228.38,303,0,19.22222222222222,173,2026-07-01,9,-0.23188405797101444,9,1,0.1111111111111111,1.0,0.0,4.0
171,Legal,Small,United States,Referral,157.4,Enterprise,1128.26,426,0,13.23076923076923,172,2026-07-01,13,0.11111111111111116,13,1,0.07692307692307693,0.0,0.0,
172,Healthcare,Small,Australia,Partner,137.26,Basic,46.48,31,1,1.0,1,2025-03-01,1,,1,0,0.0,0.0,0.0,
173,Fintech,Small,India,Partner,274.82,Basic,44.65,273,0,1.125,9,2026-07-01,8,-1.0,8,0,0.0,1.0,0.0,5.0
174,Manufacturing,Small,India,Referral,160.38,Basic,53.36,548,0,3.0,51,2026-07-01,17,-0.12499999999999989,17,0,0.0,2.0,1.0,3.0
175,Media,Small,Germany,Outbound Sales,610.1,Basic,45.2,0,1,8.210526315789474,156,2027-03-01,19,0.13043478260869554,19,1,0.05263157894736842,2.0,0.0,4.0
176,Retail,Mid-Market,Australia,Organic,51.26,Enterprise,850.32,487,1,36.875,590,2026-09-01,16,-0.5748031496062992,16,0,0.0,6.0,1.0,3.6
177,Manufacturing,Small,India,Referral,105.93,Basic,62.82,548,0,4.176470588235294,71,2026-07-01,17,-0.5,17,0,0.0,3.0,0.0,4.333333333333333
178,Manufacturing,Mid-Market,Australia,Partner,339.52,Pro,182.29,607,0,10.263157894736842,195,2026-07-01,19,-0.20588235294117652,19,0,0.0,3.0,0.0,3.3333333333333335
179,Edtech,Small,United Kingdom,Organic,48.02,Basic,50.8,31,1,0.0,0,2025-07-01,1,,1,1,1.0,0.0,0.0,
180,Manufacturing,Mid-Market,United States,Organic,60.08,Pro,211.17,273,1,8.444444444444445,76,2026-02-01,9,-0.5625,9,1,0.1111111111111111,2.0,0.0,4.5
181,Hospitality,Small,India,Organic,30.95,Basic,62.15,182,1,3.1666666666666665,19,2025-05-01,6,-0.7333333333333334,6,0,0.0,2.0,0.0,2.0
182,Edtech,Small,United States,Referral,96.05,Pro,256.99,364,0,15.181818181818182,167,2026-07-01,11,-0.06382978723404256,11,0,0.0,1.0,0.0,5.0
183,Fintech,Small,Australia,Referral,138.23,Basic,61.46,395,0,9.666666666666666,116,2026-07-01,12,0.06896551724137943,12,1,0.08333333333333333,0.0,0.0,
184,Retail,Mid-Market,India,Paid Search,279.09,Pro,233.56,183,1,2.3333333333333335,14,2025-11-01,6,-0.923076923076923,6,0,0.0,1.0,1.0,
185,Manufacturing,Small,United States,Referral,179.25,Basic,47.64,365,1,4.0,48,2025-12-01,12,-0.923076923076923,12,0,0.0,5.0,1.0,2.75
186,Edtech,Mid-Market,Germany,Partner,296.46,Pro,216.57,548,0,7.588235294117647,129,2026-07-01,17,0.09523809523809527,17,0,0.0,3.0,0.0,4.0
187,Fintech,Small,India,Paid Search,301.57,Pro,229.21,548,0,16.352941176470587,278,2026-07-01,17,0.23404255319148934,17,0,0.0,2.0,0.0,3.0
188,Healthcare,Mid-Market,United Kingdom,Partner,283.03,Basic,61.93,273,0,6.5,52,2026-07-01,8,1.0714285714285712,8,0,0.0,1.0,0.0,3.0
189,Retail,Enterprise,Germany,Organic,30.92,Basic,62.41,122,1,1.5,6,2025-11-01,4,-1.0,4,1,0.25,2.0,0.0,1.5
190,Edtech,Enterprise,United States,Referral,118.26,Pro,245.53,-31,0,16.166666666666668,97,2026-11-01,6,-0.13461538461538455,6,0,0.0,1.0,0.0,3.0
191,Real Estate,Enterprise,India,Outbound Sales,1000.49,Basic,60.02,150,1,2.0,10,2025-06-01,5,-0.8999999999999999,5,0,0.0,2.0,0.0,1.5
192,Logistics,Mid-Market,India,Partner,284.0,Basic,48.24,211,0,5.333333333333333,32,2026-07-01,6,0.46153846153846156,6,0,0.0,1.0,1.0,
193,Edtech,Small,Germany,Organic,32.44,Pro,179.61,548,0,10.235294117647058,174,2026-07-01,17,0.14285714285714285,17,1,0.058823529411764705,5.0,0.0,3.8
194,Edtech,Mid-Market,United Kingdom,Paid Search,506.37,Basic,63.51,638,0,3.25,65,2026-07-01,20,-0.22222222222222218,20,0,0.0,7.0,2.0,3.4
195,Manufacturing,Mid-Market,United States,Paid Search,376.81,Basic,58.41,365,1,3.1666666666666665,38,2025-11-01,12,-1.0,12,0,0.0,2.0,0.0,1.5
196,Healthcare,Small,India,Organic,63.04,Basic,54.42,31,1,0.0,0,2025-12-01,1,,1,1,1.0,0.0,0.0,
197,Manufacturing,Mid-Market,United States,Partner,353.5,Pro,211.05,273,0,5.625,45,2026-07-01,8,1.777777777777778,8,0,0.0,1.0,0.0,4.0
198,Legal,Small,United States,Partner,303.53,Basic,47.16,91,0,6.0,12,2026-07-01,2,,2,0,0.0,0.0,0.0,
199,Retail,Mid-Market,India,Partner,173.86,Basic,50.88,214,1,2.5714285714285716,18,2026-09-01,7,-0.20000000000000007,7,1,0.14285714285714285,1.0,0.0,4.0
200,Logistics,Small,United States,Paid Search,252.16,Basic,53.97,31,1,4.0,4,2025-03-01,1,,1,1,1.0,0.0,0.0,
201,Hospitality,Mid-Market,United States,Organic,25.83,Pro,238.02,548,0,18.470588235294116,314,2026-07-01,17,-0.22950819672131145,17,1,0.058823529411764705,1.0,0.0,5.0
202,Retail,Small,Australia,Partner,209.45,Enterprise,825.17,-30,0,14.5,261,2027-05-01,18,0.0,18,0,0.0,2.0,0.0,3.0
203,Hospitality,Small,Australia,Outbound Sales,1419.69,Basic,44.11,214,1,1.7142857142857142,12,2025-11-01,7,-0.7777777777777778,7,0,0.0,0.0,0.0,
204,Manufacturing,Mid-Market,United States,Outbound Sales,750.62,Pro,227.11,122,0,11.666666666666666,35,2026-07-01,3,,3,0,0.0,0.0,0.0,
205,Media,Small,India,Organic,43.53,Basic,58.21,426,0,6.0,78,2026-07-01,13,0.0,13,2,0.15384615384615385,1.0,1.0,
206,Media,Enterprise,United States,Organic,42.51,Pro,205.5,334,0,7.3,73,2026-07-01,10,-0.33333333333333337,10,0,0.0,5.0,0.0,4.0
207,Logistics,Mid-Market,Australia,Outbound Sales,815.99,Pro,240.36,31,1,2.0,2,2025-12-01,1,,1,0,0.0,1.0,0.0,2.0
208,Media,Small,United States,Partner,211.98,Pro,201.04,395,0,24.083333333333332,289,2026-07-01,12,0.057142857142857245,12,0,0.0,1.0,1.0,
209,Legal,Enterprise,India,Referral,94.8,Pro,243.9,454,1,8.066666666666666,121,2026-04-01,15,-0.5,15,2,0.13333333333333333,2.0,0.0,4.5
210,Manufacturing,Enterprise,United States,Partner,312.35,Pro,186.68,548,0,5.529411764705882,94,2026-07-01,17,0.8,17,0,0.0,4.0,0.0,4.0
211,Healthcare,Small,Germany,Referral,94.48,Pro,244.05,273,0,8.375,67,2026-07-01,8,-0.18181818181818182,8,0,0.0,1.0,0.0,3.0
212,Hospitality,Small,United States,Referral,123.14,Pro,239.61,91,1,1.3333333333333333,4,2026-06-01,3,,3,1,0.3333333333333333,2.0,0.0,4.0
213,Healthcare,Mid-Market,United States,Referral,15.58,Basic,63.36,577,1,6.105263157894737,116,2026-06-01,19,-0.5,19,0,0.0,5.0,1.0,3.25
214,Legal,Mid-Market,United States,Referral,93.89,Enterprise,1004.52,303,0,12.777777777777779,115,2026-07-01,9,-0.4117647058823529,9,0,0.0,0.0,0.0,
215,Media,Mid-Market,Australia,Partner,369.97,Basic,60.05,548,0,8.294117647058824,141,2026-07-01,17,0.6842105263157895,17,0,0.0,3.0,0.0,3.6666666666666665
216,Media,Mid-Market,Germany,Referral,132.65,Enterprise,949.74,61,1,8.0,16,2025-10-01,2,,2,0,0.0,2.0,0.0,2.0
217,Logistics,Mid-Market,United Kingdom,Organic,45.37,Pro,232.46,62,1,7.5,15,2025-08-01,2,,2,0,0.0,1.0,0.0,1.0
218,Edtech,Small,Germany,Partner,237.48,Basic,52.81,273,1,1.2222222222222223,11,2025-09-01,9,-0.33333333333333337,9,0,0.0,2.0,0.0,3.0
219,Media,Small,United States,Referral,120.74,Pro,191.58,607,1,9.15,183,2026-04-01,20,-0.10000000000000003,20,1,0.05,2.0,0.0,3.0
220,Hospitality,Small,India,Partner,306.75,Pro,182.57,426,0,5.461538461538462,71,2026-07-01,13,3.1999999999999997,13,1,0.07692307692307693,4.0,0.0,3.75
221,Media,Enterprise,India,Outbound Sales,1172.02,Basic,47.08,151,1,1.2,6,2026-02-01,5,-0.8,5,0,0.0,0.0,0.0,
222,Logistics,Small,Australia,Referral,76.76,Basic,48.86,304,1,4.3,43,2025-09-01,10,-0.3846153846153846,10,0,0.0,3.0,0.0,3.0
223,Edtech,Mid-Market,United Kingdom,Organic,27.38,Basic,50.53,337,1,3.6363636363636362,40,2026-01-01,11,-0.4,11,0,0.0,3.0,0.0,3.3333333333333335
224,Hospitality,Enterprise,Australia,Outbound Sales,1117.13,Pro,214.4,546,1,13.5,243,2026-04-01,18,-0.5490196078431372,18,0,0.0,2.0,1.0,5.0
225,Real Estate,Mid-Market,United States,Partner,290.17,Enterprise,963.9,364,0,17.90909090909091,197,2026-07-01,11,-0.10000000000000006,11,0,0.0,4.0,0.0,3.5
226,Real Estate,Enterprise,India,Organic,24.56,Pro,256.73,243,1,16.25,130,2026-03-01,8,-0.53125,8,0,0.0,0.0,0.0,
227,Legal,Small,India,Organic,58.11,Enterprise,865.08,487,0,43.6,654,2026-07-01,15,0.040322580645161234,15,1,0.06666666666666667,1.0,1.0,
228,Fintech,Small,United Kingdom,Referral,149.62,Basic,57.22,638,0,5.7,114,2026-07-01,20,-0.22222222222222218,20,1,0.05,4.0,2.0,4.0
229,Logistics,Mid-Market,United States,Paid Search,437.11,Basic,54.76,150,1,3.8,19,2026-06-01,5,-0.4,5,1,0.2,1.0,0.0,5.0
230,Healthcare,Small,United States,Outbound Sales,1042.49,Basic,53.17,517,0,1.3125,21,2026-07-01,16,3.5000000000000004,16,0,0.0,1.0,0.0,5.0
231,Logistics,Small,United States,Organic,50.93,Pro,201.8,242,0,22.285714285714285,156,2026-07-01,7,-0.029411764705882405,7,0,0.0,2.0,0.0,3.5
232,Edtech,Small,India,Outbound Sales,848.38,Pro,252.01,273,0,18.125,145,2026-07-01,8,0.05454545454545455,8,1,0.125,2.0,0.0,4.5
233,Retail,Mid-Market,Germany,Partner,334.49,Pro,184.26,151,1,14.4,72,2026-04-01,5,-0.576271186440678,5,0,0.0,1.0,0.0,5.0
234,Edtech,Mid-Market,United States,Outbound Sales,1036.69,Pro,185.17,607,0,1.9473684210526316,37,2026-07-01,19,-0.7777777777777778,19,0,0.0,3.0,0.0,4.0
235,Hospitality,Small,India,Organic,54.69,Enterprise,830.53,243,1,26.75,214,2026-05-01,8,-0.6,8,1,0.125,2.0,0.0,3.0
236,Real Estate,Mid-Market,India,Organic,40.53,Basic,52.04,59,1,3.5,7,2025-03-01,2,,2,0,0.0,1.0,0.0,1.0
237,Hospitality,Small,Germany,Paid Search,418.85,Pro,207.04,487,1,4.8125,77,2026-06-01,16,-0.5882352941176471,16,0,0.0,4.0,0.0,2.75
238,Media,Small,India,Referral,119.24,Enterprise,872.92,517,0,39.125,626,2026-07-01,16,0.13157894736842105,16,2,0.125,5.0,0.0,3.8
239,Media,Small,Germany,Partner,298.19,Pro,186.45,92,1,6.333333333333333,19,2025-10-01,3,,3,0,0.0,2.0,0.0,1.0
240,Fintech,Small,Canada,Organic,42.86,Pro,250.49,-30,0,14.705882352941176,250,2026-11-01,17,0.17021276595744678,17,0,0.0,2.0,0.0,3.0
241,Retail,Small,United Kingdom,Referral,93.71,Enterprise,1130.78,426,0,29.692307692307693,386,2026-07-01,13,0.07865168539325838,13,0,0.0,1.0,0.0,4.0
242,Media,Small,United States,Paid Search,454.24,Pro,247.22,92,1,7.333333333333333,22,2025-01-01,3,,3,0,0.0,0.0,0.0,
243,Fintech,Small,United Kingdom,Partner,262.99,Basic,63.22,184,1,1.5,9,2025-12-01,6,-0.5,6,3,0.5,3.0,0.0,4.0
244,Legal,Enterprise,United Kingdom,Organic,44.44,Pro,234.45,273,1,7.333333333333333,66,2026-04-01,9,-0.22222222222222218,9,0,0.0,2.0,0.0,2.5
245,Retail,Mid-Market,India,Referral,131.8,Basic,59.86,151,1,1.4,7,2025-03-01,5,0.6666666666666667,5,1,0.2,0.0,0.0,
246,Healthcare,Enterprise,Germany,Organic,58.52,Pro,200.27,244,1,4.25,34,2025-11-01,8,-0.6428571428571428,8,0,0.0,3.0,0.0,2.6666666666666665
247,Fintech,Mid-Market,Germany,Paid Search,495.15,Pro,233.41,426,1,11.714285714285714,164,2026-07-01,14,-0.4761904761904762,14,0,0.0,1.0,0.0,5.0
248,Legal,Small,United States,Organic,77.28,Enterprise,885.75,638,0,29.4,588,2026-07-01,20,0.08333333333333329,20,0,0.0,1.0,0.0,5.0
249,Real Estate,Mid-Market,United States,Outbound Sales,667.9,Basic,51.06,273,0,3.75,30,2026-07-01,8,-0.3529411764705883,8,0,0.0,0.0,0.0,
250,Legal,Mid-Market,India,Referral,104.12,Basic,48.11,61,1,0.0,0,2025-09-01,2,,2,0,0.0,1.0,0.0,2.0
251,Fintech,Mid-Market,Canada,Outbound Sales,646.24,Pro,215.22,120,1,4.25,17,2025-05-01,4,-0.5,4,0,0.0,0.0,0.0,
252,Real Estate,Small,United States,Organic,57.05,Basic,54.18,274,1,6.666666666666667,60,2025-08-01,9,0.052631578947368515,9,0,0.0,4.0,0.0,3.0
253,Edtech,Small,United Kingdom,Referral,64.07,Basic,52.51,273,0,3.5,28,2026-07-01,8,0.25,8,0,0.0,0.0,0.0,
254,Legal,Mid-Market,United States,Partner,232.38,Pro,207.95,152,0,11.5,46,2026-07-01,4,0.1612903225806451,4,0,0.0,1.0,1.0,
255,Edtech,Mid-Market,United Kingdom,Paid Search,266.29,Enterprise,926.56,487,0,23.6,354,2026-07-01,15,-0.13513513513513523,15,0,0.0,3.0,1.0,4.0
256,Real Estate,Mid-Market,United States,Referral,102.82,Basic,52.7,242,0,7.428571428571429,52,2026-07-01,7,0.19999999999999996,7,0,0.0,0.0,0.0,
257,Logistics,Small,United States,Referral,129.71,Basic,52.05,364,0,4.7272727272727275,52,2026-07-01,11,0.0,11,0,0.0,2.0,0.0,3.5
258,Logistics,Small,Australia,Paid Search,417.21,Basic,43.08,122,1,1.75,7,2025-06-01,4,0.19999999999999996,4,0,0.0,1.0,1.0,
259,Manufacturing,Small,India,Organic,54.68,Pro,249.05,517,0,13.75,220,2026-07-01,16,-0.15,16,0,0.0,3.0,0.0,4.333333333333333
260,Fintech,Small,United States,Partner,293.49,Pro,216.52,395,0,15.083333333333334,181,2026-07-01,12,0.1395348837209301,12,0,0.0,1.0,0.0,3.0
261,Edtech,Mid-Market,India,Organic,23.81,Pro,238.69,183,0,17.0,85,2026-07-01,5,-0.22807017543859653,5,1,0.2,1.0,0.0,3.0
262,Fintech,Mid-Market,United States,Referral,127.63,Pro,254.14,92,1,2.3333333333333335,7,2025-07-01,3,,3,1,0.3333333333333333,1.0,0.0,4.0
263,Healthcare,Small,United States,Organic,60.59,Basic,62.78,89,1,1.3333333333333333,4,2025-04-01,3,,3,0,0.0,2.0,0.0,2.0
264,Media,Mid-Market,Germany,Referral,156.68,Basic,53.17,92,1,4.666666666666667,14,2026-01-01,3,,3,0,0.0,0.0,0.0,
265,Legal,Enterprise,United States,Organic,50.6,Pro,194.29,576,0,12.11111111111111,218,2026-07-01,18,-0.15384615384615385,18,1,0.05555555555555555,2.0,0.0,4.0
266,Media,Enterprise,United States,Paid Search,372.65,Basic,49.8,30,1,0.0,0,2024-11-01,1,,1,0,0.0,1.0,1.0,
267,Edtech,Mid-Market,India,Organic,51.74,Pro,179.88,365,1,17.083333333333332,205,2026-02-01,12,-0.5967741935483871,12,0,0.0,4.0,1.0,3.0
268,Media,Mid-Market,India,Paid Search,500.91,Basic,45.21,184,1,3.8333333333333335,23,2025-10-01,6,-0.5625,6,2,0.3333333333333333,0.0,0.0,
269,Hospitality,Mid-Market,United States,Paid Search,344.42,Pro,204.17,304,1,12.9,129,2025-10-01,10,-0.5454545454545454,10,1,0.1,2.0,0.0,3.0
270,Real Estate,Small,United States,Referral,139.33,Enterprise,1077.87,183,0,26.0,130,2026-07-01,5,0.0,5,0,0.0,0.0,0.0,
271,Manufacturing,Mid-Market,United States,Referral,119.07,Basic,44.28,273,0,5.0,40,2026-07-01,8,0.6363636363636365,8,0,0.0,1.0,1.0,
272,Media,Enterprise,India,Organic,75.04,Basic,56.94,273,0,4.25,34,2026-07-01,8,-0.1333333333333334,8,0,0.0,3.0,1.0,4.0
273,Legal,Mid-Market,United Kingdom,Organic,36.38,Basic,56.69,395,0,3.5,42,2026-07-01,12,0.1428571428571427,12,1,0.08333333333333333,2.0,0.0,4.0
274,Legal,Small,United Kingdom,Outbound Sales,1267.0,Pro,254.25,546,1,10.555555555555555,190,2026-06-01,18,-0.5813953488372093,18,1,0.05555555555555555,3.0,0.0,4.333333333333333
275,Real Estate,Mid-Market,India,Partner,325.55,Basic,61.26,30,1,0.0,0,2026-04-01,1,,1,0,0.0,0.0,0.0,
276,Logistics,Mid-Market,India,Paid Search,611.46,Basic,54.5,273,0,4.25,34,2026-07-01,8,-0.24999999999999994,8,0,0.0,0.0,0.0,
277,Real Estate,Small,United Kingdom,Partner,396.73,Basic,42.79,303,0,3.3333333333333335,30,2026-07-01,9,-0.6428571428571428,9,0,0.0,2.0,0.0,4.0
278,Media,Small,United States,Paid Search,420.59,Basic,44.7,122,1,0.25,1,2025-09-01,4,0.0,4,0,0.0,0.0,0.0,
279,Media,Small,United Kingdom,Paid Search,275.32,Basic,42.18,517,0,3.1875,51,2026-07-01,16,0.625,16,2,0.125,3.0,1.0,3.5
280,Real Estate,Mid-Market,United States,Referral,110.89,Basic,46.21,59,1,0.0,0,2025-03-01,2,,2,0,0.0,1.0,1.0,
281,Hospitality,Small,India,Paid Search,456.65,Pro,200.73,-30,0,5.153846153846154,67,2027-05-01,13,0.0,13,1,0.07692307692307693,3.0,0.0,4.666666666666667
282,Media,Small,United States,Paid Search,576.69,Basic,49.09,488,1,6.9375,111,2026-01-01,16,-0.4117647058823529,16,0,0.0,4.0,3.0,4.0
283,Healthcare,Mid-Market,India,Referral,140.4,Pro,176.78,-31,0,17.384615384615383,226,2027-02-01,13,-0.20338983050847464,13,0,0.0,2.0,0.0,3.0
284,Fintech,Small,United States,Organic,57.19,Pro,252.4,183,0,3.8,19,2026-07-01,5,-0.07692307692307686,5,0,0.0,2.0,1.0,4.0
285,Fintech,Small,Australia,Organic,47.64,Enterprise,936.35,395,0,40.583333333333336,487,2026-07-01,12,0.06034482758620696,12,0,0.0,1.0,0.0,4.0
286,Logistics,Small,United States,Organic,56.91,Basic,49.89,61,1,4.0,8,2026-06-01,2,,2,0,0.0,0.0,0.0,
287,Manufacturing,Small,India,Paid Search,620.38,Basic,48.92,334,0,7.3,73,2026-07-01,10,-0.1153846153846153,10,0,0.0,2.0,0.0,4.0
288,Real Estate,Mid-Market,United States,Organic,59.66,Pro,251.8,426,1,19.142857142857142,268,2026-06-01,14,-0.435483870967742,14,0,0.0,1.0,1.0,
289,Manufacturing,Small,India,Referral,124.81,Pro,255.22,150,1,15.8,79,2025-06-01,5,-0.4848484848484848,5,1,0.2,0.0,0.0,
290,Logistics,Mid-Market,India,Partner,229.71,Basic,57.62,183,0,8.2,41,2026-07-01,5,0.2857142857142857,5,0,0.0,1.0,0.0,5.0
291,Logistics,Enterprise,India,Outbound Sales,1171.38,Basic,61.31,577,1,4.421052631578948,84,2026-05-01,19,-0.4117647058823529,19,3,0.15789473684210525,6.0,1.0,4.0
292,Real Estate,Small,United States,Referral,131.52,Basic,43.43,576,0,2.9444444444444446,53,2026-07-01,18,-0.75,18,0,0.0,2.0,0.0,5.0
293,Legal,Small,Australia,Paid Search,534.06,Pro,205.22,303,0,17.333333333333332,156,2026-07-01,9,0.11320754716981131,9,0,0.0,1.0,0.0,3.0
294,Manufacturing,Small,India,Referral,98.98,Basic,41.96,303,0,8.11111111111111,73,2026-07-01,9,0.0,9,0,0.0,1.0,0.0,4.0
295,Healthcare,Mid-Market,India,Referral,135.73,Basic,63.38,335,1,4.090909090909091,45,2026-05-01,11,-0.3333333333333333,11,1,0.09090909090909091,5.0,1.0,3.0
296,Retail,Mid-Market,United States,Organic,40.81,Basic,61.46,576,0,6.055555555555555,109,2026-07-01,18,0.42857142857142855,18,0,0.0,5.0,2.0,4.333333333333333
297,Edtech,Small,India,Organic,68.24,Enterprise,1029.55,426,0,6.615384615384615,86,2026-07-01,13,-0.42857142857142855,13,0,0.0,5.0,0.0,3.8
298,Hospitality,Small,United States,Referral,69.44,Pro,244.62,152,0,9.25,37,2026-07-01,4,0.07142857142857136,4,1,0.25,2.0,0.0,4.0
299,Edtech,Mid-Market,United Kingdom,Referral,129.08,Basic,47.58,123,1,2.5,10,2025-08-01,4,-0.3,4,0,0.0,2.0,0.0,1.5
300,Real Estate,Enterprise,United States,Organic,43.32,Basic,45.72,337,1,4.818181818181818,53,2026-01-01,11,-0.23076923076923067,11,1,0.09090909090909091,2.0,0.0,4.0
301,Hospitality,Small,United States,Organic,42.67,Enterprise,883.84,576,0,44.94444444444444,809,2026-07-01,18,0.051851851851851906,18,0,0.0,2.0,1.0,3.0
302,Real Estate,Small,Germany,Organic,47.53,Basic,55.64,182,1,2.3333333333333335,14,2025-05-01,6,-0.7272727272727273,6,1,0.16666666666666666,0.0,0.0,
303,Logistics,Mid-Market,United Kingdom,Paid Search,318.08,Basic,56.57,-30,0,2.25,18,2026-12-01,8,-0.42857142857142866,8,0,0.0,2.0,0.0,4.0
304,Fintech,Mid-Market,United Kingdom,Referral,83.0,Pro,241.98,122,0,13.333333333333334,40,2026-07-01,3,,3,0,0.0,1.0,0.0,4.0
305,Fintech,Small,United States,Referral,90.28,Basic,52.84,335,1,1.8181818181818181,20,2026-03-01,11,-1.0,11,3,0.2727272727272727,2.0,0.0,4.0
306,Healthcare,Small,India,Partner,347.21,Pro,248.39,638,0,18.85,377,2026-07-01,20,0.16363636363636364,20,0,0.0,3.0,1.0,4.5
307,Logistics,Small,Germany,Outbound Sales,779.87,Pro,230.26,61,1,9.0,18,2025-09-01,2,,2,0,0.0,0.0,0.0,
308,Media,Mid-Market,Australia,Paid Search,291.7,Enterprise,987.41,122,0,14.333333333333334,43,2026-07-01,3,,3,0,0.0,0.0,0.0,
309,Healthcare,Mid-Market,India,Organic,43.41,Pro,170.11,61,1,5.0,10,2025-10-01,2,,2,0,0.0,1.0,0.0,1.0
310,Edtech,Small,United Kingdom,Organic,54.52,Basic,55.23,334,0,4.5,45,2026-07-01,10,-0.4117647058823529,10,1,0.1,3.0,0.0,3.0
311,Logistics,Small,United States,Organic,51.09,Enterprise,956.81,548,0,25.470588235294116,433,2026-07-01,17,0.22388059701492538,17,0,0.0,4.0,0.0,4.0
312,Hospitality,Small,India,Referral,141.24,Basic,48.05,61,1,2.5,5,2025-05-01,2,,2,1,0.5,1.0,0.0,5.0
313,Manufacturing,Enterprise,India,Outbound Sales,813.41,Enterprise,1146.25,90,1,7.0,21,2026-03-01,3,,3,0,0.0,1.0,0.0,2.0
314,Manufacturing,Enterprise,Germany,Paid Search,502.2,Pro,198.58,577,1,10.210526315789474,194,2026-07-01,19,-0.7435897435897435,19,1,0.05263157894736842,2.0,0.0,3.5
315,Legal,Small,Germany,Partner,261.97,Basic,42.04,273,0,6.5,52,2026-07-01,8,-0.25,8,0,0.0,0.0,0.0,
316,Manufacturing,Enterprise,United Kingdom,Paid Search,423.41,Pro,252.46,576,0,19.444444444444443,350,2026-07-01,18,-0.05,18,1,0.05555555555555555,1.0,0.0,3.0
317,Media,Mid-Market,Germany,Organic,80.81,Basic,47.6,92,1,2.6666666666666665,8,2025-10-01,3,,3,1,0.3333333333333333,1.0,0.0,3.0
318,Healthcare,Small,India,Paid Search,416.23,Basic,45.64,576,0,6.222222222222222,112,2026-07-01,18,-0.4761904761904762,18,0,0.0,3.0,2.0,3.0
319,Manufacturing,Small,United States,Organic,56.35,Basic,47.02,395,1,1.4615384615384615,19,2026-04-01,13,-0.5,13,1,0.07692307692307693,2.0,0.0,3.0
320,Fintech,Small,India,Paid Search,456.07,Basic,56.33,548,0,1.6470588235294117,28,2026-07-01,17,-1.0,17,0,0.0,2.0,1.0,5.0
321,Fintech,Small,United States,Referral,91.0,Basic,61.62,395,0,7.333333333333333,88,2026-07-01,12,-0.3448275862068965,12,1,0.08333333333333333,2.0,0.0,4.5
322,Hospitality,Enterprise,India,Organic,55.21,Basic,55.61,31,1,0.0,0,2025-10-01,1,,1,0,0.0,1.0,0.0,2.0
323,Real Estate,Small,United Kingdom,Outbound Sales,773.18,Basic,55.84,668,0,10.0,210,2026-07-01,21,-0.21428571428571436,21,0,0.0,6.0,0.0,4.0
324,Media,Small,United States,Referral,107.67,Basic,59.47,122,1,5.75,23,2025-06-01,4,-0.4090909090909091,4,1,0.25,0.0,0.0,
325,Manufacturing,Mid-Market,Canada,Partner,184.93,Basic,48.88,456,0,2.5714285714285716,36,2026-07-01,14,-0.7000000000000001,14,3,0.21428571428571427,6.0,1.0,3.8
326,Healthcare,Enterprise,India,Organic,61.41,Basic,41.69,395,1,4.230769230769231,55,2026-06-01,13,-0.8666666666666666,13,0,0.0,3.0,1.0,4.0
327,Real Estate,Mid-Market,United States,Paid Search,585.88,Basic,46.7,214,1,6.571428571428571,46,2026-11-01,7,-0.6774193548387096,7,0,0.0,3.0,0.0,2.3333333333333335
328,Real Estate,Small,United States,Paid Search,414.38,Pro,252.13,123,1,5.75,23,2026-01-01,4,-0.4347826086956522,4,1,0.25,0.0,0.0,
329,Manufacturing,Small,United States,Partner,308.16,Pro,188.66,212,1,2.857142857142857,20,2025-04-01,7,-0.7692307692307692,7,0,0.0,1.0,0.0,4.0
330,Real Estate,Mid-Market,United States,Outbound Sales,648.31,Pro,221.15,516,1,6.411764705882353,109,2026-02-01,17,-0.5882352941176471,17,2,0.11764705882352941,2.0,0.0,2.0
331,Fintech,Mid-Market,India,Organic,25.5,Pro,242.2,183,0,18.8,94,2026-07-01,5,-0.05084745762711864,5,1,0.2,1.0,0.0,3.0
332,Edtech,Small,India,Organic,75.76,Basic,54.8,335,1,3.909090909090909,43,2025-10-01,11,-0.28571428571428575,11,0,0.0,5.0,0.0,3.0
333,Logistics,Mid-Market,India,Paid Search,351.58,Basic,59.25,364,0,7.0,77,2026-07-01,11,-0.10000000000000003,11,0,0.0,5.0,0.0,3.6
334,Logistics,Small,Canada,Partner,129.27,Basic,47.05,242,0,9.857142857142858,69,2026-07-01,7,-0.18181818181818182,7,0,0.0,1.0,0.0,4.0
335,Legal,Mid-Market,India,Organic,48.9,Enterprise,987.32,395,0,8.416666666666666,101,2026-07-01,12,1.8181818181818186,12,1,0.08333333333333333,3.0,1.0,3.5
336,Legal,Mid-Market,Australia,Referral,147.64,Basic,58.23,31,1,3.0,3,2025-08-01,1,,1,0,0.0,1.0,0.0,2.0
337,Healthcare,Mid-Market,India,Organic,51.11,Enterprise,837.92,638,0,26.0,520,2026-07-01,20,0.2923076923076922,20,3,0.15,5.0,0.0,3.6
338,Media,Small,United States,Referral,171.66,Basic,61.2,668,0,7.523809523809524,158,2026-07-01,21,0.07999999999999992,21,2,0.09523809523809523,4.0,0.0,3.75
339,Legal,Small,United States,Outbound Sales,719.44,Enterprise,1045.56,638,0,29.65,593,2026-07-01,20,-0.08695652173913047,20,1,0.05,3.0,0.0,3.6666666666666665
340,Real Estate,Small,Germany,Referral,158.96,Enterprise,909.45,517,0,23.1875,371,2026-07-01,16,-0.028985507246376864,16,1,0.0625,2.0,0.0,4.0
341,Real Estate,Small,United States,Referral,96.55,Pro,234.22,59,1,4.0,8,2025-03-01,2,,2,0,0.0,1.0,0.0,4.0
342,Healthcare,Mid-Market,Canada,Organic,60.99,Basic,63.09,-30,0,5.55,111,2028-02-01,20,0.1428571428571427,20,0,0.0,2.0,0.0,4.0
343,Edtech,Mid-Market,United States,Organic,53.51,Pro,223.82,396,1,14.307692307692308,186,2026-07-01,13,-0.7272727272727273,13,0,0.0,4.0,2.0,3.0
344,Edtech,Enterprise,India,Organic,38.43,Enterprise,981.59,395,0,13.416666666666666,161,2026-07-01,12,0.3243243243243242,12,1,0.08333333333333333,1.0,0.0,3.0
345,Hospitality,Mid-Market,United States,Outbound Sales,1227.51,Basic,62.83,334,0,5.8,58,2026-07-01,10,0.2,10,0,0.0,3.0,0.0,4.333333333333333
346,Real Estate,Small,United Kingdom,Organic,72.49,Enterprise,989.76,212,1,27.142857142857142,190,2026-05-01,7,-0.5098039215686274,7,0,0.0,1.0,0.0,1.0
347,Media,Mid-Market,United States,Paid Search,254.51,Pro,170.32,211,0,8.0,48,2026-07-01,6,-0.15384615384615383,6,0,0.0,2.0,1.0,4.0
348,Manufacturing,Small,United States,Organic,25.65,Basic,42.08,211,0,5.833333333333333,35,2026-07-01,6,0.05882352941176465,6,0,0.0,0.0,0.0,
349,Logistics,Mid-Market,India,Organic,53.8,Basic,57.11,31,1,0.0,0,2025-12-01,1,,1,0,0.0,0.0,0.0,
350,Logistics,Small,United States,Partner,319.94,Pro,172.04,181,1,12.833333333333334,77,2026-06-01,6,-0.6724137931034483,6,0,0.0,1.0,0.0,1.0
351,Healthcare,Small,United Kingdom,Partner,222.09,Basic,53.98,303,0,3.5555555555555554,32,2026-07-01,9,0.0,9,0,0.0,2.0,0.0,4.5
352,Manufacturing,Small,Australia,Organic,56.29,Pro,245.32,30,1,6.0,6,2026-04-01,1,,1,0,0.0,1.0,0.0,1.0
353,Legal,Mid-Market,United Kingdom,Partner,302.29,Basic,52.78,607,0,5.526315789473684,105,2026-07-01,19,0.5999999999999999,19,2,0.10526315789473684,3.0,0.0,4.333333333333333
354,Edtech,Small,India,Referral,75.24,Enterprise,1084.96,364,0,36.36363636363637,400,2026-07-01,11,-0.07017543859649117,11,0,0.0,4.0,1.0,3.6666666666666665
355,Real Estate,Mid-Market,India,Referral,129.86,Basic,43.95,334,1,6.181818181818182,68,2026-07-01,11,-0.31578947368421056,11,1,0.09090909090909091,2.0,1.0,5.0
356,Hospitality,Small,India,Organic,61.25,Basic,53.13,243,1,2.25,18,2025-08-01,8,-0.5,8,0,0.0,2.0,1.0,2.0
357,Healthcare,Small,Canada,Organic,66.1,Pro,200.59,364,0,4.2727272727272725,47,2026-07-01,11,0.15384615384615394,11,0,0.0,3.0,0.0,4.333333333333333
358,Logistics,Small,United Kingdom,Referral,107.32,Basic,42.06,92,1,3.3333333333333335,10,2025-08-01,3,,3,0,0.0,0.0,0.0,
359,Manufacturing,Small,Germany,Referral,76.5,Pro,227.07,183,1,1.1666666666666667,7,2025-09-01,6,-0.24999999999999994,6,0,0.0,2.0,0.0,3.0
360,Logistics,Small,Australia,Outbound Sales,651.08,Basic,48.17,548,0,4.647058823529412,79,2026-07-01,17,-0.3,17,2,0.11764705882352941,4.0,0.0,4.0
361,Legal,Small,United Kingdom,Partner,172.59,Basic,57.07,487,0,9.066666666666666,136,2026-07-01,15,-0.3529411764705883,15,2,0.13333333333333333,2.0,0.0,5.0
362,Logistics,Small,United States,Referral,163.72,Basic,54.15,212,1,2.0,14,2026-02-01,7,-0.7142857142857144,7,0,0.0,3.0,0.0,3.0
363,Retail,Small,United States,Referral,186.43,Basic,54.12,61,1,2.5,5,2025-11-01,2,,2,0,0.0,2.0,0.0,1.5
364,Fintech,Mid-Market,India,Referral,111.12,Enterprise,786.52,426,0,35.69230769230769,464,2026-07-01,13,-0.0636363636363635,13,4,0.3076923076923077,4.0,0.0,3.75
365,Healthcare,Small,Germany,Organic,49.91,Enterprise,869.89,395,0,40.25,483,2026-07-01,12,-0.03100775193798455,12,1,0.08333333333333333,3.0,0.0,3.0
366,Hospitality,Mid-Market,United States,Partner,398.43,Pro,209.93,668,0,13.380952380952381,281,2026-07-01,21,0.1891891891891891,21,0,0.0,5.0,0.0,4.4
367,Real Estate,Small,India,Paid Search,401.42,Pro,184.03,243,1,11.0,88,2026-05-01,8,-0.6046511627906977,8,0,0.0,3.0,1.0,2.5
368,Real Estate,Mid-Market,United States,Referral,93.42,Basic,62.01,90,1,2.3333333333333335,7,2025-02-01,3,,3,1,0.3333333333333333,2.0,0.0,2.0
369,Fintech,Mid-Market,Australia,Referral,175.85,Enterprise,922.49,91,0,22.0,44,2026-07-01,2,,2,0,0.0,1.0,0.0,5.0
370,Logistics,Small,India,Partner,219.25,Pro,172.31,607,0,11.421052631578947,217,2026-07-01,19,0.1,19,0,0.0,2.0,0.0,4.5
371,Healthcare,Small,India,Organic,32.36,Pro,235.53,426,0,15.153846153846153,197,2026-07-01,13,-0.15686274509803919,13,1,0.07692307692307693,0.0,0.0,
372,Media,Small,Germany,Organic,35.32,Pro,179.01,212,1,18.142857142857142,127,2026-06-01,7,-0.5223880597014925,7,1,0.14285714285714285,2.0,0.0,5.0
373,Healthcare,Mid-Market,Australia,Organic,62.91,Pro,253.41,426,1,17.071428571428573,239,2026-04-01,14,-0.462962962962963,14,0,0.0,3.0,0.0,2.0
374,Fintech,Small,Germany,Paid Search,428.07,Basic,57.54,576,0,5.444444444444445,98,2026-07-01,18,-0.5909090909090909,18,1,0.05555555555555555,3.0,0.0,3.3333333333333335
375,Hospitality,Mid-Market,United States,Referral,33.86,Enterprise,826.01,607,0,34.31578947368421,652,2026-07-01,19,-0.02857142857142857,19,0,0.0,2.0,0.0,4.5
376,Healthcare,Small,United States,Referral,115.17,Basic,58.47,123,1,4.5,18,2026-01-01,4,-0.3888888888888889,4,0,0.0,1.0,0.0,4.0
377,Healthcare,Small,United Kingdom,Outbound Sales,680.32,Pro,232.38,364,0,9.727272727272727,107,2026-07-01,11,-0.3142857142857142,11,1,0.09090909090909091,2.0,0.0,5.0
378,Hospitality,Mid-Market,United States,Organic,38.84,Pro,251.34,242,0,4.714285714285714,33,2026-07-01,7,0.0,7,0,0.0,1.0,0.0,3.0
379,Legal,Small,Germany,Organic,43.42,Basic,46.1,487,0,3.8666666666666667,58,2026-07-01,15,-0.5882352941176471,15,1,0.06666666666666667,4.0,0.0,4.0
380,Real Estate,Small,United States,Paid Search,448.42,Pro,184.71,242,0,5.142857142857143,36,2026-07-01,7,-0.2,7,0,0.0,3.0,0.0,4.666666666666667
381,Logistics,Mid-Market,Australia,Organic,53.09,Basic,44.3,0,1,1.875,30,2027-11-01,16,3.0,16,0,0.0,3.0,1.0,4.0
382,Logistics,Small,United States,Paid Search,459.82,Basic,46.39,211,0,5.166666666666667,31,2026-07-01,6,-0.062499999999999944,6,0,0.0,1.0,0.0,4.0
383,Hospitality,Mid-Market,Canada,Organic,36.12,Basic,50.1,30,1,0.0,0,2025-09-01,1,,1,0,0.0,1.0,0.0,2.0
384,Edtech,Small,Canada,Referral,137.01,Pro,190.86,61,1,3.5,7,2025-06-01,2,,2,0,0.0,2.0,0.0,2.0
385,Logistics,Mid-Market,United States,Organic,57.91,Pro,183.42,304,1,14.4,144,2025-10-01,10,-0.6538461538461539,10,0,0.0,2.0,0.0,5.0
386,Fintech,Mid-Market,United States,Partner,266.28,Pro,188.58,456,0,7.0,98,2026-07-01,14,-0.1481481481481481,14,0,0.0,5.0,1.0,4.0
387,Fintech,Small,United Kingdom,Paid Search,440.7,Basic,53.49,90,1,1.6666666666666667,5,2025-02-01,3,,3,1,0.3333333333333333,0.0,0.0,
388,Fintech,Mid-Market,Australia,Partner,237.82,Pro,191.78,576,0,12.555555555555555,226,2026-07-01,18,-0.03124999999999989,18,1,0.05555555555555555,6.0,4.0,4.5
389,Media,Small,India,Referral,98.68,Basic,57.66,92,1,1.0,3,2025-07-01,3,,3,0,0.0,1.0,0.0,1.0
390,Hospitality,Mid-Market,India,Organic,50.92,Basic,61.98,334,0,6.3,63,2026-07-01,10,0.05882352941176465,10,0,0.0,1.0,0.0,5.0
391,Logistics,Small,United States,Organic,64.52,Basic,45.98,334,1,3.0,33,2025-12-01,11,-0.6153846153846153,11,0,0.0,3.0,0.0,1.6666666666666667
392,Edtech,Enterprise,Australia,Partner,242.37,Basic,57.94,485,1,2.5625,41,2026-05-01,16,5.5,16,0,0.0,6.0,1.0,3.0
393,Logistics,Enterprise,India,Outbound Sales,886.27,Basic,44.32,-31,0,6.9411764705882355,118,2026-12-01,17,0.31250000000000006,17,0,0.0,4.0,1.0,4.333333333333333
394,Healthcare,Mid-Market,India,Organic,40.8,Pro,225.59,245,1,6.125,49,2026-01-01,8,-0.5714285714285715,8,2,0.25,2.0,0.0,5.0
395,Logistics,Mid-Market,United States,Partner,162.69,Enterprise,830.84,303,0,28.0,252,2026-07-01,9,-0.11235955056179783,9,0,0.0,1.0,1.0,
396,Media,Small,India,Partner,315.05,Pro,217.29,426,0,14.23076923076923,185,2026-07-01,13,0.07317073170731708,13,0,0.0,2.0,0.0,4.5
397,Legal,Small,India,Organic,62.28,Pro,244.79,242,0,1.2857142857142858,9,2026-07-01,7,-0.4,7,0,0.0,0.0,0.0,
398,Fintech,Enterprise,Australia,Organic,58.2,Basic,60.61,273,0,1.5,12,2026-07-01,8,1.6666666666666665,8,0,0.0,1.0,0.0,5.0
399,Fintech,Small,United States,Organic,53.72,Pro,254.29,243,1,9.0,72,2025-08-01,8,-0.5833333333333334,8,0,0.0,1.0,0.0,2.0
400,Retail,Enterprise,India,Organic,59.51,Basic,54.42,184,1,5.333333333333333,32,2025-10-01,6,-0.896551724137931,6,0,0.0,2.0,0.0,2.0
401,Logistics,Mid-Market,India,Outbound Sales,959.64,Enterprise,885.93,-31,0,26.9,269,2026-11-01,10,-0.2272727272727272,10,0,0.0,3.0,1.0,4.5
402,Real Estate,Small,United States,Partner,296.62,Basic,46.59,-30,0,7.230769230769231,94,2027-07-01,13,0.42105263157894746,13,0,0.0,2.0,0.0,3.5
403,Real Estate,Enterprise,United States,Referral,173.79,Basic,45.16,607,0,7.2631578947368425,138,2026-07-01,19,0.15789473684210528,19,0,0.0,5.0,0.0,4.4
404,Logistics,Mid-Market,United Kingdom,Organic,52.8,Pro,226.83,638,0,17.45,349,2026-07-01,20,-0.038461538461538325,20,1,0.05,3.0,0.0,3.3333333333333335
405,Logistics,Mid-Market,India,Referral,110.89,Basic,42.63,303,0,6.444444444444445,58,2026-07-01,9,0.15789473684210528,9,1,0.1111111111111111,1.0,1.0,
406,Real Estate,Mid-Market,United States,Paid Search,230.03,Enterprise,952.39,61,1,4.5,9,2025-06-01,2,,2,0,0.0,2.0,1.0,1.0
407,Hospitality,Small,United States,Referral,103.04,Basic,42.88,31,1,0.0,0,2026-01-01,1,,1,0,0.0,0.0,0.0,
408,Media,Mid-Market,United Kingdom,Referral,107.68,Basic,55.18,304,1,1.2,12,2026-02-01,10,-0.8333333333333334,10,1,0.1,1.0,0.0,1.0
409,Hospitality,Small,Germany,Paid Search,454.27,Basic,47.97,-30,0,4.125,66,2026-10-01,16,-0.5,16,1,0.0625,2.0,0.0,5.0
410,Retail,Small,United States,Referral,124.07,Basic,46.57,395,0,8.916666666666666,107,2026-07-01,12,-0.06666666666666661,12,0,0.0,3.0,0.0,3.6666666666666665
411,Edtech,Mid-Market,Germany,Organic,43.64,Enterprise,1149.72,28,1,4.0,4,2025-02-01,1,,1,1,1.0,0.0,0.0,
412,Logistics,Small,India,Paid Search,537.47,Enterprise,1100.24,395,0,29.5,354,2026-07-01,12,-0.056179775280898916,12,0,0.0,2.0,0.0,3.5
413,Fintech,Mid-Market,United States,Referral,141.71,Basic,52.81,334,1,2.090909090909091,23,2025-09-01,11,9.0,11,0,0.0,2.0,1.0,5.0
414,Legal,Mid-Market,Australia,Referral,140.02,Basic,62.4,548,0,5.588235294117647,95,2026-07-01,17,-0.11764705882352945,17,0,0.0,3.0,1.0,3.5
415,Logistics,Small,India,Paid Search,465.84,Basic,61.84,244,1,3.25,26,2025-11-01,8,-0.5,8,0,0.0,2.0,1.0,3.0
416,Hospitality,Small,United States,Paid Search,573.82,Pro,189.84,152,0,8.5,34,2026-07-01,4,0.27999999999999986,4,0,0.0,1.0,0.0,4.0
417,Real Estate,Enterprise,Australia,Organic,44.56,Basic,47.14,91,1,1.6666666666666667,5,2025-11-01,3,,3,0,0.0,1.0,0.0,2.0
418,Real Estate,Enterprise,Germany,Organic,59.38,Basic,63.58,364,0,9.545454545454545,105,2026-07-01,11,-0.12903225806451618,11,2,0.18181818181818182,2.0,0.0,4.5
419,Media,Small,United States,Partner,349.45,Basic,54.15,364,0,8.0,88,2026-07-01,11,-0.25806451612903225,11,0,0.0,2.0,0.0,4.5
420,Manufacturing,Small,India,Organic,45.17,Basic,52.41,61,1,3.0,6,2025-10-01,2,,2,0,0.0,1.0,0.0,1.0
421,Fintech,Small,India,Paid Search,269.28,Pro,231.83,699,0,20.727272727272727,456,2026-07-01,22,-0.21538461538461542,22,1,0.045454545454545456,4.0,0.0,4.5
422,Media,Mid-Market,United States,Outbound Sales,1075.33,Basic,46.84,91,1,4.333333333333333,13,2025-11-01,3,,3,2,0.6666666666666666,2.0,0.0,3.0
423,Logistics,Small,India,Partner,355.07,Basic,54.07,395,0,4.25,51,2026-07-01,12,0.6666666666666666,12,1,0.08333333333333333,2.0,0.0,3.0
424,Legal,Small,Canada,Partner,251.3,Basic,56.74,31,1,4.0,4,2025-07-01,1,,1,0,0.0,0.0,0.0,
425,Real Estate,Mid-Market,Germany,Referral,127.95,Enterprise,1108.44,62,1,4.5,9,2025-01-01,2,,2,1,0.5,0.0,0.0,
426,Manufacturing,Small,India,Paid Search,522.22,Pro,217.75,273,0,13.875,111,2026-07-01,8,0.25000000000000006,8,0,0.0,1.0,0.0,4.0
427,Manufacturing,Small,India,Partner,366.44,Enterprise,1001.7,548,0,39.05882352941177,664,2026-07-01,17,0.11818181818181825,17,0,0.0,4.0,0.0,4.5
428,Media,Mid-Market,India,Referral,126.9,Basic,52.13,184,1,4.166666666666667,25,2025-12-01,6,-0.43749999999999994,6,0,0.0,1.0,0.0,1.0
429,Legal,Mid-Market,India,Organic,46.79,Pro,193.28,548,0,18.529411764705884,315,2026-07-01,17,-0.12068965517241374,17,1,0.058823529411764705,3.0,0.0,4.0
430,Media,Small,India,Referral,47.92,Enterprise,986.28,211,0,17.5,105,2026-07-01,6,0.058823529411764705,6,0,0.0,1.0,0.0,4.0
431,Edtech,Small,United States,Organic,44.51,Enterprise,832.94,426,0,44.07692307692308,573,2026-07-01,13,-0.051470588235294164,13,1,0.07692307692307693,1.0,0.0,5.0
432,Hospitality,Small,United States,Outbound Sales,403.26,Enterprise,801.52,607,0,19.263157894736842,366,2026-07-01,19,0.03921568627450987,19,0,0.0,2.0,0.0,3.5
433,Real Estate,Small,United States,Referral,93.17,Basic,59.47,487,0,4.666666666666667,70,2026-07-01,15,0.1428571428571427,15,0,0.0,0.0,0.0,
434,Edtech,Small,United States,Organic,41.63,Pro,222.93,61,1,5.5,11,2025-04-01,2,,2,0,0.0,0.0,0.0,
435,Legal,Small,United States,Partner,336.01,Enterprise,982.02,424,1,9.714285714285714,136,2026-02-01,14,-0.825,14,0,0.0,2.0,1.0,5.0
436,Logistics,Mid-Market,United States,Organic,84.14,Enterprise,1136.25,150,1,29.0,145,2026-06-01,5,-0.4916666666666667,5,0,0.0,0.0,0.0,
437,Real Estate,Mid-Market,United States,Paid Search,447.91,Basic,48.84,607,0,1.8421052631578947,35,2026-07-01,19,13.000000000000002,19,0,0.0,6.0,4.0,4.0
438,Retail,Small,United States,Organic,63.45,Basic,56.3,122,0,1.3333333333333333,4,2026-07-01,3,,3,0,0.0,0.0,0.0,
439,Fintech,Small,India,Outbound Sales,1073.7,Pro,185.82,487,0,11.133333333333333,167,2026-07-01,15,-0.05405405405405415,15,0,0.0,3.0,0.0,4.333333333333333
440,Legal,Small,Canada,Partner,414.85,Basic,60.18,61,1,6.0,12,2025-12-01,2,,2,0,0.0,2.0,1.0,1.0
441,Legal,Mid-Market,United States,Organic,51.81,Pro,206.84,395,0,4.083333333333333,49,2026-07-01,12,-0.9444444444444445,12,0,0.0,1.0,0.0,5.0
442,Healthcare,Small,United States,Paid Search,380.84,Basic,61.42,424,1,3.9285714285714284,55,2026-02-01,14,4.000000000000001,14,0,0.0,1.0,0.0,3.0
443,Healthcare,Mid-Market,India,Partner,338.39,Basic,61.06,607,0,4.473684210526316,85,2026-07-01,19,-0.27272727272727276,19,1,0.05263157894736842,3.0,1.0,3.0
444,Healthcare,Small,United States,Referral,114.95,Basic,48.69,61,1,1.5,3,2025-09-01,2,,2,1,0.5,0.0,0.0,
445,Real Estate,Small,Australia,Referral,131.45,Enterprise,804.93,395,0,23.0,276,2026-07-01,12,0.014492753623188354,12,0,0.0,1.0,0.0,4.0
446,Legal,Small,United States,Paid Search,521.62,Basic,59.58,242,0,3.5714285714285716,25,2026-07-01,7,3.2500000000000004,7,0,0.0,1.0,1.0,
447,Media,Small,India,Organic,83.48,Enterprise,969.97,699,0,8.590909090909092,189,2026-07-01,22,-0.15384615384615383,22,1,0.045454545454545456,5.0,1.0,4.25
448,Real Estate,Mid-Market,India,Paid Search,395.36,Pro,177.78,120,1,9.25,37,2025-04-01,4,-0.4444444444444444,4,0,0.0,2.0,0.0,2.0
449,Real Estate,Small,Germany,Referral,175.21,Pro,205.92,-30,0,21.5,258,2027-06-01,12,0.1333333333333334,12,1,0.08333333333333333,4.0,1.0,4.0
451,Hospitality,Mid-Market,Germany,Outbound Sales,490.66,Enterprise,1004.09,303,0,3.6666666666666665,33,2026-07-01,9,0.16666666666666674,9,1,0.1111111111111111,1.0,0.0,3.0
452,Healthcare,Mid-Market,India,Referral,99.2,Basic,55.6,456,1,3.6,54,2026-06-01,15,-0.5833333333333333,15,1,0.06666666666666667,1.0,0.0,4.0
453,Media,Small,United States,Paid Search,341.5,Basic,53.88,517,0,3.5,56,2026-07-01,16,0.5555555555555557,16,0,0.0,3.0,0.0,4.666666666666667
454,Legal,Small,India,Paid Search,401.61,Basic,42.27,304,1,4.7,47,2026-05-01,10,-0.23076923076923067,10,0,0.0,4.0,0.0,3.0
455,Retail,Small,United States,Referral,71.13,Basic,42.92,335,1,1.2727272727272727,14,2026-08-01,11,-0.5,11,0,0.0,4.0,1.0,2.6666666666666665
456,Logistics,Small,India,Referral,158.17,Basic,45.83,31,1,2.0,2,2026-05-01,1,,1,1,1.0,0.0,0.0,
457,Fintech,Small,United States,Paid Search,438.51,Pro,174.23,487,0,16.666666666666668,250,2026-07-01,15,0.19565217391304335,15,0,0.0,5.0,1.0,4.25
458,Legal,Small,United States,Organic,55.12,Basic,44.48,92,1,2.0,6,2025-01-01,3,,3,2,0.6666666666666666,0.0,0.0,
459,Manufacturing,Enterprise,India,Organic,48.83,Basic,54.46,182,1,1.0,6,2026-03-01,6,-0.8,6,0,0.0,3.0,0.0,1.6666666666666667
460,Legal,Small,Germany,Outbound Sales,951.52,Pro,222.93,426,0,15.615384615384615,203,2026-07-01,13,-0.058823529411764705,13,1,0.07692307692307693,4.0,1.0,3.0
461,Real Estate,Small,United States,Paid Search,509.51,Enterprise,1140.84,183,0,35.6,178,2026-07-01,5,0.10891089108910906,5,0,0.0,0.0,0.0,
462,Edtech,Mid-Market,India,Partner,147.08,Pro,176.26,245,1,17.25,138,2026-01-01,8,-0.49253731343283574,8,2,0.25,1.0,0.0,5.0
463,Hospitality,Enterprise,United States,Organic,34.23,Basic,57.7,123,1,0.5,2,2025-08-01,4,-1.0,4,0,0.0,1.0,0.0,2.0
464,Edtech,Small,United States,Referral,94.05,Enterprise,811.38,456,0,36.142857142857146,506,2026-07-01,14,0.08653846153846155,14,0,0.0,1.0,0.0,4.0
465,Retail,Mid-Market,India,Paid Search,482.83,Basic,49.81,487,0,4.333333333333333,65,2026-07-01,15,1.1250000000000002,15,1,0.06666666666666667,1.0,0.0,3.0
466,Real Estate,Small,United States,Paid Search,551.19,Pro,239.46,304,1,11.3,113,2026-04-01,10,-0.7674418604651162,10,1,0.1,3.0,0.0,2.0
467,Media,Mid-Market,India,Organic,53.32,Basic,60.73,487,0,7.866666666666666,118,2026-07-01,15,-0.4,15,0,0.0,2.0,0.0,4.0
468,Real Estate,Mid-Market,Germany,Organic,72.11,Pro,211.55,31,1,3.0,3,2025-01-01,1,,1,0,0.0,1.0,0.0,1.0
469,Fintech,Enterprise,Australia,Outbound Sales,871.96,Enterprise,778.03,-28,0,7.588235294117647,129,2027-07-01,17,0.9166666666666667,17,1,0.058823529411764705,2.0,0.0,3.5
470,Healthcare,Small,Germany,Referral,84.82,Basic,53.17,487,0,4.2,63,2026-07-01,15,-0.09090909090909083,15,0,0.0,3.0,0.0,4.333333333333333
471,Healthcare,Small,United States,Partner,318.04,Pro,177.3,214,1,3.857142857142857,27,2025-09-01,7,-0.25,7,2,0.2857142857142857,0.0,0.0,
472,Retail,Small,Germany,Outbound Sales,355.56,Basic,45.22,92,1,1.3333333333333333,4,2025-09-01,3,,3,0,0.0,2.0,0.0,2.0
473,Fintech,Enterprise,United Kingdom,Referral,154.97,Basic,49.52,212,1,3.2857142857142856,23,2026-05-01,7,0.2999999999999999,7,0,0.0,2.0,0.0,3.0
474,Fintech,Small,Australia,Paid Search,427.0,Pro,190.57,62,1,5.0,10,2025-01-01,2,,2,0,0.0,1.0,0.0,2.0
475,Real Estate,Mid-Market,Australia,Organic,74.46,Pro,190.59,426,0,21.0,273,2026-07-01,13,-0.04477611940298508,13,0,0.0,3.0,1.0,4.0
476,Manufacturing,Small,United States,Organic,46.98,Basic,46.79,395,0,2.6666666666666665,32,2026-07-01,12,-0.8235294117647058,12,0,0.0,1.0,0.0,5.0
477,Healthcare,Small,United States,Organic,43.3,Basic,53.23,31,1,0.0,0,2025-10-01,1,,1,0,0.0,0.0,0.0,
478,Legal,Small,Germany,Referral,145.7,Enterprise,800.6,364,0,13.090909090909092,144,2026-07-01,11,-0.21276595744680846,11,0,0.0,2.0,0.0,4.0
479,Manufacturing,Mid-Market,United Kingdom,Referral,137.54,Basic,58.16,364,0,7.818181818181818,86,2026-07-01,11,-0.2272727272727272,11,2,0.18181818181818182,3.0,0.0,3.3333333333333335
480,Legal,Small,India,Organic,55.62,Basic,52.67,427,1,2.357142857142857,33,2026-01-01,14,-0.41666666666666663,14,1,0.07142857142857142,4.0,0.0,4.0
481,Hospitality,Enterprise,United States,Paid Search,462.01,Enterprise,1069.4,212,1,23.857142857142858,167,2026-05-01,7,-0.5056179775280899,7,0,0.0,4.0,0.0,2.25
482,Edtech,Small,Canada,Paid Search,434.84,Basic,46.78,396,1,6.461538461538462,84,2025-12-01,13,0.41666666666666674,13,1,0.07692307692307693,2.0,0.0,4.5
483,Edtech,Small,India,Partner,286.56,Basic,52.14,304,1,5.3,53,2025-09-01,10,-0.875,10,0,0.0,2.0,0.0,2.0
484,Media,Small,United States,Organic,51.03,Basic,56.09,517,0,8.0,128,2026-07-01,16,-0.09375,16,1,0.0625,1.0,0.0,4.0
485,Healthcare,Small,Australia,Paid Search,418.68,Pro,234.13,334,0,17.7,177,2026-07-01,10,0.1730769230769231,10,0,0.0,0.0,0.0,
486,Fintech,Mid-Market,India,Outbound Sales,1042.51,Basic,61.9,120,1,0.75,3,2025-05-01,4,0.0,4,0,0.0,1.0,1.0,
487,Retail,Small,India,Organic,50.1,Basic,56.23,275,1,5.0,45,2025-12-01,9,-0.6842105263157895,9,0,0.0,2.0,0.0,4.0
488,Manufacturing,Mid-Market,India,Organic,62.55,Basic,43.73,31,1,5.0,5,2025-07-01,1,,1,0,0.0,1.0,0.0,1.0
489,Logistics,Small,United Kingdom,Partner,317.74,Enterprise,1033.35,518,1,34.64705882352941,589,2026-07-01,17,-0.49565217391304356,17,1,0.058823529411764705,4.0,0.0,3.75
490,Manufacturing,Small,Germany,Organic,67.12,Pro,171.84,607,0,14.210526315789474,270,2026-07-01,19,-0.20754716981132082,19,0,0.0,6.0,2.0,3.5
491,Fintech,Small,United States,Referral,101.21,Pro,197.68,456,1,16.8,252,2026-11-01,15,-0.6964285714285714,15,1,0.06666666666666667,5.0,2.0,4.333333333333333
492,Legal,Small,United States,Partner,301.15,Basic,46.2,364,0,8.272727272727273,91,2026-07-01,11,-0.038461538461538325,11,0,0.0,2.0,0.0,4.5
493,Hospitality,Small,United Kingdom,Paid Search,419.29,Basic,42.51,548,0,8.823529411764707,150,2026-07-01,17,0.4090909090909092,17,0,0.0,1.0,1.0,
494,Fintech,Enterprise,United States,Partner,241.68,Basic,56.88,303,0,6.111111111111111,55,2026-07-01,9,-0.4782608695652174,9,0,0.0,2.0,0.0,4.5
495,Healthcare,Small,Australia,Paid Search,442.63,Basic,61.65,487,0,3.533333333333333,53,2026-07-01,15,-0.22222222222222218,15,1,0.06666666666666667,1.0,0.0,5.0
496,Media,Small,United Kingdom,Organic,74.77,Basic,58.84,274,1,7.555555555555555,68,2026-03-01,9,-0.7666666666666666,9,0,0.0,4.0,0.0,2.5
497,Edtech,Small,United Kingdom,Outbound Sales,662.54,Pro,244.67,-31,0,14.818181818181818,163,2027-06-01,11,-0.04347826086956529,11,0,0.0,1.0,1.0,
498,Hospitality,Small,India,Organic,63.23,Basic,58.27,334,0,4.8,48,2026-07-01,10,0.5,10,0,0.0,2.0,0.0,5.0
499,Edtech,Small,India,Paid Search,287.83,Enterprise,1077.27,183,0,7.0,35,2026-07-01,5,0.047619047619047575,5,0,0.0,0.0,0.0,
500,Logistics,Small,United States,Partner,284.29,Pro,198.8,61,1,2.5,5,2025-05-01,2,,2,0,0.0,1.0,0.0,2.0
501,Logistics,Enterprise,Germany,Organic,45.37,Basic,45.69,181,1,2.3333333333333335,14,2026-04-01,6,-1.0,6,0,0.0,2.0,0.0,3.0
502,Retail,Small,United Kingdom,Referral,183.11,Basic,61.29,365,1,3.0833333333333335,37,2026-01-01,12,-0.1875,12,1,0.08333333333333333,3.0,0.0,2.0
503,Logistics,Small,United Kingdom,Referral,152.26,Enterprise,888.73,607,0,10.31578947368421,196,2026-07-01,19,-0.12121212121212127,19,0,0.0,5.0,0.0,4.2
504,Healthcare,Small,United States,Partner,197.35,Pro,186.37,364,0,7.636363636363637,84,2026-07-01,11,0.3809523809523809,11,1,0.09090909090909091,1.0,0.0,3.0
505,Manufacturing,Mid-Market,United States,Organic,28.2,Basic,55.32,517,0,1.5625,25,2026-07-01,16,2.0000000000000004,16,0,0.0,5.0,1.0,3.75
506,Media,Small,United States,Paid Search,463.39,Basic,59.29,577,1,7.052631578947368,134,2026-04-01,19,0.0,19,0,0.0,3.0,0.0,3.3333333333333335
507,Real Estate,Mid-Market,India,Paid Search,537.64,Pro,201.7,607,0,7.631578947368421,145,2026-07-01,19,-0.3571428571428572,19,0,0.0,5.0,1.0,3.5
508,Edtech,Small,India,Outbound Sales,357.78,Pro,238.63,669,1,10.818181818181818,238,2026-07-01,22,-0.7250000000000001,22,1,0.045454545454545456,7.0,0.0,3.2857142857142856
509,Real Estate,Enterprise,United States,Partner,309.06,Basic,62.46,-30,0,8.916666666666666,107,2027-04-01,12,0.5789473684210527,12,0,0.0,2.0,0.0,3.5
510,Edtech,Mid-Market,United States,Partner,416.07,Basic,45.83,243,1,6.125,49,2025-08-01,8,-0.7931034482758621,8,0,0.0,3.0,0.0,2.6666666666666665
511,Hospitality,Small,United States,Organic,62.26,Basic,59.08,334,1,7.2727272727272725,80,2027-04-01,11,-0.6086956521739131,11,0,0.0,2.0,1.0,2.0
512,Hospitality,Small,United States,Organic,40.72,Enterprise,980.72,365,1,28.0,336,2026-03-01,12,-0.5757575757575758,12,2,0.16666666666666666,2.0,0.0,4.0
513,Logistics,Small,Canada,Partner,350.27,Enterprise,929.74,395,0,48.0,576,2026-07-01,12,-0.033112582781457046,12,0,0.0,3.0,1.0,3.5
514,Media,Small,United States,Organic,58.46,Basic,54.06,91,1,2.3333333333333335,7,2025-06-01,3,,3,1,0.3333333333333333,1.0,0.0,2.0
515,Retail,Enterprise,India,Referral,99.15,Pro,199.17,548,0,18.058823529411764,307,2026-07-01,17,-0.06451612903225817,17,1,0.058823529411764705,2.0,1.0,5.0
516,Hospitality,Small,Germany,Outbound Sales,890.74,Basic,55.18,28,1,7.0,7,2026-02-01,1,,1,0,0.0,1.0,0.0,2.0
517,Logistics,Small,United States,Paid Search,375.51,Enterprise,931.39,183,0,13.2,66,2026-07-01,5,0.0,5,0,0.0,2.0,0.0,4.5
518,Hospitality,Small,Germany,Referral,102.07,Basic,57.54,243,1,5.25,42,2026-02-01,8,-0.5882352941176471,8,0,0.0,2.0,0.0,3.0
519,Edtech,Small,India,Paid Search,318.37,Basic,41.8,242,1,3.125,25,2026-06-01,8,-0.8333333333333334,8,2,0.25,2.0,0.0,3.5
520,Hospitality,Enterprise,United States,Paid Search,545.46,Pro,255.23,31,1,1.0,1,2026-01-01,1,,1,0,0.0,1.0,0.0,1.0
521,Fintech,Enterprise,United States,Organic,36.39,Basic,49.18,-31,0,1.8181818181818181,20,2027-02-01,11,0.7500000000000002,11,0,0.0,1.0,0.0,5.0
522,Retail,Mid-Market,United States,Paid Search,432.47,Basic,61.48,304,1,2.0,20,2026-03-01,10,-0.20000000000000007,10,0,0.0,3.0,1.0,3.5
523,Real Estate,Small,United States,Partner,464.07,Enterprise,1150.3,516,1,20.11764705882353,342,2026-04-01,17,-0.6619718309859155,17,1,0.058823529411764705,2.0,0.0,4.0
524,Hospitality,Small,United States,Paid Search,236.87,Basic,48.13,457,1,3.066666666666667,46,2026-01-01,15,0.5999999999999999,15,0,0.0,4.0,1.0,2.3333333333333335
525,Fintech,Small,Germany,Outbound Sales,1000.77,Pro,216.3,516,1,10.823529411764707,184,2026-03-01,17,-0.631578947368421,17,1,0.058823529411764705,3.0,0.0,3.3333333333333335
526,Logistics,Enterprise,United States,Outbound Sales,983.5,Pro,257.47,183,0,5.0,25,2026-07-01,5,-0.062499999999999944,5,0,0.0,0.0,0.0,
527,Media,Mid-Market,Canada,Referral,107.29,Pro,185.77,364,0,14.454545454545455,159,2026-07-01,11,-0.24489795918367338,11,1,0.09090909090909091,3.0,1.0,4.0
528,Edtech,Small,India,Outbound Sales,536.09,Pro,169.44,0,1,8.85,177,2026-10-01,20,-0.12903225806451618,20,1,0.05,3.0,1.0,3.5
529,Legal,Enterprise,Australia,Outbound Sales,906.0,Basic,50.88,334,0,7.2,72,2026-07-01,10,-0.17391304347826095,10,0,0.0,0.0,0.0,
530,Legal,Mid-Market,United States,Paid Search,514.36,Basic,59.26,212,1,1.4285714285714286,10,2026-04-01,7,2.0000000000000004,7,0,0.0,2.0,1.0,1.0
531,Fintech,Mid-Market,India,Referral,126.96,Pro,180.7,214,1,8.714285714285714,61,2025-09-01,7,-0.33333333333333337,7,2,0.2857142857142857,0.0,0.0,
532,Real Estate,Small,United States,Organic,34.96,Basic,47.18,456,0,8.642857142857142,121,2026-07-01,14,-0.2692307692307692,14,0,0.0,1.0,0.0,4.0
533,Manufacturing,Mid-Market,United States,Referral,99.13,Pro,194.61,211,0,22.333333333333332,134,2026-07-01,6,0.3103448275862069,6,0,0.0,2.0,1.0,3.0
534,Real Estate,Small,United States,Paid Search,328.03,Enterprise,980.16,364,0,31.09090909090909,342,2026-07-01,11,0.03191489361702139,11,0,0.0,1.0,0.0,4.0
535,Fintech,Enterprise,United Kingdom,Organic,40.53,Pro,212.76,31,1,3.0,3,2025-05-01,1,,1,0,0.0,0.0,0.0,
536,Media,Small,United States,Partner,182.52,Basic,47.4,122,0,6.333333333333333,19,2026-07-01,3,,3,0,0.0,0.0,0.0,
537,Manufacturing,Small,United Kingdom,Outbound Sales,922.62,Basic,60.15,122,1,5.5,22,2025-07-01,4,-0.3636363636363636,4,1,0.25,1.0,0.0,3.0
538,Media,Small,United States,Referral,137.63,Basic,55.33,61,1,4.5,9,2025-11-01,2,,2,1,0.5,1.0,0.0,5.0
539,Logistics,Small,United States,Organic,30.92,Enterprise,1146.19,395,0,49.25,591,2026-07-01,12,0.013245033112582735,12,0,0.0,1.0,0.0,4.0
540,Real Estate,Small,United States,Partner,302.44,Basic,43.14,668,0,3.0476190476190474,64,2026-07-01,21,1.6666666666666665,21,1,0.047619047619047616,3.0,0.0,4.333333333333333
541,Logistics,Mid-Market,India,Paid Search,511.79,Basic,45.64,211,0,4.5,27,2026-07-01,6,-0.4117647058823529,6,0,0.0,2.0,1.0,3.0
542,Manufacturing,Enterprise,United States,Partner,497.57,Pro,174.69,306,1,13.3,133,2025-12-01,10,-0.76,10,0,0.0,3.0,0.0,2.0
543,Edtech,Small,India,Partner,272.93,Pro,228.84,120,1,11.75,47,2026-04-01,4,-0.2750000000000001,4,1,0.25,1.0,0.0,5.0
544,Retail,Mid-Market,United States,Paid Search,59.46,Basic,58.7,426,0,3.769230769230769,49,2026-07-01,13,-0.25,13,1,0.07692307692307693,3.0,0.0,3.6666666666666665
545,Hospitality,Small,United States,Organic,50.14,Enterprise,1100.14,576,0,33.611111111111114,605,2026-07-01,18,-0.018867924528302018,18,0,0.0,1.0,0.0,3.0
546,Healthcare,Mid-Market,Germany,Paid Search,529.83,Pro,240.25,303,0,18.77777777777778,169,2026-07-01,9,0.21276595744680857,9,1,0.1111111111111111,2.0,1.0,4.0
547,Real Estate,Small,United Kingdom,Organic,51.37,Pro,248.63,334,0,13.9,139,2026-07-01,10,0.06382978723404267,10,0,0.0,1.0,0.0,3.0
548,Media,Mid-Market,United States,Organic,63.16,Basic,43.0,31,1,1.0,1,2025-05-01,1,,1,0,0.0,1.0,0.0,1.0
549,Fintech,Small,India,Paid Search,367.7,Basic,44.99,122,1,4.25,17,2024-12-01,4,-0.4117647058823529,4,0,0.0,2.0,0.0,2.0
550,Retail,Enterprise,United States,Referral,89.3,Basic,63.27,-31,0,8.444444444444445,152,2027-09-01,18,0.039999999999999855,18,0,0.0,1.0,0.0,5.0
551,Real Estate,Small,United Kingdom,Referral,112.45,Pro,242.34,150,1,4.2,21,2025-06-01,5,0.09999999999999991,5,1,0.2,1.0,0.0,4.0
552,Healthcare,Small,United Kingdom,Partner,385.02,Basic,52.17,61,1,4.5,9,2025-05-01,2,,2,0,0.0,0.0,0.0,
553,Legal,Mid-Market,Australia,Partner,409.48,Basic,51.26,517,0,4.0625,65,2026-07-01,16,-0.3333333333333333,16,0,0.0,0.0,0.0,
554,Media,Small,India,Referral,68.4,Pro,212.63,638,0,21.9,438,2026-07-01,20,-0.07936507936507942,20,0,0.0,3.0,0.0,3.0
555,Manufacturing,Mid-Market,India,Outbound Sales,542.6,Enterprise,1077.85,92,1,23.333333333333332,70,2025-12-01,3,,3,1,0.3333333333333333,2.0,0.0,1.0
556,Hospitality,Small,United States,Paid Search,539.21,Basic,49.95,334,0,2.1,21,2026-07-01,10,-1.0,10,0,0.0,1.0,0.0,4.0
557,Media,Small,Australia,Partner,381.15,Enterprise,1067.34,517,0,45.6875,731,2026-07-01,16,0.021739130434782608,16,0,0.0,3.0,0.0,4.0
558,Healthcare,Mid-Market,United Kingdom,Referral,149.87,Basic,57.09,242,0,2.2857142857142856,16,2026-07-01,7,0.19999999999999996,7,1,0.14285714285714285,0.0,0.0,
559,Hospitality,Enterprise,Germany,Organic,33.76,Pro,180.25,337,1,13.272727272727273,146,2026-01-01,11,-0.09090909090909091,11,1,0.09090909090909091,3.0,0.0,4.0
560,Logistics,Mid-Market,United Kingdom,Referral,83.33,Pro,222.71,273,0,3.875,31,2026-07-01,8,0.08333333333333326,8,1,0.125,0.0,0.0,
561,Manufacturing,Mid-Market,India,Paid Search,501.1,Pro,215.26,211,0,10.5,63,2026-07-01,6,0.1724137931034484,6,0,0.0,0.0,0.0,
562,Real Estate,Small,United States,Partner,259.9,Pro,196.57,306,1,17.5,175,2026-01-01,10,-0.5322580645161291,10,0,0.0,1.0,0.0,1.0
563,Edtech,Mid-Market,Canada,Paid Search,537.09,Basic,48.27,273,1,3.888888888888889,35,2026-05-01,9,0.8571428571428569,9,1,0.1111111111111111,1.0,0.0,1.0
564,Healthcare,Small,Canada,Organic,37.48,Pro,188.68,456,0,21.285714285714285,298,2026-07-01,14,0.0,14,1,0.07142857142857142,4.0,1.0,3.3333333333333335
565,Legal,Small,Germany,Organic,53.05,Pro,214.13,242,1,10.0,80,2026-04-01,8,-0.6976744186046512,8,0,0.0,2.0,1.0,4.0
566,Retail,Small,Germany,Organic,67.33,Enterprise,872.09,607,0,23.526315789473685,447,2026-07-01,19,0.08,19,0,0.0,2.0,0.0,4.0
567,Logistics,Mid-Market,Australia,Referral,100.52,Pro,172.17,487,1,7.1875,115,2026-06-01,16,-0.47368421052631576,16,1,0.0625,1.0,0.0,5.0
568,Healthcare,Small,Germany,Outbound Sales,1073.72,Basic,59.16,426,0,3.769230769230769,49,2026-07-01,13,0.11111111111111116,13,0,0.0,5.0,2.0,4.666666666666667
569,Healthcare,Small,United States,Paid Search,337.22,Enterprise,1102.76,395,0,36.75,441,2026-07-01,12,-0.061403508771929884,12,0,0.0,1.0,1.0,
570,Hospitality,Small,United States,Referral,86.95,Pro,184.3,426,0,15.23076923076923,198,2026-07-01,13,0.0,13,1,0.07692307692307693,5.0,1.0,3.5
571,Retail,Small,Germany,Organic,72.67,Pro,231.25,638,0,16.15,323,2026-07-01,20,-0.173076923076923,20,0,0.0,1.0,0.0,4.0
572,Edtech,Mid-Market,United States,Outbound Sales,752.08,Basic,53.17,120,1,2.0,8,2025-02-01,4,-0.24999999999999994,4,1,0.25,0.0,0.0,
573,Hospitality,Small,India,Organic,69.0,Enterprise,785.86,153,1,25.2,126,2025-12-01,5,-0.6071428571428572,5,0,0.0,0.0,0.0,
574,Healthcare,Enterprise,United States,Paid Search,394.34,Basic,62.89,306,1,7.1,71,2025-12-01,10,-0.5384615384615384,10,0,0.0,2.0,0.0,2.0
575,Hospitality,Mid-Market,India,Organic,68.92,Basic,61.47,304,1,4.4,44,2026-10-01,10,-0.7727272727272727,10,0,0.0,3.0,0.0,2.3333333333333335
576,Edtech,Small,United States,Paid Search,381.0,Enterprise,1138.01,426,1,37.07142857142857,519,2026-06-01,14,-0.5196850393700788,14,0,0.0,5.0,0.0,3.2
577,Fintech,Enterprise,India,Organic,61.86,Basic,51.13,334,1,2.8181818181818183,31,2025-12-01,11,0.2999999999999999,11,0,0.0,3.0,0.0,2.3333333333333335
578,Logistics,Enterprise,United States,Organic,33.93,Basic,43.67,-30,0,3.0,39,2028-07-01,13,-0.6923076923076924,13,0,0.0,1.0,0.0,5.0
579,Fintech,Small,United States,Referral,164.96,Basic,51.63,61,1,2.0,4,2025-04-01,2,,2,2,1.0,0.0,0.0,
580,Fintech,Mid-Market,Canada,Organic,65.6,Enterprise,892.23,699,0,22.227272727272727,489,2026-07-01,22,0.0,22,0,0.0,3.0,0.0,4.0
581,Retail,Mid-Market,India,Paid Search,523.76,Enterprise,937.43,364,0,11.818181818181818,130,2026-07-01,11,-0.07142857142857142,11,0,0.0,3.0,0.0,3.3333333333333335
582,Retail,Enterprise,United States,Organic,30.79,Enterprise,1164.51,211,0,10.333333333333334,62,2026-07-01,6,-0.3684210526315789,6,0,0.0,2.0,0.0,4.5
583,Edtech,Mid-Market,Australia,Organic,70.8,Basic,52.53,61,1,2.0,4,2025-10-01,2,,2,0,0.0,0.0,0.0,
584,Retail,Small,United States,Referral,141.74,Pro,180.34,517,0,11.375,182,2026-07-01,16,0.0,16,0,0.0,2.0,0.0,4.0
585,Logistics,Mid-Market,Canada,Paid Search,406.64,Basic,48.69,487,0,5.266666666666667,79,2026-07-01,15,0.2999999999999999,15,0,0.0,4.0,1.0,3.0
586,Fintech,Small,United States,Organic,55.26,Pro,217.71,152,0,6.5,26,2026-07-01,4,0.0,4,0,0.0,2.0,0.0,4.0
587,Media,Small,United Kingdom,Outbound Sales,538.77,Basic,53.74,396,1,7.0,91,2025-12-01,13,-0.4444444444444444,13,0,0.0,5.0,0.0,3.2
588,Healthcare,Mid-Market,United States,Referral,106.83,Pro,214.29,364,0,5.545454545454546,61,2026-07-01,11,0.16666666666666674,11,0,0.0,3.0,0.0,4.666666666666667
589,Real Estate,Small,United States,Referral,130.78,Pro,198.75,184,1,6.166666666666667,37,2026-01-01,6,-0.23809523809523814,6,0,0.0,1.0,0.0,3.0
590,Legal,Small,United States,Organic,57.1,Basic,48.09,31,1,0.0,0,2025-03-01,1,,1,0,0.0,0.0,0.0,
591,Real Estate,Small,India,Referral,168.45,Basic,49.33,638,0,6.45,129,2026-07-01,20,0.2500000000000001,20,1,0.05,4.0,0.0,3.75
592,Hospitality,Mid-Market,Germany,Partner,374.78,Basic,59.74,89,1,0.0,0,2026-04-01,3,,3,0,0.0,2.0,0.0,1.5
593,Legal,Mid-Market,India,Organic,67.71,Basic,56.97,211,0,3.1666666666666665,19,2026-07-01,6,7.5,6,0,0.0,2.0,1.0,4.0
594,Real Estate,Enterprise,United States,Paid Search,526.65,Pro,230.27,456,0,21.5,301,2026-07-01,14,0.045454545454545456,14,0,0.0,5.0,0.0,3.8
595,Retail,Mid-Market,India,Organic,60.13,Basic,50.74,-30,0,8.76923076923077,114,2027-07-01,13,0.14814814814814822,13,0,0.0,0.0,0.0,
596,Media,Small,India,Referral,111.91,Basic,57.34,334,0,2.5,25,2026-07-01,10,0.7999999999999999,10,0,0.0,1.0,0.0,4.0
597,Healthcare,Small,India,Paid Search,510.56,Basic,46.45,364,0,8.454545454545455,93,2026-07-01,11,-0.25806451612903225,11,0,0.0,2.0,0.0,4.5
598,Real Estate,Small,United States,Paid Search,470.73,Basic,48.37,303,0,4.888888888888889,44,2026-07-01,9,-0.3684210526315789,9,0,0.0,2.0,0.0,4.0
599,Healthcare,Small,India,Organic,59.91,Basic,61.99,548,0,7.823529411764706,133,2026-07-01,17,0.8125,17,1,0.058823529411764705,5.0,1.0,4.5
600,Hospitality,Small,India,Referral,119.5,Basic,59.84,334,0,4.1,41,2026-07-01,10,-0.7619047619047619,10,0,0.0,1.0,0.0,4.0
601,Healthcare,Enterprise,United States,Organic,56.78,Enterprise,1155.69,607,0,28.842105263157894,548,2026-07-01,19,-0.08139534883720938,19,0,0.0,1.0,0.0,5.0
602,Logistics,Small,United Kingdom,Organic,37.01,Basic,54.72,303,0,3.888888888888889,35,2026-07-01,9,-0.1428571428571429,9,0,0.0,3.0,0.0,3.6666666666666665
603,Media,Small,United States,Paid Search,208.71,Pro,204.81,548,0,17.470588235294116,297,2026-07-01,17,-0.10344827586206898,17,0,0.0,3.0,0.0,3.6666666666666665
604,Real Estate,Enterprise,Germany,Paid Search,509.94,Basic,63.24,303,0,3.6666666666666665,33,2026-07-01,9,0.0,9,0,0.0,2.0,0.0,4.0
605,Healthcare,Enterprise,United States,Paid Search,529.61,Pro,194.71,-31,0,2.6,13,2026-12-01,5,0.7999999999999999,5,0,0.0,0.0,0.0,
606,Legal,Small,United States,Referral,120.27,Pro,202.37,547,1,15.11111111111111,272,2026-05-01,18,-0.6521739130434783,18,1,0.05555555555555555,3.0,0.0,3.6666666666666665
607,Media,Mid-Market,Germany,Referral,125.24,Basic,56.21,273,1,6.666666666666667,60,2025-10-01,9,-0.055555555555555504,9,0,0.0,1.0,0.0,3.0
608,Edtech,Mid-Market,India,Organic,52.06,Pro,223.33,487,0,11.533333333333333,173,2026-07-01,15,-0.3589743589743589,15,0,0.0,2.0,0.0,3.5
609,Manufacturing,Small,United Kingdom,Organic,51.4,Basic,56.27,393,1,2.769230769230769,36,2026-02-01,13,-0.11111111111111116,13,2,0.15384615384615385,0.0,0.0,
610,Media,Enterprise,United States,Organic,71.81,Pro,199.9,90,1,5.333333333333333,16,2025-02-01,3,,3,0,0.0,1.0,0.0,2.0
611,Healthcare,Mid-Market,United States,Organic,51.32,Enterprise,1028.92,548,0,23.529411764705884,400,2026-07-01,17,0.13636363636363635,17,0,0.0,4.0,1.0,3.3333333333333335
612,Media,Small,United States,Paid Search,278.19,Pro,178.97,548,0,21.176470588235293,360,2026-07-01,17,0.18644067796610156,17,1,0.058823529411764705,1.0,0.0,4.0
613,Logistics,Small,Canada,Referral,57.24,Basic,59.61,-30,0,6.833333333333333,123,2026-10-01,18,0.0,18,0,0.0,1.0,0.0,3.0
614,Fintech,Small,United Kingdom,Referral,162.39,Enterprise,1069.54,456,0,48.142857142857146,674,2026-07-01,14,-0.02777777777777783,14,1,0.07142857142857142,3.0,0.0,3.3333333333333335
615,Healthcare,Small,India,Partner,341.17,Enterprise,901.78,153,1,20.4,102,2025-10-01,5,-0.5813953488372093,5,0,0.0,1.0,0.0,1.0
616,Healthcare,Small,United States,Paid Search,699.66,Basic,48.19,426,0,8.153846153846153,106,2026-07-01,13,0.03448275862068972,13,0,0.0,2.0,0.0,4.0
617,Media,Small,United States,Paid Search,435.14,Pro,219.54,395,0,17.166666666666668,206,2026-07-01,12,0.019999999999999928,12,0,0.0,3.0,1.0,4.0
618,Manufacturing,Small,United States,Partner,313.26,Pro,184.06,-31,0,11.4,171,2028-04-01,15,0.1724137931034484,15,0,0.0,2.0,1.0,5.0
619,Legal,Small,India,Referral,87.11,Enterprise,817.95,487,0,47.13333333333333,707,2026-07-01,15,0.014084507042253471,15,3,0.2,1.0,0.0,5.0
620,Hospitality,Mid-Market,India,Partner,362.87,Basic,62.66,364,0,1.0909090909090908,12,2026-07-01,11,,11,0,0.0,2.0,0.0,4.5
621,Healthcare,Small,India,Paid Search,423.12,Basic,47.55,303,0,8.777777777777779,79,2026-07-01,9,0.6470588235294118,9,0,0.0,3.0,0.0,4.0
622,Manufacturing,Small,Australia,Paid Search,610.89,Basic,56.07,273,0,6.25,50,2026-07-01,8,-0.125,8,0,0.0,1.0,0.0,3.0
623,Retail,Small,Germany,Outbound Sales,837.97,Enterprise,799.14,61,1,3.0,6,2025-05-01,2,,2,0,0.0,1.0,0.0,1.0
624,Hospitality,Small,United States,Referral,148.22,Basic,55.83,183,0,8.8,44,2026-07-01,5,-0.2758620689655172,5,0,0.0,1.0,0.0,4.0
625,Manufacturing,Small,Germany,Paid Search,328.74,Basic,63.7,487,1,6.0625,97,2026-07-01,16,-0.6956521739130436,16,0,0.0,5.0,0.0,3.4
626,Hospitality,Small,United States,Paid Search,372.52,Pro,206.38,517,0,10.625,170,2026-07-01,16,-0.06666666666666661,16,1,0.0625,4.0,1.0,4.666666666666667
627,Edtech,Small,United Kingdom,Referral,113.73,Pro,193.67,364,0,1.7272727272727273,19,2026-07-01,11,0.0,11,0,0.0,4.0,0.0,4.25
628,Real Estate,Small,Germany,Paid Search,687.39,Basic,59.16,61,1,3.5,7,2025-11-01,2,,2,0,0.0,0.0,0.0,
629,Healthcare,Small,India,Partner,356.33,Basic,49.56,182,1,3.6666666666666665,22,2026-03-01,6,-0.8999999999999999,6,1,0.16666666666666666,1.0,0.0,5.0
630,Legal,Mid-Market,United Kingdom,Referral,138.72,Pro,206.54,607,0,9.157894736842104,174,2026-07-01,19,0.037037037037037104,19,0,0.0,3.0,0.0,4.0
631,Healthcare,Mid-Market,United States,Partner,326.7,Pro,254.84,-31,0,22.61111111111111,407,2027-07-01,18,0.05882352941176465,18,0,0.0,5.0,1.0,4.5
632,Hospitality,Mid-Market,United Kingdom,Partner,316.35,Basic,62.51,426,0,2.4615384615384617,32,2026-07-01,13,0.0,13,0,0.0,1.0,0.0,4.0
633,Media,Small,United States,Paid Search,338.87,Basic,45.97,426,0,9.0,117,2026-07-01,13,0.037037037037037104,13,0,0.0,3.0,0.0,4.333333333333333
634,Hospitality,Small,United States,Organic,61.67,Basic,58.86,548,0,5.588235294117647,95,2026-07-01,17,0.0,17,0,0.0,2.0,0.0,3.5
635,Retail,Small,India,Organic,52.78,Pro,172.03,242,0,8.285714285714286,58,2026-07-01,7,-0.3548387096774194,7,0,0.0,1.0,0.0,3.0
636,Logistics,Small,United Kingdom,Partner,264.05,Basic,45.33,120,1,3.75,15,2026-02-01,4,0.19999999999999996,4,0,0.0,3.0,1.0,2.0
637,Manufacturing,Small,United States,Outbound Sales,580.05,Basic,47.86,395,0,4.0,48,2026-07-01,12,0.1764705882352941,12,0,0.0,2.0,0.0,4.0
638,Retail,Mid-Market,United Kingdom,Organic,63.81,Basic,49.96,393,1,3.230769230769231,42,2026-02-01,13,-0.9545454545454546,13,0,0.0,4.0,1.0,4.666666666666667
639,Fintech,Small,United Kingdom,Partner,353.45,Basic,47.82,61,1,2.0,4,2025-04-01,2,,2,0,0.0,0.0,0.0,
640,Media,Small,United Kingdom,Paid Search,535.45,Basic,47.41,638,0,4.05,81,2026-07-01,20,0.2727272727272729,20,4,0.2,1.0,1.0,
641,Fintech,Mid-Market,United States,Organic,45.84,Basic,47.09,395,1,1.3076923076923077,17,2025-11-01,13,0.7500000000000002,13,1,0.07692307692307693,1.0,0.0,2.0
642,Retail,Enterprise,United Kingdom,Paid Search,505.3,Basic,46.02,61,1,1.5,3,2024-12-01,2,,2,0,0.0,2.0,0.0,1.0
643,Legal,Mid-Market,United States,Outbound Sales,794.44,Basic,48.13,273,0,6.5,52,2026-07-01,8,0.8571428571428569,8,0,0.0,2.0,0.0,3.5
644,Media,Small,United States,Outbound Sales,1045.04,Enterprise,980.36,638,0,42.15,843,2026-07-01,20,0.046875,20,1,0.05,3.0,1.0,3.0
645,Real Estate,Small,Germany,Partner,292.7,Pro,230.99,364,0,17.727272727272727,195,2026-07-01,11,-0.18644067796610175,11,1,0.09090909090909091,3.0,1.0,5.0
646,Fintech,Mid-Market,United States,Partner,262.22,Basic,63.57,426,1,6.928571428571429,97,2025-11-01,14,-0.8620689655172413,14,0,0.0,4.0,1.0,4.0
647,Logistics,Small,United Kingdom,Organic,66.69,Enterprise,993.85,548,0,33.294117647058826,566,2026-07-01,17,0.019230769230769367,17,0,0.0,6.0,0.0,3.5
648,Hospitality,Mid-Market,India,Referral,138.89,Basic,63.18,242,1,5.25,42,2026-06-01,8,0.8999999999999998,8,1,0.125,1.0,0.0,5.0
649,Retail,Small,India,Referral,173.06,Basic,56.91,273,0,2.75,22,2026-07-01,8,-0.42857142857142866,8,0,0.0,1.0,0.0,3.0
650,Fintech,Enterprise,India,Outbound Sales,789.27,Basic,51.8,150,1,2.8,14,2025-06-01,5,-0.7857142857142857,5,1,0.2,2.0,0.0,3.5
651,Healthcare,Mid-Market,India,Organic,63.98,Basic,53.33,426,1,3.142857142857143,44,2026-05-01,14,-0.7222222222222222,14,0,0.0,3.0,0.0,2.6666666666666665
652,Real Estate,Mid-Market,United States,Paid Search,511.8,Basic,45.58,304,1,3.3,33,2026-04-01,10,1.1666666666666665,10,2,0.2,4.0,0.0,3.5
653,Real Estate,Mid-Market,United States,Outbound Sales,900.31,Basic,60.73,395,0,5.833333333333333,70,2026-07-01,12,0.0,12,1,0.08333333333333333,4.0,1.0,4.0
654,Media,Small,India,Organic,34.04,Pro,215.47,395,0,14.916666666666666,179,2026-07-01,12,-0.1153846153846153,12,2,0.16666666666666666,4.0,0.0,4.25
655,Edtech,Mid-Market,India,Organic,45.03,Enterprise,1030.33,395,0,14.333333333333334,172,2026-07-01,12,-0.26,12,0,0.0,1.0,0.0,4.0
656,Manufacturing,Mid-Market,United States,Organic,72.75,Basic,63.66,303,0,3.7777777777777777,34,2026-07-01,9,-0.7000000000000001,9,1,0.1111111111111111,2.0,0.0,4.0
657,Healthcare,Small,United Kingdom,Partner,226.48,Pro,257.74,426,0,8.76923076923077,114,2026-07-01,13,-0.037037037037037104,13,0,0.0,2.0,0.0,4.5
658,Hospitality,Enterprise,India,Organic,88.27,Pro,213.55,607,0,11.789473684210526,224,2026-07-01,19,0.3225806451612902,19,1,0.05263157894736842,4.0,1.0,3.3333333333333335
659,Legal,Mid-Market,India,Paid Search,359.16,Enterprise,1027.99,243,1,37.375,299,2026-02-01,8,-0.5259259259259259,8,1,0.125,0.0,0.0,
660,Retail,Small,Australia,Referral,115.53,Basic,59.55,273,0,4.0,32,2026-07-01,8,0.0,8,1,0.125,2.0,1.0,5.0
661,Media,Mid-Market,Australia,Organic,38.81,Pro,169.19,273,0,21.125,169,2026-07-01,8,-0.2394366197183099,8,0,0.0,1.0,0.0,3.0
662,Retail,Mid-Market,United States,Partner,374.7,Pro,206.05,91,0,13.0,26,2026-07-01,2,,2,1,0.5,0.0,0.0,
663,Logistics,Small,India,Partner,286.32,Basic,54.69,152,0,2.25,9,2026-07-01,4,-0.1428571428571429,4,0,0.0,0.0,0.0,
664,Fintech,Enterprise,Germany,Partner,263.65,Basic,52.43,152,0,9.0,36,2026-07-01,4,-0.21428571428571436,4,0,0.0,0.0,0.0,
665,Logistics,Small,United States,Organic,41.75,Pro,201.53,243,1,5.5,44,2025-07-01,8,-0.2352941176470589,8,0,0.0,3.0,0.0,3.0
666,Healthcare,Small,United States,Organic,41.19,Enterprise,879.98,548,0,44.470588235294116,756,2026-07-01,17,0.007246376811594254,17,0,0.0,1.0,1.0,
667,Real Estate,Mid-Market,United Kingdom,Outbound Sales,517.0,Enterprise,1155.11,152,0,12.75,51,2026-07-01,4,0.026315789473684258,4,0,0.0,2.0,1.0,4.0
668,Fintech,Small,United States,Organic,44.21,Basic,48.54,61,1,0.0,0,2025-05-01,2,,2,1,0.5,0.0,0.0,
669,Media,Small,United States,Referral,108.62,Basic,44.65,275,1,4.666666666666667,42,2025-11-01,9,0.46153846153846156,9,0,0.0,1.0,0.0,3.0
670,Legal,Small,United States,Organic,54.15,Enterprise,779.09,273,0,25.75,206,2026-07-01,8,-0.06250000000000004,8,0,0.0,1.0,1.0,
671,Healthcare,Small,India,Partner,317.73,Pro,193.0,275,1,6.333333333333333,57,2025-11-01,9,-0.76,9,1,0.1111111111111111,0.0,0.0,
672,Retail,Small,India,Organic,36.71,Basic,58.01,485,1,1.3125,21,2026-04-01,16,-0.8571428571428571,16,0,0.0,4.0,0.0,3.5
673,Retail,Mid-Market,India,Paid Search,316.59,Pro,218.6,31,1,3.0,3,2024-12-01,1,,1,0,0.0,0.0,0.0,
674,Healthcare,Mid-Market,United Kingdom,Partner,125.85,Pro,179.77,426,0,4.769230769230769,62,2026-07-01,13,-0.22222222222222218,13,0,0.0,2.0,1.0,5.0
675,Hospitality,Small,India,Partner,211.17,Pro,198.42,365,1,13.583333333333334,163,2027-05-01,12,-0.6136363636363636,12,1,0.08333333333333333,4.0,0.0,4.75
676,Hospitality,Mid-Market,India,Paid Search,393.82,Basic,61.92,364,0,1.9090909090909092,21,2026-07-01,11,-0.33333333333333337,11,0,0.0,4.0,1.0,4.666666666666667
677,Media,Mid-Market,Germany,Paid Search,390.81,Enterprise,822.7,517,0,26.5625,425,2026-07-01,16,0.025974025974025882,16,1,0.0625,3.0,0.0,4.666666666666667
678,Healthcare,Small,United States,Outbound Sales,458.03,Basic,46.25,151,1,3.2,16,2025-05-01,5,0.0,5,0,0.0,3.0,0.0,2.0
679,Retail,Mid-Market,India,Paid Search,311.26,Pro,177.87,426,0,13.307692307692308,173,2026-07-01,13,-0.042553191489361666,13,0,0.0,1.0,0.0,3.0
680,Fintech,Mid-Market,United Kingdom,Organic,58.26,Basic,44.66,91,1,3.0,9,2025-06-01,3,,3,0,0.0,1.0,0.0,1.0
681,Manufacturing,Small,United States,Organic,55.52,Enterprise,1098.79,-31,0,21.0,378,2027-06-01,18,0.21153846153846162,18,0,0.0,2.0,0.0,3.5
682,Media,Small,Canada,Referral,107.09,Basic,47.3,211,0,8.333333333333334,50,2026-07-01,6,-0.07692307692307686,6,0,0.0,1.0,0.0,3.0
683,Edtech,Mid-Market,Germany,Paid Search,463.07,Basic,54.38,275,1,4.0,36,2025-12-01,9,-0.27272727272727276,9,1,0.1111111111111111,4.0,0.0,3.25
684,Hospitality,Small,United States,Referral,94.65,Pro,196.19,334,0,7.8,78,2026-07-01,10,-0.038461538461538325,10,1,0.1,3.0,0.0,3.3333333333333335
685,Legal,Mid-Market,Australia,Organic,53.7,Pro,236.26,59,1,2.5,5,2025-03-01,2,,2,0,0.0,0.0,0.0,
686,Media,Small,United States,Paid Search,492.21,Pro,239.2,364,0,9.181818181818182,101,2026-07-01,11,0.033333333333333395,11,0,0.0,0.0,0.0,
687,Manufacturing,Enterprise,India,Outbound Sales,752.36,Basic,56.64,335,1,1.9090909090909092,21,2025-10-01,11,-0.28571428571428575,11,3,0.2727272727272727,2.0,0.0,5.0
688,Manufacturing,Small,India,Partner,245.03,Basic,54.52,184,1,2.1666666666666665,13,2025-10-01,6,-0.37499999999999994,6,0,0.0,1.0,0.0,2.0
689,Healthcare,Small,India,Referral,155.15,Basic,56.7,123,1,7.0,28,2025-08-01,4,-0.37037037037037035,4,0,0.0,2.0,0.0,2.0
690,Legal,Small,United States,Paid Search,408.9,Basic,54.88,181,1,0.8333333333333334,5,2025-04-01,6,-0.33333333333333337,6,1,0.16666666666666666,1.0,0.0,4.0
691,Manufacturing,Small,Australia,Paid Search,376.78,Pro,195.7,365,1,22.166666666666668,266,2026-06-01,12,-0.5232558139534884,12,1,0.08333333333333333,2.0,0.0,2.5
692,Fintech,Small,India,Partner,300.14,Basic,44.8,-31,0,7.785714285714286,109,2027-02-01,14,-0.15384615384615383,14,0,0.0,1.0,0.0,3.0
693,Healthcare,Small,India,Organic,53.11,Pro,188.51,31,1,0.0,0,2024-10-01,1,,1,0,0.0,1.0,0.0,1.0
694,Logistics,Small,United States,Partner,232.99,Basic,63.35,576,0,2.111111111111111,38,2026-07-01,18,-0.16666666666666663,18,0,0.0,2.0,0.0,4.0
695,Fintech,Mid-Market,United States,Partner,356.56,Pro,237.85,364,0,21.818181818181817,240,2026-07-01,11,-0.05882352941176481,11,0,0.0,2.0,0.0,3.5
696,Healthcare,Small,United States,Organic,36.02,Basic,47.27,150,1,0.6,3,2026-06-01,5,-0.5,5,0,0.0,2.0,0.0,3.0
697,Real Estate,Small,India,Partner,247.3,Pro,235.62,303,0,6.777777777777778,61,2026-07-01,9,0.29411764705882343,9,1,0.1111111111111111,0.0,0.0,
698,Hospitality,Small,United Kingdom,Outbound Sales,628.94,Pro,182.76,183,0,6.6,33,2026-07-01,5,0.049999999999999954,5,0,0.0,1.0,1.0,
699,Real Estate,Small,United Kingdom,Paid Search,487.28,Enterprise,1099.12,426,0,45.69230769230769,594,2026-07-01,13,0.08333333333333327,13,0,0.0,3.0,0.0,4.333333333333333
700,Manufacturing,Mid-Market,Canada,Organic,56.67,Enterprise,1014.61,457,1,37.6,564,2026-05-01,15,-0.6102941176470588,15,2,0.13333333333333333,1.0,0.0,4.0
701,Real Estate,Small,India,Outbound Sales,655.13,Pro,243.06,364,0,15.454545454545455,170,2026-07-01,11,0.29268292682926844,11,1,0.09090909090909091,2.0,0.0,3.5
702,Real Estate,Mid-Market,United States,Paid Search,306.07,Basic,43.89,61,1,3.0,6,2025-06-01,2,,2,2,1.0,0.0,0.0,
703,Logistics,Enterprise,United States,Paid Search,326.77,Basic,43.04,211,0,7.666666666666667,46,2026-07-01,6,-0.16000000000000006,6,1,0.16666666666666666,1.0,0.0,3.0
704,Hospitality,Small,India,Organic,53.73,Pro,205.11,92,1,5.0,15,2025-07-01,3,,3,2,0.6666666666666666,1.0,0.0,5.0
705,Manufacturing,Mid-Market,United Kingdom,Partner,364.89,Pro,188.01,395,0,15.0,180,2026-07-01,12,0.023809523809523853,12,0,0.0,0.0,0.0,
706,Logistics,Small,United States,Organic,52.08,Pro,210.12,334,0,8.8,88,2026-07-01,10,0.25000000000000006,10,0,0.0,0.0,0.0,
707,Real Estate,Mid-Market,India,Paid Search,419.61,Pro,254.89,395,0,10.833333333333334,130,2026-07-01,12,-0.10526315789473675,12,0,0.0,2.0,0.0,3.5
708,Retail,Small,United States,Organic,57.42,Pro,181.02,-31,0,19.529411764705884,332,2026-10-01,17,0.06666666666666661,17,1,0.058823529411764705,0.0,0.0,
709,Logistics,Small,Germany,Organic,52.87,Pro,195.39,-31,0,3.466666666666667,52,2027-08-01,15,0.1428571428571427,15,0,0.0,2.0,1.0,5.0
710,Healthcare,Small,United States,Referral,171.38,Pro,198.32,-28,0,19.857142857142858,278,2027-04-01,14,-0.06557377049180323,14,1,0.07142857142857142,3.0,1.0,4.5
711,Real Estate,Mid-Market,United States,Paid Search,418.8,Basic,53.55,607,0,4.947368421052632,94,2026-07-01,19,1.4444444444444444,19,0,0.0,6.0,1.0,4.4
712,Real Estate,Mid-Market,Australia,Partner,353.64,Basic,62.73,395,0,6.0,72,2026-07-01,12,-0.23809523809523814,12,0,0.0,4.0,0.0,4.0
713,Manufacturing,Small,Australia,Paid Search,502.51,Pro,193.73,243,1,7.0,56,2026-03-01,8,-0.7741935483870968,8,2,0.25,0.0,0.0,
714,Legal,Enterprise,India,Organic,56.33,Pro,214.13,153,1,10.2,51,2025-11-01,5,-0.5238095238095238,5,1,0.2,1.0,0.0,5.0
715,Retail,Small,United States,Referral,132.7,Pro,238.45,59,1,5.0,10,2025-03-01,2,,2,0,0.0,0.0,0.0,
716,Healthcare,Enterprise,India,Organic,76.01,Basic,56.81,273,1,5.333333333333333,48,2025-10-01,9,-0.2666666666666667,9,0,0.0,1.0,0.0,3.0
717,Healthcare,Small,Canada,Organic,49.18,Basic,45.71,303,0,5.0,45,2026-07-01,9,0.5454545454545456,9,0,0.0,4.0,1.0,4.0
718,Retail,Small,United States,Referral,133.52,Basic,47.19,516,1,0.4117647058823529,7,2026-03-01,17,1.0,17,1,0.058823529411764705,3.0,1.0,4.0
719,Real Estate,Mid-Market,India,Organic,26.68,Pro,218.62,150,1,4.6,23,2025-06-01,5,-0.85,5,1,0.2,1.0,0.0,4.0
720,Legal,Small,India,Paid Search,565.72,Basic,62.9,303,0,3.4444444444444446,31,2026-07-01,9,0.11111111111111116,9,0,0.0,3.0,0.0,3.6666666666666665
721,Manufacturing,Small,United States,Organic,49.15,Pro,248.03,61,1,3.5,7,2025-11-01,2,,2,0,0.0,1.0,0.0,2.0
722,Logistics,Mid-Market,United States,Paid Search,354.22,Basic,54.88,303,0,7.222222222222222,65,2026-07-01,9,0.7222222222222223,9,0,0.0,2.0,0.0,4.0
723,Media,Small,United States,Paid Search,496.21,Basic,50.08,303,0,2.7777777777777777,25,2026-07-01,9,0.5999999999999999,9,0,0.0,1.0,0.0,4.0
724,Hospitality,Small,United Kingdom,Paid Search,428.98,Enterprise,1040.49,211,0,13.833333333333334,83,2026-07-01,6,0.4411764705882351,6,0,0.0,2.0,0.0,5.0
725,Manufacturing,Mid-Market,India,Organic,52.01,Basic,50.81,214,1,2.7142857142857144,19,2025-11-01,7,-0.6363636363636364,7,1,0.14285714285714285,0.0,0.0,
726,Manufacturing,Small,United States,Paid Search,456.0,Basic,52.59,30,1,0.0,0,2025-09-01,1,,1,0,0.0,0.0,0.0,
727,Legal,Mid-Market,Australia,Referral,113.51,Pro,172.48,426,0,12.23076923076923,159,2026-07-01,13,-0.14634146341463417,13,1,0.07692307692307693,1.0,0.0,3.0
728,Logistics,Mid-Market,Germany,Partner,252.73,Basic,61.27,517,0,8.25,132,2026-07-01,16,-0.33333333333333337,16,0,0.0,3.0,0.0,3.6666666666666665
729,Hospitality,Mid-Market,United States,Organic,36.63,Enterprise,991.5,517,0,27.6875,443,2026-07-01,16,-0.12222222222222226,16,0,0.0,2.0,1.0,4.0
730,Manufacturing,Small,United States,Paid Search,248.97,Pro,191.19,365,1,12.583333333333334,151,2026-07-01,12,-0.4888888888888889,12,0,0.0,2.0,1.0,2.0
731,Hospitality,Enterprise,Germany,Organic,35.0,Pro,243.47,516,1,4.0588235294117645,69,2026-05-01,17,-0.43749999999999994,17,0,0.0,5.0,1.0,3.75
732,Manufacturing,Mid-Market,United States,Paid Search,417.12,Basic,49.91,365,1,1.5833333333333333,19,2026-05-01,12,1.0,12,1,0.08333333333333333,1.0,0.0,3.0
733,Media,Small,United States,Partner,402.78,Pro,186.24,92,1,9.666666666666666,29,2026-05-01,3,,3,2,0.6666666666666666,0.0,0.0,
734,Hospitality,Small,India,Referral,162.88,Basic,61.97,303,1,7.6,76,2026-06-01,10,-0.3478260869565218,10,4,0.4,2.0,0.0,4.5
735,Logistics,Mid-Market,Germany,Organic,51.9,Pro,175.49,212,1,7.571428571428571,53,2026-03-01,7,-0.3846153846153846,7,0,0.0,3.0,0.0,2.6666666666666665
736,Manufacturing,Small,United States,Outbound Sales,1182.33,Basic,60.13,61,1,0.0,0,2025-06-01,2,,2,0,0.0,1.0,0.0,1.0
737,Legal,Small,India,Paid Search,525.71,Enterprise,846.24,303,0,30.77777777777778,277,2026-07-01,9,-0.010638297872340389,9,1,0.1111111111111111,2.0,0.0,4.5
738,Media,Enterprise,United States,Organic,27.94,Pro,225.14,92,1,3.3333333333333335,10,2025-01-01,3,,3,0,0.0,2.0,0.0,2.0
739,Retail,Mid-Market,United States,Referral,159.24,Basic,49.47,-31,0,8.8,44,2026-12-01,5,-0.10714285714285714,5,1,0.2,0.0,0.0,
740,Logistics,Small,India,Partner,211.59,Pro,233.49,211,0,14.333333333333334,86,2026-07-01,6,-0.24489795918367338,6,0,0.0,1.0,0.0,3.0
741,Edtech,Small,United States,Referral,158.47,Pro,241.28,122,0,14.0,42,2026-07-01,3,,3,0,0.0,0.0,0.0,
742,Real Estate,Small,United States,Referral,152.63,Enterprise,830.89,211,0,45.833333333333336,275,2026-07-01,6,0.037037037037036986,6,0,0.0,1.0,0.0,5.0
743,Edtech,Small,India,Paid Search,413.12,Basic,62.39,31,1,1.0,1,2025-03-01,1,,1,0,0.0,1.0,0.0,5.0
744,Fintech,Small,Australia,Organic,45.77,Pro,214.33,92,1,3.0,9,2025-12-01,3,,3,0,0.0,3.0,0.0,2.6666666666666665
745,Logistics,Small,United States,Referral,86.02,Pro,208.63,455,1,13.8,207,2026-02-01,15,-0.574468085106383,15,1,0.06666666666666667,4.0,0.0,3.75
746,Legal,Small,Germany,Outbound Sales,977.48,Basic,42.55,92,1,0.6666666666666666,2,2024-12-01,3,,3,2,0.6666666666666666,0.0,0.0,
747,Manufacturing,Small,Germany,Outbound Sales,766.37,Pro,203.66,59,1,4.5,9,2025-03-01,2,,2,2,1.0,0.0,0.0,
748,Hospitality,Mid-Market,United States,Organic,48.67,Pro,180.78,426,0,10.615384615384615,138,2026-07-01,13,-0.12499999999999989,13,2,0.15384615384615385,1.0,0.0,4.0
749,Fintech,Small,Germany,Paid Search,460.89,Basic,49.16,182,1,2.0,12,2025-03-01,6,-0.6666666666666666,6,0,0.0,2.0,0.0,2.0
750,Fintech,Mid-Market,India,Organic,43.7,Basic,53.47,91,1,3.6666666666666665,11,2026-06-01,3,,3,0,0.0,1.0,0.0,1.0
751,Real Estate,Small,Australia,Paid Search,379.1,Basic,63.1,457,1,8.133333333333333,122,2026-05-01,15,-0.5714285714285714,15,0,0.0,6.0,0.0,2.6666666666666665
752,Media,Small,Germany,Organic,50.87,Basic,47.89,303,0,7.111111111111111,64,2026-07-01,9,0.5,9,0,0.0,4.0,0.0,3.75
753,Edtech,Enterprise,Australia,Organic,25.18,Pro,258.56,303,0,8.11111111111111,73,2026-07-01,9,0.5789473684210527,9,1,0.1111111111111111,1.0,0.0,4.0
754,Hospitality,Small,United States,Partner,254.25,Basic,44.1,396,1,6.6923076923076925,87,2025-12-01,13,-0.5,13,1,0.07692307692307693,3.0,0.0,3.3333333333333335
755,Real Estate,Small,India,Paid Search,525.73,Basic,47.57,273,1,5.444444444444445,49,2026-02-01,9,-0.3333333333333333,9,3,0.3333333333333333,2.0,0.0,3.5
756,Legal,Small,Germany,Partner,122.23,Basic,55.17,335,1,4.909090909090909,54,2026-05-01,11,-0.5,11,0,0.0,2.0,0.0,3.0
757,Logistics,Small,United States,Paid Search,641.04,Basic,48.77,90,1,5.0,15,2025-03-01,3,,3,0,0.0,1.0,0.0,3.0
758,Edtech,Small,United States,Referral,94.05,Basic,61.95,151,1,2.2,11,2025-03-01,5,-0.1818181818181818,5,0,0.0,3.0,1.0,2.0
759,Hospitality,Small,United States,Partner,276.56,Basic,45.28,395,0,4.5,54,2026-07-01,12,-0.06666666666666661,12,0,0.0,2.0,0.0,5.0
760,Real Estate,Mid-Market,United States,Referral,138.3,Basic,60.36,214,1,3.857142857142857,27,2025-11-01,7,-0.631578947368421,7,0,0.0,3.0,1.0,2.0
761,Media,Small,Germany,Paid Search,504.2,Basic,56.51,395,0,3.9166666666666665,47,2026-07-01,12,-0.25,12,0,0.0,1.0,0.0,3.0
762,Fintech,Enterprise,United States,Organic,41.3,Enterprise,873.69,273,1,19.555555555555557,176,2026-04-01,9,-0.5072463768115941,9,0,0.0,0.0,0.0,
763,Hospitality,Mid-Market,Canada,Outbound Sales,1036.18,Pro,187.55,396,1,6.153846153846154,80,2026-01-01,13,-0.4642857142857143,13,0,0.0,5.0,0.0,4.0
764,Logistics,Mid-Market,United States,Paid Search,575.49,Pro,254.57,273,0,16.125,129,2026-07-01,8,-0.2222222222222222,8,0,0.0,1.0,0.0,4.0
765,Real Estate,Small,India,Paid Search,578.77,Basic,59.95,245,1,0.625,5,2025-12-01,8,3.0,8,0,0.0,5.0,1.0,3.5
766,Legal,Mid-Market,United Kingdom,Partner,315.73,Pro,195.2,211,0,7.5,45,2026-07-01,6,-0.5,6,0,0.0,3.0,0.0,4.0
767,Legal,Small,United States,Partner,349.76,Pro,196.2,334,0,22.8,228,2026-07-01,10,0.09090909090909091,10,1,0.1,2.0,0.0,4.0
768,Logistics,Enterprise,United States,Organic,40.95,Pro,209.38,182,1,6.333333333333333,38,2026-05-01,6,-0.5384615384615384,6,1,0.16666666666666666,1.0,0.0,3.0
769,Fintech,Mid-Market,Germany,Paid Search,551.43,Basic,48.2,304,1,6.0,60,2026-05-01,10,-0.7058823529411764,10,0,0.0,1.0,0.0,2.0
770,Real Estate,Small,India,Paid Search,639.95,Pro,172.17,395,0,22.333333333333332,268,2026-07-01,12,-0.05714285714285709,12,1,0.08333333333333333,1.0,0.0,4.0
771,Media,Mid-Market,United States,Referral,138.56,Basic,58.38,92,1,1.6666666666666667,5,2025-12-01,3,,3,1,0.3333333333333333,1.0,0.0,4.0
772,Edtech,Mid-Market,United States,Organic,33.55,Basic,52.29,89,1,0.0,0,2025-04-01,3,,3,0,0.0,1.0,0.0,1.0
773,Manufacturing,Enterprise,United States,Referral,111.41,Basic,60.9,303,0,7.666666666666667,69,2026-07-01,9,-0.1153846153846153,9,0,0.0,0.0,0.0,
774,Media,Small,India,Organic,23.56,Enterprise,1159.87,517,0,15.9375,255,2026-07-01,16,-0.19999999999999998,16,0,0.0,4.0,1.0,4.333333333333333
775,Media,Small,United States,Referral,163.3,Basic,58.71,396,1,5.3076923076923075,69,2026-03-01,13,-0.6,13,1,0.07692307692307693,4.0,1.0,5.0
776,Manufacturing,Small,United Kingdom,Outbound Sales,403.56,Basic,42.58,306,1,1.9,19,2025-12-01,10,-0.6666666666666667,10,0,0.0,2.0,0.0,3.5
777,Media,Small,India,Referral,96.81,Basic,54.91,273,0,2.5,20,2026-07-01,8,-0.5,8,0,0.0,2.0,1.0,3.0
778,Manufacturing,Small,United States,Outbound Sales,900.11,Enterprise,801.38,426,0,32.23076923076923,419,2026-07-01,13,-0.010204081632652916,13,2,0.15384615384615385,4.0,1.0,4.333333333333333
779,Retail,Enterprise,United Kingdom,Organic,73.77,Basic,43.56,183,1,4.5,27,2026-11-01,6,-0.2,6,0,0.0,2.0,0.0,1.0
780,Healthcare,Enterprise,United Kingdom,Referral,127.34,Basic,56.12,273,1,5.444444444444445,49,2026-06-01,9,-0.3888888888888889,9,2,0.2222222222222222,3.0,0.0,3.6666666666666665
781,Fintech,Mid-Market,United States,Organic,58.16,Pro,232.42,548,0,20.647058823529413,351,2026-07-01,17,0.23076923076923078,17,0,0.0,6.0,1.0,4.6
782,Retail,Small,United States,Referral,85.87,Basic,56.33,426,0,5.3076923076923075,69,2026-07-01,13,0.5384615384615387,13,1,0.07692307692307693,2.0,1.0,4.0
783,Real Estate,Small,India,Paid Search,364.48,Pro,196.29,212,1,9.428571428571429,66,2026-02-01,7,-0.638888888888889,7,0,0.0,1.0,0.0,5.0
784,Real Estate,Small,Germany,Organic,53.59,Enterprise,1144.36,364,0,34.36363636363637,378,2026-07-01,11,0.13684210526315785,11,0,0.0,1.0,0.0,5.0
785,Hospitality,Mid-Market,United States,Organic,50.31,Basic,57.28,153,1,2.8,14,2026-01-01,5,-0.09090909090909083,5,1,0.2,0.0,0.0,
786,Healthcare,Small,India,Paid Search,416.2,Basic,62.5,183,0,3.6,18,2026-07-01,5,0.0,5,0,0.0,0.0,0.0,
787,Logistics,Small,United States,Referral,78.33,Enterprise,1140.77,456,0,21.0,294,2026-07-01,14,0.031250000000000056,14,1,0.07142857142857142,0.0,0.0,
788,Fintech,Enterprise,United States,Organic,42.56,Pro,171.25,548,0,2.0588235294117645,35,2026-07-01,17,0.16666666666666674,17,0,0.0,2.0,0.0,4.5
789,Healthcare,Small,India,Partner,257.85,Pro,173.16,487,0,11.333333333333334,170,2026-07-01,15,0.3461538461538462,15,0,0.0,1.0,0.0,5.0
790,Edtech,Small,United Kingdom,Referral,150.44,Pro,254.64,153,1,7.4,37,2025-08-01,5,-0.4333333333333333,5,0,0.0,3.0,0.0,2.6666666666666665
791,Healthcare,Mid-Market,India,Organic,71.65,Basic,42.5,396,1,2.3846153846153846,31,2026-08-01,13,-0.45454545454545453,13,1,0.07692307692307693,2.0,1.0,2.0
792,Edtech,Mid-Market,Australia,Paid Search,529.07,Basic,45.33,-30,0,3.909090909090909,43,2027-05-01,11,-0.16666666666666663,11,0,0.0,2.0,0.0,3.5
793,Hospitality,Mid-Market,United States,Organic,44.26,Pro,222.38,184,1,11.666666666666666,70,2025-12-01,6,-0.6,6,0,0.0,3.0,1.0,2.0
794,Healthcare,Enterprise,United States,Organic,28.27,Pro,198.06,303,0,10.777777777777779,97,2026-07-01,9,-0.06666666666666661,9,1,0.1111111111111111,2.0,0.0,3.0
795,Real Estate,Small,India,Referral,94.4,Basic,48.3,273,1,1.4444444444444444,13,2025-09-01,9,-0.5,9,0,0.0,5.0,0.0,3.4
796,Legal,Small,India,Paid Search,459.59,Basic,44.3,607,0,1.2105263157894737,23,2026-07-01,19,-1.0,19,0,0.0,9.0,1.0,3.625
797,Fintech,Small,Germany,Organic,74.64,Pro,192.09,184,1,2.8333333333333335,17,2026-01-01,6,-0.45454545454545453,6,0,0.0,1.0,0.0,3.0
798,Media,Mid-Market,India,Partner,298.54,Pro,255.75,-31,0,11.823529411764707,201,2027-08-01,17,-0.3076923076923077,17,1,0.058823529411764705,2.0,0.0,5.0
799,Hospitality,Small,United Kingdom,Paid Search,391.59,Pro,194.47,426,0,18.23076923076923,237,2026-07-01,13,0.23076923076923078,13,1,0.07692307692307693,2.0,0.0,4.5
800,Edtech,Enterprise,India,Paid Search,693.45,Basic,47.5,273,1,5.333333333333333,48,2026-05-01,9,-0.47368421052631576,9,1,0.1111111111111111,1.0,0.0,5.0
801,Fintech,Small,United States,Organic,59.58,Basic,43.57,31,1,5.0,5,2025-01-01,1,,1,0,0.0,0.0,0.0,
802,Legal,Small,United States,Partner,375.78,Basic,62.78,184,1,3.8333333333333335,23,2026-01-01,6,-0.6470588235294118,6,0,0.0,2.0,0.0,1.0
803,Healthcare,Enterprise,Australia,Organic,52.73,Basic,52.45,123,1,3.0,12,2025-08-01,4,0.12500000000000006,4,0,0.0,0.0,0.0,
804,Media,Small,United States,Paid Search,339.88,Pro,229.03,517,0,11.8125,189,2026-07-01,16,0.1612903225806451,16,0,0.0,5.0,0.0,3.4
805,Retail,Small,United Kingdom,Outbound Sales,435.38,Pro,257.33,607,0,2.473684210526316,47,2026-07-01,19,-0.5,19,0,0.0,5.0,2.0,3.3333333333333335
806,Manufacturing,Small,Australia,Paid Search,372.83,Basic,57.13,334,1,0.9090909090909091,10,2025-11-01,11,1.0,11,1,0.09090909090909091,4.0,0.0,3.75
807,Retail,Enterprise,India,Referral,125.18,Basic,53.17,395,0,3.9166666666666665,47,2026-07-01,12,-0.33333333333333337,12,0,0.0,1.0,0.0,4.0
808,Healthcare,Mid-Market,India,Referral,135.33,Pro,232.7,607,0,6.894736842105263,131,2026-07-01,19,-0.28,19,1,0.05263157894736842,2.0,0.0,4.0
809,Edtech,Mid-Market,United States,Organic,36.03,Pro,251.18,517,0,12.875,206,2026-07-01,16,-0.36585365853658536,16,1,0.0625,2.0,0.0,4.0
810,Hospitality,Mid-Market,United States,Referral,109.24,Enterprise,1151.86,-30,0,23.61111111111111,425,2026-12-01,18,0.20967741935483863,18,0,0.0,1.0,0.0,3.0
811,Fintech,Small,India,Paid Search,470.8,Pro,181.12,273,0,6.5,52,2026-07-01,8,-0.15,8,0,0.0,2.0,1.0,4.0
812,Manufacturing,Small,Australia,Paid Search,606.46,Pro,194.72,122,1,0.5,2,2025-09-01,4,0.0,4,0,0.0,0.0,0.0,
813,Fintech,Enterprise,United States,Paid Search,364.91,Pro,245.46,396,1,3.1538461538461537,41,2026-01-01,13,0.19999999999999996,13,0,0.0,1.0,0.0,5.0
814,Real Estate,Small,India,Partner,312.94,Pro,198.88,364,0,7.0,77,2026-07-01,11,-0.12000000000000009,11,0,0.0,3.0,1.0,5.0
815,Fintech,Enterprise,India,Partner,247.0,Basic,59.86,365,1,6.416666666666667,77,2026-04-01,12,-0.29411764705882354,12,1,0.08333333333333333,1.0,0.0,5.0
816,Real Estate,Small,Australia,Outbound Sales,1102.2,Pro,207.72,181,1,1.6666666666666667,10,2025-06-01,6,3.0,6,0,0.0,5.0,0.0,3.8
817,Logistics,Enterprise,United States,Paid Search,746.27,Basic,49.93,91,1,3.6666666666666665,11,2025-11-01,3,,3,0,0.0,2.0,0.0,1.5
818,Retail,Enterprise,India,Partner,339.88,Enterprise,1115.54,395,0,26.833333333333332,322,2026-07-01,12,0.1866666666666667,12,0,0.0,1.0,0.0,4.0
819,Retail,Small,Canada,Organic,42.63,Basic,42.96,214,1,1.7142857142857142,12,2025-09-01,7,-0.6666666666666667,7,0,0.0,2.0,1.0,5.0
820,Logistics,Small,India,Paid Search,544.98,Basic,44.95,92,1,3.6666666666666665,11,2025-07-01,3,,3,1,0.3333333333333333,0.0,0.0,
821,Legal,Small,Australia,Paid Search,416.99,Basic,50.41,426,0,6.230769230769231,81,2026-07-01,13,0.5333333333333334,13,0,0.0,4.0,0.0,4.25
822,Logistics,Small,Germany,Referral,76.52,Pro,180.2,273,1,10.88888888888889,98,2026-07-01,9,-0.3142857142857142,9,2,0.2222222222222222,2.0,0.0,3.0
823,Edtech,Mid-Market,India,Partner,393.09,Pro,234.19,334,0,20.8,208,2026-07-01,10,-0.18840579710144922,10,0,0.0,2.0,1.0,4.0
824,Manufacturing,Mid-Market,Canada,Paid Search,514.54,Pro,253.42,-31,0,16.733333333333334,251,2028-04-01,15,0.0,15,1,0.06666666666666667,4.0,0.0,4.0
825,Manufacturing,Small,India,Referral,162.01,Basic,47.7,89,1,3.3333333333333335,10,2025-04-01,3,,3,0,0.0,0.0,0.0,
826,Healthcare,Small,United Kingdom,Organic,56.93,Pro,226.53,576,0,2.7222222222222223,49,2026-07-01,18,0.8571428571428569,18,0,0.0,1.0,0.0,5.0
827,Media,Small,United States,Organic,43.27,Pro,206.6,607,0,13.894736842105264,264,2026-07-01,19,0.12820512820512817,19,1,0.05263157894736842,3.0,0.0,3.6666666666666665
828,Real Estate,Mid-Market,India,Paid Search,434.72,Enterprise,920.86,456,0,33.357142857142854,467,2026-07-01,14,0.063157894736842,14,0,0.0,4.0,0.0,4.0
830,Real Estate,Small,India,Outbound Sales,734.72,Basic,57.79,121,1,0.75,3,2026-03-01,4,-0.6666666666666667,4,2,0.5,1.0,0.0,5.0
831,Manufacturing,Small,United States,Organic,76.3,Basic,47.74,638,0,3.95,79,2026-07-01,20,0.8333333333333333,20,1,0.05,3.0,2.0,4.0
832,Healthcare,Small,Germany,Organic,57.45,Pro,244.28,211,0,11.666666666666666,70,2026-07-01,6,0.2580645161290322,6,0,0.0,2.0,0.0,4.0
833,Healthcare,Small,United States,Organic,29.53,Enterprise,1123.9,576,0,10.61111111111111,191,2026-07-01,18,0.1785714285714285,18,2,0.1111111111111111,4.0,1.0,4.0
834,Hospitality,Small,United Kingdom,Outbound Sales,926.91,Enterprise,1100.26,122,0,48.0,144,2026-07-01,3,,3,0,0.0,2.0,0.0,4.0
835,Legal,Small,India,Organic,36.08,Basic,59.9,30,1,2.0,2,2025-04-01,1,,1,0,0.0,0.0,0.0,
836,Manufacturing,Small,United States,Paid Search,649.14,Basic,59.15,92,1,5.0,15,2025-07-01,3,,3,0,0.0,1.0,1.0,
837,Healthcare,Small,Canada,Referral,92.52,Basic,63.51,638,0,4.5,90,2026-07-01,20,-0.5882352941176471,20,1,0.05,4.0,2.0,4.5
838,Logistics,Mid-Market,United States,Organic,64.18,Enterprise,1102.52,28,1,7.0,7,2025-02-01,1,,1,0,0.0,0.0,0.0,
839,Real Estate,Mid-Market,India,Paid Search,349.03,Pro,257.53,395,0,10.166666666666666,122,2026-07-01,12,0.06896551724137943,12,0,0.0,0.0,0.0,
840,Fintech,Mid-Market,United States,Partner,201.59,Basic,56.4,122,0,5.666666666666667,17,2026-07-01,3,,3,0,0.0,1.0,1.0,
841,Manufacturing,Mid-Market,United States,Paid Search,382.79,Basic,46.55,546,1,5.333333333333333,96,2026-07-01,18,-0.6956521739130436,18,2,0.1111111111111111,6.0,0.0,3.8333333333333335
842,Retail,Mid-Market,India,Partner,380.84,Pro,209.44,487,0,1.7333333333333334,26,2026-07-01,15,-0.12499999999999989,15,0,0.0,3.0,1.0,4.5
843,Hospitality,Small,United States,Referral,112.49,Pro,219.16,62,1,3.5,7,2026-01-01,2,,2,0,0.0,0.0,0.0,
844,Logistics,Small,India,Outbound Sales,659.26,Basic,58.59,122,1,3.25,13,2025-07-01,4,-0.46153846153846145,4,0,0.0,0.0,0.0,
845,Healthcare,Small,United States,Organic,67.1,Pro,187.63,395,0,8.416666666666666,101,2026-07-01,12,0.15789473684210528,12,0,0.0,1.0,0.0,4.0
846,Manufacturing,Mid-Market,United States,Referral,84.94,Basic,52.22,487,0,1.4666666666666666,22,2026-07-01,15,-1.0,15,2,0.13333333333333333,3.0,0.0,3.3333333333333335
847,Retail,Mid-Market,India,Referral,78.09,Pro,244.21,607,0,10.473684210526315,199,2026-07-01,19,0.03225806451612891,19,0,0.0,5.0,0.0,3.8
848,Hospitality,Mid-Market,United States,Partner,325.4,Basic,61.89,699,0,5.909090909090909,130,2026-07-01,22,-0.3529411764705883,22,1,0.045454545454545456,3.0,0.0,4.0
849,Real Estate,Mid-Market,United Kingdom,Referral,139.71,Basic,57.34,548,0,7.764705882352941,132,2026-07-01,17,0.14285714285714285,17,1,0.058823529411764705,1.0,0.0,3.0
850,Fintech,Small,United States,Organic,60.35,Basic,42.9,487,0,1.1333333333333333,17,2026-07-01,15,-0.42857142857142866,15,1,0.06666666666666667,4.0,1.0,4.333333333333333
851,Edtech,Small,India,Organic,49.98,Pro,217.89,426,0,19.76923076923077,257,2026-07-01,13,-0.03636363636363624,13,0,0.0,2.0,2.0,
852,Manufacturing,Enterprise,United States,Referral,113.16,Basic,57.36,153,1,2.4,12,2026-01-01,5,-0.5,5,0,0.0,2.0,0.0,1.0
853,Hospitality,Small,India,Organic,60.66,Basic,43.72,424,1,7.285714285714286,102,2026-03-01,14,-0.5714285714285714,14,2,0.14285714285714285,3.0,0.0,2.3333333333333335
854,Hospitality,Small,Australia,Organic,76.51,Basic,42.28,273,1,4.333333333333333,39,2026-02-01,9,-0.9130434782608695,9,1,0.1111111111111111,4.0,0.0,2.5
855,Real Estate,Small,India,Partner,393.98,Pro,227.9,273,0,6.5,52,2026-07-01,8,0.29411764705882343,8,0,0.0,1.0,0.0,4.0
856,Manufacturing,Small,Australia,Referral,131.75,Basic,44.28,364,0,4.818181818181818,53,2026-07-01,11,-0.07692307692307686,11,0,0.0,0.0,0.0,
857,Healthcare,Mid-Market,United States,Organic,56.53,Pro,257.98,548,0,4.117647058823529,70,2026-07-01,17,-0.5294117647058824,17,2,0.11764705882352941,1.0,0.0,3.0
858,Legal,Small,India,Organic,27.06,Pro,240.5,123,1,10.75,43,2025-08-01,4,-0.4390243902439024,4,0,0.0,2.0,1.0,2.0
859,Media,Mid-Market,India,Organic,41.01,Basic,51.86,576,0,4.777777777777778,86,2026-07-01,18,1.2500000000000002,18,0,0.0,2.0,0.0,4.0
860,Logistics,Mid-Market,India,Referral,73.11,Pro,183.11,304,1,17.5,175,2026-07-01,10,-0.4915254237288136,10,1,0.1,1.0,0.0,4.0
861,Healthcare,Mid-Market,United States,Organic,48.66,Pro,204.24,211,0,22.0,132,2026-07-01,6,-0.16666666666666666,6,0,0.0,0.0,0.0,
862,Fintech,Enterprise,United Kingdom,Outbound Sales,1124.87,Pro,212.93,304,1,15.8,158,2026-05-01,10,-0.2857142857142857,10,1,0.1,3.0,1.0,2.5
863,Legal,Small,United States,Partner,279.25,Pro,223.89,364,0,15.727272727272727,173,2026-07-01,11,0.0930232558139534,11,0,0.0,0.0,0.0,
864,Legal,Mid-Market,Germany,Paid Search,500.73,Basic,54.77,455,1,5.533333333333333,83,2026-03-01,15,-0.7777777777777778,15,1,0.06666666666666667,2.0,0.0,2.0
865,Logistics,Small,United Kingdom,Partner,239.49,Enterprise,1040.57,426,1,35.642857142857146,499,2026-04-01,14,-0.6434108527131782,14,0,0.0,5.0,0.0,2.6
866,Real Estate,Small,India,Outbound Sales,519.15,Pro,212.06,61,1,4.5,9,2026-05-01,2,,2,0,0.0,1.0,0.0,2.0
867,Hospitality,Small,United Kingdom,Referral,117.14,Basic,51.28,151,1,0.8,4,2026-02-01,5,-1.0,5,0,0.0,2.0,0.0,1.0
868,Real Estate,Small,United Kingdom,Referral,132.51,Pro,208.99,395,0,9.333333333333334,112,2026-07-01,12,0.2592592592592593,12,0,0.0,1.0,0.0,5.0
869,Healthcare,Small,United States,Paid Search,595.15,Enterprise,949.33,456,0,9.714285714285714,136,2026-07-01,14,-0.3888888888888889,14,0,0.0,2.0,0.0,3.0
870,Healthcare,Mid-Market,United States,Organic,59.55,Basic,45.79,395,1,1.8461538461538463,24,2026-04-01,13,0.6666666666666667,13,1,0.07692307692307693,3.0,1.0,3.5
871,Fintech,Small,United States,Partner,186.89,Pro,229.44,242,0,12.571428571428571,88,2026-07-01,7,-0.31111111111111106,7,0,0.0,0.0,0.0,
872,Healthcare,Small,United States,Organic,35.54,Pro,234.96,487,0,16.733333333333334,251,2026-07-01,15,-0.23529411764705882,15,1,0.06666666666666667,3.0,0.0,3.3333333333333335
873,Manufacturing,Mid-Market,Australia,Paid Search,386.44,Pro,199.9,303,0,11.0,99,2026-07-01,9,-0.28947368421052627,9,1,0.1111111111111111,0.0,0.0,
874,Healthcare,Small,United Kingdom,Paid Search,497.61,Pro,218.24,211,0,14.0,84,2026-07-01,6,-0.13333333333333333,6,1,0.16666666666666666,1.0,1.0,
875,Logistics,Mid-Market,India,Organic,62.37,Basic,42.88,31,1,0.0,0,2025-08-01,1,,1,1,1.0,0.0,0.0,
876,Fintech,Mid-Market,Canada,Paid Search,380.79,Pro,238.86,607,0,16.42105263157895,312,2026-07-01,19,0.019230769230769367,19,2,0.10526315789473684,3.0,0.0,4.666666666666667
877,Legal,Small,Germany,Outbound Sales,1083.8,Pro,226.94,364,0,20.90909090909091,230,2026-07-01,11,-0.062499999999999944,11,0,0.0,2.0,0.0,4.0
878,Healthcare,Small,United Kingdom,Referral,107.21,Pro,225.05,364,0,24.09090909090909,265,2026-07-01,11,-0.01408450704225362,11,1,0.09090909090909091,1.0,0.0,5.0
879,Fintech,Mid-Market,United States,Organic,47.45,Enterprise,945.6,273,0,28.5,228,2026-07-01,8,0.023809523809523853,8,0,0.0,1.0,0.0,5.0
880,Real Estate,Small,United States,Partner,435.49,Pro,200.68,517,0,2.1875,35,2026-07-01,16,0.0,16,1,0.0625,2.0,0.0,3.5
881,Manufacturing,Mid-Market,United Kingdom,Paid Search,353.23,Basic,45.85,576,0,2.0,36,2026-07-01,18,0.8571428571428569,18,1,0.05555555555555555,2.0,0.0,3.5
882,Hospitality,Mid-Market,United Kingdom,Organic,78.68,Basic,55.66,30,1,0.0,0,2025-11-01,1,,1,0,0.0,1.0,0.0,2.0
883,Real Estate,Small,United Kingdom,Paid Search,490.66,Enterprise,1160.6,395,0,29.75,357,2026-07-01,12,0.0963855421686746,12,0,0.0,2.0,0.0,4.0
884,Hospitality,Enterprise,Australia,Organic,57.6,Basic,47.77,91,1,4.333333333333333,13,2025-06-01,3,,3,0,0.0,2.0,0.0,1.0
885,Healthcare,Small,India,Organic,62.46,Basic,46.82,395,0,1.25,15,2026-07-01,12,-0.5,12,0,0.0,2.0,2.0,
886,Media,Enterprise,United States,Paid Search,367.91,Basic,52.16,607,0,4.421052631578948,84,2026-07-01,19,-0.65,19,0,0.0,1.0,0.0,3.0
887,Legal,Enterprise,United States,Paid Search,143.74,Pro,181.79,517,0,2.9375,47,2026-07-01,16,1.0,16,1,0.0625,5.0,0.0,4.2
888,Media,Enterprise,India,Organic,61.78,Enterprise,932.17,456,0,11.357142857142858,159,2026-07-01,14,0.08333333333333333,14,0,0.0,2.0,1.0,4.0
889,Fintech,Small,United States,Referral,73.4,Basic,48.18,184,1,7.833333333333333,47,2025-08-01,6,-0.48387096774193555,6,0,0.0,2.0,0.0,2.5
890,Healthcare,Mid-Market,United States,Partner,430.94,Pro,239.78,334,0,6.1,61,2026-07-01,10,0.41176470588235287,10,0,0.0,3.0,1.0,4.0
891,Real Estate,Small,India,Organic,51.05,Pro,232.46,245,1,9.75,78,2025-12-01,8,-0.6829268292682926,8,2,0.25,0.0,0.0,
892,Fintech,Enterprise,Canada,Paid Search,635.76,Pro,234.26,304,1,7.6,76,2026-04-01,10,-0.7714285714285715,10,0,0.0,3.0,0.0,2.6666666666666665
893,Fintech,Small,United States,Organic,32.39,Pro,235.16,517,0,18.9375,303,2026-07-01,16,0.12068965517241392,16,0,0.0,3.0,1.0,3.5
894,Legal,Small,Germany,Referral,107.74,Pro,256.33,242,0,22.428571428571427,157,2026-07-01,7,-0.125,7,1,0.14285714285714285,1.0,0.0,3.0
895,Healthcare,Small,United States,Referral,116.4,Basic,43.79,607,0,6.0,114,2026-07-01,19,0.1363636363636365,19,1,0.05263157894736842,4.0,1.0,3.6666666666666665
896,Logistics,Mid-Market,United States,Paid Search,533.3,Basic,54.12,456,0,7.714285714285714,108,2026-07-01,14,0.588235294117647,14,0,0.0,3.0,1.0,4.0
897,Fintech,Mid-Market,United States,Organic,48.67,Basic,60.58,242,1,3.25,26,2026-04-01,8,-0.7058823529411764,8,2,0.25,2.0,0.0,3.5
898,Edtech,Small,India,Referral,106.39,Basic,62.46,61,1,5.0,10,2025-05-01,2,,2,0,0.0,1.0,0.0,4.0
899,Legal,Enterprise,Germany,Organic,47.34,Pro,230.4,121,1,5.75,23,2026-03-01,4,-0.25000000000000006,4,0,0.0,1.0,1.0,
900,Healthcare,Small,Canada,Partner,412.82,Pro,219.88,487,0,19.2,288,2026-07-01,15,0.23076923076923078,15,0,0.0,2.0,0.0,3.0
901,Edtech,Small,Canada,Partner,321.63,Enterprise,1073.11,153,1,15.8,79,2025-10-01,5,-0.5757575757575757,5,0,0.0,1.0,0.0,2.0
902,Fintech,Mid-Market,India,Organic,42.97,Pro,196.65,304,1,5.5,55,2025-07-01,10,-0.611111111111111,10,0,0.0,2.0,0.0,1.0
903,Hospitality,Small,Germany,Organic,36.7,Pro,177.57,365,1,6.333333333333333,76,2026-12-01,12,-0.3636363636363636,12,1,0.08333333333333333,2.0,1.0,5.0
904,Legal,Small,United States,Referral,96.3,Pro,254.05,638,0,11.05,221,2026-07-01,20,-0.11764705882352945,20,0,0.0,9.0,1.0,3.875
905,Hospitality,Small,United States,Partner,298.81,Pro,171.51,487,0,16.866666666666667,253,2026-07-01,15,0.23913043478260865,15,1,0.06666666666666667,0.0,0.0,
906,Fintech,Small,Canada,Organic,61.45,Pro,214.13,607,0,19.157894736842106,364,2026-07-01,19,0.016666666666666607,19,1,0.05263157894736842,4.0,0.0,3.75
907,Hospitality,Mid-Market,United States,Organic,45.19,Basic,47.38,426,1,4.428571428571429,62,2026-04-01,14,-0.625,14,1,0.07142857142857142,3.0,0.0,2.6666666666666665
908,Retail,Small,United States,Outbound Sales,964.94,Basic,63.7,120,1,5.25,21,2025-04-01,4,-0.1333333333333334,4,0,0.0,1.0,1.0,
909,Retail,Mid-Market,India,Organic,47.46,Basic,53.62,303,0,3.0,27,2026-07-01,9,0.0,9,2,0.2222222222222222,4.0,1.0,4.0
910,Edtech,Enterprise,India,Partner,316.53,Pro,212.23,699,0,19.954545454545453,439,2026-07-01,22,0.1886792452830188,22,1,0.045454545454545456,6.0,0.0,3.6666666666666665
911,Hospitality,Small,Germany,Partner,252.06,Basic,58.18,151,1,5.4,27,2026-05-01,5,-0.6923076923076924,5,0,0.0,1.0,0.0,5.0
912,Real Estate,Small,United States,Paid Search,349.77,Pro,179.46,275,1,5.0,45,2025-12-01,9,-0.5789473684210527,9,1,0.1111111111111111,2.0,1.0,3.0
913,Logistics,Mid-Market,United States,Paid Search,612.66,Basic,56.66,212,1,4.857142857142857,34,2026-02-01,7,-0.25,7,2,0.2857142857142857,0.0,0.0,
914,Edtech,Small,United States,Paid Search,451.84,Basic,59.31,122,1,4.75,19,2025-11-01,4,-0.07692307692307686,4,2,0.5,2.0,1.0,4.0
915,Logistics,Small,India,Organic,48.32,Basic,49.94,30,1,0.0,0,2025-04-01,1,,1,0,0.0,0.0,0.0,
916,Healthcare,Small,United States,Outbound Sales,992.72,Basic,41.86,515,1,5.294117647058823,90,2026-06-01,17,-0.5882352941176471,17,1,0.058823529411764705,2.0,0.0,4.0
917,Fintech,Small,United States,Outbound Sales,1195.83,Basic,47.56,123,1,0.75,3,2026-01-01,4,0.0,4,1,0.25,0.0,0.0,
918,Media,Enterprise,United States,Organic,42.93,Basic,53.17,243,1,2.875,23,2026-02-01,8,-0.7272727272727273,8,0,0.0,1.0,0.0,5.0
919,Real Estate,Mid-Market,Australia,Referral,82.52,Basic,47.51,242,0,2.4285714285714284,17,2026-07-01,7,0.16666666666666674,7,0,0.0,1.0,0.0,4.0
920,Manufacturing,Mid-Market,United States,Referral,86.76,Basic,46.04,517,0,8.5625,137,2026-07-01,16,0.1111111111111111,16,0,0.0,3.0,0.0,3.6666666666666665
921,Manufacturing,Mid-Market,United States,Organic,40.23,Basic,46.6,30,1,2.0,2,2025-04-01,1,,1,0,0.0,0.0,0.0,
922,Manufacturing,Mid-Market,United Kingdom,Paid Search,334.69,Pro,243.62,274,1,10.777777777777779,97,2026-03-01,9,-0.39999999999999997,9,1,0.1111111111111111,2.0,0.0,1.0
923,Media,Mid-Market,India,Partner,275.4,Pro,186.87,150,1,9.6,48,2025-06-01,5,-0.5952380952380951,5,0,0.0,3.0,1.0,3.5
924,Manufacturing,Small,United Kingdom,Paid Search,540.12,Pro,237.1,699,0,19.90909090909091,438,2026-07-01,22,0.0,22,0,0.0,5.0,1.0,4.0
925,Manufacturing,Enterprise,United States,Paid Search,389.68,Pro,213.56,426,0,12.0,156,2026-07-01,13,-0.2051282051282051,13,0,0.0,2.0,1.0,4.0
926,Real Estate,Small,India,Organic,46.7,Basic,43.3,30,1,4.0,4,2024-09-01,1,,1,0,0.0,1.0,0.0,2.0
927,Logistics,Small,United States,Outbound Sales,1049.11,Basic,63.46,211,0,2.1666666666666665,13,2026-07-01,6,-0.37499999999999994,6,0,0.0,0.0,0.0,
928,Edtech,Small,India,Paid Search,359.2,Pro,211.4,273,0,12.75,102,2026-07-01,8,-0.07317073170731708,8,0,0.0,1.0,0.0,3.0
929,Healthcare,Small,Australia,Paid Search,599.17,Pro,195.06,576,0,9.166666666666666,165,2026-07-01,18,0.3928571428571428,18,1,0.05555555555555555,4.0,1.0,4.333333333333333
930,Logistics,Enterprise,United Kingdom,Referral,100.42,Pro,239.52,183,0,4.8,24,2026-07-01,5,-0.1764705882352941,5,0,0.0,0.0,0.0,
931,Hospitality,Enterprise,United States,Paid Search,533.69,Pro,202.01,30,1,0.0,0,2024-11-01,1,,1,1,1.0,0.0,0.0,
932,Edtech,Small,United States,Outbound Sales,712.64,Basic,53.28,487,0,8.266666666666667,124,2026-07-01,15,-0.1785714285714286,15,2,0.13333333333333333,3.0,1.0,4.5
933,Manufacturing,Mid-Market,United States,Outbound Sales,1240.5,Basic,45.17,487,0,4.066666666666666,61,2026-07-01,15,-0.5625,15,1,0.06666666666666667,3.0,0.0,4.333333333333333
934,Edtech,Small,India,Partner,329.85,Basic,53.27,-31,0,5.9375,95,2028-09-01,16,-0.2272727272727272,16,0,0.0,5.0,2.0,3.3333333333333335
935,Real Estate,Mid-Market,Australia,Referral,143.54,Pro,204.84,334,0,12.9,129,2026-07-01,10,-0.20000000000000007,10,0,0.0,0.0,0.0,
936,Real Estate,Mid-Market,United States,Paid Search,519.92,Basic,46.5,153,1,2.6,13,2025-08-01,5,-0.4,5,2,0.4,2.0,0.0,4.0
937,Real Estate,Mid-Market,United Kingdom,Paid Search,322.26,Pro,217.85,31,1,3.0,3,2025-08-01,1,,1,0,0.0,1.0,0.0,1.0
938,Healthcare,Mid-Market,United States,Organic,56.1,Basic,63.42,92,1,5.0,15,2025-08-01,3,,3,0,0.0,2.0,1.0,2.0
939,Legal,Enterprise,United States,Outbound Sales,701.06,Pro,195.96,31,1,4.0,4,2025-05-01,1,,1,0,0.0,0.0,0.0,
940,Edtech,Small,United Kingdom,Organic,17.64,Basic,53.34,456,0,7.714285714285714,108,2026-07-01,14,-0.045454545454545414,14,0,0.0,2.0,0.0,4.0
941,Hospitality,Mid-Market,United States,Organic,59.41,Pro,238.86,181,1,5.5,33,2025-06-01,6,-0.625,6,1,0.16666666666666666,2.0,0.0,1.0
942,Retail,Mid-Market,United States,Referral,84.38,Basic,50.95,183,1,4.0,24,2025-11-01,6,-0.5,6,0,0.0,4.0,1.0,3.0
943,Logistics,Mid-Market,United Kingdom,Outbound Sales,481.4,Basic,53.25,30,1,0.0,0,2025-09-01,1,,1,0,0.0,1.0,0.0,2.0
944,Hospitality,Small,Australia,Organic,60.8,Pro,184.79,-28,0,16.4,328,2027-10-01,20,-0.1833333333333334,20,0,0.0,7.0,1.0,4.166666666666667
945,Logistics,Small,India,Paid Search,581.02,Basic,49.66,303,0,3.2222222222222223,29,2026-07-01,9,0.0,9,1,0.1111111111111111,0.0,0.0,
946,Healthcare,Mid-Market,United States,Partner,293.46,Basic,58.25,0,1,4.0,32,2027-03-01,8,-0.5263157894736842,8,0,0.0,2.0,0.0,3.5
947,Fintech,Mid-Market,India,Organic,53.93,Enterprise,827.82,576,0,32.22222222222222,580,2026-07-01,18,-0.059405940594059306,18,0,0.0,3.0,0.0,4.0
948,Manufacturing,Small,United States,Organic,72.98,Enterprise,1153.57,576,0,50.388888888888886,907,2026-07-01,18,-0.10126582278481004,18,0,0.0,4.0,0.0,3.75
949,Manufacturing,Mid-Market,Germany,Referral,137.66,Basic,42.05,61,1,1.5,3,2025-07-01,2,,2,0,0.0,2.0,0.0,2.0
950,Media,Small,India,Organic,48.95,Basic,47.17,28,1,4.0,4,2026-02-01,1,,1,0,0.0,0.0,0.0,
951,Hospitality,Mid-Market,United States,Paid Search,729.56,Basic,56.98,364,0,5.454545454545454,60,2026-07-01,11,0.3333333333333333,11,0,0.0,1.0,0.0,4.0
952,Manufacturing,Enterprise,United States,Referral,157.58,Basic,54.2,576,0,4.333333333333333,78,2026-07-01,18,1.8333333333333335,18,0,0.0,7.0,1.0,4.5
953,Healthcare,Mid-Market,Australia,Partner,204.41,Pro,189.74,273,1,5.444444444444445,49,2026-05-01,9,-0.8888888888888888,9,1,0.1111111111111111,2.0,0.0,3.5
954,Legal,Small,India,Paid Search,492.7,Basic,55.83,426,0,9.538461538461538,124,2026-07-01,13,0.4482758620689656,13,2,0.15384615384615385,2.0,2.0,
955,Legal,Small,India,Organic,43.48,Basic,43.78,517,0,2.375,38,2026-07-01,16,0.7999999999999999,16,0,0.0,2.0,1.0,3.0
956,Hospitality,Small,United Kingdom,Paid Search,507.02,Pro,248.49,334,1,10.181818181818182,112,2026-12-01,11,-0.4166666666666667,11,0,0.0,2.0,1.0,4.0
957,Fintech,Small,United States,Outbound Sales,901.04,Basic,44.31,426,1,3.642857142857143,51,2026-07-01,14,0.33333333333333326,14,0,0.0,5.0,0.0,3.0
958,Media,Small,United States,Paid Search,542.24,Pro,222.47,364,0,6.818181818181818,75,2026-07-01,11,-0.5,11,0,0.0,0.0,0.0,
959,Manufacturing,Small,United States,Referral,116.82,Pro,176.03,120,1,1.5,6,2026-04-01,4,-0.4,4,0,0.0,1.0,0.0,2.0
960,Fintech,Small,India,Referral,171.14,Basic,42.67,183,0,5.2,26,2026-07-01,5,-0.26315789473684204,5,0,0.0,1.0,1.0,
961,Hospitality,Small,India,Organic,41.06,Enterprise,839.17,487,0,46.53333333333333,698,2026-07-01,15,0.04964539007092204,15,0,0.0,3.0,1.0,3.0
962,Legal,Small,United States,Referral,101.7,Basic,54.18,31,1,2.0,2,2025-10-01,1,,1,0,0.0,1.0,0.0,1.0
963,Retail,Small,United States,Partner,388.32,Enterprise,1083.58,212,1,11.428571428571429,80,2025-05-01,7,-0.6599999999999999,7,1,0.14285714285714285,3.0,0.0,3.6666666666666665
964,Fintech,Mid-Market,United States,Paid Search,426.08,Pro,195.13,335,1,16.181818181818183,178,2026-03-01,11,-0.7343749999999999,11,0,0.0,3.0,0.0,2.0
965,Real Estate,Small,United States,Paid Search,418.91,Pro,245.84,184,1,10.5,63,2025-12-01,6,-0.6595744680851063,6,1,0.16666666666666666,1.0,0.0,5.0
966,Fintech,Mid-Market,Canada,Outbound Sales,716.39,Basic,58.46,334,0,4.3,43,2026-07-01,10,5.5,10,0,0.0,1.0,0.0,4.0
967,Legal,Small,United Kingdom,Organic,40.89,Basic,49.72,335,1,6.090909090909091,67,2026-05-01,11,-0.8260869565217391,11,0,0.0,2.0,0.0,3.0
968,Manufacturing,Enterprise,United States,Paid Search,691.7,Enterprise,908.76,334,0,6.0,60,2026-07-01,10,0.9166666666666667,10,0,0.0,2.0,0.0,3.0
969,Fintech,Small,India,Outbound Sales,1108.55,Basic,51.9,92,1,4.666666666666667,14,2025-01-01,3,,3,0,0.0,2.0,0.0,1.0
970,Hospitality,Small,Germany,Referral,186.13,Pro,255.27,456,1,4.0,60,2026-06-01,15,0.0,15,0,0.0,1.0,0.0,4.0
971,Hospitality,Small,United States,Outbound Sales,1208.26,Basic,62.85,121,1,1.25,5,2025-03-01,4,-0.6,4,0,0.0,1.0,1.0,
972,Legal,Small,Australia,Referral,71.01,Pro,227.14,395,0,11.75,141,2026-07-01,12,0.12903225806451601,12,0,0.0,1.0,0.0,3.0
973,Legal,Enterprise,United Kingdom,Paid Search,487.0,Basic,51.54,153,1,4.4,22,2025-11-01,5,-0.47368421052631576,5,2,0.4,0.0,0.0,
974,Hospitality,Small,United States,Paid Search,544.54,Enterprise,1128.06,426,0,37.92307692307692,493,2026-07-01,13,-0.01724137931034477,13,0,0.0,4.0,0.0,4.5
975,Real Estate,Mid-Market,United Kingdom,Referral,92.57,Pro,221.53,242,0,20.428571428571427,143,2026-07-01,7,-0.07812499999999989,7,0,0.0,0.0,0.0,
976,Manufacturing,Small,United States,Referral,102.72,Pro,252.31,61,1,1.5,3,2025-06-01,2,,2,0,0.0,1.0,0.0,2.0
977,Healthcare,Mid-Market,India,Organic,46.37,Pro,174.97,153,1,5.2,26,2025-08-01,5,0.2666666666666666,5,1,0.2,1.0,0.0,2.0
978,Hospitality,Small,India,Organic,45.48,Basic,41.67,487,0,1.6,24,2026-07-01,15,-0.7142857142857144,15,1,0.06666666666666667,3.0,1.0,3.5
979,Retail,Enterprise,Germany,Partner,305.98,Basic,48.79,61,1,1.0,2,2025-06-01,2,,2,0,0.0,2.0,1.0,1.0
980,Logistics,Enterprise,Germany,Organic,39.26,Basic,43.48,244,1,4.375,35,2025-11-01,8,-0.5,8,1,0.125,3.0,0.0,3.0
981,Retail,Small,Australia,Referral,136.76,Basic,62.47,364,0,3.727272727272727,41,2026-07-01,11,-0.27777777777777785,11,0,0.0,3.0,1.0,4.0
982,Real Estate,Enterprise,United Kingdom,Partner,286.94,Pro,206.51,334,1,4.545454545454546,50,2026-02-01,11,-0.24999999999999994,11,0,0.0,6.0,2.0,3.0
983,Legal,Small,Germany,Referral,115.15,Pro,255.97,515,1,13.0,221,2026-06-01,17,-0.6530612244897959,17,0,0.0,2.0,0.0,4.0
984,Fintech,Mid-Market,Canada,Referral,101.25,Basic,54.2,214,1,6.0,42,2025-09-01,7,-0.68,7,0,0.0,1.0,0.0,1.0
985,Retail,Small,United States,Partner,379.11,Basic,60.45,152,0,10.25,41,2026-07-01,4,0.12903225806451601,4,0,0.0,0.0,0.0,
986,Edtech,Mid-Market,United States,Paid Search,428.98,Pro,212.67,211,0,9.666666666666666,58,2026-07-01,6,0.0,6,0,0.0,2.0,0.0,5.0
987,Real Estate,Small,India,Paid Search,355.43,Basic,58.58,395,1,5.6923076923076925,74,2026-04-01,13,-0.062499999999999944,13,0,0.0,3.0,0.0,2.0
988,Media,Small,India,Organic,59.37,Basic,55.94,153,1,1.4,7,2025-07-01,5,-0.42857142857142866,5,0,0.0,2.0,0.0,2.0
989,Media,Small,United States,Referral,170.53,Basic,43.89,122,1,2.25,9,2025-07-01,4,-0.5555555555555556,4,1,0.25,3.0,0.0,2.0
990,Media,Small,India,Paid Search,562.5,Basic,47.31,181,1,6.166666666666667,37,2026-02-01,6,-0.3181818181818182,6,1,0.16666666666666666,1.0,1.0,
991,Hospitality,Small,United Kingdom,Organic,51.93,Basic,55.31,395,0,8.833333333333334,106,2026-07-01,12,-0.3142857142857142,12,1,0.08333333333333333,3.0,0.0,3.6666666666666665
992,Retail,Mid-Market,Australia,Referral,118.73,Basic,47.65,-30,0,8.071428571428571,113,2027-06-01,14,1.2857142857142854,14,1,0.07142857142857142,4.0,0.0,3.5
993,Legal,Enterprise,Germany,Paid Search,184.8,Basic,54.11,334,0,7.9,79,2026-07-01,10,-0.3043478260869566,10,0,0.0,2.0,0.0,3.5
994,Legal,Small,United States,Partner,261.38,Basic,58.78,395,0,8.666666666666666,104,2026-07-01,12,0.3636363636363637,12,1,0.08333333333333333,3.0,0.0,5.0
995,Real Estate,Mid-Market,India,Paid Search,421.9,Pro,219.11,516,1,15.529411764705882,264,2026-04-01,17,-0.5294117647058824,17,0,0.0,1.0,0.0,2.0
996,Manufacturing,Small,United States,Outbound Sales,971.73,Basic,41.97,92,1,3.3333333333333335,10,2026-05-01,3,,3,0,0.0,2.0,0.0,1.0
997,Real Estate,Small,India,Partner,228.65,Pro,174.87,548,0,20.705882352941178,352,2026-07-01,17,0.20689655172413796,17,1,0.058823529411764705,3.0,0.0,3.6666666666666665
998,Legal,Small,Germany,Paid Search,382.06,Pro,240.12,548,0,13.588235294117647,231,2026-07-01,17,-0.26666666666666666,17,0,0.0,1.0,0.0,4.0
999,Logistics,Enterprise,United States,Outbound Sales,600.93,Pro,232.58,28,1,1.0,1,2025-02-01,1,,1,0,0.0,0.0,0.0,
1000,Real Estate,Small,United Kingdom,Outbound Sales,886.23,Basic,51.81,153,1,4.2,21,2025-09-01,5,-0.5555555555555556,5,0,0.0,2.0,0.0,2.0
1001,Edtech,Mid-Market,United Kingdom,Organic,48.78,Basic,47.01,638,0,5.15,103,2026-07-01,20,-0.05882352941176481,20,1,0.05,6.0,1.0,4.4
1002,Legal,Small,United States,Partner,216.9,Basic,47.01,335,1,1.2727272727272727,14,2026-03-01,11,-0.33333333333333337,11,0,0.0,2.0,0.0,2.5
1003,Edtech,Small,Australia,Paid Search,257.84,Pro,246.32,334,0,20.5,205,2026-07-01,10,-0.015384615384615493,10,0,0.0,1.0,0.0,5.0
1004,Logistics,Mid-Market,Australia,Paid Search,746.74,Pro,225.46,273,0,9.5,76,2026-07-01,8,0.07142857142857136,8,0,0.0,1.0,0.0,4.0
1005,Real Estate,Enterprise,Canada,Paid Search,254.06,Enterprise,1115.73,211,0,20.833333333333332,125,2026-07-01,6,0.1186440677966101,6,0,0.0,0.0,0.0,
1006,Real Estate,Small,India,Organic,45.36,Basic,52.02,334,1,4.2727272727272725,47,2026-09-01,11,-0.46153846153846145,11,0,0.0,7.0,1.0,3.3333333333333335
1007,Legal,Small,Canada,Organic,40.08,Pro,200.87,517,0,4.4375,71,2026-07-01,16,0.07142857142857136,16,1,0.0625,4.0,0.0,4.5
1008,Logistics,Small,India,Organic,51.87,Pro,205.63,123,1,9.25,37,2025-08-01,4,-0.47222222222222227,4,0,0.0,1.0,0.0,2.0
1009,Hospitality,Mid-Market,United States,Outbound Sales,864.07,Pro,219.64,638,0,22.35,447,2026-07-01,20,0.01562500000000011,20,0,0.0,6.0,0.0,3.6666666666666665
1010,Media,Enterprise,United States,Partner,332.25,Basic,54.67,242,0,4.285714285714286,30,2026-07-01,7,1.714285714285714,7,0,0.0,3.0,0.0,4.0
1011,Fintech,Small,United States,Outbound Sales,827.9,Basic,52.83,243,1,6.0,48,2026-08-01,8,-0.45454545454545453,8,1,0.125,1.0,0.0,1.0
1012,Retail,Enterprise,United Kingdom,Referral,120.74,Pro,225.57,487,0,15.6,234,2026-07-01,15,-0.11320754716981142,15,1,0.06666666666666667,4.0,1.0,3.6666666666666665
1013,Healthcare,Enterprise,India,Paid Search,317.7,Pro,229.13,548,0,19.470588235294116,331,2026-07-01,17,-0.1090909090909091,17,1,0.058823529411764705,5.0,2.0,4.0
1014,Real Estate,Small,India,Referral,109.94,Basic,58.14,151,1,3.2,16,2026-04-01,5,-0.6428571428571428,5,2,0.4,1.0,1.0,
1015,Logistics,Small,United Kingdom,Paid Search,594.75,Basic,53.94,365,1,6.416666666666667,77,2026-05-01,12,-0.5217391304347826,12,0,0.0,2.0,0.0,4.0
1016,Edtech,Mid-Market,United States,Paid Search,381.38,Enterprise,1108.93,30,1,5.0,5,2025-04-01,1,,1,0,0.0,1.0,1.0,
1017,Legal,Small,Germany,Referral,152.2,Pro,192.76,214,1,5.285714285714286,37,2025-11-01,7,-0.7727272727272727,7,0,0.0,2.0,0.0,1.5
1018,Legal,Small,India,Organic,43.16,Basic,60.44,515,1,4.470588235294118,76,2026-06-01,17,-0.5714285714285715,17,0,0.0,4.0,0.0,2.75
1019,Fintech,Mid-Market,India,Paid Search,458.09,Pro,249.53,395,0,16.166666666666668,194,2026-07-01,12,-0.12765957446808512,12,0,0.0,3.0,1.0,3.5
1020,Hospitality,Mid-Market,India,Partner,335.36,Basic,43.27,273,1,4.0,36,2025-09-01,9,-0.24999999999999994,9,0,0.0,4.0,1.0,3.0
1021,Edtech,Mid-Market,United States,Organic,21.73,Pro,205.58,91,1,6.333333333333333,19,2025-11-01,3,,3,0,0.0,2.0,0.0,2.0
1022,Legal,Small,Canada,Outbound Sales,697.01,Enterprise,1046.7,31,1,0.0,0,2026-01-01,1,,1,0,0.0,1.0,0.0,2.0
1023,Edtech,Small,Australia,Outbound Sales,475.31,Pro,196.35,517,0,13.4375,215,2026-07-01,16,-0.4468085106382979,16,0,0.0,3.0,0.0,4.0
1024,Healthcare,Small,United States,Referral,102.11,Enterprise,961.69,395,0,46.583333333333336,559,2026-07-01,12,0.02941176470588225,12,1,0.08333333333333333,0.0,0.0,
1025,Manufacturing,Small,United States,Paid Search,439.07,Pro,213.31,334,1,4.181818181818182,46,2025-09-01,11,0.33333333333333326,11,0,0.0,4.0,1.0,4.0
1026,Healthcare,Small,United States,Outbound Sales,451.32,Basic,46.32,59,1,1.5,3,2025-03-01,2,,2,1,0.5,0.0,0.0,
1027,Retail,Mid-Market,India,Outbound Sales,1075.28,Pro,242.44,214,1,7.142857142857143,50,2025-11-01,7,0.19999999999999996,7,0,0.0,2.0,0.0,2.0
1028,Media,Small,United States,Referral,86.69,Pro,249.49,426,0,11.846153846153847,154,2026-07-01,13,-0.08333333333333333,13,1,0.07692307692307693,2.0,0.0,4.5
1029,Real Estate,Small,United Kingdom,Organic,48.26,Basic,60.62,61,1,0.0,0,2026-06-01,2,,2,1,0.5,1.0,1.0,
1030,Edtech,Small,Canada,Organic,65.06,Basic,61.36,607,0,7.2631578947368425,138,2026-07-01,19,0.42105263157894746,19,0,0.0,4.0,0.0,4.25
1031,Manufacturing,Small,India,Paid Search,407.0,Basic,46.98,365,1,4.0,48,2026-03-01,12,-0.8749999999999999,12,0,0.0,5.0,1.0,2.5
1032,Retail,Small,India,Referral,99.59,Basic,53.51,576,0,7.333333333333333,132,2026-07-01,18,0.0,18,1,0.05555555555555555,3.0,0.0,3.3333333333333335
1033,Hospitality,Small,United States,Outbound Sales,644.13,Basic,46.45,365,1,6.166666666666667,74,2026-03-01,12,-0.4117647058823529,12,0,0.0,3.0,0.0,3.0
1034,Legal,Small,Germany,Partner,233.04,Pro,193.49,334,0,11.4,114,2026-07-01,10,0.2222222222222222,10,0,0.0,2.0,1.0,3.0
1035,Fintech,Mid-Market,United States,Organic,28.49,Basic,56.08,153,1,5.0,25,2025-12-01,5,-0.47368421052631576,5,0,0.0,3.0,1.0,2.0
1036,Fintech,Small,United States,Partner,231.29,Basic,48.49,181,1,4.0,24,2026-07-01,6,-0.15384615384615383,6,0,0.0,2.0,0.0,3.5
1037,Media,Enterprise,United Kingdom,Referral,152.52,Pro,208.37,123,1,12.0,48,2025-08-01,4,-0.4444444444444444,4,0,0.0,1.0,1.0,
1038,Fintech,Small,United Kingdom,Referral,168.12,Basic,50.95,181,1,3.6666666666666665,22,2025-06-01,6,-0.7777777777777778,6,1,0.16666666666666666,1.0,0.0,3.0
1039,Retail,Mid-Market,United States,Referral,125.11,Pro,236.55,487,0,7.066666666666666,106,2026-07-01,15,0.3333333333333333,15,0,0.0,5.0,1.0,4.5
1040,Logistics,Small,United States,Organic,61.94,Enterprise,953.8,456,0,37.92857142857143,531,2026-07-01,14,0.0,14,0,0.0,3.0,1.0,3.5
1041,Manufacturing,Small,United States,Paid Search,320.21,Basic,61.58,92,1,3.0,9,2025-05-01,3,,3,1,0.3333333333333333,0.0,0.0,
1042,Real Estate,Mid-Market,Australia,Partner,236.62,Basic,52.41,212,1,2.7142857142857144,19,2025-07-01,7,-0.6363636363636364,7,1,0.14285714285714285,1.0,0.0,5.0
1043,Fintech,Mid-Market,Germany,Partner,269.24,Basic,60.18,334,1,5.636363636363637,62,2025-11-01,11,-0.9666666666666666,11,1,0.09090909090909091,3.0,0.0,4.333333333333333
1044,Logistics,Small,India,Referral,128.53,Pro,182.39,92,1,4.333333333333333,13,2026-01-01,3,,3,0,0.0,1.0,0.0,2.0
1045,Healthcare,Small,United States,Referral,116.25,Pro,172.27,456,0,9.142857142857142,128,2026-07-01,14,-0.1428571428571429,14,0,0.0,3.0,1.0,3.5
1046,Fintech,Mid-Market,United States,Referral,95.85,Basic,59.37,456,0,1.2857142857142858,18,2026-07-01,14,0.0,14,0,0.0,3.0,0.0,3.6666666666666665
1047,Logistics,Small,United States,Organic,50.98,Pro,199.75,607,0,16.31578947368421,310,2026-07-01,19,0.10256410256410262,19,2,0.10526315789473684,2.0,0.0,4.0
1048,Retail,Mid-Market,India,Partner,379.04,Basic,59.3,546,1,5.055555555555555,91,2026-06-01,18,-0.75,18,2,0.1111111111111111,5.0,1.0,4.25
1049,Logistics,Small,United States,Organic,44.92,Basic,61.17,426,0,5.615384615384615,73,2026-07-01,13,-0.21052631578947364,13,0,0.0,3.0,1.0,4.5
1050,Fintech,Mid-Market,India,Partner,253.74,Pro,248.99,211,0,17.666666666666668,106,2026-07-01,6,0.3043478260869565,6,0,0.0,0.0,0.0,
1051,Media,Enterprise,United Kingdom,Organic,32.54,Basic,59.39,-30,0,6.947368421052632,132,2027-01-01,19,0.15384615384615394,19,0,0.0,7.0,1.0,3.6666666666666665
1052,Legal,Small,United States,Outbound Sales,1174.96,Basic,57.08,548,0,4.764705882352941,81,2026-07-01,17,-0.15384615384615383,17,1,0.058823529411764705,3.0,2.0,3.0
1053,Healthcare,Small,United Kingdom,Partner,399.78,Pro,258.51,334,1,15.909090909090908,175,2026-06-01,11,-0.5636363636363636,11,1,0.09090909090909091,3.0,1.0,4.0
1054,Healthcare,Small,Canada,Outbound Sales,1197.24,Pro,250.3,-31,0,7.666666666666667,92,2027-03-01,12,0.3684210526315789,12,0,0.0,3.0,0.0,5.0
1055,Fintech,Small,United States,Partner,272.03,Basic,57.62,30,1,0.0,0,2024-11-01,1,,1,0,0.0,1.0,0.0,1.0
1056,Manufacturing,Mid-Market,India,Outbound Sales,1315.88,Basic,49.0,487,0,2.8666666666666667,43,2026-07-01,15,1.7499999999999998,15,2,0.13333333333333333,3.0,0.0,3.6666666666666665
1057,Retail,Small,India,Organic,49.15,Pro,210.93,-30,0,11.352941176470589,193,2026-11-01,17,-0.02857142857142847,17,0,0.0,6.0,2.0,4.25
1058,Media,Mid-Market,United Kingdom,Referral,126.9,Basic,55.25,275,1,5.222222222222222,47,2025-12-01,9,-0.29411764705882354,9,1,0.1111111111111111,2.0,1.0,4.0
1059,Real Estate,Mid-Market,United States,Organic,45.98,Pro,222.76,275,1,6.222222222222222,56,2025-11-01,9,-0.8928571428571429,9,0,0.0,4.0,0.0,2.75
1060,Manufacturing,Small,Australia,Paid Search,462.24,Pro,248.39,273,0,10.875,87,2026-07-01,8,0.72,8,0,0.0,1.0,0.0,3.0
1061,Hospitality,Mid-Market,United Kingdom,Partner,265.03,Pro,242.61,182,1,6.166666666666667,37,2025-05-01,6,-0.576923076923077,6,1,0.16666666666666666,1.0,0.0,3.0
1062,Logistics,Small,United States,Referral,74.61,Basic,51.57,62,1,5.5,11,2026-01-01,2,,2,0,0.0,1.0,0.0,1.0
1063,Edtech,Small,Australia,Partner,284.06,Basic,54.88,212,1,2.142857142857143,15,2025-06-01,7,0.16666666666666674,7,1,0.14285714285714285,1.0,0.0,3.0
1064,Healthcare,Mid-Market,United States,Partner,388.42,Enterprise,933.86,456,0,17.428571428571427,244,2026-07-01,14,0.0,14,0,0.0,3.0,0.0,4.0
1065,Logistics,Mid-Market,United States,Organic,51.55,Basic,50.55,91,1,7.333333333333333,22,2026-11-01,3,,3,0,0.0,1.0,0.0,1.0
1066,Media,Mid-Market,United States,Referral,101.22,Basic,60.08,638,1,6.523809523809524,137,2026-06-01,21,0.0,21,0,0.0,3.0,1.0,4.0
1067,Healthcare,Mid-Market,United States,Referral,142.41,Pro,182.86,426,1,8.142857142857142,114,2026-05-01,14,-0.5925925925925927,14,0,0.0,2.0,0.0,3.0
1068,Logistics,Small,United Kingdom,Organic,67.48,Pro,220.63,364,0,5.7272727272727275,63,2026-07-01,11,0.0,11,0,0.0,2.0,0.0,5.0
1069,Hospitality,Small,United States,Referral,85.61,Basic,54.78,273,1,3.7777777777777777,34,2025-09-01,9,-0.46153846153846145,9,3,0.3333333333333333,1.0,0.0,4.0
1070,Edtech,Mid-Market,India,Referral,133.97,Enterprise,1099.0,303,0,16.11111111111111,145,2026-07-01,9,-0.24528301886792456,9,0,0.0,3.0,0.0,3.3333333333333335
1071,Real Estate,Small,Germany,Organic,57.97,Basic,43.18,364,0,6.363636363636363,70,2026-07-01,11,-0.48275862068965514,11,0,0.0,1.0,0.0,3.0
1072,Real Estate,Small,United States,Outbound Sales,1001.23,Enterprise,1086.84,122,1,24.0,96,2025-11-01,4,-0.3820224719101124,4,0,0.0,2.0,1.0,2.0
1073,Media,Small,United States,Referral,103.98,Enterprise,825.07,426,0,27.0,351,2026-07-01,13,-0.12941176470588228,13,1,0.07692307692307693,3.0,1.0,5.0
1074,Legal,Mid-Market,United States,Organic,41.83,Pro,202.38,242,0,22.0,154,2026-07-01,7,-0.05882352941176481,7,0,0.0,0.0,0.0,
1075,Edtech,Small,Australia,Organic,34.54,Pro,256.06,61,1,1.0,2,2025-07-01,2,,2,0,0.0,2.0,0.0,1.0
1076,Legal,Small,India,Partner,350.66,Basic,41.76,122,1,3.5,14,2025-11-01,4,0.19999999999999996,4,0,0.0,1.0,0.0,1.0
1077,Legal,Small,India,Outbound Sales,668.09,Pro,213.56,-31,0,3.3333333333333335,50,2026-10-01,15,-0.3,15,1,0.06666666666666667,3.0,0.0,4.0
1078,Healthcare,Small,United States,Outbound Sales,665.19,Basic,59.35,456,0,2.5,35,2026-07-01,14,-0.3,14,1,0.07142857142857142,3.0,0.0,3.6666666666666665
1079,Retail,Enterprise,United States,Referral,118.52,Pro,249.8,242,0,15.0,105,2026-07-01,7,0.12499999999999994,7,0,0.0,3.0,0.0,4.0
1080,Hospitality,Small,United States,Organic,56.11,Enterprise,1008.66,395,0,3.9166666666666665,47,2026-07-01,12,-0.33333333333333337,12,1,0.08333333333333333,4.0,0.0,4.5
1081,Fintech,Small,United States,Organic,66.98,Pro,182.85,306,1,3.8,38,2025-12-01,10,-0.37499999999999994,10,2,0.2,1.0,0.0,3.0
1082,Legal,Small,India,Organic,45.57,Pro,202.84,31,1,0.0,0,2025-01-01,1,,1,0,0.0,1.0,0.0,1.0
1083,Healthcare,Small,Australia,Partner,401.0,Basic,63.19,576,0,6.111111111111111,110,2026-07-01,18,0.0,18,0,0.0,6.0,1.0,4.0
1084,Edtech,Small,United Kingdom,Referral,82.16,Pro,207.53,184,1,8.333333333333334,50,2026-01-01,6,-0.4848484848484848,6,0,0.0,0.0,0.0,
1085,Healthcare,Enterprise,India,Partner,391.33,Basic,59.39,181,1,3.1666666666666665,19,2025-04-01,6,0.7142857142857142,6,1,0.16666666666666666,2.0,0.0,3.0
1086,Real Estate,Enterprise,United Kingdom,Referral,127.64,Basic,57.97,455,1,2.4,36,2026-03-01,15,-0.923076923076923,15,2,0.13333333333333333,3.0,1.0,4.0
1087,Real Estate,Mid-Market,United Kingdom,Organic,47.73,Enterprise,1133.73,122,1,7.0,28,2026-07-01,4,-0.29629629629629634,4,1,0.25,0.0,0.0,
1088,Legal,Small,United States,Referral,124.15,Basic,60.64,242,0,5.142857142857143,36,2026-07-01,7,0.2666666666666666,7,0,0.0,1.0,0.0,3.0
1089,Real Estate,Mid-Market,United States,Partner,309.91,Basic,59.53,426,1,6.5,91,2026-06-01,14,-0.8095238095238095,14,0,0.0,3.0,0.0,3.6666666666666665
1090,Legal,Enterprise,United States,Organic,48.57,Basic,51.17,548,0,3.764705882352941,64,2026-07-01,17,0.33333333333333326,17,0,0.0,0.0,0.0,
1091,Logistics,Small,United Kingdom,Organic,68.12,Basic,43.42,426,0,2.4615384615384617,32,2026-07-01,13,-0.46153846153846145,13,0,0.0,3.0,0.0,3.6666666666666665
1092,Media,Small,United States,Referral,77.22,Pro,210.68,303,0,14.222222222222221,128,2026-07-01,9,0.02325581395348829,9,0,0.0,0.0,0.0,
1093,Retail,Mid-Market,United States,Organic,46.95,Basic,58.43,123,1,1.25,5,2025-10-01,4,-0.6,4,0,0.0,2.0,0.0,3.0
1094,Hospitality,Mid-Market,United States,Organic,55.43,Pro,186.79,91,0,10.0,20,2026-07-01,2,,2,0,0.0,0.0,0.0,
1095,Retail,Enterprise,Australia,Paid Search,405.62,Enterprise,1018.31,183,0,31.4,157,2026-07-01,5,-0.08247422680412374,5,0,0.0,1.0,0.0,3.0
1096,Manufacturing,Small,United States,Organic,53.99,Basic,52.49,92,1,1.0,3,2026-05-01,3,,3,0,0.0,2.0,0.0,2.0
1097,Legal,Enterprise,Germany,Paid Search,421.41,Enterprise,962.85,548,0,34.05882352941177,579,2026-07-01,17,-0.05000000000000003,17,0,0.0,6.0,0.0,4.166666666666667
1098,Healthcare,Enterprise,India,Organic,41.71,Basic,62.38,92,1,1.3333333333333333,4,2025-09-01,3,,3,0,0.0,1.0,0.0,1.0
1099,Retail,Small,United States,Organic,59.07,Basic,62.26,303,0,3.4444444444444446,31,2026-07-01,9,0.42857142857142855,9,0,0.0,1.0,0.0,4.0
1100,Media,Mid-Market,India,Referral,124.1,Pro,241.19,303,0,9.222222222222221,83,2026-07-01,9,0.2592592592592593,9,2,0.2222222222222222,3.0,0.0,3.3333333333333335
1101,Fintech,Small,United States,Referral,114.09,Pro,171.3,334,1,16.272727272727273,179,2025-12-01,11,-0.5593220338983051,11,0,0.0,2.0,0.0,3.0
1102,Manufacturing,Small,India,Partner,254.19,Basic,47.4,31,1,0.0,0,2026-05-01,1,,1,0,0.0,1.0,0.0,1.0
1103,Real Estate,Mid-Market,India,Partner,429.74,Basic,55.58,-30,0,5.7,57,2027-02-01,10,-0.1875,10,1,0.1,1.0,0.0,3.0
1104,Media,Small,United States,Organic,31.54,Basic,59.41,123,1,4.0,16,2025-08-01,4,-0.625,4,0,0.0,2.0,0.0,3.0
1105,Legal,Small,United States,Organic,39.05,Pro,248.77,273,0,16.5,132,2026-07-01,8,0.039999999999999855,8,0,0.0,1.0,1.0,
1106,Manufacturing,Mid-Market,Canada,Partner,386.13,Pro,179.1,607,0,6.684210526315789,127,2026-07-01,19,0.3529411764705882,19,1,0.05263157894736842,3.0,0.0,4.0
1107,Fintech,Small,United Kingdom,Organic,35.36,Basic,51.68,517,0,3.875,62,2026-07-01,16,0.09090909090909095,16,1,0.0625,3.0,0.0,4.0
1108,Legal,Small,India,Referral,188.22,Basic,45.1,699,0,7.818181818181818,172,2026-07-01,22,-0.2400000000000001,22,1,0.045454545454545456,3.0,0.0,4.333333333333333
1109,Edtech,Small,United States,Partner,198.3,Pro,224.9,364,0,4.7272727272727275,52,2026-07-01,11,-0.6428571428571428,11,0,0.0,3.0,0.0,3.6666666666666665
1110,Retail,Small,Germany,Paid Search,496.64,Pro,221.54,426,0,9.461538461538462,123,2026-07-01,13,-0.08000000000000003,13,0,0.0,2.0,2.0,
1111,Real Estate,Mid-Market,United Kingdom,Paid Search,287.22,Basic,44.09,273,0,2.875,23,2026-07-01,8,-0.8,8,0,0.0,0.0,0.0,
1112,Legal,Small,Canada,Paid Search,443.34,Basic,42.17,334,1,6.090909090909091,67,2026-02-01,11,-0.625,11,1,0.09090909090909091,1.0,1.0,
1113,Edtech,Mid-Market,Australia,Partner,431.14,Basic,60.18,61,1,1.0,2,2025-07-01,2,,2,2,1.0,0.0,0.0,
1114,Real Estate,Small,United States,Paid Search,406.04,Basic,42.95,456,0,6.142857142857143,86,2026-07-01,14,-0.14285714285714285,14,2,0.14285714285714285,6.0,2.0,3.75
1115,Fintech,Small,United States,Outbound Sales,1398.5,Basic,50.28,242,0,9.142857142857142,64,2026-07-01,7,0.125,7,0,0.0,0.0,0.0,
1116,Edtech,Mid-Market,United States,Organic,56.96,Basic,63.08,607,0,0.9473684210526315,18,2026-07-01,19,2.0000000000000004,19,0,0.0,2.0,0.0,3.0
1117,Retail,Enterprise,Germany,Organic,45.96,Basic,60.06,487,0,4.133333333333334,62,2026-07-01,15,0.0,15,1,0.06666666666666667,2.0,0.0,4.0
1118,Hospitality,Small,India,Paid Search,319.68,Enterprise,952.49,303,1,35.8,358,2026-06-01,10,-0.5538461538461539,10,0,0.0,1.0,1.0,
1119,Edtech,Enterprise,United Kingdom,Organic,38.45,Pro,177.17,152,0,8.0,32,2026-07-01,4,-0.2,4,0,0.0,1.0,0.0,4.0
1120,Healthcare,Mid-Market,India,Organic,52.54,Pro,177.27,214,1,9.714285714285714,68,2025-11-01,7,-0.5675675675675677,7,1,0.14285714285714285,1.0,0.0,5.0
1121,Hospitality,Enterprise,United Kingdom,Referral,84.78,Pro,222.66,-31,0,15.6,156,2027-01-01,10,-0.13725490196078435,10,0,0.0,2.0,0.0,4.5
1122,Real Estate,Small,United Kingdom,Referral,96.34,Pro,253.55,395,1,3.6923076923076925,48,2026-04-01,13,-1.0,13,1,0.07692307692307693,7.0,0.0,3.7142857142857144
1123,Edtech,Small,United States,Paid Search,306.97,Basic,52.43,92,1,0.6666666666666666,2,2025-05-01,3,,3,0,0.0,1.0,0.0,5.0
1124,Media,Small,Germany,Organic,34.41,Enterprise,968.83,395,0,3.3333333333333335,40,2026-07-01,12,0.7142857142857142,12,0,0.0,4.0,0.0,3.0
1125,Edtech,Small,India,Organic,31.3,Pro,200.12,334,0,15.3,153,2026-07-01,10,-0.44642857142857145,10,0,0.0,3.0,0.0,4.333333333333333
1126,Retail,Enterprise,Germany,Paid Search,557.94,Pro,249.81,334,0,8.2,82,2026-07-01,10,0.47368421052631593,10,1,0.1,1.0,1.0,
1127,Legal,Small,Germany,Paid Search,505.13,Basic,42.32,61,1,2.5,5,2025-05-01,2,,2,0,0.0,0.0,0.0,
1128,Edtech,Enterprise,Germany,Organic,56.85,Basic,60.16,334,0,1.6,16,2026-07-01,10,0.0,10,0,0.0,1.0,0.0,5.0
1129,Hospitality,Small,United States,Paid Search,660.72,Pro,204.11,304,1,8.0,80,2025-08-01,10,-0.8055555555555555,10,2,0.2,3.0,1.0,2.0
1130,Edtech,Small,United States,Organic,62.23,Basic,48.99,183,0,1.8,9,2026-07-01,5,0.5,5,1,0.2,1.0,0.0,5.0
1131,Fintech,Small,Australia,Referral,59.01,Enterprise,896.85,426,0,43.30769230769231,563,2026-07-01,13,-0.039062499999999944,13,0,0.0,4.0,1.0,4.0
1132,Legal,Mid-Market,United Kingdom,Paid Search,687.64,Basic,59.96,31,1,1.0,1,2024-12-01,1,,1,0,0.0,0.0,0.0,
1133,Media,Mid-Market,United States,Referral,124.04,Basic,58.36,245,1,6.75,54,2025-12-01,8,-0.7096774193548387,8,0,0.0,2.0,0.0,3.5
1134,Logistics,Small,Canada,Paid Search,436.67,Pro,235.7,304,1,16.0,160,2025-10-01,10,-0.44262295081967207,10,0,0.0,4.0,0.0,2.25
1135,Legal,Mid-Market,United States,Partner,67.52,Basic,41.88,426,0,7.230769230769231,94,2026-07-01,13,-0.5806451612903226,13,0,0.0,6.0,0.0,3.8333333333333335
1136,Media,Small,India,Paid Search,464.47,Pro,232.4,607,0,16.842105263157894,320,2026-07-01,19,-0.038461538461538325,19,0,0.0,2.0,1.0,4.0
1137,Retail,Small,Germany,Partner,343.85,Basic,53.17,487,0,2.4,36,2026-07-01,15,-0.20000000000000007,15,0,0.0,2.0,1.0,3.0
1138,Media,Small,United States,Referral,108.89,Enterprise,887.97,-28,0,11.909090909090908,131,2027-01-01,11,-0.325,11,0,0.0,3.0,0.0,4.333333333333333
1139,Media,Enterprise,United States,Referral,143.44,Pro,214.8,273,1,3.888888888888889,35,2026-06-01,9,-0.5833333333333333,9,0,0.0,2.0,0.0,2.0
1140,Fintech,Small,Germany,Referral,91.01,Basic,56.7,424,1,5.0,70,2026-02-01,14,-0.25,14,1,0.07142857142857142,3.0,0.0,2.3333333333333335
1141,Media,Small,United States,Referral,107.87,Basic,52.43,487,0,4.466666666666667,67,2026-07-01,15,-0.16666666666666666,15,1,0.06666666666666667,3.0,0.0,4.0
1142,Legal,Enterprise,Australia,Paid Search,479.86,Basic,51.73,-31,0,7.444444444444445,67,2027-04-01,9,-0.3548387096774194,9,1,0.1111111111111111,0.0,0.0,
1143,Edtech,Small,United States,Partner,54.37,Enterprise,1161.91,61,1,1.5,3,2025-07-01,2,,2,0,0.0,2.0,0.0,1.0
1144,Logistics,Small,Germany,Paid Search,357.98,Basic,59.74,61,1,1.5,3,2025-12-01,2,,2,0,0.0,2.0,0.0,1.0
1145,Real Estate,Small,India,Organic,49.16,Pro,194.49,456,0,15.857142857142858,222,2026-07-01,14,-0.15517241379310345,14,0,0.0,2.0,0.0,4.5
1146,Legal,Small,United States,Outbound Sales,1227.3,Basic,61.35,577,1,0.8421052631578947,16,2026-07-01,19,,19,0,0.0,3.0,1.0,3.0
1147,Media,Small,India,Paid Search,444.16,Basic,45.57,424,1,4.642857142857143,65,2026-03-01,14,0.0,14,0,0.0,3.0,0.0,3.6666666666666665
1148,Media,Enterprise,United States,Paid Search,434.66,Basic,42.59,122,1,2.25,9,2027-09-01,4,2.0,4,0,0.0,1.0,0.0,1.0
1149,Logistics,Small,United States,Organic,69.78,Basic,63.3,91,1,2.3333333333333335,7,2025-06-01,3,,3,1,0.3333333333333333,0.0,0.0,
1150,Manufacturing,Mid-Market,United States,Paid Search,421.03,Pro,254.57,364,0,11.090909090909092,122,2026-07-01,11,-0.29268292682926833,11,0,0.0,3.0,0.0,4.0
1151,Real Estate,Enterprise,India,Organic,45.56,Basic,60.72,-30,0,5.8125,93,2028-03-01,16,-0.20833333333333337,16,0,0.0,3.0,1.0,4.0
1152,Healthcare,Enterprise,United Kingdom,Paid Search,496.67,Basic,61.36,517,0,7.5,120,2026-07-01,16,-0.10000000000000003,16,0,0.0,3.0,0.0,4.0
1153,Retail,Small,United States,Paid Search,526.52,Basic,54.68,607,0,4.052631578947368,77,2026-07-01,19,-0.4761904761904762,19,0,0.0,5.0,0.0,4.6
1154,Media,Enterprise,United Kingdom,Referral,114.03,Enterprise,1124.16,306,1,33.8,338,2025-12-01,10,-0.5583333333333333,10,2,0.2,2.0,0.0,4.0
1155,Hospitality,Small,United Kingdom,Organic,50.63,Pro,171.48,548,0,12.882352941176471,219,2026-07-01,17,-0.10526315789473675,17,2,0.11764705882352941,2.0,0.0,3.0
1156,Healthcare,Mid-Market,United States,Paid Search,617.6,Pro,236.2,607,0,8.473684210526315,161,2026-07-01,19,0.4347826086956521,19,0,0.0,5.0,0.0,3.8
1157,Hospitality,Enterprise,United States,Organic,47.52,Pro,244.85,456,0,10.785714285714286,151,2026-07-01,14,0.1428571428571427,14,0,0.0,3.0,1.0,4.5
1158,Real Estate,Small,Germany,Paid Search,350.79,Basic,52.35,61,1,3.5,7,2025-09-01,2,,2,0,0.0,1.0,0.0,2.0
1159,Manufacturing,Small,Australia,Partner,303.54,Basic,55.36,31,1,4.0,4,2025-01-01,1,,1,0,0.0,1.0,0.0,1.0
1160,Retail,Small,Australia,Referral,81.65,Basic,60.93,426,0,2.0,26,2026-07-01,13,-0.5,13,0,0.0,3.0,0.0,4.666666666666667
1161,Edtech,Mid-Market,United States,Organic,41.54,Basic,43.76,61,1,2.5,5,2024-12-01,2,,2,1,0.5,0.0,0.0,
1162,Real Estate,Small,United States,Organic,55.19,Basic,47.74,90,1,4.0,12,2025-03-01,3,,3,0,0.0,1.0,0.0,2.0
1163,Hospitality,Mid-Market,India,Paid Search,389.9,Pro,217.83,275,1,2.3333333333333335,21,2025-11-01,9,-0.8,9,2,0.2222222222222222,1.0,0.0,4.0
1164,Media,Small,India,Referral,124.53,Basic,61.49,456,0,8.571428571428571,120,2026-07-01,14,-0.3548387096774194,14,0,0.0,3.0,1.0,3.5
1165,Legal,Enterprise,United States,Referral,110.54,Basic,61.15,303,1,4.9,49,2025-11-01,10,-0.7916666666666666,10,0,0.0,2.0,0.0,3.0
1166,Logistics,Small,Germany,Partner,282.14,Basic,51.08,92,1,4.0,12,2024-12-01,3,,3,0,0.0,1.0,0.0,1.0
1167,Real Estate,Enterprise,United States,Referral,156.18,Pro,236.25,59,1,1.5,3,2025-02-01,2,,2,0,0.0,2.0,0.0,1.0
1168,Logistics,Mid-Market,United States,Organic,57.61,Basic,57.52,153,1,4.4,22,2025-12-01,5,-0.631578947368421,5,1,0.2,1.0,0.0,3.0
1169,Manufacturing,Mid-Market,United States,Referral,142.49,Basic,60.71,576,0,8.833333333333334,159,2026-07-01,18,0.16666666666666674,18,0,0.0,4.0,1.0,4.666666666666667
1170,Real Estate,Small,Australia,Organic,47.83,Pro,211.42,182,1,7.666666666666667,46,2025-05-01,6,-0.5161290322580645,6,0,0.0,0.0,0.0,
1171,Real Estate,Small,United States,Paid Search,421.41,Basic,56.78,244,1,4.875,39,2025-11-01,8,-0.2,8,1,0.125,2.0,0.0,2.5
1172,Edtech,Small,Germany,Organic,37.92,Pro,228.46,334,0,5.6,56,2026-07-01,10,-0.2173913043478261,10,0,0.0,1.0,1.0,
1173,Manufacturing,Small,United States,Partner,232.39,Basic,48.97,215,1,2.7142857142857144,19,2027-01-01,7,-0.6363636363636364,7,2,0.2857142857142857,1.0,0.0,3.0
1174,Retail,Enterprise,India,Organic,57.54,Basic,57.2,485,1,4.5625,73,2026-04-01,16,-0.42857142857142866,16,2,0.125,4.0,0.0,4.75
1175,Fintech,Small,United States,Referral,123.38,Pro,240.39,334,0,11.3,113,2026-07-01,10,0.37931034482758635,10,0,0.0,2.0,0.0,4.5
1176,Logistics,Mid-Market,Germany,Referral,145.7,Pro,205.5,273,1,7.333333333333333,66,2026-05-01,9,-0.576923076923077,9,0,0.0,2.0,0.0,5.0
1177,Logistics,Mid-Market,Australia,Outbound Sales,922.03,Pro,172.47,273,0,21.625,173,2026-07-01,8,0.06349206349206343,8,2,0.25,3.0,0.0,3.0
1178,Edtech,Mid-Market,India,Organic,38.76,Basic,55.81,182,1,2.1666666666666665,13,2026-03-01,6,-0.8181818181818182,6,3,0.5,1.0,0.0,5.0
1179,Edtech,Small,United States,Paid Search,393.51,Pro,239.08,364,0,7.0,77,2026-07-01,11,-0.08000000000000003,11,0,0.0,1.0,0.0,3.0
1180,Hospitality,Mid-Market,India,Referral,89.78,Basic,50.83,184,1,4.166666666666667,25,2026-01-01,6,-0.5294117647058824,6,0,0.0,2.0,2.0,
1181,Real Estate,Enterprise,United States,Organic,47.7,Pro,184.46,303,0,14.333333333333334,129,2026-07-01,9,-0.023809523809523853,9,1,0.1111111111111111,2.0,0.0,3.5
1182,Logistics,Small,India,Outbound Sales,942.35,Pro,235.79,303,0,22.666666666666668,204,2026-07-01,9,0.044117647058823525,9,0,0.0,2.0,0.0,3.5
1183,Real Estate,Mid-Market,India,Paid Search,698.12,Pro,239.72,275,1,16.0,144,2025-11-01,9,-0.6865671641791045,9,0,0.0,3.0,0.0,3.0
1184,Fintech,Small,United States,Partner,389.95,Basic,53.9,275,1,1.0,9,2025-11-01,9,-0.5,9,2,0.2222222222222222,4.0,1.0,4.333333333333333
1185,Fintech,Mid-Market,India,Partner,231.21,Basic,53.15,303,0,4.666666666666667,42,2026-07-01,9,-0.062499999999999944,9,0,0.0,2.0,0.0,4.0
1186,Legal,Small,India,Outbound Sales,1050.71,Basic,51.04,273,0,3.125,25,2026-07-01,8,1.5,8,0,0.0,3.0,1.0,3.0
1187,Fintech,Enterprise,United States,Outbound Sales,1080.17,Basic,54.76,607,0,10.31578947368421,196,2026-07-01,19,-0.2222222222222222,19,0,0.0,0.0,0.0,
1188,Legal,Small,United States,Referral,108.23,Pro,204.18,184,1,1.3333333333333333,8,2025-12-01,6,-1.0,6,0,0.0,2.0,0.0,2.0
1189,Healthcare,Small,India,Paid Search,387.68,Basic,51.44,334,0,2.8,28,2026-07-01,10,0.22222222222222218,10,1,0.1,3.0,0.0,4.0
1190,Retail,Mid-Market,United States,Paid Search,597.23,Basic,62.45,365,1,3.5,42,2026-03-01,12,-0.6874999999999999,12,0,0.0,4.0,0.0,2.25
1191,Fintech,Enterprise,India,Referral,92.21,Basic,48.56,0,1,2.125,34,2027-02-01,16,1.6666666666666665,16,2,0.125,3.0,0.0,4.0
1192,Healthcare,Small,India,Referral,91.2,Pro,172.93,364,0,20.181818181818183,222,2026-07-01,11,0.2075471698113206,11,1,0.09090909090909091,1.0,0.0,3.0
1193,Retail,Small,India,Paid Search,374.77,Pro,250.55,426,0,13.461538461538462,175,2026-07-01,13,-0.25,13,0,0.0,2.0,0.0,4.5
1194,Legal,Small,India,Paid Search,424.73,Pro,200.6,211,0,17.166666666666668,103,2026-07-01,6,0.1020408163265307,6,0,0.0,2.0,0.0,3.5
1195,Manufacturing,Mid-Market,United Kingdom,Paid Search,266.56,Basic,42.24,668,0,4.761904761904762,100,2026-07-01,21,-0.5555555555555556,21,0,0.0,2.0,2.0,
1196,Hospitality,Small,United States,Paid Search,456.22,Basic,46.79,576,0,3.5,63,2026-07-01,18,-0.3333333333333333,18,1,0.05555555555555555,3.0,0.0,3.3333333333333335
1197,Real Estate,Small,India,Referral,110.66,Basic,50.88,548,0,6.764705882352941,115,2026-07-01,17,0.46153846153846156,17,0,0.0,1.0,0.0,5.0
1198,Retail,Mid-Market,Canada,Referral,156.83,Pro,207.13,548,0,10.235294117647058,174,2026-07-01,17,0.18518518518518512,17,0,0.0,3.0,0.0,4.333333333333333
1199,Retail,Enterprise,India,Organic,59.84,Basic,47.2,182,1,0.8333333333333334,5,2025-03-01,6,,6,2,0.3333333333333333,2.0,0.0,4.0
1200,Legal,Mid-Market,India,Outbound Sales,929.15,Basic,42.06,183,1,3.3333333333333335,20,2025-11-01,6,-0.5714285714285715,6,0,0.0,2.0,0.0,2.5
