invoice_id,subscription_id,invoice_date,amount,payment_status,payment_method,retry_count
1,1,2025-04-01,51.92,paid,card,0
2,1,2025-05-01,51.92,paid,card,0
3,1,2025-06-01,51.92,paid,card,0
4,1,2025-07-01,51.92,paid,bank_transfer,0
5,1,2025-08-01,51.92,paid,card,0
6,1,2025-09-01,51.92,paid,card,0
7,1,2025-10-01,51.92,paid,upi,0
8,1,2025-11-01,51.92,paid,upi,0
9,1,2025-12-01,51.92,paid,card,0
10,1,2026-01-01,51.92,paid,card,0
11,1,2026-02-01,51.92,paid,bank_transfer,0
12,1,2026-03-01,51.92,paid,bank_transfer,0
13,1,2026-04-01,51.92,paid,upi,0
14,1,2026-05-01,51.92,paid,bank_transfer,0
15,2,2024-11-01,61.83,paid,card,0
16,2,2024-12-01,61.83,paid,card,0
17,2,2025-01-01,61.83,paid,card,0
18,2,2025-02-01,61.83,paid,upi,0
19,2,2025-03-01,61.83,paid,bank_transfer,0
20,2,2025-04-01,61.83,paid,card,0
21,2,2025-05-01,61.83,paid,card,0
22,2,2025-06-01,61.83,paid,bank_transfer,0
23,2,2025-07-01,61.83,paid,upi,0
24,2,2025-08-01,61.83,paid,bank_transfer,0
25,2,2025-09-01,61.83,paid,card,0
26,2,2025-10-01,61.83,paid,bank_transfer,0
27,2,2025-11-01,61.83,paid,card,0
28,2,2025-12-01,61.83,paid,card,0
29,2,2026-01-01,61.83,paid,card,0
30,2,2026-02-01,61.83,paid,card,0
31,2,2026-03-01,61.83,paid,card,0
32,2,2026-04-01,61.83,paid,card,0
33,2,2026-05-01,61.83,paid,card,0
34,2,2026-06-01,61.83,paid,bank_transfer,0
35,2,2026-07-01,61.83,paid,card,0
36,3,2024-10-01,46.54,paid,bank_transfer,0
37,3,2024-11-01,46.54,paid,bank_transfer,0
38,3,2024-12-01,46.54,paid,upi,0
39,3,2025-01-01,46.54,paid,bank_transfer,0
40,3,2025-02-01,46.54,failed,bank_transfer,1
41,3,2025-03-01,46.54,paid,bank_transfer,0
42,3,2025-04-01,46.54,paid,bank_transfer,0
43,3,2025-05-01,46.54,paid,card,0
44,3,2025-06-01,46.54,paid,card,0
45,4,2025-03-01,236.34,paid,card,0
46,4,2025-04-01,236.34,paid,card,0
47,4,2025-05-01,236.34,paid,card,0
48,4,2025-06-01,236.34,paid,card,0
49,4,2025-07-01,236.34,paid,card,0
50,4,2025-08-01,236.34,paid,bank_transfer,0
51,4,2025-09-01,236.34,paid,card,0
52,4,2025-10-01,236.34,paid,card,0
53,4,2025-11-01,236.34,paid,card,0
54,4,2025-12-01,236.34,paid,card,0
55,4,2026-01-01,236.34,paid,card,0
56,4,2026-02-01,236.34,paid,bank_transfer,0
57,4,2026-03-01,236.34,paid,card,0
58,4,2026-04-01,236.34,paid,card,0
59,4,2026-05-01,236.34,paid,card,0
60,4,2026-06-01,236.34,paid,bank_transfer,0
61,4,2026-07-01,236.34,paid,card,0
62,5,2025-07-01,46.08,paid,bank_transfer,0
63,5,2025-08-01,46.08,paid,upi,0
64,5,2025-09-01,46.08,paid,card,0
65,5,2025-10-01,46.08,paid,card,0
66,5,2025-11-01,46.08,paid,card,0
67,5,2025-12-01,46.08,paid,bank_transfer,0
68,5,2026-01-01,46.08,paid,card,0
69,5,2026-02-01,46.08,paid,bank_transfer,0
70,5,2026-03-01,46.08,paid,card,0
71,5,2026-04-01,46.08,paid,upi,0
72,5,2026-05-01,46.08,paid,upi,0
73,5,2026-06-01,46.08,paid,card,0
74,5,2026-07-01,46.08,paid,card,0
75,6,2025-02-01,43.26,paid,card,0
76,6,2025-03-01,43.26,paid,bank_transfer,0
77,6,2025-04-01,43.26,paid,card,0
78,6,2025-05-01,43.26,paid,bank_transfer,0
79,6,2025-06-01,43.26,paid,card,0
80,6,2025-07-01,43.26,paid,card,0
81,6,2025-08-01,43.26,paid,card,0
82,6,2025-09-01,43.26,paid,bank_transfer,0
83,6,2025-10-01,43.26,paid,card,0
84,6,2025-11-01,43.26,paid,card,0
85,6,2025-12-01,43.26,paid,bank_transfer,0
86,6,2026-01-01,43.26,paid,bank_transfer,0
87,6,2026-02-01,43.26,paid,card,0
88,6,2026-03-01,43.26,paid,card,0
89,7,2025-07-01,51.98,failed,card,0
90,7,2025-08-01,51.98,paid,bank_transfer,0
91,7,2025-09-01,51.98,paid,card,0
92,7,2025-10-01,51.98,paid,card,0
93,7,2025-11-01,51.98,paid,bank_transfer,0
94,7,2025-12-01,51.98,paid,card,0
95,7,2026-01-01,51.98,paid,card,0
96,7,2026-02-01,51.98,paid,card,0
97,7,2026-03-01,51.98,paid,card,0
98,7,2026-04-01,51.98,paid,card,0
99,7,2026-05-01,51.98,paid,card,0
100,7,2026-06-01,51.98,paid,bank_transfer,0
101,7,2026-07-01,51.98,paid,card,0
102,8,2025-08-01,192.82,paid,card,0
103,8,2025-09-01,192.82,paid,bank_transfer,0
104,8,2025-10-01,192.82,failed,card,0
105,8,2025-11-01,192.82,paid,card,0
106,8,2025-12-01,192.82,failed,card,1
107,8,2026-01-01,192.82,paid,card,0
108,8,2026-02-01,192.82,paid,card,0
109,8,2026-03-01,192.82,paid,card,0
110,8,2026-04-01,192.82,paid,card,0
111,8,2026-05-01,192.82,paid,bank_transfer,0
112,8,2026-06-01,192.82,paid,upi,0
113,8,2026-07-01,192.82,paid,bank_transfer,0
114,10,2025-12-01,56.56,paid,card,0
115,10,2026-01-01,56.56,paid,upi,0
116,10,2026-02-01,56.56,paid,card,0
117,10,2026-03-01,56.56,paid,card,0
118,10,2026-04-01,56.56,failed,card,2
119,10,2026-05-01,56.56,paid,card,0
120,10,2026-06-01,56.56,paid,card,0
121,11,2025-06-01,53.39,paid,upi,0
122,11,2025-07-01,53.39,paid,card,0
123,11,2025-08-01,53.39,paid,card,0
124,11,2025-09-01,53.39,paid,card,0
125,11,2025-10-01,53.39,paid,card,0
126,11,2025-11-01,53.39,paid,bank_transfer,0
127,11,2025-12-01,53.39,paid,card,0
128,11,2026-01-01,53.39,paid,card,0
129,11,2026-02-01,53.39,paid,card,0
130,11,2026-03-01,53.39,paid,bank_transfer,0
131,11,2026-04-01,53.39,paid,card,0
132,11,2026-05-01,53.39,paid,bank_transfer,0
133,11,2026-06-01,53.39,paid,card,0
134,11,2026-07-01,53.39,paid,card,0
135,12,2026-02-01,47.86,paid,card,0
136,12,2026-03-01,47.86,paid,card,0
137,12,2026-04-01,47.86,paid,card,0
138,12,2026-05-01,47.86,paid,card,0
139,12,2026-06-01,47.86,paid,card,0
140,12,2026-07-01,47.86,paid,card,0
141,13,2025-11-01,1023.57,paid,card,0
142,13,2025-12-01,1023.57,paid,upi,0
143,13,2026-01-01,1023.57,paid,upi,0
144,13,2026-02-01,1023.57,paid,bank_transfer,0
145,13,2026-03-01,1023.57,paid,card,0
146,13,2026-04-01,1023.57,paid,card,0
147,13,2026-05-01,1023.57,paid,upi,0
148,13,2026-06-01,1023.57,paid,bank_transfer,0
149,13,2026-07-01,1023.57,paid,card,0
150,15,2026-08-01,172.62,paid,card,0
151,15,2026-09-01,172.62,paid,bank_transfer,0
152,15,2026-10-01,172.62,paid,bank_transfer,0
153,15,2026-11-01,172.62,paid,card,0
154,15,2026-12-01,172.62,paid,card,0
155,15,2027-01-01,172.62,paid,card,0
156,15,2027-02-01,172.62,paid,card,0
157,15,2027-03-01,172.62,paid,card,0
158,15,2027-04-01,172.62,paid,card,0
159,15,2027-05-01,172.62,paid,card,0
160,15,2027-06-01,172.62,failed,card,2
161,15,2027-07-01,172.62,paid,bank_transfer,0
162,16,2025-10-01,56.83,paid,bank_transfer,0
163,16,2025-11-01,56.83,paid,card,0
164,16,2025-12-01,56.83,paid,card,0
165,16,2026-01-01,56.83,paid,card,0
166,16,2026-02-01,56.83,paid,card,0
167,16,2026-03-01,56.83,paid,bank_transfer,0
168,16,2026-04-01,56.83,paid,card,0
169,16,2026-05-01,56.83,paid,card,0
170,16,2026-06-01,56.83,paid,card,0
171,16,2026-07-01,56.83,paid,card,0
172,17,2025-12-01,170.79,paid,card,0
173,17,2026-01-01,170.79,paid,upi,0
174,17,2026-02-01,170.79,paid,card,0
175,17,2026-03-01,170.79,paid,card,0
176,17,2026-04-01,170.79,paid,card,0
177,17,2026-05-01,170.79,paid,card,0
178,17,2026-06-01,170.79,paid,bank_transfer,0
179,17,2026-07-01,170.79,paid,card,0
180,18,2025-09-01,813.7,paid,card,0
181,18,2025-10-01,813.7,paid,card,0
182,18,2025-11-01,813.7,paid,card,0
183,18,2025-12-01,813.7,paid,upi,0
184,18,2026-01-01,813.7,paid,card,0
185,18,2026-02-01,813.7,paid,card,0
186,18,2026-03-01,813.7,paid,card,0
187,18,2026-04-01,813.7,failed,card,0
188,18,2026-05-01,813.7,paid,bank_transfer,0
189,18,2026-06-01,813.7,paid,bank_transfer,0
190,18,2026-07-01,813.7,paid,card,0
191,19,2025-01-01,949.54,paid,card,0
192,19,2025-02-01,949.54,failed,card,1
193,19,2025-03-01,949.54,paid,upi,0
194,19,2025-04-01,949.54,paid,bank_transfer,0
195,19,2025-05-01,949.54,paid,card,0
196,19,2025-06-01,949.54,paid,card,0
197,19,2025-07-01,949.54,paid,card,0
198,19,2025-08-01,949.54,paid,card,0
199,19,2025-09-01,949.54,paid,bank_transfer,0
200,19,2025-10-01,949.54,paid,bank_transfer,0
201,19,2025-11-01,949.54,paid,card,0
202,19,2025-12-01,949.54,paid,upi,0
203,19,2026-01-01,949.54,paid,card,0
204,19,2026-02-01,949.54,paid,card,0
205,19,2026-03-01,949.54,paid,card,0
206,19,2026-04-01,949.54,paid,card,0
207,19,2026-05-01,949.54,paid,card,0
208,19,2026-06-01,949.54,paid,card,0
209,20,2025-06-01,58.27,paid,card,0
210,20,2025-07-01,58.27,paid,card,0
211,20,2025-08-01,58.27,paid,card,0
212,20,2025-09-01,58.27,paid,card,0
213,20,2025-10-01,58.27,paid,card,0
214,20,2025-11-01,58.27,paid,card,0
215,20,2025-12-01,58.27,paid,bank_transfer,0
216,20,2026-01-01,58.27,paid,upi,0
217,20,2026-02-01,58.27,paid,card,0
218,20,2026-03-01,58.27,paid,card,0
219,20,2026-04-01,58.27,paid,card,0
220,20,2026-05-01,58.27,paid,upi,0
221,20,2026-06-01,58.27,paid,upi,0
222,20,2026-07-01,58.27,paid,upi,0
223,21,2024-11-01,180.71,paid,upi,0
224,21,2024-12-01,180.71,paid,bank_transfer,0
225,22,2025-05-01,63.47,paid,card,0
226,22,2025-06-01,63.47,paid,card,0
227,22,2025-07-01,63.47,paid,bank_transfer,0
228,22,2025-08-01,63.47,paid,card,0
229,22,2025-09-01,63.47,paid,card,0
230,22,2025-10-01,63.47,paid,card,0
231,22,2025-11-01,63.47,paid,bank_transfer,0
232,22,2025-12-01,63.47,paid,card,0
233,22,2026-01-01,63.47,paid,card,0
234,22,2026-02-01,63.47,paid,card,0
235,22,2026-03-01,63.47,paid,bank_transfer,0
236,22,2026-04-01,63.47,paid,upi,0
237,22,2026-05-01,63.47,paid,card,0
238,22,2026-06-01,63.47,paid,card,0
239,22,2026-07-01,63.47,paid,card,0
240,23,2025-03-01,49.65,paid,bank_transfer,0
241,23,2025-04-01,49.65,paid,bank_transfer,0
242,23,2025-05-01,49.65,paid,card,0
243,23,2025-06-01,49.65,paid,card,0
244,23,2025-07-01,49.65,paid,card,0
245,23,2025-08-01,49.65,paid,bank_transfer,0
246,23,2025-09-01,49.65,paid,card,0
247,23,2025-10-01,49.65,paid,card,0
248,23,2025-11-01,49.65,paid,bank_transfer,0
249,23,2025-12-01,49.65,paid,card,0
250,23,2026-01-01,49.65,paid,card,0
251,23,2026-02-01,49.65,paid,card,0
252,23,2026-03-01,49.65,paid,card,0
253,23,2026-04-01,49.65,paid,bank_transfer,0
254,23,2026-05-01,49.65,paid,bank_transfer,0
255,23,2026-06-01,49.65,paid,card,0
256,23,2026-07-01,49.65,paid,card,0
257,24,2025-10-01,1077.81,paid,bank_transfer,0
258,24,2025-11-01,1077.81,paid,bank_transfer,0
259,24,2025-12-01,1077.81,paid,card,0
260,24,2026-01-01,1077.81,paid,bank_transfer,0
261,24,2026-02-01,1077.81,paid,card,0
262,24,2026-03-01,1077.81,paid,bank_transfer,0
263,25,2025-11-01,59.68,paid,card,0
264,25,2025-12-01,59.68,paid,bank_transfer,0
265,25,2026-01-01,59.68,paid,card,0
266,25,2026-02-01,59.68,paid,card,0
267,25,2026-03-01,59.68,paid,card,0
268,26,2025-11-01,246.26,paid,bank_transfer,0
269,26,2025-12-01,246.26,paid,card,0
270,26,2026-01-01,246.26,paid,card,0
271,26,2026-02-01,246.26,paid,card,0
272,26,2026-03-01,246.26,paid,upi,0
273,26,2026-04-01,246.26,paid,card,0
274,26,2026-05-01,246.26,paid,card,0
275,26,2026-06-01,246.26,paid,card,0
276,26,2026-07-01,246.26,paid,upi,0
277,27,2025-05-01,244.41,paid,card,0
278,27,2025-06-01,244.41,paid,card,0
279,28,2025-06-01,62.42,paid,bank_transfer,0
280,28,2025-07-01,62.42,paid,card,0
281,28,2025-08-01,62.42,paid,card,0
282,28,2025-09-01,62.42,paid,card,0
283,29,2026-03-01,49.19,paid,upi,0
284,29,2026-04-01,49.19,paid,card,0
285,29,2026-05-01,49.19,failed,card,1
286,29,2026-06-01,49.19,failed,card,1
287,30,2025-07-01,59.83,paid,bank_transfer,0
288,30,2025-08-01,59.83,paid,upi,0
289,30,2025-09-01,59.83,paid,bank_transfer,0
290,31,2026-01-01,238.24,paid,bank_transfer,0
291,31,2026-02-01,238.24,paid,bank_transfer,0
292,31,2026-03-01,238.24,paid,card,0
293,31,2026-04-01,238.24,paid,card,0
294,31,2026-05-01,238.24,failed,upi,1
295,31,2026-06-01,238.24,paid,upi,0
296,31,2026-07-01,238.24,paid,card,0
297,32,2025-08-01,1137.16,paid,card,0
298,32,2025-09-01,1137.16,paid,card,0
299,32,2025-10-01,1137.16,failed,card,2
300,32,2025-11-01,1137.16,paid,card,0
301,32,2025-12-01,1137.16,paid,bank_transfer,0
302,32,2026-01-01,1137.16,paid,card,0
303,32,2026-02-01,1137.16,paid,bank_transfer,0
304,32,2026-03-01,1137.16,paid,card,0
305,32,2026-04-01,1137.16,paid,bank_transfer,0
306,32,2026-05-01,1137.16,paid,bank_transfer,0
307,32,2026-06-01,1137.16,paid,card,0
308,32,2026-07-01,1137.16,paid,card,0
309,33,2025-04-01,48.4,paid,card,0
310,34,2025-03-01,42.39,paid,card,0
311,34,2025-04-01,42.39,paid,card,0
312,34,2025-05-01,42.39,failed,card,0
313,34,2025-06-01,42.39,paid,card,0
314,34,2025-07-01,42.39,paid,card,0
315,34,2025-08-01,42.39,paid,card,0
316,34,2025-09-01,42.39,paid,card,0
317,34,2025-10-01,42.39,paid,card,0
318,34,2025-11-01,42.39,paid,card,0
319,34,2025-12-01,42.39,paid,card,0
320,34,2026-01-01,42.39,paid,card,0
321,34,2026-02-01,42.39,paid,card,0
322,34,2026-03-01,42.39,paid,card,0
323,34,2026-04-01,42.39,paid,card,0
324,34,2026-05-01,42.39,paid,card,0
325,34,2026-06-01,42.39,paid,card,0
326,34,2026-07-01,42.39,paid,card,0
327,35,2025-08-01,225.09,paid,card,0
328,35,2025-09-01,225.09,paid,bank_transfer,0
329,35,2025-10-01,225.09,paid,card,0
330,35,2025-11-01,225.09,paid,card,0
331,35,2025-12-01,225.09,paid,card,0
332,35,2026-01-01,225.09,paid,card,0
333,35,2026-02-01,225.09,paid,card,0
334,35,2026-03-01,225.09,paid,bank_transfer,0
335,35,2026-04-01,225.09,paid,bank_transfer,0
336,35,2026-05-01,225.09,paid,card,0
337,35,2026-06-01,225.09,paid,card,0
338,35,2026-07-01,225.09,paid,card,0
339,36,2025-08-01,50.73,paid,card,0
340,37,2025-04-01,53.3,paid,card,0
341,37,2025-05-01,53.3,paid,bank_transfer,0
342,37,2025-06-01,53.3,paid,card,0
343,37,2025-07-01,53.3,paid,card,0
344,37,2025-08-01,53.3,paid,bank_transfer,0
345,37,2025-09-01,53.3,paid,card,0
346,37,2025-10-01,53.3,paid,bank_transfer,0
347,37,2025-11-01,53.3,paid,card,0
348,37,2025-12-01,53.3,paid,upi,0
349,37,2026-01-01,53.3,paid,card,0
350,37,2026-02-01,53.3,paid,card,0
351,37,2026-03-01,53.3,paid,card,0
352,37,2026-04-01,53.3,paid,bank_transfer,0
353,38,2025-11-01,203.52,paid,card,0
354,38,2025-12-01,203.52,paid,card,0
355,38,2026-01-01,203.52,paid,bank_transfer,0
356,38,2026-02-01,203.52,paid,card,0
357,38,2026-03-01,203.52,paid,bank_transfer,0
358,38,2026-04-01,203.52,paid,upi,0
359,38,2026-05-01,203.52,paid,card,0
360,38,2026-06-01,203.52,paid,card,0
361,38,2026-07-01,203.52,paid,card,0
362,39,2024-12-01,869.6,paid,bank_transfer,0
363,39,2025-01-01,869.6,paid,bank_transfer,0
364,39,2025-02-01,869.6,paid,card,0
365,39,2025-03-01,869.6,paid,card,0
366,39,2025-04-01,869.6,paid,card,0
367,39,2025-05-01,869.6,paid,card,0
368,39,2025-06-01,869.6,failed,card,2
369,40,2025-09-01,229.09,paid,card,0
370,40,2025-10-01,229.09,paid,card,0
371,40,2025-11-01,229.09,paid,card,0
372,40,2025-12-01,229.09,paid,card,0
373,40,2026-01-01,229.09,paid,card,0
374,40,2026-02-01,229.09,paid,card,0
375,40,2026-03-01,229.09,paid,card,0
376,40,2026-04-01,229.09,failed,upi,4
377,40,2026-05-01,229.09,paid,card,0
378,40,2026-06-01,229.09,failed,upi,0
379,40,2026-07-01,229.09,failed,card,3
380,41,2025-08-01,56.94,paid,card,0
381,41,2025-09-01,56.94,paid,card,0
382,41,2025-10-01,56.94,paid,bank_transfer,0
383,41,2025-11-01,56.94,paid,card,0
384,41,2025-12-01,56.94,paid,card,0
385,41,2026-01-01,56.94,paid,card,0
386,41,2026-02-01,56.94,paid,bank_transfer,0
387,41,2026-03-01,56.94,paid,card,0
388,41,2026-04-01,56.94,paid,bank_transfer,0
389,41,2026-05-01,56.94,paid,bank_transfer,0
390,41,2026-06-01,56.94,failed,card,1
391,41,2026-07-01,56.94,paid,bank_transfer,0
392,42,2024-12-01,52.25,paid,card,0
393,42,2025-01-01,52.25,paid,upi,0
394,42,2025-02-01,52.25,paid,card,0
395,42,2025-03-01,52.25,paid,card,0
396,42,2025-04-01,52.25,paid,card,0
397,42,2025-05-01,52.25,paid,card,0
398,43,2025-06-01,206.38,paid,card,0
399,43,2025-07-01,206.38,paid,card,0
400,43,2025-08-01,206.38,paid,card,0
401,43,2025-09-01,206.38,paid,upi,0
402,43,2025-10-01,206.38,paid,card,0
403,43,2025-11-01,206.38,paid,bank_transfer,0
404,43,2025-12-01,206.38,paid,card,0
405,43,2026-01-01,206.38,paid,card,0
406,43,2026-02-01,206.38,paid,bank_transfer,0
407,43,2026-03-01,206.38,paid,bank_transfer,0
408,43,2026-04-01,206.38,paid,card,0
409,43,2026-05-01,206.38,paid,upi,0
410,43,2026-06-01,206.38,paid,upi,0
411,43,2026-07-01,206.38,paid,upi,0
412,44,2025-04-01,53.8,paid,card,0
413,44,2025-05-01,53.8,paid,card,0
414,44,2025-06-01,53.8,paid,card,0
415,44,2025-07-01,53.8,paid,card,0
416,44,2025-08-01,53.8,paid,bank_transfer,0
417,44,2025-09-01,53.8,paid,card,0
418,44,2025-10-01,53.8,paid,bank_transfer,0
419,45,2025-08-01,44.61,paid,card,0
420,45,2025-09-01,44.61,paid,card,0
421,45,2025-10-01,44.61,paid,upi,0
422,45,2025-11-01,44.61,paid,card,0
423,45,2025-12-01,44.61,failed,card,0
424,45,2026-01-01,44.61,paid,card,0
425,45,2026-02-01,44.61,failed,card,0
426,45,2026-03-01,44.61,paid,card,0
427,45,2026-04-01,44.61,paid,card,0
428,45,2026-05-01,44.61,paid,card,0
429,45,2026-06-01,44.61,paid,card,0
430,45,2026-07-01,44.61,paid,bank_transfer,0
431,46,2026-04-01,222.02,paid,card,0
432,46,2026-05-01,222.02,paid,card,0
433,46,2026-06-01,222.02,paid,bank_transfer,0
434,46,2026-07-01,222.02,paid,card,0
435,47,2025-10-01,55.38,paid,card,0
436,47,2025-11-01,55.38,paid,bank_transfer,0
437,47,2025-12-01,55.38,paid,card,0
438,47,2026-01-01,55.38,paid,card,0
439,47,2026-02-01,55.38,failed,bank_transfer,1
440,47,2026-03-01,55.38,paid,card,0
441,47,2026-04-01,55.38,paid,card,0
442,47,2026-05-01,55.38,paid,card,0
443,47,2026-06-01,55.38,paid,card,0
444,47,2026-07-01,55.38,paid,card,0
445,48,2025-03-01,59.92,paid,card,0
446,48,2025-04-01,59.92,paid,card,0
447,48,2025-05-01,59.92,paid,card,0
448,48,2025-06-01,59.92,paid,card,0
449,48,2025-07-01,59.92,paid,card,0
450,48,2025-08-01,59.92,paid,card,0
451,48,2025-09-01,59.92,paid,card,0
452,48,2025-10-01,59.92,paid,card,0
453,48,2025-11-01,59.92,paid,card,0
454,48,2025-12-01,59.92,failed,bank_transfer,2
455,48,2026-01-01,59.92,paid,bank_transfer,0
456,48,2026-02-01,59.92,paid,bank_transfer,0
457,49,2026-02-01,48.65,paid,bank_transfer,0
458,49,2026-03-01,48.65,paid,card,0
459,49,2026-04-01,48.65,paid,card,0
460,49,2026-05-01,48.65,paid,card,0
461,49,2026-06-01,48.65,paid,card,0
462,49,2026-07-01,48.65,paid,bank_transfer,0
463,50,2026-03-01,207.07,paid,card,0
464,50,2026-04-01,207.07,failed,card,2
465,50,2026-05-01,207.07,paid,card,0
466,50,2026-06-01,207.07,paid,card,0
467,50,2026-07-01,207.07,paid,card,0
468,51,2025-11-01,41.73,paid,upi,0
469,51,2025-12-01,41.73,paid,card,0
470,51,2026-01-01,41.73,paid,card,0
471,51,2026-02-01,41.73,paid,card,0
472,51,2026-03-01,41.73,paid,card,0
473,51,2026-04-01,41.73,failed,card,3
474,51,2026-05-01,41.73,paid,card,0
475,51,2026-06-01,41.73,paid,card,0
476,51,2026-07-01,41.73,paid,card,0
477,52,2025-07-01,56.97,paid,card,0
478,52,2025-08-01,56.97,paid,upi,0
479,52,2025-09-01,56.97,paid,upi,0
480,52,2025-10-01,56.97,paid,card,0
481,52,2025-11-01,56.97,paid,bank_transfer,0
482,52,2025-12-01,56.97,paid,upi,0
483,52,2026-01-01,56.97,paid,card,0
484,52,2026-02-01,56.97,paid,card,0
485,52,2026-03-01,56.97,paid,card,0
486,52,2026-04-01,56.97,paid,card,0
487,52,2026-05-01,56.97,paid,card,0
488,52,2026-06-01,56.97,paid,card,0
489,52,2026-07-01,56.97,paid,card,0
490,53,2025-01-01,57.82,paid,bank_transfer,0
491,53,2025-02-01,57.82,paid,card,0
492,53,2025-03-01,57.82,paid,card,0
493,53,2025-04-01,57.82,paid,card,0
494,54,2025-04-01,53.93,paid,bank_transfer,0
495,54,2025-05-01,53.93,paid,card,0
496,54,2025-06-01,53.93,paid,bank_transfer,0
497,54,2025-07-01,53.93,paid,card,0
498,54,2025-08-01,53.93,paid,card,0
499,54,2025-09-01,53.93,paid,bank_transfer,0
500,54,2025-10-01,53.93,paid,card,0
501,55,2025-12-01,195.37,paid,upi,0
502,55,2026-01-01,195.37,paid,card,0
503,55,2026-02-01,195.37,paid,card,0
504,55,2026-03-01,195.37,paid,card,0
505,55,2026-04-01,195.37,paid,card,0
506,55,2026-05-01,195.37,paid,upi,0
507,55,2026-06-01,195.37,paid,card,0
508,55,2026-07-01,195.37,paid,card,0
509,56,2025-09-01,41.68,paid,card,0
510,56,2025-10-01,41.68,paid,card,0
511,56,2025-11-01,41.68,paid,card,0
512,56,2025-12-01,41.68,paid,card,0
513,56,2026-01-01,41.68,paid,card,0
514,56,2026-02-01,41.68,paid,card,0
515,56,2026-03-01,41.68,paid,card,0
516,56,2026-04-01,41.68,paid,card,0
517,56,2026-05-01,41.68,paid,card,0
518,56,2026-06-01,41.68,paid,upi,0
519,56,2026-07-01,41.68,paid,card,0
520,57,2025-04-01,53.7,paid,bank_transfer,0
521,57,2025-05-01,53.7,failed,card,2
522,57,2025-06-01,53.7,paid,card,0
523,57,2025-07-01,53.7,failed,upi,3
524,57,2025-08-01,53.7,paid,card,0
525,57,2025-09-01,53.7,paid,bank_transfer,0
526,57,2025-10-01,53.7,paid,upi,0
527,57,2025-11-01,53.7,paid,upi,0
528,57,2025-12-01,53.7,paid,card,0
529,57,2026-01-01,53.7,paid,card,0
530,57,2026-02-01,53.7,paid,card,0
531,57,2026-03-01,53.7,paid,card,0
532,57,2026-04-01,53.7,paid,card,0
533,57,2026-05-01,53.7,paid,card,0
534,57,2026-06-01,53.7,failed,card,2
535,57,2026-07-01,53.7,paid,card,0
536,58,2025-03-01,234.22,paid,card,0
537,58,2025-04-01,234.22,paid,card,0
538,58,2025-05-01,234.22,paid,card,0
539,58,2025-06-01,234.22,paid,card,0
540,58,2025-07-01,234.22,paid,bank_transfer,0
541,58,2025-08-01,234.22,paid,card,0
542,58,2025-09-01,234.22,paid,upi,0
543,58,2025-10-01,234.22,paid,card,0
544,58,2025-11-01,234.22,paid,card,0
545,58,2025-12-01,234.22,paid,card,0
546,58,2026-01-01,234.22,paid,card,0
547,58,2026-02-01,234.22,paid,card,0
548,58,2026-03-01,234.22,paid,card,0
549,58,2026-04-01,234.22,paid,card,0
550,58,2026-05-01,234.22,paid,card,0
551,58,2026-06-01,234.22,paid,card,0
552,58,2026-07-01,234.22,paid,bank_transfer,0
553,59,2025-11-01,211.4,paid,bank_transfer,0
554,59,2025-12-01,211.4,paid,card,0
555,59,2026-01-01,211.4,paid,card,0
556,59,2026-02-01,211.4,paid,bank_transfer,0
557,59,2026-03-01,211.4,paid,card,0
558,59,2026-04-01,211.4,paid,card,0
559,59,2026-05-01,211.4,paid,card,0
560,59,2026-06-01,211.4,paid,card,0
561,59,2026-07-01,211.4,paid,card,0
562,60,2025-07-01,62.99,paid,card,0
563,60,2025-08-01,62.99,paid,bank_transfer,0
564,60,2025-09-01,62.99,paid,card,0
565,61,2025-06-01,53.99,paid,card,0
566,61,2025-07-01,53.99,paid,card,0
567,62,2025-10-01,178.53,paid,bank_transfer,0
568,62,2025-11-01,178.53,paid,bank_transfer,0
569,62,2025-12-01,178.53,paid,bank_transfer,0
570,62,2026-01-01,178.53,paid,card,0
571,62,2026-02-01,178.53,paid,card,0
572,62,2026-03-01,178.53,paid,card,0
573,62,2026-04-01,178.53,paid,card,0
574,62,2026-05-01,178.53,paid,bank_transfer,0
575,62,2026-06-01,178.53,paid,card,0
576,62,2026-07-01,178.53,paid,card,0
577,63,2024-10-01,1079.91,paid,card,0
578,63,2024-11-01,1079.91,paid,card,0
579,63,2024-12-01,1079.91,paid,upi,0
580,63,2025-01-01,1079.91,paid,bank_transfer,0
581,63,2025-02-01,1079.91,paid,bank_transfer,0
582,63,2025-03-01,1079.91,failed,card,1
583,63,2025-04-01,1079.91,paid,card,0
584,63,2025-05-01,1079.91,paid,card,0
585,63,2025-06-01,1079.91,paid,bank_transfer,0
586,63,2025-07-01,1079.91,paid,card,0
587,63,2025-08-01,1079.91,paid,card,0
588,63,2025-09-01,1079.91,paid,card,0
589,63,2025-10-01,1079.91,paid,card,0
590,63,2025-11-01,1079.91,paid,card,0
591,63,2025-12-01,1079.91,paid,bank_transfer,0
592,63,2026-01-01,1079.91,paid,card,0
593,63,2026-02-01,1079.91,paid,card,0
594,63,2026-03-01,1079.91,paid,card,0
595,63,2026-04-01,1079.91,paid,card,0
596,63,2026-05-01,1079.91,paid,card,0
597,63,2026-06-01,1079.91,paid,upi,0
598,63,2026-07-01,1079.91,paid,card,0
599,64,2025-01-01,238.43,paid,bank_transfer,0
600,64,2025-02-01,238.43,paid,card,0
601,64,2025-03-01,238.43,paid,card,0
602,64,2025-04-01,238.43,paid,card,0
603,64,2025-05-01,238.43,paid,card,0
604,64,2025-06-01,238.43,paid,card,0
605,64,2025-07-01,238.43,paid,card,0
606,64,2025-08-01,238.43,paid,card,0
607,65,2025-08-01,193.56,paid,card,0
608,65,2025-09-01,193.56,paid,card,0
609,65,2025-10-01,193.56,paid,card,0
610,65,2025-11-01,193.56,paid,upi,0
611,65,2025-12-01,193.56,paid,card,0
612,66,2025-05-01,42.31,paid,bank_transfer,0
613,66,2025-06-01,42.31,paid,card,0
614,66,2025-07-01,42.31,paid,card,0
615,66,2025-08-01,42.31,paid,card,0
616,66,2025-09-01,42.31,paid,card,0
617,67,2024-10-01,911.67,paid,card,0
618,67,2024-11-01,911.67,paid,bank_transfer,0
619,67,2024-12-01,911.67,paid,bank_transfer,0
620,67,2025-01-01,911.67,failed,upi,1
621,68,2025-06-01,50.0,paid,upi,0
622,68,2025-07-01,50.0,paid,bank_transfer,0
623,68,2025-08-01,50.0,paid,card,0
624,68,2025-09-01,50.0,paid,bank_transfer,0
625,68,2025-10-01,50.0,paid,card,0
626,68,2025-11-01,50.0,paid,card,0
627,68,2025-12-01,50.0,paid,card,0
628,68,2026-01-01,50.0,paid,card,0
629,68,2026-02-01,50.0,paid,card,0
630,68,2026-03-01,50.0,paid,upi,0
631,68,2026-04-01,50.0,paid,bank_transfer,0
632,68,2026-05-01,50.0,paid,card,0
633,68,2026-06-01,50.0,paid,card,0
634,68,2026-07-01,50.0,paid,card,0
635,69,2025-04-01,50.67,paid,card,0
636,69,2025-05-01,50.67,paid,card,0
637,69,2025-06-01,50.67,paid,card,0
638,69,2025-07-01,50.67,paid,upi,0
639,69,2025-08-01,50.67,paid,card,0
640,69,2025-09-01,50.67,paid,card,0
641,71,2026-02-01,63.52,paid,card,0
642,71,2026-03-01,63.52,paid,card,0
643,71,2026-04-01,63.52,paid,upi,0
644,73,2025-11-01,230.67,paid,bank_transfer,0
645,74,2025-04-01,50.52,paid,bank_transfer,0
646,74,2025-05-01,50.52,paid,card,0
647,74,2025-06-01,50.52,paid,card,0
648,74,2025-07-01,50.52,paid,card,0
649,74,2025-08-01,50.52,failed,bank_transfer,1
650,74,2025-09-01,50.52,failed,bank_transfer,3
651,75,2026-02-01,962.05,paid,card,0
652,75,2026-03-01,962.05,paid,card,0
653,75,2026-04-01,962.05,paid,card,0
654,75,2026-05-01,962.05,paid,bank_transfer,0
655,75,2026-06-01,962.05,paid,card,0
656,75,2026-07-01,962.05,paid,card,0
657,76,2025-11-01,48.48,paid,card,0
658,76,2025-12-01,48.48,paid,card,0
659,76,2026-01-01,48.48,paid,card,0
660,76,2026-02-01,48.48,paid,card,0
661,76,2026-03-01,48.48,paid,card,0
662,76,2026-04-01,48.48,paid,card,0
663,76,2026-05-01,48.48,paid,upi,0
664,76,2026-06-01,48.48,paid,bank_transfer,0
665,76,2026-07-01,48.48,paid,card,0
666,78,2025-06-01,47.49,paid,card,0
667,79,2025-03-01,254.0,paid,upi,0
668,79,2025-04-01,254.0,paid,card,0
669,79,2025-05-01,254.0,paid,card,0
670,79,2025-06-01,254.0,paid,upi,0
671,79,2025-07-01,254.0,paid,bank_transfer,0
672,79,2025-08-01,254.0,paid,card,0
673,80,2026-05-01,248.33,paid,bank_transfer,0
674,80,2026-06-01,248.33,paid,card,0
675,80,2026-07-01,248.33,paid,card,0
676,81,2025-12-01,183.72,paid,card,0
677,81,2026-01-01,183.72,paid,card,0
678,81,2026-02-01,183.72,paid,card,0
679,81,2026-03-01,183.72,paid,card,0
680,81,2026-04-01,183.72,paid,card,0
681,81,2026-05-01,183.72,paid,bank_transfer,0
682,81,2026-06-01,183.72,paid,bank_transfer,0
683,81,2026-07-01,183.72,paid,card,0
684,82,2024-12-01,254.14,paid,card,0
685,82,2025-01-01,254.14,paid,card,0
686,82,2025-02-01,254.14,paid,card,0
687,82,2025-03-01,254.14,paid,card,0
688,82,2025-04-01,254.14,paid,card,0
689,82,2025-05-01,254.14,paid,card,0
690,82,2025-06-01,254.14,paid,card,0
691,82,2025-07-01,254.14,paid,card,0
692,82,2025-08-01,254.14,paid,card,0
693,82,2025-09-01,254.14,paid,card,0
694,82,2025-10-01,254.14,paid,card,0
695,82,2025-11-01,254.14,paid,card,0
696,82,2025-12-01,254.14,paid,card,0
697,82,2026-01-01,254.14,paid,card,0
698,82,2026-02-01,254.14,paid,card,0
699,82,2026-03-01,254.14,paid,bank_transfer,0
700,82,2026-04-01,254.14,paid,card,0
701,82,2026-05-01,254.14,paid,card,0
702,82,2026-06-01,254.14,paid,card,0
703,82,2026-07-01,254.14,paid,card,0
704,83,2025-04-01,233.77,paid,card,0
705,83,2025-05-01,233.77,paid,card,0
706,83,2025-06-01,233.77,paid,card,0
707,83,2025-07-01,233.77,paid,card,0
708,83,2025-08-01,233.77,paid,card,0
709,83,2025-09-01,233.77,paid,card,0
710,83,2025-10-01,233.77,paid,card,0
711,83,2025-11-01,233.77,failed,card,2
712,83,2025-12-01,233.77,failed,bank_transfer,0
713,83,2026-01-01,233.77,paid,card,0
714,83,2026-02-01,233.77,paid,card,0
715,83,2026-03-01,233.77,paid,card,0
716,83,2026-04-01,233.77,paid,card,0
717,83,2026-05-01,233.77,paid,card,0
718,83,2026-06-01,233.77,paid,card,0
719,83,2026-07-01,233.77,paid,card,0
720,84,2025-03-01,46.63,paid,card,0
721,84,2025-04-01,46.63,paid,card,0
722,84,2025-05-01,46.63,paid,card,0
723,84,2025-06-01,46.63,paid,bank_transfer,0
724,84,2025-07-01,46.63,paid,card,0
725,84,2025-08-01,46.63,paid,card,0
726,84,2025-09-01,46.63,paid,card,0
727,84,2025-10-01,46.63,paid,card,0
728,84,2025-11-01,46.63,paid,card,0
729,84,2025-12-01,46.63,paid,bank_transfer,0
730,84,2026-01-01,46.63,failed,bank_transfer,0
731,84,2026-02-01,46.63,paid,card,0
732,84,2026-03-01,46.63,paid,card,0
733,84,2026-04-01,46.63,paid,upi,0
734,84,2026-05-01,46.63,paid,card,0
735,84,2026-06-01,46.63,paid,card,0
736,84,2026-07-01,46.63,paid,card,0
737,85,2025-03-01,239.71,paid,card,0
738,85,2025-04-01,239.71,paid,card,0
739,85,2025-05-01,239.71,paid,bank_transfer,0
740,85,2025-06-01,239.71,paid,card,0
741,85,2025-07-01,239.71,paid,card,0
742,85,2025-08-01,239.71,paid,card,0
743,85,2025-09-01,239.71,paid,upi,0
744,85,2025-10-01,239.71,paid,bank_transfer,0
745,85,2025-11-01,239.71,paid,bank_transfer,0
746,85,2025-12-01,239.71,paid,card,0
747,85,2026-01-01,239.71,paid,card,0
748,85,2026-02-01,239.71,paid,upi,0
749,85,2026-03-01,239.71,paid,card,0
750,85,2026-04-01,239.71,paid,card,0
751,85,2026-05-01,239.71,paid,card,0
752,85,2026-06-01,239.71,paid,upi,0
753,85,2026-07-01,239.71,paid,card,0
754,86,2025-10-01,215.28,paid,card,0
755,87,2025-05-01,52.86,paid,card,0
756,87,2025-06-01,52.86,paid,card,0
757,88,2025-01-01,179.4,paid,card,0
758,88,2025-02-01,179.4,paid,upi,0
759,88,2025-03-01,179.4,failed,card,4
760,88,2025-04-01,179.4,paid,card,0
761,88,2025-05-01,179.4,failed,card,2
762,88,2025-06-01,179.4,paid,card,0
763,88,2025-07-01,179.4,paid,bank_transfer,0
764,88,2025-08-01,179.4,paid,card,0
765,88,2025-09-01,179.4,paid,card,0
766,88,2025-10-01,179.4,paid,bank_transfer,0
767,88,2025-11-01,179.4,paid,card,0
768,88,2025-12-01,179.4,paid,card,0
769,88,2026-01-01,179.4,paid,bank_transfer,0
770,88,2026-02-01,179.4,paid,card,0
771,88,2026-03-01,179.4,paid,card,0
772,88,2026-04-01,179.4,paid,card,0
773,88,2026-05-01,179.4,paid,card,0
774,88,2026-06-01,179.4,paid,card,0
775,88,2026-07-01,179.4,paid,card,0
776,89,2025-09-01,50.94,paid,card,0
777,89,2025-10-01,50.94,paid,card,0
778,89,2025-11-01,50.94,paid,card,0
779,89,2025-12-01,50.94,paid,card,0
780,89,2026-01-01,50.94,paid,upi,0
781,89,2026-02-01,50.94,paid,card,0
782,89,2026-03-01,50.94,failed,card,1
783,89,2026-04-01,50.94,paid,card,0
784,89,2026-05-01,50.94,paid,card,0
785,89,2026-06-01,50.94,paid,card,0
786,89,2026-07-01,50.94,paid,card,0
787,90,2025-04-01,63.58,paid,card,0
788,90,2025-05-01,63.58,paid,card,0
789,90,2025-06-01,63.58,paid,bank_transfer,0
790,90,2025-07-01,63.58,paid,card,0
791,90,2025-08-01,63.58,paid,upi,0
792,90,2025-09-01,63.58,paid,card,0
793,90,2025-10-01,63.58,paid,card,0
794,90,2025-11-01,63.58,paid,bank_transfer,0
795,90,2025-12-01,63.58,paid,card,0
796,90,2026-01-01,63.58,paid,card,0
797,90,2026-02-01,63.58,paid,upi,0
798,90,2026-03-01,63.58,paid,bank_transfer,0
799,90,2026-04-01,63.58,paid,card,0
800,91,2025-10-01,177.11,paid,card,0
801,91,2025-11-01,177.11,paid,card,0
802,91,2025-12-01,177.11,paid,card,0
803,91,2026-01-01,177.11,paid,upi,0
804,91,2026-02-01,177.11,paid,card,0
805,91,2026-03-01,177.11,paid,card,0
806,91,2026-04-01,177.11,paid,bank_transfer,0
807,91,2026-05-01,177.11,failed,card,1
808,91,2026-06-01,177.11,failed,bank_transfer,1
809,92,2025-01-01,62.34,paid,card,0
810,92,2025-02-01,62.34,paid,bank_transfer,0
811,92,2025-03-01,62.34,paid,card,0
812,92,2025-04-01,62.34,paid,card,0
813,92,2025-05-01,62.34,paid,card,0
814,92,2025-06-01,62.34,paid,card,0
815,92,2025-07-01,62.34,paid,card,0
816,92,2025-08-01,62.34,paid,upi,0
817,92,2025-09-01,62.34,failed,card,3
818,92,2025-10-01,62.34,paid,card,0
819,92,2025-11-01,62.34,paid,card,0
820,92,2025-12-01,62.34,paid,card,0
821,92,2026-01-01,62.34,paid,card,0
822,92,2026-02-01,62.34,paid,card,0
823,92,2026-03-01,62.34,paid,bank_transfer,0
824,92,2026-04-01,62.34,paid,bank_transfer,0
825,92,2026-05-01,62.34,paid,upi,0
826,92,2026-06-01,62.34,paid,card,0
827,92,2026-07-01,62.34,paid,card,0
828,94,2026-05-01,235.66,paid,card,0
829,94,2026-06-01,235.66,paid,upi,0
830,94,2026-07-01,235.66,paid,bank_transfer,0
831,94,2026-08-01,235.66,paid,upi,0
832,94,2026-09-01,235.66,paid,card,0
833,94,2026-10-01,235.66,paid,upi,0
834,94,2026-11-01,235.66,paid,card,0
835,94,2026-12-01,235.66,paid,card,0
836,95,2026-03-01,47.61,paid,upi,0
837,95,2026-04-01,47.61,paid,card,0
838,95,2026-05-01,47.61,paid,card,0
839,95,2026-06-01,47.61,paid,bank_transfer,0
840,95,2026-07-01,47.61,paid,bank_transfer,0
841,96,2024-10-01,929.95,paid,card,0
842,96,2024-11-01,929.95,paid,card,0
843,96,2024-12-01,929.95,paid,card,0
844,96,2025-01-01,929.95,paid,card,0
845,96,2025-02-01,929.95,paid,card,0
846,96,2025-03-01,929.95,paid,card,0
847,96,2025-04-01,929.95,paid,card,0
848,96,2025-05-01,929.95,paid,card,0
849,96,2025-06-01,929.95,paid,card,0
850,96,2025-07-01,929.95,paid,bank_transfer,0
851,96,2025-08-01,929.95,paid,card,0
852,96,2025-09-01,929.95,paid,bank_transfer,0
853,96,2025-10-01,929.95,paid,upi,0
854,96,2025-11-01,929.95,paid,bank_transfer,0
855,97,2025-06-01,257.04,paid,card,0
856,97,2025-07-01,257.04,paid,card,0
857,97,2025-08-01,257.04,paid,card,0
858,97,2025-09-01,257.04,paid,card,0
859,97,2025-10-01,257.04,paid,bank_transfer,0
860,97,2025-11-01,257.04,paid,card,0
861,97,2025-12-01,257.04,paid,card,0
862,97,2026-01-01,257.04,paid,card,0
863,97,2026-02-01,257.04,paid,card,0
864,97,2026-03-01,257.04,paid,card,0
865,97,2026-04-01,257.04,paid,card,0
866,97,2026-05-01,257.04,paid,bank_transfer,0
867,97,2026-06-01,257.04,paid,card,0
868,97,2026-07-01,257.04,paid,card,0
869,98,2025-07-01,61.53,paid,card,0
870,98,2025-08-01,61.53,paid,upi,0
871,98,2025-09-01,61.53,paid,card,0
872,98,2025-10-01,61.53,paid,card,0
873,98,2025-11-01,61.53,paid,card,0
874,98,2025-12-01,61.53,paid,card,0
875,98,2026-01-01,61.53,paid,card,0
876,98,2026-02-01,61.53,paid,card,0
877,98,2026-03-01,61.53,failed,card,0
878,98,2026-04-01,61.53,failed,card,1
879,99,2025-07-01,46.17,paid,upi,0
880,99,2025-08-01,46.17,paid,card,0
881,99,2025-09-01,46.17,paid,card,0
882,99,2025-10-01,46.17,paid,card,0
883,99,2025-11-01,46.17,paid,upi,0
884,99,2025-12-01,46.17,paid,bank_transfer,0
885,99,2026-01-01,46.17,paid,card,0
886,99,2026-02-01,46.17,paid,card,0
887,99,2026-03-01,46.17,paid,card,0
888,99,2026-04-01,46.17,failed,card,0
889,99,2026-05-01,46.17,paid,bank_transfer,0
890,99,2026-06-01,46.17,failed,card,2
891,99,2026-07-01,46.17,paid,bank_transfer,0
892,100,2025-03-01,230.05,paid,card,0
893,100,2025-04-01,230.05,paid,card,0
894,100,2025-05-01,230.05,paid,card,0
895,100,2025-06-01,230.05,paid,card,0
896,100,2025-07-01,230.05,paid,upi,0
897,100,2025-08-01,230.05,paid,card,0
898,100,2025-09-01,230.05,paid,upi,0
899,100,2025-10-01,230.05,paid,card,0
900,100,2025-11-01,230.05,paid,card,0
901,100,2025-12-01,230.05,paid,bank_transfer,0
902,100,2026-01-01,230.05,failed,card,1
903,100,2026-02-01,230.05,paid,card,0
904,100,2026-03-01,230.05,paid,upi,0
905,100,2026-04-01,230.05,paid,bank_transfer,0
906,100,2026-05-01,230.05,paid,card,0
907,100,2026-06-01,230.05,paid,card,0
908,100,2026-07-01,230.05,paid,card,0
909,101,2025-07-01,50.85,failed,bank_transfer,0
910,101,2025-08-01,50.85,paid,upi,0
911,101,2025-09-01,50.85,paid,card,0
912,101,2025-10-01,50.85,paid,card,0
913,101,2025-11-01,50.85,paid,upi,0
914,101,2025-12-01,50.85,paid,card,0
915,101,2026-01-01,50.85,paid,card,0
916,101,2026-02-01,50.85,paid,card,0
917,101,2026-03-01,50.85,paid,card,0
918,101,2026-04-01,50.85,paid,card,0
919,101,2026-05-01,50.85,paid,bank_transfer,0
920,101,2026-06-01,50.85,paid,card,0
921,101,2026-07-01,50.85,paid,card,0
922,102,2025-08-01,214.4,paid,card,0
923,102,2025-09-01,214.4,paid,card,0
924,102,2025-10-01,214.4,paid,upi,0
925,102,2025-11-01,214.4,paid,card,0
926,103,2026-02-01,50.87,paid,card,0
927,103,2026-03-01,50.87,paid,bank_transfer,0
928,103,2026-04-01,50.87,paid,bank_transfer,0
929,103,2026-05-01,50.87,paid,card,0
930,103,2026-06-01,50.87,paid,bank_transfer,0
931,103,2026-07-01,50.87,paid,card,0
932,104,2024-11-01,245.53,paid,upi,0
933,104,2024-12-01,245.53,paid,bank_transfer,0
934,104,2025-01-01,245.53,paid,upi,0
935,104,2025-02-01,245.53,paid,bank_transfer,0
936,104,2025-03-01,245.53,paid,upi,0
937,105,2026-04-01,245.54,paid,card,0
938,105,2026-05-01,245.54,paid,card,0
939,105,2026-06-01,245.54,paid,card,0
940,105,2026-07-01,245.54,paid,card,0
941,106,2025-11-01,44.69,paid,card,0
942,106,2025-12-01,44.69,paid,card,0
943,106,2026-01-01,44.69,failed,card,0
944,106,2026-02-01,44.69,failed,card,2
945,106,2026-03-01,44.69,paid,card,0
946,106,2026-04-01,44.69,paid,card,0
947,106,2026-05-01,44.69,paid,bank_transfer,0
948,106,2026-06-01,44.69,paid,card,0
949,106,2026-07-01,44.69,paid,card,0
950,107,2024-11-01,54.81,paid,card,0
951,107,2024-12-01,54.81,paid,card,0
952,107,2025-01-01,54.81,paid,card,0
953,107,2025-02-01,54.81,paid,bank_transfer,0
954,107,2025-03-01,54.81,paid,bank_transfer,0
955,107,2025-04-01,54.81,paid,upi,0
956,107,2025-05-01,54.81,paid,card,0
957,107,2025-06-01,54.81,paid,upi,0
958,107,2025-07-01,54.81,paid,bank_transfer,0
959,107,2025-08-01,54.81,failed,card,1
960,108,2025-11-01,61.37,paid,bank_transfer,0
961,108,2025-12-01,61.37,failed,card,2
962,108,2026-01-01,61.37,paid,card,0
963,108,2026-02-01,61.37,paid,card,0
964,108,2026-03-01,61.37,paid,card,0
965,109,2026-03-01,1004.5,paid,upi,0
966,109,2026-04-01,1004.5,paid,card,0
967,109,2026-05-01,1004.5,paid,card,0
968,109,2026-06-01,1004.5,paid,card,0
969,109,2026-07-01,1004.5,paid,card,0
970,110,2025-01-01,62.81,paid,card,0
971,110,2025-02-01,62.81,failed,card,3
972,110,2025-03-01,62.81,paid,bank_transfer,0
973,110,2025-04-01,62.81,paid,bank_transfer,0
974,110,2025-05-01,62.81,paid,upi,0
975,111,2025-06-01,54.64,paid,card,0
976,111,2025-07-01,54.64,paid,card,0
977,111,2025-08-01,54.64,paid,card,0
978,111,2025-09-01,54.64,paid,card,0
979,111,2025-10-01,54.64,paid,bank_transfer,0
980,111,2025-11-01,54.64,paid,bank_transfer,0
981,111,2025-12-01,54.64,paid,card,0
982,111,2026-01-01,54.64,paid,card,0
983,111,2026-02-01,54.64,paid,card,0
984,111,2026-03-01,54.64,paid,card,0
985,111,2026-04-01,54.64,paid,upi,0
986,111,2026-05-01,54.64,paid,card,0
987,111,2026-06-01,54.64,paid,bank_transfer,0
988,111,2026-07-01,54.64,paid,card,0
989,112,2025-01-01,60.42,paid,card,0
990,112,2025-02-01,60.42,paid,card,0
991,112,2025-03-01,60.42,paid,card,0
992,112,2025-04-01,60.42,paid,card,0
993,112,2025-05-01,60.42,paid,bank_transfer,0
994,112,2025-06-01,60.42,paid,bank_transfer,0
995,112,2025-07-01,60.42,paid,card,0
996,112,2025-08-01,60.42,paid,bank_transfer,0
997,112,2025-09-01,60.42,paid,card,0
998,112,2025-10-01,60.42,paid,card,0
999,112,2025-11-01,60.42,paid,card,0
1000,112,2025-12-01,60.42,paid,card,0
1001,112,2026-01-01,60.42,paid,card,0
1002,112,2026-02-01,60.42,paid,bank_transfer,0
1003,112,2026-03-01,60.42,paid,card,0
1004,112,2026-04-01,60.42,paid,card,0
1005,112,2026-05-01,60.42,paid,card,0
1006,112,2026-06-01,60.42,paid,bank_transfer,0
1007,112,2026-07-01,60.42,paid,card,0
1008,113,2025-09-01,50.66,paid,bank_transfer,0
1009,113,2025-10-01,50.66,paid,card,0
1010,113,2025-11-01,50.66,paid,upi,0
1011,113,2025-12-01,50.66,paid,upi,0
1012,113,2026-01-01,50.66,paid,card,0
1013,113,2026-02-01,50.66,paid,card,0
1014,113,2026-03-01,50.66,paid,card,0
1015,113,2026-04-01,50.66,paid,bank_transfer,0
1016,113,2026-05-01,50.66,paid,card,0
1017,114,2026-01-01,54.15,paid,card,0
1018,114,2026-02-01,54.15,paid,card,0
1019,114,2026-03-01,54.15,paid,card,0
1020,114,2026-04-01,54.15,paid,card,0
1021,114,2026-05-01,54.15,paid,card,0
1022,114,2026-06-01,54.15,paid,upi,0
1023,114,2026-07-01,54.15,paid,bank_transfer,0
1024,115,2025-04-01,46.17,paid,upi,0
1025,116,2025-05-01,915.67,paid,card,0
1026,116,2025-06-01,915.67,paid,card,0
1027,116,2025-07-01,915.67,paid,card,0
1028,116,2025-08-01,915.67,paid,bank_transfer,0
1029,116,2025-09-01,915.67,paid,card,0
1030,116,2025-10-01,915.67,paid,bank_transfer,0
1031,116,2025-11-01,915.67,paid,card,0
1032,116,2025-12-01,915.67,paid,bank_transfer,0
1033,117,2025-07-01,41.78,paid,card,0
1034,117,2025-08-01,41.78,paid,card,0
1035,117,2025-09-01,41.78,paid,card,0
1036,117,2025-10-01,41.78,paid,card,0
1037,117,2025-11-01,41.78,failed,card,1
1038,117,2025-12-01,41.78,paid,card,0
1039,117,2026-01-01,41.78,paid,card,0
1040,117,2026-02-01,41.78,paid,bank_transfer,0
1041,117,2026-03-01,41.78,paid,card,0
1042,117,2026-04-01,41.78,paid,bank_transfer,0
1043,117,2026-05-01,41.78,paid,card,0
1044,117,2026-06-01,41.78,paid,card,0
1045,117,2026-07-01,41.78,paid,bank_transfer,0
1046,118,2026-01-01,50.27,paid,bank_transfer,0
1047,118,2026-02-01,50.27,paid,card,0
1048,118,2026-03-01,50.27,paid,card,0
1049,118,2026-04-01,50.27,paid,card,0
1050,118,2026-05-01,50.27,paid,card,0
1051,118,2026-06-01,50.27,paid,bank_transfer,0
1052,118,2026-07-01,50.27,paid,card,0
1053,119,2025-02-01,53.66,paid,card,0
1054,119,2025-03-01,53.66,paid,card,0
1055,119,2025-04-01,53.66,paid,bank_transfer,0
1056,119,2025-05-01,53.66,paid,card,0
1057,119,2025-06-01,53.66,failed,card,2
1058,119,2025-07-01,53.66,failed,bank_transfer,1
1059,119,2025-08-01,53.66,paid,card,0
1060,119,2025-09-01,53.66,paid,card,0
1061,119,2025-10-01,53.66,paid,card,0
1062,119,2025-11-01,53.66,paid,bank_transfer,0
1063,119,2025-12-01,53.66,paid,card,0
1064,120,2025-01-01,246.69,paid,card,0
1065,120,2025-02-01,246.69,paid,card,0
1066,120,2025-03-01,246.69,paid,card,0
1067,120,2025-04-01,246.69,paid,card,0
1068,120,2025-05-01,246.69,paid,card,0
1069,120,2025-06-01,246.69,paid,bank_transfer,0
1070,120,2025-07-01,246.69,paid,card,0
1071,120,2025-08-01,246.69,paid,card,0
1072,120,2025-09-01,246.69,paid,card,0
1073,120,2025-10-01,246.69,paid,card,0
1074,120,2025-11-01,246.69,paid,card,0
1075,120,2025-12-01,246.69,paid,card,0
1076,120,2026-01-01,246.69,paid,card,0
1077,120,2026-02-01,246.69,paid,card,0
1078,120,2026-03-01,246.69,paid,upi,0
1079,120,2026-04-01,246.69,paid,upi,0
1080,120,2026-05-01,246.69,paid,card,0
1081,120,2026-06-01,246.69,paid,bank_transfer,0
1082,120,2026-07-01,246.69,paid,card,0
1083,121,2025-06-01,172.26,paid,card,0
1084,121,2025-07-01,172.26,paid,card,0
1085,121,2025-08-01,172.26,paid,bank_transfer,0
1086,122,2025-12-01,253.5,paid,card,0
1087,122,2026-01-01,253.5,paid,card,0
1088,122,2026-02-01,253.5,failed,card,2
1089,122,2026-03-01,253.5,paid,card,0
1090,122,2026-04-01,253.5,paid,card,0
1091,122,2026-05-01,253.5,paid,bank_transfer,0
1092,122,2026-06-01,253.5,paid,card,0
1093,122,2026-07-01,253.5,paid,upi,0
1094,124,2026-06-01,203.41,paid,card,0
1095,124,2026-07-01,203.41,paid,card,0
1096,124,2026-08-01,203.41,paid,card,0
1097,124,2026-09-01,203.41,paid,upi,0
1098,124,2026-10-01,203.41,paid,card,0
1099,124,2026-11-01,203.41,failed,card,2
1100,124,2026-12-01,203.41,paid,card,0
1101,124,2027-01-01,203.41,paid,card,0
1102,124,2027-02-01,203.41,paid,card,0
1103,124,2027-03-01,203.41,paid,bank_transfer,0
1104,125,2025-07-01,931.43,paid,card,0
1105,125,2025-08-01,931.43,paid,bank_transfer,0
1106,125,2025-09-01,931.43,paid,card,0
1107,125,2025-10-01,931.43,paid,card,0
1108,125,2025-11-01,931.43,paid,card,0
1109,125,2025-12-01,931.43,paid,card,0
1110,125,2026-01-01,931.43,paid,card,0
1111,125,2026-02-01,931.43,paid,card,0
1112,125,2026-03-01,931.43,failed,card,2
1113,125,2026-04-01,931.43,paid,bank_transfer,0
1114,125,2026-05-01,931.43,paid,card,0
1115,125,2026-06-01,931.43,paid,card,0
1116,125,2026-07-01,931.43,paid,card,0
1117,127,2025-10-01,192.66,paid,card,0
1118,127,2025-11-01,192.66,paid,upi,0
1119,127,2025-12-01,192.66,paid,card,0
1120,127,2026-01-01,192.66,paid,bank_transfer,0
1121,127,2026-02-01,192.66,paid,card,0
1122,127,2026-03-01,192.66,paid,upi,0
1123,127,2026-04-01,192.66,paid,card,0
1124,127,2026-05-01,192.66,paid,card,0
1125,127,2026-06-01,192.66,paid,bank_transfer,0
1126,127,2026-07-01,192.66,paid,card,0
1127,127,2026-08-01,192.66,paid,card,0
1128,127,2026-09-01,192.66,paid,card,0
1129,127,2026-10-01,192.66,paid,bank_transfer,0
1130,127,2026-11-01,192.66,paid,card,0
1131,127,2026-12-01,192.66,paid,card,0
1132,127,2027-01-01,192.66,paid,card,0
1133,127,2027-02-01,192.66,paid,card,0
1134,127,2027-03-01,192.66,paid,card,0
1135,127,2027-04-01,192.66,paid,card,0
1136,127,2027-05-01,192.66,paid,card,0
1137,128,2025-01-01,185.74,paid,card,0
1138,129,2025-03-01,893.63,paid,bank_transfer,0
1139,129,2025-04-01,893.63,paid,upi,0
1140,129,2025-05-01,893.63,paid,card,0
1141,129,2025-06-01,893.63,paid,card,0
1142,129,2025-07-01,893.63,paid,card,0
1143,129,2025-08-01,893.63,paid,card,0
1144,129,2025-09-01,893.63,paid,card,0
1145,129,2025-10-01,893.63,paid,card,0
1146,129,2025-11-01,893.63,paid,card,0
1147,129,2025-12-01,893.63,failed,card,1
1148,129,2026-01-01,893.63,paid,card,0
1149,129,2026-02-01,893.63,paid,bank_transfer,0
1150,129,2026-03-01,893.63,paid,bank_transfer,0
1151,129,2026-04-01,893.63,paid,bank_transfer,0
1152,129,2026-05-01,893.63,paid,card,0
1153,129,2026-06-01,893.63,paid,card,0
1154,129,2026-07-01,893.63,paid,card,0
1155,130,2025-01-01,52.13,paid,bank_transfer,0
1156,130,2025-02-01,52.13,paid,card,0
1157,130,2025-03-01,52.13,paid,card,0
1158,130,2025-04-01,52.13,paid,upi,0
1159,130,2025-05-01,52.13,paid,bank_transfer,0
1160,130,2025-06-01,52.13,paid,bank_transfer,0
1161,130,2025-07-01,52.13,paid,card,0
1162,130,2025-08-01,52.13,paid,card,0
1163,130,2025-09-01,52.13,paid,card,0
1164,130,2025-10-01,52.13,paid,card,0
1165,130,2025-11-01,52.13,paid,card,0
1166,130,2025-12-01,52.13,paid,bank_transfer,0
1167,130,2026-01-01,52.13,paid,bank_transfer,0
1168,130,2026-02-01,52.13,paid,card,0
1169,130,2026-03-01,52.13,paid,card,0
1170,130,2026-04-01,52.13,paid,bank_transfer,0
1171,131,2025-10-01,882.96,paid,card,0
1172,131,2025-11-01,882.96,paid,card,0
1173,131,2025-12-01,882.96,paid,card,0
1174,131,2026-01-01,882.96,paid,upi,0
1175,131,2026-02-01,882.96,paid,card,0
1176,131,2026-03-01,882.96,paid,bank_transfer,0
1177,131,2026-04-01,882.96,paid,card,0
1178,131,2026-05-01,882.96,paid,card,0
1179,131,2026-06-01,882.96,paid,card,0
1180,131,2026-07-01,882.96,paid,bank_transfer,0
1181,132,2025-05-01,798.0,paid,upi,0
1182,132,2025-06-01,798.0,paid,card,0
1183,132,2025-07-01,798.0,paid,card,0
1184,132,2025-08-01,798.0,paid,bank_transfer,0
1185,132,2025-09-01,798.0,paid,bank_transfer,0
1186,132,2025-10-01,798.0,paid,card,0
1187,132,2025-11-01,798.0,paid,bank_transfer,0
1188,132,2025-12-01,798.0,paid,card,0
1189,132,2026-01-01,798.0,paid,card,0
1190,132,2026-02-01,798.0,paid,card,0
1191,132,2026-03-01,798.0,paid,card,0
1192,132,2026-04-01,798.0,paid,upi,0
1193,132,2026-05-01,798.0,paid,card,0
1194,132,2026-06-01,798.0,paid,upi,0
1195,132,2026-07-01,798.0,failed,bank_transfer,0
1196,133,2025-08-01,42.63,paid,card,0
1197,133,2025-09-01,42.63,paid,card,0
1198,134,2024-12-01,254.22,paid,card,0
1199,134,2025-01-01,254.22,paid,card,0
1200,134,2025-02-01,254.22,paid,card,0
1201,134,2025-03-01,254.22,paid,upi,0
1202,134,2025-04-01,254.22,failed,upi,1
1203,135,2025-02-01,44.85,paid,card,0
1204,135,2025-03-01,44.85,paid,bank_transfer,0
1205,135,2025-04-01,44.85,paid,card,0
1206,135,2025-05-01,44.85,paid,bank_transfer,0
1207,135,2025-06-01,44.85,paid,bank_transfer,0
1208,135,2025-07-01,44.85,paid,card,0
1209,135,2025-08-01,44.85,paid,card,0
1210,135,2025-09-01,44.85,paid,card,0
1211,135,2025-10-01,44.85,paid,card,0
1212,135,2025-11-01,44.85,paid,card,0
1213,135,2025-12-01,44.85,failed,card,1
1214,135,2026-01-01,44.85,paid,upi,0
1215,136,2025-01-01,179.75,paid,card,0
1216,136,2025-02-01,179.75,paid,card,0
1217,136,2025-03-01,179.75,paid,bank_transfer,0
1218,136,2025-04-01,179.75,paid,bank_transfer,0
1219,136,2025-05-01,179.75,failed,card,0
1220,136,2025-06-01,179.75,paid,card,0
1221,137,2025-11-01,56.85,paid,card,0
1222,137,2025-12-01,56.85,paid,card,0
1223,138,2025-07-01,45.9,paid,card,0
1224,138,2025-08-01,45.9,paid,card,0
1225,138,2025-09-01,45.9,paid,bank_transfer,0
1226,138,2025-10-01,45.9,paid,card,0
1227,138,2025-11-01,45.9,paid,card,0
1228,138,2025-12-01,45.9,paid,bank_transfer,0
1229,138,2026-01-01,45.9,paid,card,0
1230,138,2026-02-01,45.9,paid,card,0
1231,138,2026-03-01,45.9,paid,card,0
1232,138,2026-04-01,45.9,paid,card,0
1233,138,2026-05-01,45.9,paid,upi,0
1234,138,2026-06-01,45.9,paid,bank_transfer,0
1235,138,2026-07-01,45.9,paid,card,0
1236,140,2025-10-01,55.8,paid,bank_transfer,0
1237,140,2025-11-01,55.8,paid,card,0
1238,140,2025-12-01,55.8,paid,upi,0
1239,140,2026-01-01,55.8,paid,card,0
1240,140,2026-02-01,55.8,paid,card,0
1241,140,2026-03-01,55.8,paid,bank_transfer,0
1242,140,2026-04-01,55.8,paid,card,0
1243,140,2026-05-01,55.8,paid,card,0
1244,140,2026-06-01,55.8,paid,card,0
1245,140,2026-07-01,55.8,failed,card,1
1246,140,2026-08-01,55.8,failed,bank_transfer,3
1247,141,2025-03-01,248.56,paid,bank_transfer,0
1248,141,2025-04-01,248.56,paid,card,0
1249,141,2025-05-01,248.56,paid,card,0
1250,141,2025-06-01,248.56,paid,card,0
1251,141,2025-07-01,248.56,paid,card,0
1252,141,2025-08-01,248.56,paid,bank_transfer,0
1253,141,2025-09-01,248.56,paid,bank_transfer,0
1254,142,2025-06-01,60.39,failed,bank_transfer,1
1255,142,2025-07-01,60.39,paid,card,0
1256,142,2025-08-01,60.39,paid,card,0
1257,142,2025-09-01,60.39,paid,card,0
1258,142,2025-10-01,60.39,paid,card,0
1259,142,2025-11-01,60.39,paid,bank_transfer,0
1260,142,2025-12-01,60.39,paid,card,0
1261,142,2026-01-01,60.39,paid,card,0
1262,142,2026-02-01,60.39,paid,card,0
1263,142,2026-03-01,60.39,paid,card,0
1264,142,2026-04-01,60.39,paid,card,0
1265,142,2026-05-01,60.39,paid,upi,0
1266,142,2026-06-01,60.39,paid,upi,0
1267,143,2025-10-01,876.5,paid,card,0
1268,143,2025-11-01,876.5,paid,card,0
1269,143,2025-12-01,876.5,paid,card,0
1270,143,2026-01-01,876.5,paid,card,0
1271,143,2026-02-01,876.5,paid,card,0
1272,143,2026-03-01,876.5,paid,card,0
1273,144,2025-04-01,48.72,paid,card,0
1274,144,2025-05-01,48.72,paid,upi,0
1275,144,2025-06-01,48.72,paid,card,0
1276,144,2025-07-01,48.72,paid,card,0
1277,144,2025-08-01,48.72,paid,card,0
1278,144,2025-09-01,48.72,paid,card,0
1279,144,2025-10-01,48.72,paid,card,0
1280,144,2025-11-01,48.72,paid,card,0
1281,144,2025-12-01,48.72,paid,card,0
1282,144,2026-01-01,48.72,paid,card,0
1283,144,2026-02-01,48.72,paid,card,0
1284,144,2026-03-01,48.72,paid,card,0
1285,144,2026-04-01,48.72,paid,bank_transfer,0
1286,144,2026-05-01,48.72,paid,upi,0
1287,144,2026-06-01,48.72,paid,card,0
1288,144,2026-07-01,48.72,paid,card,0
1289,145,2024-12-01,190.49,paid,card,0
1290,145,2025-01-01,190.49,paid,bank_transfer,0
1291,145,2025-02-01,190.49,paid,card,0
1292,145,2025-03-01,190.49,paid,bank_transfer,0
1293,145,2025-04-01,190.49,paid,card,0
1294,145,2025-05-01,190.49,paid,card,0
1295,145,2025-06-01,190.49,paid,upi,0
1296,145,2025-07-01,190.49,paid,bank_transfer,0
1297,145,2025-08-01,190.49,paid,card,0
1298,145,2025-09-01,190.49,paid,card,0
1299,145,2025-10-01,190.49,paid,card,0
1300,145,2025-11-01,190.49,paid,card,0
1301,145,2025-12-01,190.49,paid,bank_transfer,0
1302,145,2026-01-01,190.49,paid,bank_transfer,0
1303,145,2026-02-01,190.49,paid,card,0
1304,146,2025-01-01,44.67,paid,bank_transfer,0
1305,146,2025-02-01,44.67,paid,bank_transfer,0
1306,147,2025-08-01,195.06,paid,bank_transfer,0
1307,147,2025-09-01,195.06,paid,upi,0
1308,147,2025-10-01,195.06,paid,bank_transfer,0
1309,147,2025-11-01,195.06,paid,bank_transfer,0
1310,147,2025-12-01,195.06,paid,card,0
1311,147,2026-01-01,195.06,paid,card,0
1312,147,2026-02-01,195.06,paid,bank_transfer,0
1313,147,2026-03-01,195.06,paid,card,0
1314,147,2026-04-01,195.06,failed,bank_transfer,2
1315,147,2026-05-01,195.06,paid,card,0
1316,147,2026-06-01,195.06,paid,card,0
1317,147,2026-07-01,195.06,paid,card,0
1318,148,2025-04-01,62.52,paid,card,0
1319,148,2025-05-01,62.52,paid,card,0
1320,148,2025-06-01,62.52,paid,card,0
1321,148,2025-07-01,62.52,paid,card,0
1322,148,2025-08-01,62.52,paid,card,0
1323,148,2025-09-01,62.52,paid,card,0
1324,148,2025-10-01,62.52,paid,bank_transfer,0
1325,148,2025-11-01,62.52,paid,card,0
1326,148,2025-12-01,62.52,paid,card,0
1327,148,2026-01-01,62.52,paid,card,0
1328,148,2026-02-01,62.52,paid,card,0
1329,148,2026-03-01,62.52,paid,bank_transfer,0
1330,148,2026-04-01,62.52,paid,card,0
1331,148,2026-05-01,62.52,failed,bank_transfer,3
1332,148,2026-06-01,62.52,paid,upi,0
1333,148,2026-07-01,62.52,paid,card,0
1334,150,2026-05-01,55.25,paid,card,0
1335,150,2026-06-01,55.25,paid,bank_transfer,0
1336,150,2026-07-01,55.25,paid,card,0
1337,150,2026-08-01,55.25,paid,card,0
1338,150,2026-09-01,55.25,failed,card,1
1339,150,2026-10-01,55.25,paid,card,0
1340,151,2025-04-01,220.18,paid,card,0
1341,151,2025-05-01,220.18,paid,bank_transfer,0
1342,151,2025-06-01,220.18,paid,bank_transfer,0
1343,151,2025-07-01,220.18,paid,card,0
1344,151,2025-08-01,220.18,paid,upi,0
1345,151,2025-09-01,220.18,failed,bank_transfer,1
1346,151,2025-10-01,220.18,paid,card,0
1347,151,2025-11-01,220.18,paid,upi,0
1348,151,2025-12-01,220.18,paid,card,0
1349,151,2026-01-01,220.18,paid,card,0
1350,151,2026-02-01,220.18,paid,bank_transfer,0
1351,151,2026-03-01,220.18,paid,card,0
1352,151,2026-04-01,220.18,paid,card,0
1353,151,2026-05-01,220.18,paid,bank_transfer,0
1354,151,2026-06-01,220.18,paid,card,0
1355,151,2026-07-01,220.18,paid,card,0
1356,152,2025-07-01,187.06,paid,bank_transfer,0
1357,152,2025-08-01,187.06,failed,card,0
1358,152,2025-09-01,187.06,paid,card,0
1359,152,2025-10-01,187.06,paid,card,0
1360,152,2025-11-01,187.06,paid,card,0
1361,152,2025-12-01,187.06,paid,upi,0
1362,152,2026-01-01,187.06,paid,upi,0
1363,152,2026-02-01,187.06,paid,card,0
1364,152,2026-03-01,187.06,paid,card,0
1365,152,2026-04-01,187.06,paid,upi,0
1366,152,2026-05-01,187.06,paid,card,0
1367,152,2026-06-01,187.06,paid,card,0
1368,152,2026-07-01,187.06,paid,card,0
1369,153,2025-07-01,201.4,failed,card,2
1370,154,2025-03-01,42.61,paid,card,0
1371,154,2025-04-01,42.61,paid,card,0
1372,154,2025-05-01,42.61,paid,card,0
1373,154,2025-06-01,42.61,paid,bank_transfer,0
1374,154,2025-07-01,42.61,paid,card,0
1375,154,2025-08-01,42.61,paid,upi,0
1376,154,2025-09-01,42.61,paid,card,0
1377,154,2025-10-01,42.61,paid,card,0
1378,154,2025-11-01,42.61,paid,card,0
1379,154,2025-12-01,42.61,paid,card,0
1380,154,2026-01-01,42.61,paid,bank_transfer,0
1381,154,2026-02-01,42.61,paid,card,0
1382,154,2026-03-01,42.61,paid,card,0
1383,154,2026-04-01,42.61,paid,card,0
1384,156,2026-01-01,195.33,paid,card,0
1385,156,2026-02-01,195.33,paid,card,0
1386,156,2026-03-01,195.33,failed,card,1
1387,156,2026-04-01,195.33,paid,card,0
1388,156,2026-05-01,195.33,paid,card,0
1389,156,2026-06-01,195.33,failed,card,2
1390,156,2026-07-01,195.33,paid,bank_transfer,0
1391,156,2026-08-01,195.33,paid,card,0
1392,157,2025-02-01,894.15,paid,upi,0
1393,157,2025-03-01,894.15,paid,card,0
1394,157,2025-04-01,894.15,paid,card,0
1395,157,2025-05-01,894.15,paid,card,0
1396,157,2025-06-01,894.15,paid,bank_transfer,0
1397,157,2025-07-01,894.15,paid,card,0
1398,157,2025-08-01,894.15,paid,card,0
1399,157,2025-09-01,894.15,paid,card,0
1400,157,2025-10-01,894.15,paid,card,0
1401,157,2025-11-01,894.15,paid,card,0
1402,157,2025-12-01,894.15,paid,card,0
1403,157,2026-01-01,894.15,paid,card,0
1404,157,2026-02-01,894.15,paid,card,0
1405,157,2026-03-01,894.15,paid,card,0
1406,157,2026-04-01,894.15,paid,card,0
1407,157,2026-05-01,894.15,paid,card,0
1408,157,2026-06-01,894.15,paid,card,0
1409,157,2026-07-01,894.15,paid,card,0
1410,158,2025-08-01,242.8,paid,upi,0
1411,158,2025-09-01,242.8,paid,bank_transfer,0
1412,158,2025-10-01,242.8,paid,bank_transfer,0
1413,158,2025-11-01,242.8,paid,card,0
1414,158,2025-12-01,242.8,paid,card,0
1415,158,2026-01-01,242.8,paid,card,0
1416,158,2026-02-01,242.8,paid,card,0
1417,158,2026-03-01,242.8,paid,card,0
1418,158,2026-04-01,242.8,paid,card,0
1419,158,2026-05-01,242.8,paid,card,0
1420,158,2026-06-01,242.8,paid,card,0
1421,158,2026-07-01,242.8,paid,card,0
1422,159,2025-07-01,206.04,paid,upi,0
1423,159,2025-08-01,206.04,paid,card,0
1424,159,2025-09-01,206.04,paid,card,0
1425,159,2025-10-01,206.04,paid,card,0
1426,159,2025-11-01,206.04,paid,card,0
1427,159,2025-12-01,206.04,paid,card,0
1428,159,2026-01-01,206.04,paid,upi,0
1429,159,2026-02-01,206.04,paid,card,0
1430,159,2026-03-01,206.04,paid,card,0
1431,159,2026-04-01,206.04,paid,card,0
1432,159,2026-05-01,206.04,paid,card,0
1433,159,2026-06-01,206.04,paid,card,0
1434,159,2026-07-01,206.04,failed,card,1
1435,160,2025-01-01,179.75,paid,bank_transfer,0
1436,160,2025-02-01,179.75,paid,card,0
1437,160,2025-03-01,179.75,paid,bank_transfer,0
1438,160,2025-04-01,179.75,failed,card,0
1439,160,2025-05-01,179.75,paid,bank_transfer,0
1440,160,2025-06-01,179.75,paid,bank_transfer,0
1441,160,2025-07-01,179.75,paid,card,0
1442,160,2025-08-01,179.75,paid,card,0
1443,160,2025-09-01,179.75,paid,card,0
1444,160,2025-10-01,179.75,paid,card,0
1445,160,2025-11-01,179.75,paid,card,0
1446,160,2025-12-01,179.75,paid,card,0
1447,160,2026-01-01,179.75,paid,card,0
1448,160,2026-02-01,179.75,paid,card,0
1449,160,2026-03-01,179.75,paid,upi,0
1450,160,2026-04-01,179.75,paid,bank_transfer,0
1451,160,2026-05-01,179.75,paid,card,0
1452,160,2026-06-01,179.75,paid,card,0
1453,160,2026-07-01,179.75,paid,card,0
1454,161,2026-02-01,57.48,paid,card,0
1455,161,2026-03-01,57.48,paid,card,0
1456,161,2026-04-01,57.48,paid,upi,0
1457,161,2026-05-01,57.48,paid,bank_transfer,0
1458,161,2026-06-01,57.48,paid,card,0
1459,161,2026-07-01,57.48,paid,card,0
1460,162,2025-09-01,50.07,paid,bank_transfer,0
1461,162,2025-10-01,50.07,paid,bank_transfer,0
1462,162,2025-11-01,50.07,paid,card,0
1463,162,2025-12-01,50.07,failed,card,2
1464,162,2026-01-01,50.07,paid,bank_transfer,0
1465,162,2026-02-01,50.07,paid,card,0
1466,162,2026-03-01,50.07,paid,card,0
1467,162,2026-04-01,50.07,paid,card,0
1468,164,2026-05-01,255.09,paid,card,0
1469,164,2026-06-01,255.09,paid,card,0
1470,164,2026-07-01,255.09,paid,card,0
1471,164,2026-08-01,255.09,paid,bank_transfer,0
1472,164,2026-09-01,255.09,paid,upi,0
1473,164,2026-10-01,255.09,paid,bank_transfer,0
1474,165,2026-04-01,44.24,paid,bank_transfer,0
1475,166,2024-11-01,248.13,paid,card,0
1476,166,2024-12-01,248.13,paid,card,0
1477,166,2025-01-01,248.13,failed,card,3
1478,166,2025-02-01,248.13,paid,card,0
1479,167,2025-04-01,1123.1,paid,bank_transfer,0
1480,167,2025-05-01,1123.1,paid,bank_transfer,0
1481,167,2025-06-01,1123.1,paid,card,0
1482,167,2025-07-01,1123.1,paid,card,0
1483,167,2025-08-01,1123.1,paid,bank_transfer,0
1484,167,2025-09-01,1123.1,paid,bank_transfer,0
1485,167,2025-10-01,1123.1,paid,bank_transfer,0
1486,167,2025-11-01,1123.1,paid,card,0
1487,167,2025-12-01,1123.1,paid,upi,0
1488,167,2026-01-01,1123.1,paid,upi,0
1489,167,2026-02-01,1123.1,paid,card,0
1490,167,2026-03-01,1123.1,paid,bank_transfer,0
1491,167,2026-04-01,1123.1,paid,card,0
1492,167,2026-05-01,1123.1,paid,card,0
1493,167,2026-06-01,1123.1,paid,card,0
1494,167,2026-07-01,1123.1,paid,card,0
1495,168,2025-09-01,42.26,paid,card,0
1496,168,2025-10-01,42.26,paid,card,0
1497,169,2025-01-01,177.5,paid,card,0
1498,169,2025-02-01,177.5,paid,card,0
1499,169,2025-03-01,177.5,paid,card,0
1500,169,2025-04-01,177.5,paid,upi,0
1501,170,2025-07-01,56.85,paid,bank_transfer,0
1502,170,2025-08-01,56.85,paid,card,0
1503,170,2025-09-01,56.85,paid,upi,0
1504,170,2025-10-01,56.85,paid,card,0
1505,170,2025-11-01,56.85,paid,bank_transfer,0
1506,170,2025-12-01,56.85,paid,card,0
1507,170,2026-01-01,56.85,paid,card,0
1508,170,2026-02-01,56.85,paid,upi,0
1509,170,2026-03-01,56.85,paid,card,0
1510,170,2026-04-01,56.85,paid,bank_transfer,0
1511,170,2026-05-01,56.85,paid,upi,0
1512,170,2026-06-01,56.85,paid,card,0
1513,170,2026-07-01,56.85,paid,card,0
1514,171,2025-02-01,193.74,paid,upi,0
1515,171,2025-03-01,193.74,failed,card,1
1516,171,2025-04-01,193.74,paid,card,0
1517,171,2025-05-01,193.74,paid,upi,0
1518,171,2025-06-01,193.74,paid,card,0
1519,171,2025-07-01,193.74,paid,card,0
1520,171,2025-08-01,193.74,paid,bank_transfer,0
1521,171,2025-09-01,193.74,paid,card,0
1522,171,2025-10-01,193.74,paid,card,0
1523,171,2025-11-01,193.74,paid,upi,0
1524,171,2025-12-01,193.74,paid,card,0
1525,171,2026-01-01,193.74,paid,bank_transfer,0
1526,171,2026-02-01,193.74,paid,card,0
1527,171,2026-03-01,193.74,paid,bank_transfer,0
1528,171,2026-04-01,193.74,paid,upi,0
1529,171,2026-05-01,193.74,paid,card,0
1530,171,2026-06-01,193.74,paid,card,0
1531,171,2026-07-01,193.74,paid,card,0
1532,172,2025-06-01,171.58,paid,bank_transfer,0
1533,172,2025-07-01,171.58,paid,card,0
1534,172,2025-08-01,171.58,paid,card,0
1535,172,2025-09-01,171.58,paid,card,0
1536,172,2025-10-01,171.58,paid,card,0
1537,172,2025-11-01,171.58,paid,upi,0
1538,172,2025-12-01,171.58,paid,card,0
1539,172,2026-01-01,171.58,failed,card,2
1540,172,2026-02-01,171.58,paid,card,0
1541,172,2026-03-01,171.58,paid,upi,0
1542,172,2026-04-01,171.58,paid,bank_transfer,0
1543,172,2026-05-01,171.58,paid,card,0
1544,172,2026-06-01,171.58,paid,card,0
1545,172,2026-07-01,171.58,paid,card,0
1546,173,2025-02-01,62.27,paid,card,0
1547,173,2025-03-01,62.27,paid,bank_transfer,0
1548,173,2025-04-01,62.27,paid,upi,0
1549,173,2025-05-01,62.27,paid,card,0
1550,173,2025-06-01,62.27,paid,card,0
1551,173,2025-07-01,62.27,paid,card,0
1552,173,2025-08-01,62.27,paid,card,0
1553,173,2025-09-01,62.27,paid,card,0
1554,173,2025-10-01,62.27,paid,card,0
1555,173,2025-11-01,62.27,paid,bank_transfer,0
1556,173,2025-12-01,62.27,paid,card,0
1557,173,2026-01-01,62.27,paid,upi,0
1558,173,2026-02-01,62.27,paid,card,0
1559,173,2026-03-01,62.27,failed,bank_transfer,1
1560,173,2026-04-01,62.27,paid,card,0
1561,173,2026-05-01,62.27,paid,card,0
1562,173,2026-06-01,62.27,paid,card,0
1563,173,2026-07-01,62.27,paid,upi,0
1564,174,2025-10-01,56.75,failed,card,2
1565,174,2025-11-01,56.75,paid,bank_transfer,0
1566,174,2025-12-01,56.75,paid,upi,0
1567,174,2026-01-01,56.75,paid,card,0
1568,174,2026-02-01,56.75,paid,card,0
1569,174,2026-03-01,56.75,paid,upi,0
1570,174,2026-04-01,56.75,paid,card,0
1571,174,2026-05-01,56.75,paid,card,0
1572,174,2026-06-01,56.75,paid,card,0
1573,174,2026-07-01,56.75,paid,card,0
1574,175,2025-04-01,1141.15,paid,card,0
1575,175,2025-05-01,1141.15,paid,card,0
1576,175,2025-06-01,1141.15,paid,card,0
1577,175,2025-07-01,1141.15,paid,card,0
1578,175,2025-08-01,1141.15,paid,card,0
1579,175,2025-09-01,1141.15,paid,bank_transfer,0
1580,175,2025-10-01,1141.15,paid,card,0
1581,175,2025-11-01,1141.15,paid,card,0
1582,175,2025-12-01,1141.15,paid,card,0
1583,175,2026-01-01,1141.15,paid,card,0
1584,175,2026-02-01,1141.15,paid,card,0
1585,175,2026-03-01,1141.15,paid,card,0
1586,175,2026-04-01,1141.15,paid,card,0
1587,175,2026-05-01,1141.15,paid,card,0
1588,175,2026-06-01,1141.15,paid,card,0
1589,175,2026-07-01,1141.15,paid,card,0
1590,176,2025-04-01,217.26,paid,bank_transfer,0
1591,176,2025-05-01,217.26,paid,card,0
1592,176,2025-06-01,217.26,paid,bank_transfer,0
1593,176,2025-07-01,217.26,paid,upi,0
1594,176,2025-08-01,217.26,paid,card,0
1595,176,2025-09-01,217.26,paid,card,0
1596,176,2025-10-01,217.26,paid,card,0
1597,176,2025-11-01,217.26,paid,card,0
1598,176,2025-12-01,217.26,paid,card,0
1599,176,2026-01-01,217.26,paid,card,0
1600,176,2026-02-01,217.26,paid,bank_transfer,0
1601,176,2026-03-01,217.26,paid,bank_transfer,0
1602,176,2026-04-01,217.26,paid,bank_transfer,0
1603,176,2026-05-01,217.26,paid,card,0
1604,176,2026-06-01,217.26,paid,bank_transfer,0
1605,176,2026-07-01,217.26,paid,card,0
1606,177,2024-10-01,48.9,paid,card,0
1607,177,2024-11-01,48.9,paid,card,0
1608,179,2026-03-01,217.82,paid,card,0
1609,179,2026-04-01,217.82,paid,card,0
1610,179,2026-05-01,217.82,paid,card,0
1611,179,2026-06-01,217.82,paid,card,0
1612,179,2026-07-01,217.82,paid,bank_transfer,0
1613,179,2026-08-01,217.82,paid,card,0
1614,179,2026-09-01,217.82,paid,card,0
1615,179,2026-10-01,217.82,paid,card,0
1616,179,2026-11-01,217.82,paid,card,0
1617,179,2026-12-01,217.82,paid,card,0
1618,179,2027-01-01,217.82,paid,card,0
1619,179,2027-02-01,217.82,paid,card,0
1620,179,2027-03-01,217.82,paid,card,0
1621,179,2027-04-01,217.82,paid,upi,0
1622,179,2027-05-01,217.82,paid,card,0
1623,179,2027-06-01,217.82,paid,card,0
1624,179,2027-07-01,217.82,paid,card,0
1625,179,2027-08-01,217.82,paid,card,0
1626,180,2025-10-01,180.27,paid,bank_transfer,0
1627,180,2025-11-01,180.27,paid,card,0
1628,180,2025-12-01,180.27,paid,card,0
1629,180,2026-01-01,180.27,paid,upi,0
1630,180,2026-02-01,180.27,paid,card,0
1631,180,2026-03-01,180.27,paid,card,0
1632,180,2026-04-01,180.27,paid,upi,0
1633,180,2026-05-01,180.27,paid,upi,0
1634,180,2026-06-01,180.27,paid,card,0
1635,180,2026-07-01,180.27,paid,bank_transfer,0
1636,182,2025-12-01,217.31,paid,bank_transfer,0
1637,182,2026-01-01,217.31,paid,card,0
1638,182,2026-02-01,217.31,paid,card,0
1639,182,2026-03-01,217.31,paid,upi,0
1640,182,2026-04-01,217.31,paid,card,0
1641,182,2026-05-01,217.31,paid,card,0
1642,182,2026-06-01,217.31,paid,card,0
1643,182,2026-07-01,217.31,paid,card,0
1644,182,2026-08-01,217.31,paid,bank_transfer,0
1645,182,2026-09-01,217.31,paid,card,0
1646,182,2026-10-01,217.31,paid,card,0
1647,183,2025-08-01,44.76,paid,card,0
1648,183,2025-09-01,44.76,paid,card,0
1649,184,2025-11-01,228.38,paid,card,0
1650,184,2025-12-01,228.38,paid,card,0
1651,184,2026-01-01,228.38,paid,card,0
1652,184,2026-02-01,228.38,paid,card,0
1653,184,2026-03-01,228.38,paid,card,0
1654,184,2026-04-01,228.38,paid,card,0
1655,184,2026-05-01,228.38,paid,bank_transfer,0
1656,184,2026-06-01,228.38,paid,card,0
1657,184,2026-07-01,228.38,failed,card,2
1658,185,2025-07-01,1128.26,paid,card,0
1659,185,2025-08-01,1128.26,paid,card,0
1660,185,2025-09-01,1128.26,paid,card,0
1661,185,2025-10-01,1128.26,paid,card,0
1662,185,2025-11-01,1128.26,paid,card,0
1663,185,2025-12-01,1128.26,paid,card,0
1664,185,2026-01-01,1128.26,paid,card,0
1665,185,2026-02-01,1128.26,paid,card,0
1666,185,2026-03-01,1128.26,paid,card,0
1667,185,2026-04-01,1128.26,paid,card,0
1668,185,2026-05-01,1128.26,paid,bank_transfer,0
1669,185,2026-06-01,1128.26,failed,upi,1
1670,185,2026-07-01,1128.26,paid,card,0
1671,186,2025-03-01,46.48,paid,card,0
1672,187,2025-12-01,44.65,paid,card,0
1673,187,2026-01-01,44.65,paid,bank_transfer,0
1674,187,2026-02-01,44.65,paid,card,0
1675,187,2026-03-01,44.65,paid,card,0
1676,187,2026-04-01,44.65,paid,upi,0
1677,187,2026-05-01,44.65,paid,card,0
1678,187,2026-06-01,44.65,paid,card,0
1679,187,2026-07-01,44.65,paid,card,0
1680,188,2025-03-01,53.36,paid,card,0
1681,188,2025-04-01,53.36,paid,card,0
1682,188,2025-05-01,53.36,paid,card,0
1683,188,2025-06-01,53.36,paid,card,0
1684,188,2025-07-01,53.36,paid,upi,0
1685,188,2025-08-01,53.36,paid,card,0
1686,188,2025-09-01,53.36,paid,card,0
1687,188,2025-10-01,53.36,paid,card,0
1688,188,2025-11-01,53.36,paid,bank_transfer,0
1689,188,2025-12-01,53.36,paid,card,0
1690,188,2026-01-01,53.36,paid,bank_transfer,0
1691,188,2026-02-01,53.36,paid,bank_transfer,0
1692,188,2026-03-01,53.36,paid,upi,0
1693,188,2026-04-01,53.36,paid,bank_transfer,0
1694,188,2026-05-01,53.36,paid,card,0
1695,188,2026-06-01,53.36,paid,bank_transfer,0
1696,188,2026-07-01,53.36,paid,upi,0
1697,190,2025-09-01,45.2,paid,card,0
1698,190,2025-10-01,45.2,paid,card,0
1699,190,2025-11-01,45.2,paid,card,0
1700,190,2025-12-01,45.2,paid,card,0
1701,190,2026-01-01,45.2,paid,card,0
1702,190,2026-02-01,45.2,paid,card,0
1703,190,2026-03-01,45.2,paid,card,0
1704,190,2026-04-01,45.2,paid,card,0
1705,190,2026-05-01,45.2,paid,upi,0
1706,190,2026-06-01,45.2,paid,card,0
1707,190,2026-07-01,45.2,failed,bank_transfer,2
1708,190,2026-08-01,45.2,paid,card,0
1709,190,2026-09-01,45.2,paid,card,0
1710,190,2026-10-01,45.2,paid,card,0
1711,190,2026-11-01,45.2,paid,card,0
1712,190,2026-12-01,45.2,paid,card,0
1713,190,2027-01-01,45.2,paid,bank_transfer,0
1714,190,2027-02-01,45.2,paid,bank_transfer,0
1715,190,2027-03-01,45.2,paid,card,0
1716,192,2025-06-01,850.32,paid,card,0
1717,192,2025-07-01,850.32,paid,card,0
1718,192,2025-08-01,850.32,paid,bank_transfer,0
1719,192,2025-09-01,850.32,paid,card,0
1720,192,2025-10-01,850.32,paid,card,0
1721,192,2025-11-01,850.32,paid,upi,0
1722,192,2025-12-01,850.32,paid,bank_transfer,0
1723,192,2026-01-01,850.32,paid,card,0
1724,192,2026-02-01,850.32,paid,bank_transfer,0
1725,192,2026-03-01,850.32,paid,card,0
1726,192,2026-04-01,850.32,paid,card,0
1727,192,2026-05-01,850.32,paid,card,0
1728,192,2026-06-01,850.32,paid,card,0
1729,192,2026-07-01,850.32,paid,card,0
1730,192,2026-08-01,850.32,paid,bank_transfer,0
1731,192,2026-09-01,850.32,paid,card,0
1732,193,2025-03-01,62.82,paid,card,0
1733,193,2025-04-01,62.82,paid,card,0
1734,193,2025-05-01,62.82,paid,card,0
1735,193,2025-06-01,62.82,paid,bank_transfer,0
1736,193,2025-07-01,62.82,paid,card,0
1737,193,2025-08-01,62.82,paid,upi,0
1738,193,2025-09-01,62.82,paid,card,0
1739,193,2025-10-01,62.82,paid,card,0
1740,193,2025-11-01,62.82,paid,bank_transfer,0
1741,193,2025-12-01,62.82,paid,card,0
1742,193,2026-01-01,62.82,paid,card,0
1743,193,2026-02-01,62.82,paid,card,0
1744,193,2026-03-01,62.82,paid,card,0
1745,193,2026-04-01,62.82,paid,bank_transfer,0
1746,193,2026-05-01,62.82,paid,upi,0
1747,193,2026-06-01,62.82,paid,card,0
1748,193,2026-07-01,62.82,paid,card,0
1749,194,2025-01-01,182.29,paid,card,0
1750,194,2025-02-01,182.29,paid,card,0
1751,194,2025-03-01,182.29,paid,card,0
1752,194,2025-04-01,182.29,paid,card,0
1753,194,2025-05-01,182.29,paid,card,0
1754,194,2025-06-01,182.29,paid,card,0
1755,194,2025-07-01,182.29,paid,bank_transfer,0
1756,194,2025-08-01,182.29,paid,card,0
1757,194,2025-09-01,182.29,paid,card,0
1758,194,2025-10-01,182.29,paid,bank_transfer,0
1759,194,2025-11-01,182.29,paid,card,0
1760,194,2025-12-01,182.29,paid,card,0
1761,194,2026-01-01,182.29,paid,card,0
1762,194,2026-02-01,182.29,paid,card,0
1763,194,2026-03-01,182.29,paid,card,0
1764,194,2026-04-01,182.29,paid,card,0
1765,194,2026-05-01,182.29,paid,card,0
1766,194,2026-06-01,182.29,paid,upi,0
1767,194,2026-07-01,182.29,paid,bank_transfer,0
1768,195,2025-07-01,50.8,failed,card,1
1769,196,2025-06-01,211.17,paid,card,0
1770,196,2025-07-01,211.17,paid,card,0
1771,196,2025-08-01,211.17,paid,card,0
1772,196,2025-09-01,211.17,paid,bank_transfer,0
1773,196,2025-10-01,211.17,paid,card,0
1774,196,2025-11-01,211.17,paid,card,0
1775,196,2025-12-01,211.17,paid,bank_transfer,0
1776,196,2026-01-01,211.17,failed,card,4
1777,196,2026-02-01,211.17,paid,card,0
1778,197,2024-12-01,62.15,paid,card,0
1779,197,2025-01-01,62.15,paid,card,0
1780,197,2025-02-01,62.15,paid,card,0
1781,197,2025-03-01,62.15,paid,card,0
1782,197,2025-04-01,62.15,paid,card,0
1783,197,2025-05-01,62.15,paid,card,0
1784,198,2025-09-01,256.99,paid,card,0
1785,198,2025-10-01,256.99,paid,bank_transfer,0
1786,198,2025-11-01,256.99,paid,card,0
1787,198,2025-12-01,256.99,paid,card,0
1788,198,2026-01-01,256.99,paid,card,0
1789,198,2026-02-01,256.99,paid,card,0
1790,198,2026-03-01,256.99,paid,card,0
1791,198,2026-04-01,256.99,paid,bank_transfer,0
1792,198,2026-05-01,256.99,paid,card,0
1793,198,2026-06-01,256.99,paid,card,0
1794,198,2026-07-01,256.99,paid,bank_transfer,0
1795,199,2025-08-01,61.46,paid,card,0
1796,199,2025-09-01,61.46,paid,card,0
1797,199,2025-10-01,61.46,paid,card,0
1798,199,2025-11-01,61.46,paid,card,0
1799,199,2025-12-01,61.46,paid,card,0
1800,199,2026-01-01,61.46,paid,bank_transfer,0
1801,199,2026-02-01,61.46,paid,card,0
1802,199,2026-03-01,61.46,paid,bank_transfer,0
1803,199,2026-04-01,61.46,paid,card,0
1804,199,2026-05-01,61.46,paid,card,0
1805,199,2026-06-01,61.46,paid,card,0
1806,199,2026-07-01,61.46,failed,bank_transfer,2
1807,200,2025-06-01,233.56,paid,upi,0
1808,200,2025-07-01,233.56,paid,bank_transfer,0
1809,200,2025-08-01,233.56,paid,card,0
1810,200,2025-09-01,233.56,paid,card,0
1811,200,2025-10-01,233.56,paid,card,0
1812,200,2025-11-01,233.56,paid,card,0
1813,201,2025-01-01,47.64,paid,card,0
1814,201,2025-02-01,47.64,paid,bank_transfer,0
1815,201,2025-03-01,47.64,paid,bank_transfer,0
1816,201,2025-04-01,47.64,paid,upi,0
1817,201,2025-05-01,47.64,paid,bank_transfer,0
1818,201,2025-06-01,47.64,paid,card,0
1819,201,2025-07-01,47.64,paid,bank_transfer,0
1820,201,2025-08-01,47.64,paid,card,0
1821,201,2025-09-01,47.64,paid,card,0
1822,201,2025-10-01,47.64,paid,upi,0
1823,201,2025-11-01,47.64,paid,bank_transfer,0
1824,201,2025-12-01,47.64,paid,upi,0
1825,202,2025-03-01,216.57,paid,card,0
1826,202,2025-04-01,216.57,paid,card,0
1827,202,2025-05-01,216.57,paid,bank_transfer,0
1828,202,2025-06-01,216.57,paid,card,0
1829,202,2025-07-01,216.57,paid,card,0
1830,202,2025-08-01,216.57,paid,card,0
1831,202,2025-09-01,216.57,paid,card,0
1832,202,2025-10-01,216.57,paid,bank_transfer,0
1833,202,2025-11-01,216.57,paid,card,0
1834,202,2025-12-01,216.57,paid,upi,0
1835,202,2026-01-01,216.57,paid,card,0
1836,202,2026-02-01,216.57,paid,upi,0
1837,202,2026-03-01,216.57,paid,card,0
1838,202,2026-04-01,216.57,paid,card,0
1839,202,2026-05-01,216.57,paid,card,0
1840,202,2026-06-01,216.57,paid,card,0
1841,202,2026-07-01,216.57,paid,bank_transfer,0
1842,203,2025-03-01,229.21,paid,card,0
1843,203,2025-04-01,229.21,paid,bank_transfer,0
1844,203,2025-05-01,229.21,paid,card,0
1845,203,2025-06-01,229.21,paid,card,0
1846,203,2025-07-01,229.21,paid,bank_transfer,0
1847,203,2025-08-01,229.21,paid,card,0
1848,203,2025-09-01,229.21,paid,card,0
1849,203,2025-10-01,229.21,paid,card,0
1850,203,2025-11-01,229.21,paid,card,0
1851,203,2025-12-01,229.21,paid,upi,0
1852,203,2026-01-01,229.21,paid,upi,0
1853,203,2026-02-01,229.21,paid,bank_transfer,0
1854,203,2026-03-01,229.21,paid,card,0
1855,203,2026-04-01,229.21,paid,card,0
1856,203,2026-05-01,229.21,paid,card,0
1857,203,2026-06-01,229.21,paid,card,0
1858,203,2026-07-01,229.21,paid,card,0
1859,204,2025-12-01,61.93,paid,card,0
1860,204,2026-01-01,61.93,paid,card,0
1861,204,2026-02-01,61.93,paid,card,0
1862,204,2026-03-01,61.93,paid,bank_transfer,0
1863,204,2026-04-01,61.93,paid,card,0
1864,204,2026-05-01,61.93,paid,card,0
1865,204,2026-06-01,61.93,paid,upi,0
1866,204,2026-07-01,61.93,paid,upi,0
1867,205,2025-08-01,62.41,paid,upi,0
1868,205,2025-09-01,62.41,paid,card,0
1869,205,2025-10-01,62.41,paid,card,0
1870,205,2025-11-01,62.41,failed,card,0
1871,207,2026-06-01,245.53,paid,bank_transfer,0
1872,207,2026-07-01,245.53,paid,card,0
1873,207,2026-08-01,245.53,paid,card,0
1874,207,2026-09-01,245.53,paid,bank_transfer,0
1875,207,2026-10-01,245.53,paid,card,0
1876,207,2026-11-01,245.53,paid,bank_transfer,0
1877,208,2025-02-01,60.02,paid,card,0
1878,208,2025-03-01,60.02,paid,card,0
1879,208,2025-04-01,60.02,paid,card,0
1880,208,2025-05-01,60.02,paid,card,0
1881,208,2025-06-01,60.02,paid,card,0
1882,209,2026-02-01,48.24,paid,card,0
1883,209,2026-03-01,48.24,paid,card,0
1884,209,2026-04-01,48.24,paid,card,0
1885,209,2026-05-01,48.24,paid,card,0
1886,209,2026-06-01,48.24,paid,card,0
1887,209,2026-07-01,48.24,paid,upi,0
1888,210,2025-03-01,179.61,paid,card,0
1889,210,2025-04-01,179.61,paid,upi,0
1890,210,2025-05-01,179.61,failed,card,1
1891,210,2025-06-01,179.61,paid,bank_transfer,0
1892,210,2025-07-01,179.61,paid,upi,0
1893,210,2025-08-01,179.61,paid,card,0
1894,210,2025-09-01,179.61,paid,card,0
1895,210,2025-10-01,179.61,paid,bank_transfer,0
1896,210,2025-11-01,179.61,paid,bank_transfer,0
1897,210,2025-12-01,179.61,paid,card,0
1898,210,2026-01-01,179.61,paid,card,0
1899,210,2026-02-01,179.61,paid,card,0
1900,210,2026-03-01,179.61,paid,card,0
1901,210,2026-04-01,179.61,paid,upi,0
1902,210,2026-05-01,179.61,paid,card,0
1903,210,2026-06-01,179.61,paid,card,0
1904,210,2026-07-01,179.61,paid,card,0
1905,211,2024-12-01,63.51,paid,card,0
1906,211,2025-01-01,63.51,paid,bank_transfer,0
1907,211,2025-02-01,63.51,paid,card,0
1908,211,2025-03-01,63.51,paid,card,0
1909,211,2025-04-01,63.51,paid,bank_transfer,0
1910,211,2025-05-01,63.51,paid,card,0
1911,211,2025-06-01,63.51,paid,card,0
1912,211,2025-07-01,63.51,paid,bank_transfer,0
1913,211,2025-08-01,63.51,paid,card,0
1914,211,2025-09-01,63.51,paid,card,0
1915,211,2025-10-01,63.51,paid,upi,0
1916,211,2025-11-01,63.51,paid,card,0
1917,211,2025-12-01,63.51,paid,card,0
1918,211,2026-01-01,63.51,paid,upi,0
1919,211,2026-02-01,63.51,paid,card,0
1920,211,2026-03-01,63.51,paid,card,0
1921,211,2026-04-01,63.51,paid,bank_transfer,0
1922,211,2026-05-01,63.51,paid,bank_transfer,0
1923,211,2026-06-01,63.51,paid,card,0
1924,211,2026-07-01,63.51,paid,card,0
1925,212,2024-12-01,58.41,paid,card,0
1926,212,2025-01-01,58.41,paid,card,0
1927,212,2025-02-01,58.41,paid,bank_transfer,0
1928,212,2025-03-01,58.41,paid,bank_transfer,0
1929,212,2025-04-01,58.41,paid,card,0
1930,212,2025-05-01,58.41,paid,upi,0
1931,212,2025-06-01,58.41,paid,card,0
1932,212,2025-07-01,58.41,paid,card,0
1933,212,2025-08-01,58.41,paid,bank_transfer,0
1934,212,2025-09-01,58.41,paid,bank_transfer,0
1935,212,2025-10-01,58.41,paid,bank_transfer,0
1936,212,2025-11-01,58.41,paid,card,0
1937,213,2025-12-01,54.42,failed,upi,0
1938,214,2025-12-01,211.05,paid,card,0
1939,214,2026-01-01,211.05,paid,card,0
1940,214,2026-02-01,211.05,paid,card,0
1941,214,2026-03-01,211.05,paid,card,0
1942,214,2026-04-01,211.05,paid,bank_transfer,0
1943,214,2026-05-01,211.05,paid,bank_transfer,0
1944,214,2026-06-01,211.05,paid,card,0
1945,214,2026-07-01,211.05,paid,card,0
1946,215,2026-06-01,47.16,paid,bank_transfer,0
1947,215,2026-07-01,47.16,paid,card,0
1948,217,2026-03-01,50.88,paid,card,0
1949,217,2026-04-01,50.88,paid,card,0
1950,217,2026-05-01,50.88,paid,card,0
1951,217,2026-06-01,50.88,paid,card,0
1952,217,2026-07-01,50.88,paid,bank_transfer,0
1953,217,2026-08-01,50.88,paid,card,0
1954,217,2026-09-01,50.88,failed,bank_transfer,0
1955,218,2025-03-01,53.97,failed,upi,1
1956,219,2025-03-01,238.02,paid,card,0
1957,219,2025-04-01,238.02,failed,card,0
1958,219,2025-05-01,238.02,paid,card,0
1959,219,2025-06-01,238.02,paid,card,0
1960,219,2025-07-01,238.02,paid,card,0
1961,219,2025-08-01,238.02,paid,bank_transfer,0
1962,219,2025-09-01,238.02,paid,card,0
1963,219,2025-10-01,238.02,paid,card,0
1964,219,2025-11-01,238.02,paid,card,0
1965,219,2025-12-01,238.02,paid,card,0
1966,219,2026-01-01,238.02,paid,card,0
1967,219,2026-02-01,238.02,paid,card,0
1968,219,2026-03-01,238.02,paid,card,0
1969,219,2026-04-01,238.02,paid,card,0
1970,219,2026-05-01,238.02,paid,card,0
1971,219,2026-06-01,238.02,paid,card,0
1972,219,2026-07-01,238.02,paid,upi,0
1973,221,2025-12-01,825.17,paid,card,0
1974,221,2026-01-01,825.17,paid,card,0
1975,221,2026-02-01,825.17,paid,card,0
1976,221,2026-03-01,825.17,paid,card,0
1977,221,2026-04-01,825.17,paid,card,0
1978,221,2026-05-01,825.17,paid,bank_transfer,0
1979,221,2026-06-01,825.17,paid,bank_transfer,0
1980,221,2026-07-01,825.17,paid,card,0
1981,221,2026-08-01,825.17,paid,card,0
1982,221,2026-09-01,825.17,paid,card,0
1983,221,2026-10-01,825.17,paid,card,0
1984,221,2026-11-01,825.17,paid,card,0
1985,221,2026-12-01,825.17,paid,card,0
1986,221,2027-01-01,825.17,paid,card,0
1987,221,2027-02-01,825.17,paid,card,0
1988,221,2027-03-01,825.17,paid,card,0
1989,221,2027-04-01,825.17,paid,card,0
1990,221,2027-05-01,825.17,paid,card,0
1991,222,2025-05-01,44.11,paid,upi,0
1992,222,2025-06-01,44.11,paid,card,0
1993,222,2025-07-01,44.11,paid,bank_transfer,0
1994,222,2025-08-01,44.11,paid,bank_transfer,0
1995,222,2025-09-01,44.11,paid,card,0
1996,222,2025-10-01,44.11,paid,bank_transfer,0
1997,222,2025-11-01,44.11,paid,upi,0
1998,223,2026-05-01,227.11,paid,card,0
1999,223,2026-06-01,227.11,paid,card,0
2000,223,2026-07-01,227.11,paid,upi,0
2001,224,2025-07-01,58.21,paid,upi,0
2002,224,2025-08-01,58.21,paid,card,0
2003,224,2025-09-01,58.21,paid,bank_transfer,0
2004,224,2025-10-01,58.21,paid,bank_transfer,0
2005,224,2025-11-01,58.21,paid,upi,0
2006,224,2025-12-01,58.21,paid,card,0
2007,224,2026-01-01,58.21,paid,card,0
2008,224,2026-02-01,58.21,failed,card,3
2009,224,2026-03-01,58.21,paid,card,0
2010,224,2026-04-01,58.21,paid,card,0
2011,224,2026-05-01,58.21,failed,card,0
2012,224,2026-06-01,58.21,paid,card,0
2013,224,2026-07-01,58.21,paid,bank_transfer,0
2014,225,2025-10-01,205.5,paid,upi,0
2015,225,2025-11-01,205.5,paid,card,0
2016,225,2025-12-01,205.5,paid,card,0
2017,225,2026-01-01,205.5,paid,card,0
2018,225,2026-02-01,205.5,paid,card,0
2019,225,2026-03-01,205.5,paid,card,0
2020,225,2026-04-01,205.5,paid,card,0
2021,225,2026-05-01,205.5,paid,upi,0
2022,225,2026-06-01,205.5,paid,upi,0
2023,225,2026-07-01,205.5,paid,upi,0
2024,226,2025-12-01,240.36,paid,card,0
2025,227,2025-08-01,201.04,paid,bank_transfer,0
2026,227,2025-09-01,201.04,paid,bank_transfer,0
2027,227,2025-10-01,201.04,paid,upi,0
2028,227,2025-11-01,201.04,paid,card,0
2029,227,2025-12-01,201.04,paid,bank_transfer,0
2030,227,2026-01-01,201.04,paid,card,0
2031,227,2026-02-01,201.04,paid,card,0
2032,227,2026-03-01,201.04,paid,card,0
2033,227,2026-04-01,201.04,paid,bank_transfer,0
2034,227,2026-05-01,201.04,paid,upi,0
2035,227,2026-06-01,201.04,paid,card,0
2036,227,2026-07-01,201.04,paid,card,0
2037,228,2025-02-01,243.9,paid,card,0
2038,228,2025-03-01,243.9,paid,card,0
2039,228,2025-04-01,243.9,paid,bank_transfer,0
2040,228,2025-05-01,243.9,paid,bank_transfer,0
2041,228,2025-06-01,243.9,paid,card,0
2042,228,2025-07-01,243.9,paid,card,0
2043,228,2025-08-01,243.9,paid,card,0
2044,228,2025-09-01,243.9,paid,card,0
2045,228,2025-10-01,243.9,paid,card,0
2046,228,2025-11-01,243.9,paid,card,0
2047,228,2025-12-01,243.9,failed,card,3
2048,228,2026-01-01,243.9,paid,upi,0
2049,228,2026-02-01,243.9,paid,card,0
2050,228,2026-03-01,243.9,failed,card,2
2051,228,2026-04-01,243.9,paid,card,0
2052,229,2025-03-01,186.68,paid,card,0
2053,229,2025-04-01,186.68,paid,card,0
2054,229,2025-05-01,186.68,paid,bank_transfer,0
2055,229,2025-06-01,186.68,paid,card,0
2056,229,2025-07-01,186.68,paid,bank_transfer,0
2057,229,2025-08-01,186.68,paid,card,0
2058,229,2025-09-01,186.68,paid,card,0
2059,229,2025-10-01,186.68,paid,bank_transfer,0
2060,229,2025-11-01,186.68,paid,card,0
2061,229,2025-12-01,186.68,paid,card,0
2062,229,2026-01-01,186.68,paid,card,0
2063,229,2026-02-01,186.68,paid,card,0
2064,229,2026-03-01,186.68,paid,card,0
2065,229,2026-04-01,186.68,paid,card,0
2066,229,2026-05-01,186.68,paid,card,0
2067,229,2026-06-01,186.68,paid,bank_transfer,0
2068,229,2026-07-01,186.68,paid,upi,0
2069,230,2025-12-01,244.05,paid,bank_transfer,0
2070,230,2026-01-01,244.05,paid,card,0
2071,230,2026-02-01,244.05,paid,upi,0
2072,230,2026-03-01,244.05,paid,card,0
2073,230,2026-04-01,244.05,paid,card,0
2074,230,2026-05-01,244.05,paid,card,0
2075,230,2026-06-01,244.05,paid,card,0
2076,230,2026-07-01,244.05,paid,bank_transfer,0
2077,232,2026-04-01,239.61,paid,bank_transfer,0
2078,232,2026-05-01,239.61,paid,card,0
2079,232,2026-06-01,239.61,failed,card,2
2080,233,2024-12-01,63.36,paid,card,0
2081,233,2025-01-01,63.36,paid,card,0
2082,233,2025-02-01,63.36,paid,upi,0
2083,233,2025-03-01,63.36,paid,upi,0
2084,233,2025-04-01,63.36,paid,card,0
2085,233,2025-05-01,63.36,paid,card,0
2086,233,2025-06-01,63.36,paid,card,0
2087,233,2025-07-01,63.36,paid,card,0
2088,233,2025-08-01,63.36,paid,card,0
2089,233,2025-09-01,63.36,paid,card,0
2090,233,2025-10-01,63.36,paid,upi,0
2091,233,2025-11-01,63.36,paid,bank_transfer,0
2092,233,2025-12-01,63.36,paid,bank_transfer,0
2093,233,2026-01-01,63.36,paid,card,0
2094,233,2026-02-01,63.36,paid,card,0
2095,233,2026-03-01,63.36,paid,card,0
2096,233,2026-04-01,63.36,paid,bank_transfer,0
2097,233,2026-05-01,63.36,paid,upi,0
2098,233,2026-06-01,63.36,paid,card,0
2099,234,2025-11-01,1004.52,paid,card,0
2100,234,2025-12-01,1004.52,paid,card,0
2101,234,2026-01-01,1004.52,paid,card,0
2102,234,2026-02-01,1004.52,paid,card,0
2103,234,2026-03-01,1004.52,paid,bank_transfer,0
2104,234,2026-04-01,1004.52,paid,card,0
2105,234,2026-05-01,1004.52,paid,card,0
2106,234,2026-06-01,1004.52,paid,bank_transfer,0
2107,234,2026-07-01,1004.52,paid,card,0
2108,235,2025-03-01,60.05,paid,card,0
2109,235,2025-04-01,60.05,paid,upi,0
2110,235,2025-05-01,60.05,paid,bank_transfer,0
2111,235,2025-06-01,60.05,paid,bank_transfer,0
2112,235,2025-07-01,60.05,paid,card,0
2113,235,2025-08-01,60.05,paid,card,0
2114,235,2025-09-01,60.05,paid,card,0
2115,235,2025-10-01,60.05,paid,card,0
2116,235,2025-11-01,60.05,paid,bank_transfer,0
2117,235,2025-12-01,60.05,paid,card,0
2118,235,2026-01-01,60.05,paid,bank_transfer,0
2119,235,2026-02-01,60.05,paid,card,0
2120,235,2026-03-01,60.05,paid,card,0
2121,235,2026-04-01,60.05,paid,upi,0
2122,235,2026-05-01,60.05,paid,card,0
2123,235,2026-06-01,60.05,paid,card,0
2124,235,2026-07-01,60.05,paid,card,0
2125,236,2025-09-01,949.74,paid,card,0
2126,236,2025-10-01,949.74,paid,card,0
2127,237,2025-07-01,232.46,paid,card,0
2128,237,2025-08-01,232.46,paid,bank_transfer,0
2129,238,2025-01-01,52.81,paid,card,0
2130,238,2025-02-01,52.81,paid,card,0
2131,238,2025-03-01,52.81,paid,bank_transfer,0
2132,238,2025-04-01,52.81,paid,upi,0
2133,238,2025-05-01,52.81,paid,card,0
2134,238,2025-06-01,52.81,paid,card,0
2135,238,2025-07-01,52.81,paid,bank_transfer,0
2136,238,2025-08-01,52.81,paid,card,0
2137,238,2025-09-01,52.81,paid,card,0
2138,239,2024-09-01,191.58,paid,upi,0
2139,239,2024-10-01,191.58,failed,upi,3
2140,239,2024-11-01,191.58,paid,card,0
2141,239,2024-12-01,191.58,paid,card,0
2142,239,2025-01-01,191.58,paid,card,0
2143,239,2025-02-01,191.58,paid,card,0
2144,239,2025-03-01,191.58,paid,card,0
2145,239,2025-04-01,191.58,paid,card,0
2146,239,2025-05-01,191.58,paid,card,0
2147,239,2025-06-01,191.58,paid,card,0
2148,239,2025-07-01,191.58,paid,card,0
2149,239,2025-08-01,191.58,paid,upi,0
2150,239,2025-09-01,191.58,paid,bank_transfer,0
2151,239,2025-10-01,191.58,paid,card,0
2152,239,2025-11-01,191.58,paid,card,0
2153,239,2025-12-01,191.58,paid,bank_transfer,0
2154,239,2026-01-01,191.58,paid,card,0
2155,239,2026-02-01,191.58,paid,card,0
2156,239,2026-03-01,191.58,paid,card,0
2157,239,2026-04-01,191.58,paid,bank_transfer,0
2158,240,2025-07-01,182.57,paid,upi,0
2159,240,2025-08-01,182.57,paid,card,0
2160,240,2025-09-01,182.57,failed,card,2
2161,240,2025-10-01,182.57,paid,card,0
2162,240,2025-11-01,182.57,paid,card,0
2163,240,2025-12-01,182.57,paid,upi,0
2164,240,2026-01-01,182.57,paid,card,0
2165,240,2026-02-01,182.57,paid,card,0
2166,240,2026-03-01,182.57,paid,card,0
2167,240,2026-04-01,182.57,paid,card,0
2168,240,2026-05-01,182.57,paid,bank_transfer,0
2169,240,2026-06-01,182.57,paid,upi,0
2170,240,2026-07-01,182.57,paid,bank_transfer,0
2171,241,2025-10-01,47.08,paid,bank_transfer,0
2172,241,2025-11-01,47.08,paid,card,0
2173,241,2025-12-01,47.08,paid,card,0
2174,241,2026-01-01,47.08,paid,card,0
2175,241,2026-02-01,47.08,paid,bank_transfer,0
2176,242,2024-12-01,48.86,paid,card,0
2177,242,2025-01-01,48.86,paid,bank_transfer,0
2178,242,2025-02-01,48.86,paid,card,0
2179,242,2025-03-01,48.86,paid,card,0
2180,242,2025-04-01,48.86,paid,card,0
2181,242,2025-05-01,48.86,paid,card,0
2182,242,2025-06-01,48.86,paid,card,0
2183,242,2025-07-01,48.86,paid,card,0
2184,242,2025-08-01,48.86,paid,card,0
2185,242,2025-09-01,48.86,paid,card,0
2186,243,2025-03-01,50.53,paid,card,0
2187,243,2025-04-01,50.53,paid,bank_transfer,0
2188,243,2025-05-01,50.53,paid,card,0
2189,243,2025-06-01,50.53,paid,card,0
2190,243,2025-07-01,50.53,paid,upi,0
2191,243,2025-08-01,50.53,paid,bank_transfer,0
2192,243,2025-09-01,50.53,paid,card,0
2193,243,2025-10-01,50.53,paid,card,0
2194,243,2025-11-01,50.53,paid,card,0
2195,243,2025-12-01,50.53,paid,bank_transfer,0
2196,243,2026-01-01,50.53,paid,card,0
2197,244,2024-11-01,214.4,paid,card,0
2198,244,2024-12-01,214.4,paid,card,0
2199,244,2025-01-01,214.4,paid,bank_transfer,0
2200,244,2025-02-01,214.4,paid,card,0
2201,244,2025-03-01,214.4,paid,bank_transfer,0
2202,244,2025-04-01,214.4,paid,card,0
2203,244,2025-05-01,214.4,paid,card,0
2204,244,2025-06-01,214.4,paid,bank_transfer,0
2205,244,2025-07-01,214.4,paid,card,0
2206,244,2025-08-01,214.4,paid,card,0
2207,244,2025-09-01,214.4,paid,card,0
2208,244,2025-10-01,214.4,paid,bank_transfer,0
2209,244,2025-11-01,214.4,paid,card,0
2210,244,2025-12-01,214.4,paid,bank_transfer,0
2211,244,2026-01-01,214.4,paid,card,0
2212,244,2026-02-01,214.4,paid,card,0
2213,244,2026-03-01,214.4,paid,upi,0
2214,244,2026-04-01,214.4,paid,card,0
2215,245,2025-09-01,963.9,paid,card,0
2216,245,2025-10-01,963.9,paid,card,0
2217,245,2025-11-01,963.9,paid,card,0
2218,245,2025-12-01,963.9,paid,bank_transfer,0
2219,245,2026-01-01,963.9,paid,card,0
2220,245,2026-02-01,963.9,paid,card,0
2221,245,2026-03-01,963.9,paid,bank_transfer,0
2222,245,2026-04-01,963.9,paid,card,0
2223,245,2026-05-01,963.9,paid,card,0
2224,245,2026-06-01,963.9,paid,card,0
2225,245,2026-07-01,963.9,paid,card,0
2226,246,2025-08-01,256.73,paid,card,0
2227,246,2025-09-01,256.73,paid,upi,0
2228,246,2025-10-01,256.73,paid,bank_transfer,0
2229,246,2025-11-01,256.73,paid,card,0
2230,246,2025-12-01,256.73,paid,card,0
2231,246,2026-01-01,256.73,paid,card,0
2232,246,2026-02-01,256.73,paid,card,0
2233,246,2026-03-01,256.73,paid,bank_transfer,0
2234,247,2025-05-01,865.08,paid,bank_transfer,0
2235,247,2025-06-01,865.08,paid,card,0
2236,247,2025-07-01,865.08,paid,card,0
2237,247,2025-08-01,865.08,paid,card,0
2238,247,2025-09-01,865.08,paid,card,0
2239,247,2025-10-01,865.08,failed,card,2
2240,247,2025-11-01,865.08,paid,upi,0
2241,247,2025-12-01,865.08,paid,card,0
2242,247,2026-01-01,865.08,paid,upi,0
2243,247,2026-02-01,865.08,paid,bank_transfer,0
2244,247,2026-03-01,865.08,paid,card,0
2245,247,2026-04-01,865.08,paid,card,0
2246,247,2026-05-01,865.08,paid,card,0
2247,247,2026-06-01,865.08,paid,card,0
2248,247,2026-07-01,865.08,paid,bank_transfer,0
2249,248,2024-12-01,57.22,paid,card,0
2250,248,2025-01-01,57.22,paid,card,0
2251,248,2025-02-01,57.22,paid,bank_transfer,0
2252,248,2025-03-01,57.22,paid,card,0
2253,248,2025-04-01,57.22,failed,bank_transfer,2
2254,248,2025-05-01,57.22,paid,card,0
2255,248,2025-06-01,57.22,paid,card,0
2256,248,2025-07-01,57.22,paid,card,0
2257,248,2025-08-01,57.22,paid,card,0
2258,248,2025-09-01,57.22,paid,card,0
2259,248,2025-10-01,57.22,paid,bank_transfer,0
2260,248,2025-11-01,57.22,paid,card,0
2261,248,2025-12-01,57.22,paid,card,0
2262,248,2026-01-01,57.22,paid,card,0
2263,248,2026-02-01,57.22,paid,card,0
2264,248,2026-03-01,57.22,paid,card,0
2265,248,2026-04-01,57.22,paid,card,0
2266,248,2026-05-01,57.22,paid,card,0
2267,248,2026-06-01,57.22,paid,card,0
2268,248,2026-07-01,57.22,paid,card,0
2269,249,2026-02-01,54.76,paid,card,0
2270,249,2026-03-01,54.76,paid,card,0
2271,249,2026-04-01,54.76,paid,bank_transfer,0
2272,249,2026-05-01,54.76,paid,upi,0
2273,249,2026-06-01,54.76,failed,card,0
2274,250,2025-04-01,53.17,paid,card,0
2275,250,2025-05-01,53.17,paid,upi,0
2276,250,2025-06-01,53.17,paid,card,0
2277,250,2025-07-01,53.17,paid,upi,0
2278,250,2025-08-01,53.17,paid,card,0
2279,250,2025-09-01,53.17,paid,card,0
2280,250,2025-10-01,53.17,paid,card,0
2281,250,2025-11-01,53.17,paid,bank_transfer,0
2282,250,2025-12-01,53.17,paid,card,0
2283,250,2026-01-01,53.17,paid,card,0
2284,250,2026-02-01,53.17,paid,bank_transfer,0
2285,250,2026-03-01,53.17,paid,card,0
2286,250,2026-04-01,53.17,paid,card,0
2287,250,2026-05-01,53.17,paid,card,0
2288,250,2026-06-01,53.17,paid,card,0
2289,250,2026-07-01,53.17,paid,card,0
2290,251,2026-01-01,201.8,paid,card,0
2291,251,2026-02-01,201.8,paid,card,0
2292,251,2026-03-01,201.8,paid,card,0
2293,251,2026-04-01,201.8,paid,card,0
2294,251,2026-05-01,201.8,paid,card,0
2295,251,2026-06-01,201.8,paid,upi,0
2296,251,2026-07-01,201.8,paid,bank_transfer,0
2297,252,2025-12-01,252.01,paid,bank_transfer,0
2298,252,2026-01-01,252.01,paid,card,0
2299,252,2026-02-01,252.01,failed,card,0
2300,252,2026-03-01,252.01,paid,card,0
2301,252,2026-04-01,252.01,paid,card,0
2302,252,2026-05-01,252.01,paid,card,0
2303,252,2026-06-01,252.01,paid,bank_transfer,0
2304,252,2026-07-01,252.01,paid,card,0
2305,253,2025-12-01,184.26,paid,card,0
2306,253,2026-01-01,184.26,paid,upi,0
2307,253,2026-02-01,184.26,paid,card,0
2308,253,2026-03-01,184.26,paid,bank_transfer,0
2309,253,2026-04-01,184.26,paid,card,0
2310,254,2025-01-01,185.17,paid,card,0
2311,254,2025-02-01,185.17,paid,card,0
2312,254,2025-03-01,185.17,paid,upi,0
2313,254,2025-04-01,185.17,paid,card,0
2314,254,2025-05-01,185.17,paid,upi,0
2315,254,2025-06-01,185.17,paid,card,0
2316,254,2025-07-01,185.17,paid,card,0
2317,254,2025-08-01,185.17,paid,card,0
2318,254,2025-09-01,185.17,paid,card,0
2319,254,2025-10-01,185.17,paid,card,0
2320,254,2025-11-01,185.17,paid,card,0
2321,254,2025-12-01,185.17,paid,card,0
2322,254,2026-01-01,185.17,paid,card,0
2323,254,2026-02-01,185.17,paid,card,0
2324,254,2026-03-01,185.17,paid,card,0
2325,254,2026-04-01,185.17,paid,card,0
2326,254,2026-05-01,185.17,paid,card,0
2327,254,2026-06-01,185.17,paid,card,0
2328,254,2026-07-01,185.17,paid,card,0
2329,255,2025-10-01,830.53,paid,card,0
2330,255,2025-11-01,830.53,paid,card,0
2331,255,2025-12-01,830.53,paid,card,0
2332,255,2026-01-01,830.53,paid,bank_transfer,0
2333,255,2026-02-01,830.53,paid,card,0
2334,255,2026-03-01,830.53,paid,card,0
2335,255,2026-04-01,830.53,paid,card,0
2336,255,2026-05-01,830.53,failed,card,0
2337,256,2025-02-01,52.04,paid,card,0
2338,256,2025-03-01,52.04,paid,card,0
2339,257,2025-03-01,207.04,paid,bank_transfer,0
2340,257,2025-04-01,207.04,paid,card,0
2341,257,2025-05-01,207.04,paid,card,0
2342,257,2025-06-01,207.04,paid,card,0
2343,257,2025-07-01,207.04,paid,card,0
2344,257,2025-08-01,207.04,paid,card,0
2345,257,2025-09-01,207.04,paid,card,0
2346,257,2025-10-01,207.04,paid,card,0
2347,257,2025-11-01,207.04,paid,card,0
2348,257,2025-12-01,207.04,paid,bank_transfer,0
2349,257,2026-01-01,207.04,paid,card,0
2350,257,2026-02-01,207.04,paid,card,0
2351,257,2026-03-01,207.04,paid,bank_transfer,0
2352,257,2026-04-01,207.04,paid,card,0
2353,257,2026-05-01,207.04,paid,card,0
2354,257,2026-06-01,207.04,paid,bank_transfer,0
2355,258,2025-04-01,872.92,paid,card,0
2356,258,2025-05-01,872.92,paid,bank_transfer,0
2357,258,2025-06-01,872.92,paid,card,0
2358,258,2025-07-01,872.92,paid,bank_transfer,0
2359,258,2025-08-01,872.92,paid,card,0
2360,258,2025-09-01,872.92,paid,bank_transfer,0
2361,258,2025-10-01,872.92,paid,card,0
2362,258,2025-11-01,872.92,paid,card,0
2363,258,2025-12-01,872.92,failed,bank_transfer,2
2364,258,2026-01-01,872.92,paid,card,0
2365,258,2026-02-01,872.92,paid,card,0
2366,258,2026-03-01,872.92,failed,upi,2
2367,258,2026-04-01,872.92,paid,upi,0
2368,258,2026-05-01,872.92,paid,card,0
2369,258,2026-06-01,872.92,paid,card,0
2370,258,2026-07-01,872.92,paid,bank_transfer,0
2371,259,2025-08-01,186.45,paid,bank_transfer,0
2372,259,2025-09-01,186.45,paid,card,0
2373,259,2025-10-01,186.45,paid,card,0
2374,261,2025-07-01,250.49,paid,card,0
2375,261,2025-08-01,250.49,paid,card,0
2376,261,2025-09-01,250.49,paid,card,0
2377,261,2025-10-01,250.49,paid,card,0
2378,261,2025-11-01,250.49,paid,card,0
2379,261,2025-12-01,250.49,paid,card,0
2380,261,2026-01-01,250.49,paid,card,0
2381,261,2026-02-01,250.49,paid,card,0
2382,261,2026-03-01,250.49,paid,card,0
2383,261,2026-04-01,250.49,paid,card,0
2384,261,2026-05-01,250.49,paid,bank_transfer,0
2385,261,2026-06-01,250.49,paid,upi,0
2386,261,2026-07-01,250.49,paid,card,0
2387,261,2026-08-01,250.49,paid,card,0
2388,261,2026-09-01,250.49,paid,upi,0
2389,261,2026-10-01,250.49,paid,bank_transfer,0
2390,261,2026-11-01,250.49,paid,card,0
2391,262,2025-07-01,1130.78,paid,card,0
2392,262,2025-08-01,1130.78,paid,bank_transfer,0
2393,262,2025-09-01,1130.78,paid,card,0
2394,262,2025-10-01,1130.78,paid,card,0
2395,262,2025-11-01,1130.78,paid,card,0
2396,262,2025-12-01,1130.78,paid,bank_transfer,0
2397,262,2026-01-01,1130.78,paid,card,0
2398,262,2026-02-01,1130.78,paid,card,0
2399,262,2026-03-01,1130.78,paid,upi,0
2400,262,2026-04-01,1130.78,paid,bank_transfer,0
2401,262,2026-05-01,1130.78,paid,upi,0
2402,262,2026-06-01,1130.78,paid,card,0
2403,262,2026-07-01,1130.78,paid,card,0
2404,263,2024-11-01,247.22,paid,card,0
2405,263,2024-12-01,247.22,paid,card,0
2406,263,2025-01-01,247.22,paid,card,0
2407,264,2025-07-01,63.22,paid,bank_transfer,0
2408,264,2025-08-01,63.22,paid,card,0
2409,264,2025-09-01,63.22,failed,upi,0
2410,264,2025-10-01,63.22,paid,card,0
2411,264,2025-11-01,63.22,failed,card,1
2412,264,2025-12-01,63.22,failed,card,2
2413,265,2025-08-01,234.45,paid,card,0
2414,265,2025-09-01,234.45,paid,bank_transfer,0
2415,265,2025-10-01,234.45,paid,upi,0
2416,265,2025-11-01,234.45,paid,card,0
2417,265,2025-12-01,234.45,paid,card,0
2418,265,2026-01-01,234.45,paid,upi,0
2419,265,2026-02-01,234.45,paid,card,0
2420,265,2026-03-01,234.45,paid,card,0
2421,265,2026-04-01,234.45,paid,upi,0
2422,266,2024-11-01,59.86,paid,card,0
2423,266,2024-12-01,59.86,paid,card,0
2424,266,2025-01-01,59.86,paid,card,0
2425,266,2025-02-01,59.86,paid,card,0
2426,266,2025-03-01,59.86,failed,card,2
2427,267,2025-04-01,200.27,paid,bank_transfer,0
2428,267,2025-05-01,200.27,paid,card,0
2429,267,2025-06-01,200.27,paid,bank_transfer,0
2430,267,2025-07-01,200.27,paid,card,0
2431,267,2025-08-01,200.27,paid,card,0
2432,267,2025-09-01,200.27,paid,upi,0
2433,267,2025-10-01,200.27,paid,card,0
2434,267,2025-11-01,200.27,paid,card,0
2435,268,2025-06-01,233.41,paid,bank_transfer,0
2436,268,2025-07-01,233.41,paid,card,0
2437,268,2025-08-01,233.41,paid,card,0
2438,268,2025-09-01,233.41,paid,card,0
2439,268,2025-10-01,233.41,paid,card,0
2440,268,2025-11-01,233.41,paid,card,0
2441,268,2025-12-01,233.41,paid,card,0
2442,268,2026-01-01,233.41,paid,card,0
2443,268,2026-02-01,233.41,paid,card,0
2444,268,2026-03-01,233.41,paid,upi,0
2445,268,2026-04-01,233.41,paid,card,0
2446,268,2026-05-01,233.41,paid,card,0
2447,268,2026-06-01,233.41,paid,card,0
2448,268,2026-07-01,233.41,paid,card,0
2449,269,2024-12-01,885.75,paid,card,0
2450,269,2025-01-01,885.75,paid,card,0
2451,269,2025-02-01,885.75,paid,bank_transfer,0
2452,269,2025-03-01,885.75,paid,bank_transfer,0
2453,269,2025-04-01,885.75,paid,card,0
2454,269,2025-05-01,885.75,paid,card,0
2455,269,2025-06-01,885.75,paid,card,0
2456,269,2025-07-01,885.75,paid,bank_transfer,0
2457,269,2025-08-01,885.75,paid,bank_transfer,0
2458,269,2025-09-01,885.75,paid,upi,0
2459,269,2025-10-01,885.75,paid,bank_transfer,0
2460,269,2025-11-01,885.75,paid,bank_transfer,0
2461,269,2025-12-01,885.75,paid,bank_transfer,0
2462,269,2026-01-01,885.75,paid,card,0
2463,269,2026-02-01,885.75,paid,card,0
2464,269,2026-03-01,885.75,paid,upi,0
2465,269,2026-04-01,885.75,paid,card,0
2466,269,2026-05-01,885.75,paid,card,0
2467,269,2026-06-01,885.75,paid,card,0
2468,269,2026-07-01,885.75,paid,card,0
2469,270,2025-12-01,51.06,paid,card,0
2470,270,2026-01-01,51.06,paid,card,0
2471,270,2026-02-01,51.06,paid,card,0
2472,270,2026-03-01,51.06,paid,bank_transfer,0
2473,270,2026-04-01,51.06,paid,card,0
2474,270,2026-05-01,51.06,paid,card,0
2475,270,2026-06-01,51.06,paid,upi,0
2476,270,2026-07-01,51.06,paid,card,0
2477,271,2025-08-01,48.11,paid,card,0
2478,271,2025-09-01,48.11,paid,bank_transfer,0
2479,272,2025-02-01,215.22,paid,card,0
2480,272,2025-03-01,215.22,paid,card,0
2481,272,2025-04-01,215.22,paid,card,0
2482,272,2025-05-01,215.22,paid,card,0
2483,273,2024-12-01,54.18,paid,card,0
2484,273,2025-01-01,54.18,paid,bank_transfer,0
2485,273,2025-02-01,54.18,paid,bank_transfer,0
2486,273,2025-03-01,54.18,paid,bank_transfer,0
2487,273,2025-04-01,54.18,paid,card,0
2488,273,2025-05-01,54.18,paid,card,0
2489,273,2025-06-01,54.18,paid,card,0
2490,273,2025-07-01,54.18,paid,bank_transfer,0
2491,273,2025-08-01,54.18,paid,upi,0
2492,274,2025-12-01,52.51,paid,card,0
2493,274,2026-01-01,52.51,paid,card,0
2494,274,2026-02-01,52.51,paid,bank_transfer,0
2495,274,2026-03-01,52.51,paid,card,0
2496,274,2026-04-01,52.51,paid,card,0
2497,274,2026-05-01,52.51,paid,card,0
2498,274,2026-06-01,52.51,paid,card,0
2499,274,2026-07-01,52.51,paid,card,0
2500,275,2026-04-01,207.95,paid,card,0
2501,275,2026-05-01,207.95,paid,card,0
2502,275,2026-06-01,207.95,paid,bank_transfer,0
2503,275,2026-07-01,207.95,paid,card,0
2504,276,2025-05-01,926.56,paid,card,0
2505,276,2025-06-01,926.56,paid,card,0
2506,276,2025-07-01,926.56,paid,bank_transfer,0
2507,276,2025-08-01,926.56,paid,card,0
2508,276,2025-09-01,926.56,paid,bank_transfer,0
2509,276,2025-10-01,926.56,paid,card,0
2510,276,2025-11-01,926.56,paid,card,0
2511,276,2025-12-01,926.56,paid,upi,0
2512,276,2026-01-01,926.56,paid,card,0
2513,276,2026-02-01,926.56,paid,upi,0
2514,276,2026-03-01,926.56,paid,card,0
2515,276,2026-04-01,926.56,paid,card,0
2516,276,2026-05-01,926.56,paid,card,0
2517,276,2026-06-01,926.56,paid,card,0
2518,276,2026-07-01,926.56,paid,bank_transfer,0
2519,277,2026-01-01,52.7,paid,bank_transfer,0
2520,277,2026-02-01,52.7,paid,card,0
2521,277,2026-03-01,52.7,paid,bank_transfer,0
2522,277,2026-04-01,52.7,paid,bank_transfer,0
2523,277,2026-05-01,52.7,paid,bank_transfer,0
2524,277,2026-06-01,52.7,paid,bank_transfer,0
2525,277,2026-07-01,52.7,paid,card,0
2526,278,2025-09-01,52.05,paid,card,0
2527,278,2025-10-01,52.05,paid,upi,0
2528,278,2025-11-01,52.05,paid,card,0
2529,278,2025-12-01,52.05,paid,card,0
2530,278,2026-01-01,52.05,paid,card,0
2531,278,2026-02-01,52.05,paid,card,0
2532,278,2026-03-01,52.05,paid,upi,0
2533,278,2026-04-01,52.05,paid,card,0
2534,278,2026-05-01,52.05,paid,card,0
2535,278,2026-06-01,52.05,paid,upi,0
2536,278,2026-07-01,52.05,paid,card,0
2537,279,2025-03-01,43.08,paid,card,0
2538,279,2025-04-01,43.08,paid,card,0
2539,279,2025-05-01,43.08,paid,card,0
2540,279,2025-06-01,43.08,paid,card,0
2541,280,2025-04-01,249.05,paid,bank_transfer,0
2542,280,2025-05-01,249.05,paid,upi,0
2543,280,2025-06-01,249.05,paid,upi,0
2544,280,2025-07-01,249.05,paid,card,0
2545,280,2025-08-01,249.05,paid,upi,0
2546,280,2025-09-01,249.05,paid,card,0
2547,280,2025-10-01,249.05,paid,card,0
2548,280,2025-11-01,249.05,paid,card,0
2549,280,2025-12-01,249.05,paid,card,0
2550,280,2026-01-01,249.05,paid,card,0
2551,280,2026-02-01,249.05,paid,card,0
2552,280,2026-03-01,249.05,paid,upi,0
2553,280,2026-04-01,249.05,paid,card,0
2554,280,2026-05-01,249.05,paid,card,0
2555,280,2026-06-01,249.05,paid,upi,0
2556,280,2026-07-01,249.05,paid,card,0
2557,281,2025-08-01,216.52,paid,card,0
2558,281,2025-09-01,216.52,paid,bank_transfer,0
2559,281,2025-10-01,216.52,paid,card,0
2560,281,2025-11-01,216.52,paid,card,0
2561,281,2025-12-01,216.52,paid,bank_transfer,0
2562,281,2026-01-01,216.52,paid,bank_transfer,0
2563,281,2026-02-01,216.52,paid,upi,0
2564,281,2026-03-01,216.52,paid,card,0
2565,281,2026-04-01,216.52,paid,card,0
2566,281,2026-05-01,216.52,paid,bank_transfer,0
2567,281,2026-06-01,216.52,paid,card,0
2568,281,2026-07-01,216.52,paid,bank_transfer,0
2569,282,2026-03-01,238.69,paid,card,0
2570,282,2026-04-01,238.69,paid,card,0
2571,282,2026-05-01,238.69,failed,card,0
2572,282,2026-06-01,238.69,paid,card,0
2573,282,2026-07-01,238.69,paid,card,0
2574,283,2025-05-01,254.14,paid,card,0
2575,283,2025-06-01,254.14,failed,card,3
2576,283,2025-07-01,254.14,paid,card,0
2577,284,2025-02-01,62.78,paid,upi,0
2578,284,2025-03-01,62.78,paid,card,0
2579,284,2025-04-01,62.78,paid,card,0
2580,285,2025-11-01,0.0,paid,card,0
2581,285,2025-12-01,0.0,paid,card,0
2582,285,2026-01-01,0.0,paid,card,0
2583,286,2025-02-01,194.29,failed,bank_transfer,1
2584,286,2025-03-01,194.29,paid,bank_transfer,0
2585,286,2025-04-01,194.29,paid,bank_transfer,0
2586,286,2025-05-01,194.29,paid,card,0
2587,286,2025-06-01,194.29,paid,card,0
2588,286,2025-07-01,194.29,paid,upi,0
2589,286,2025-08-01,194.29,paid,card,0
2590,286,2025-09-01,194.29,paid,card,0
2591,286,2025-10-01,194.29,paid,card,0
2592,286,2025-11-01,194.29,paid,card,0
2593,286,2025-12-01,194.29,paid,bank_transfer,0
2594,286,2026-01-01,194.29,paid,card,0
2595,286,2026-02-01,194.29,paid,bank_transfer,0
2596,286,2026-03-01,194.29,paid,bank_transfer,0
2597,286,2026-04-01,194.29,paid,card,0
2598,286,2026-05-01,194.29,paid,card,0
2599,286,2026-06-01,194.29,paid,bank_transfer,0
2600,286,2026-07-01,194.29,paid,card,0
2601,287,2024-11-01,49.8,paid,card,0
2602,288,2025-03-01,179.88,paid,card,0
2603,288,2025-04-01,179.88,paid,card,0
2604,288,2025-05-01,179.88,paid,card,0
2605,288,2025-06-01,179.88,paid,card,0
2606,288,2025-07-01,179.88,paid,bank_transfer,0
2607,288,2025-08-01,179.88,paid,card,0
2608,288,2025-09-01,179.88,paid,bank_transfer,0
2609,288,2025-10-01,179.88,paid,bank_transfer,0
2610,288,2025-11-01,179.88,paid,bank_transfer,0
2611,288,2025-12-01,179.88,paid,card,0
2612,288,2026-01-01,179.88,paid,card,0
2613,288,2026-02-01,179.88,paid,upi,0
2614,289,2025-05-01,45.21,paid,upi,0
2615,289,2025-06-01,45.21,paid,card,0
2616,289,2025-07-01,45.21,paid,card,0
2617,289,2025-08-01,45.21,paid,card,0
2618,289,2025-09-01,45.21,failed,card,3
2619,289,2025-10-01,45.21,failed,bank_transfer,2
2620,290,2025-01-01,204.17,paid,card,0
2621,290,2025-02-01,204.17,failed,bank_transfer,1
2622,290,2025-03-01,204.17,paid,upi,0
2623,290,2025-04-01,204.17,paid,card,0
2624,290,2025-05-01,204.17,paid,card,0
2625,290,2025-06-01,204.17,paid,card,0
2626,290,2025-07-01,204.17,paid,card,0
2627,290,2025-08-01,204.17,paid,card,0
2628,290,2025-09-01,204.17,paid,upi,0
2629,290,2025-10-01,204.17,paid,card,0
2630,291,2026-03-01,1077.87,paid,card,0
2631,291,2026-04-01,1077.87,paid,upi,0
2632,291,2026-05-01,1077.87,paid,card,0
2633,291,2026-06-01,1077.87,paid,upi,0
2634,291,2026-07-01,1077.87,paid,card,0
2635,292,2025-12-01,44.28,paid,card,0
2636,292,2026-01-01,44.28,paid,card,0
2637,292,2026-02-01,44.28,paid,card,0
2638,292,2026-03-01,44.28,paid,card,0
2639,292,2026-04-01,44.28,paid,upi,0
2640,292,2026-05-01,44.28,paid,card,0
2641,292,2026-06-01,44.28,paid,card,0
2642,292,2026-07-01,44.28,paid,bank_transfer,0
2643,293,2025-12-01,56.94,paid,bank_transfer,0
2644,293,2026-01-01,56.94,paid,bank_transfer,0
2645,293,2026-02-01,56.94,paid,upi,0
2646,293,2026-03-01,56.94,paid,card,0
2647,293,2026-04-01,56.94,paid,upi,0
2648,293,2026-05-01,56.94,paid,card,0
2649,293,2026-06-01,56.94,paid,bank_transfer,0
2650,293,2026-07-01,56.94,paid,card,0
2651,294,2025-08-01,56.69,paid,card,0
2652,294,2025-09-01,56.69,paid,card,0
2653,294,2025-10-01,56.69,paid,card,0
2654,294,2025-11-01,56.69,paid,card,0
2655,294,2025-12-01,56.69,paid,card,0
2656,294,2026-01-01,56.69,paid,card,0
2657,294,2026-02-01,56.69,paid,card,0
2658,294,2026-03-01,56.69,paid,card,0
2659,294,2026-04-01,56.69,paid,card,0
2660,294,2026-05-01,56.69,failed,card,4
2661,294,2026-06-01,56.69,paid,card,0
2662,294,2026-07-01,56.69,paid,card,0
2663,295,2025-01-01,254.25,paid,card,0
2664,295,2025-02-01,254.25,paid,bank_transfer,0
2665,295,2025-03-01,254.25,paid,card,0
2666,295,2025-04-01,254.25,paid,card,0
2667,295,2025-05-01,254.25,paid,bank_transfer,0
2668,295,2025-06-01,254.25,paid,card,0
2669,295,2025-07-01,254.25,paid,bank_transfer,0
2670,295,2025-08-01,254.25,paid,card,0
2671,295,2025-09-01,254.25,paid,card,0
2672,295,2025-10-01,254.25,paid,upi,0
2673,295,2025-11-01,254.25,failed,bank_transfer,0
2674,295,2025-12-01,254.25,paid,bank_transfer,0
2675,295,2026-01-01,254.25,paid,bank_transfer,0
2676,295,2026-02-01,254.25,paid,card,0
2677,295,2026-03-01,254.25,paid,card,0
2678,295,2026-04-01,254.25,paid,bank_transfer,0
2679,295,2026-05-01,254.25,paid,card,0
2680,295,2026-06-01,254.25,paid,card,0
2681,296,2026-04-01,61.26,paid,bank_transfer,0
2682,297,2025-12-01,54.5,paid,card,0
2683,297,2026-01-01,54.5,paid,bank_transfer,0
2684,297,2026-02-01,54.5,paid,card,0
2685,297,2026-03-01,54.5,paid,bank_transfer,0
2686,297,2026-04-01,54.5,paid,bank_transfer,0
2687,297,2026-05-01,54.5,paid,card,0
2688,297,2026-06-01,54.5,paid,card,0
2689,297,2026-07-01,54.5,paid,card,0
2690,298,2025-11-01,42.79,paid,bank_transfer,0
2691,298,2025-12-01,42.79,paid,card,0
2692,298,2026-01-01,42.79,paid,card,0
2693,298,2026-02-01,42.79,paid,card,0
2694,298,2026-03-01,42.79,paid,upi,0
2695,298,2026-04-01,42.79,paid,upi,0
2696,298,2026-05-01,42.79,paid,card,0
2697,298,2026-06-01,42.79,paid,card,0
2698,298,2026-07-01,42.79,paid,card,0
2699,299,2025-06-01,44.7,paid,card,0
2700,299,2025-07-01,44.7,paid,bank_transfer,0
2701,299,2025-08-01,44.7,paid,card,0
2702,299,2025-09-01,44.7,paid,card,0
2703,300,2025-04-01,42.18,paid,card,0
2704,300,2025-05-01,42.18,failed,card,1
2705,300,2025-06-01,42.18,paid,card,0
2706,300,2025-07-01,42.18,paid,card,0
2707,300,2025-08-01,42.18,paid,card,0
2708,300,2025-09-01,42.18,paid,card,0
2709,300,2025-10-01,42.18,paid,bank_transfer,0
2710,300,2025-11-01,42.18,failed,card,1
2711,300,2025-12-01,42.18,paid,card,0
2712,300,2026-01-01,42.18,paid,card,0
2713,300,2026-02-01,42.18,paid,card,0
2714,300,2026-03-01,42.18,paid,bank_transfer,0
2715,300,2026-04-01,42.18,paid,card,0
2716,300,2026-05-01,42.18,paid,upi,0
2717,300,2026-06-01,42.18,paid,card,0
2718,300,2026-07-01,42.18,paid,card,0
2719,301,2025-02-01,46.21,paid,card,0
2720,301,2025-03-01,46.21,paid,card,0
2721,303,2026-05-01,200.73,paid,card,0
2722,303,2026-06-01,200.73,paid,card,0
2723,303,2026-07-01,200.73,paid,card,0
2724,303,2026-08-01,200.73,paid,bank_transfer,0
2725,303,2026-09-01,200.73,failed,card,2
2726,303,2026-10-01,200.73,paid,card,0
2727,303,2026-11-01,200.73,paid,card,0
2728,303,2026-12-01,200.73,paid,card,0
2729,303,2027-01-01,200.73,paid,bank_transfer,0
2730,303,2027-02-01,200.73,paid,card,0
2731,303,2027-03-01,200.73,paid,card,0
2732,303,2027-04-01,200.73,paid,bank_transfer,0
2733,303,2027-05-01,200.73,paid,card,0
2734,304,2024-10-01,49.09,paid,card,0
2735,304,2024-11-01,49.09,paid,card,0
2736,304,2024-12-01,49.09,paid,card,0
2737,304,2025-01-01,49.09,paid,card,0
2738,304,2025-02-01,49.09,paid,card,0
2739,304,2025-03-01,49.09,paid,upi,0
2740,304,2025-04-01,49.09,paid,card,0
2741,304,2025-05-01,49.09,paid,card,0
2742,304,2025-06-01,49.09,paid,card,0
2743,304,2025-07-01,49.09,paid,bank_transfer,0
2744,304,2025-08-01,49.09,paid,bank_transfer,0
2745,304,2025-09-01,49.09,paid,card,0
2746,304,2025-10-01,49.09,paid,card,0
2747,304,2025-11-01,49.09,paid,card,0
2748,304,2025-12-01,49.09,paid,card,0
2749,304,2026-01-01,49.09,paid,card,0
2750,306,2026-02-01,176.78,paid,card,0
2751,306,2026-03-01,176.78,paid,card,0
2752,306,2026-04-01,176.78,paid,card,0
2753,306,2026-05-01,176.78,paid,card,0
2754,306,2026-06-01,176.78,paid,card,0
2755,306,2026-07-01,176.78,paid,card,0
2756,306,2026-08-01,176.78,paid,card,0
2757,306,2026-09-01,176.78,paid,card,0
2758,306,2026-10-01,176.78,paid,upi,0
2759,306,2026-11-01,176.78,paid,bank_transfer,0
2760,306,2026-12-01,176.78,paid,card,0
2761,306,2027-01-01,176.78,paid,bank_transfer,0
2762,306,2027-02-01,176.78,paid,bank_transfer,0
2763,307,2026-03-01,252.4,paid,upi,0
2764,307,2026-04-01,252.4,paid,card,0
2765,307,2026-05-01,252.4,paid,card,0
2766,307,2026-06-01,252.4,paid,card,0
2767,307,2026-07-01,252.4,paid,card,0
2768,308,2025-08-01,936.35,paid,card,0
2769,308,2025-09-01,936.35,paid,card,0
2770,308,2025-10-01,936.35,paid,upi,0
2771,308,2025-11-01,936.35,paid,card,0
2772,308,2025-12-01,936.35,paid,card,0
2773,308,2026-01-01,936.35,paid,card,0
2774,308,2026-02-01,936.35,paid,card,0
2775,308,2026-03-01,936.35,paid,bank_transfer,0
2776,308,2026-04-01,936.35,paid,card,0
2777,308,2026-05-01,936.35,paid,bank_transfer,0
2778,308,2026-06-01,936.35,paid,card,0
2779,308,2026-07-01,936.35,paid,upi,0
2780,311,2026-05-01,49.89,paid,card,0
2781,311,2026-06-01,49.89,paid,bank_transfer,0
2782,312,2025-10-01,48.92,paid,card,0
2783,312,2025-11-01,48.92,paid,card,0
2784,312,2025-12-01,48.92,paid,card,0
2785,312,2026-01-01,48.92,paid,card,0
2786,312,2026-02-01,48.92,paid,card,0
2787,312,2026-03-01,48.92,paid,bank_transfer,0
2788,312,2026-04-01,48.92,paid,card,0
2789,312,2026-05-01,48.92,paid,bank_transfer,0
2790,312,2026-06-01,48.92,paid,bank_transfer,0
2791,312,2026-07-01,48.92,paid,card,0
2792,313,2025-05-01,251.8,paid,card,0
2793,313,2025-06-01,251.8,paid,card,0
2794,313,2025-07-01,251.8,paid,upi,0
2795,313,2025-08-01,251.8,paid,card,0
2796,313,2025-09-01,251.8,paid,card,0
2797,313,2025-10-01,251.8,paid,card,0
2798,313,2025-11-01,251.8,paid,card,0
2799,313,2025-12-01,251.8,paid,card,0
2800,313,2026-01-01,251.8,paid,card,0
2801,313,2026-02-01,251.8,paid,upi,0
2802,313,2026-03-01,251.8,paid,bank_transfer,0
2803,313,2026-04-01,251.8,paid,card,0
2804,313,2026-05-01,251.8,paid,card,0
2805,313,2026-06-01,251.8,paid,upi,0
2806,314,2025-02-01,255.22,paid,card,0
2807,314,2025-03-01,255.22,paid,upi,0
2808,314,2025-04-01,255.22,paid,upi,0
2809,314,2025-05-01,255.22,paid,upi,0
2810,314,2025-06-01,255.22,failed,bank_transfer,2
2811,315,2026-03-01,57.62,paid,bank_transfer,0
2812,315,2026-04-01,57.62,paid,card,0
2813,315,2026-05-01,57.62,paid,card,0
2814,315,2026-06-01,57.62,paid,card,0
2815,315,2026-07-01,57.62,paid,card,0
2816,316,2024-11-01,61.31,failed,card,0
2817,316,2024-12-01,61.31,paid,card,0
2818,316,2025-01-01,61.31,paid,bank_transfer,0
2819,316,2025-02-01,61.31,paid,card,0
2820,316,2025-03-01,61.31,paid,bank_transfer,0
2821,316,2025-04-01,61.31,paid,bank_transfer,0
2822,316,2025-05-01,61.31,paid,card,0
2823,316,2025-06-01,61.31,paid,bank_transfer,0
2824,316,2025-07-01,61.31,paid,card,0
2825,316,2025-08-01,61.31,paid,card,0
2826,316,2025-09-01,61.31,paid,bank_transfer,0
2827,316,2025-10-01,61.31,paid,card,0
2828,316,2025-11-01,61.31,paid,card,0
2829,316,2025-12-01,61.31,paid,upi,0
2830,316,2026-01-01,61.31,paid,card,0
2831,316,2026-02-01,61.31,paid,card,0
2832,316,2026-03-01,61.31,paid,bank_transfer,0
2833,316,2026-04-01,61.31,failed,card,2
2834,316,2026-05-01,61.31,failed,card,4
2835,317,2025-02-01,43.43,paid,card,0
2836,317,2025-03-01,43.43,paid,card,0
2837,317,2025-04-01,43.43,paid,card,0
2838,317,2025-05-01,43.43,paid,card,0
2839,317,2025-06-01,43.43,paid,bank_transfer,0
2840,317,2025-07-01,43.43,paid,bank_transfer,0
2841,317,2025-08-01,43.43,paid,card,0
2842,317,2025-09-01,43.43,paid,card,0
2843,317,2025-10-01,43.43,paid,card,0
2844,317,2025-11-01,43.43,paid,card,0
2845,317,2025-12-01,43.43,paid,upi,0
2846,317,2026-01-01,43.43,paid,card,0
2847,317,2026-02-01,43.43,paid,upi,0
2848,317,2026-03-01,43.43,paid,card,0
2849,317,2026-04-01,43.43,paid,card,0
2850,317,2026-05-01,43.43,paid,card,0
2851,317,2026-06-01,43.43,paid,card,0
2852,317,2026-07-01,43.43,paid,card,0
2853,318,2025-11-01,205.22,paid,card,0
2854,318,2025-12-01,205.22,paid,card,0
2855,318,2026-01-01,205.22,paid,card,0
2856,318,2026-02-01,205.22,paid,card,0
2857,318,2026-03-01,205.22,paid,card,0
2858,318,2026-04-01,205.22,paid,card,0
2859,318,2026-05-01,205.22,paid,upi,0
2860,318,2026-06-01,205.22,paid,card,0
2861,318,2026-07-01,205.22,paid,card,0
2862,319,2025-11-01,41.96,paid,card,0
2863,319,2025-12-01,41.96,paid,card,0
2864,319,2026-01-01,41.96,paid,upi,0
2865,319,2026-02-01,41.96,paid,card,0
2866,319,2026-03-01,41.96,paid,card,0
2867,319,2026-04-01,41.96,paid,card,0
2868,319,2026-05-01,41.96,paid,card,0
2869,319,2026-06-01,41.96,paid,bank_transfer,0
2870,319,2026-07-01,41.96,paid,card,0
2871,320,2025-07-01,63.38,paid,upi,0
2872,320,2025-08-01,63.38,paid,card,0
2873,320,2025-09-01,63.38,paid,bank_transfer,0
2874,320,2025-10-01,63.38,failed,upi,1
2875,320,2025-11-01,63.38,paid,card,0
2876,320,2025-12-01,63.38,paid,bank_transfer,0
2877,320,2026-01-01,63.38,paid,card,0
2878,320,2026-02-01,63.38,paid,bank_transfer,0
2879,320,2026-03-01,63.38,paid,card,0
2880,320,2026-04-01,63.38,paid,card,0
2881,320,2026-05-01,63.38,paid,card,0
2882,321,2025-02-01,61.46,paid,card,0
2883,321,2025-03-01,61.46,paid,card,0
2884,321,2025-04-01,61.46,paid,bank_transfer,0
2885,321,2025-05-01,61.46,paid,card,0
2886,321,2025-06-01,61.46,paid,card,0
2887,321,2025-07-01,61.46,paid,card,0
2888,321,2025-08-01,61.46,paid,card,0
2889,321,2025-09-01,61.46,paid,bank_transfer,0
2890,321,2025-10-01,61.46,paid,card,0
2891,321,2025-11-01,61.46,paid,bank_transfer,0
2892,321,2025-12-01,61.46,paid,card,0
2893,321,2026-01-01,61.46,paid,card,0
2894,321,2026-02-01,61.46,paid,card,0
2895,321,2026-03-01,61.46,paid,bank_transfer,0
2896,321,2026-04-01,61.46,paid,bank_transfer,0
2897,321,2026-05-01,61.46,paid,card,0
2898,321,2026-06-01,61.46,paid,card,0
2899,321,2026-07-01,61.46,paid,card,0
2900,322,2025-07-01,1029.55,paid,bank_transfer,0
2901,322,2025-08-01,1029.55,paid,card,0
2902,322,2025-09-01,1029.55,paid,card,0
2903,322,2025-10-01,1029.55,paid,upi,0
2904,322,2025-11-01,1029.55,paid,card,0
2905,322,2025-12-01,1029.55,paid,card,0
2906,322,2026-01-01,1029.55,paid,upi,0
2907,322,2026-02-01,1029.55,paid,card,0
2908,322,2026-03-01,1029.55,paid,bank_transfer,0
2909,322,2026-04-01,1029.55,paid,card,0
2910,322,2026-05-01,1029.55,paid,card,0
2911,322,2026-06-01,1029.55,paid,upi,0
2912,322,2026-07-01,1029.55,paid,card,0
2913,323,2026-04-01,244.62,failed,card,2
2914,323,2026-05-01,244.62,paid,card,0
2915,323,2026-06-01,244.62,paid,card,0
2916,323,2026-07-01,244.62,paid,card,0
2917,324,2025-05-01,47.58,paid,card,0
2918,324,2025-06-01,47.58,paid,card,0
2919,324,2025-07-01,47.58,paid,card,0
2920,324,2025-08-01,47.58,paid,card,0
2921,325,2025-03-01,45.72,paid,card,0
2922,325,2025-04-01,45.72,paid,bank_transfer,0
2923,325,2025-05-01,45.72,paid,card,0
2924,325,2025-06-01,45.72,paid,upi,0
2925,325,2025-07-01,45.72,paid,upi,0
2926,325,2025-08-01,45.72,paid,upi,0
2927,325,2025-09-01,45.72,paid,bank_transfer,0
2928,325,2025-10-01,45.72,paid,bank_transfer,0
2929,325,2025-11-01,45.72,paid,card,0
2930,325,2025-12-01,45.72,paid,card,0
2931,325,2026-01-01,45.72,failed,card,4
2932,326,2025-02-01,883.84,paid,bank_transfer,0
2933,326,2025-03-01,883.84,paid,card,0
2934,326,2025-04-01,883.84,paid,card,0
2935,326,2025-05-01,883.84,paid,card,0
2936,326,2025-06-01,883.84,paid,card,0
2937,326,2025-07-01,883.84,paid,bank_transfer,0
2938,326,2025-08-01,883.84,paid,card,0
2939,326,2025-09-01,883.84,paid,card,0
2940,326,2025-10-01,883.84,paid,card,0
2941,326,2025-11-01,883.84,paid,upi,0
2942,326,2025-12-01,883.84,paid,upi,0
2943,326,2026-01-01,883.84,paid,card,0
2944,326,2026-02-01,883.84,paid,card,0
2945,326,2026-03-01,883.84,paid,card,0
2946,326,2026-04-01,883.84,paid,card,0
2947,326,2026-05-01,883.84,paid,upi,0
2948,326,2026-06-01,883.84,paid,upi,0
2949,326,2026-07-01,883.84,paid,bank_transfer,0
2950,327,2024-12-01,55.64,paid,card,0
2951,327,2025-01-01,55.64,paid,card,0
2952,327,2025-02-01,55.64,paid,card,0
2953,327,2025-03-01,55.64,paid,card,0
2954,327,2025-04-01,55.64,paid,bank_transfer,0
2955,327,2025-05-01,55.64,failed,card,2
2956,329,2026-05-01,56.57,paid,bank_transfer,0
2957,329,2026-06-01,56.57,paid,card,0
2958,329,2026-07-01,56.57,paid,card,0
2959,329,2026-08-01,56.57,paid,bank_transfer,0
2960,329,2026-09-01,56.57,paid,card,0
2961,329,2026-10-01,56.57,paid,card,0
2962,329,2026-11-01,56.57,paid,card,0
2963,329,2026-12-01,56.57,paid,card,0
2964,330,2026-05-01,241.98,paid,card,0
2965,330,2026-06-01,241.98,paid,card,0
2966,330,2026-07-01,241.98,paid,card,0
2967,331,2025-05-01,52.84,paid,card,0
2968,331,2025-06-01,52.84,paid,card,0
2969,331,2025-07-01,52.84,paid,upi,0
2970,331,2025-08-01,52.84,failed,card,3
2971,331,2025-09-01,52.84,failed,bank_transfer,2
2972,331,2025-10-01,52.84,paid,bank_transfer,0
2973,331,2025-11-01,52.84,paid,card,0
2974,331,2025-12-01,52.84,paid,card,0
2975,331,2026-01-01,52.84,paid,card,0
2976,331,2026-02-01,52.84,failed,card,1
2977,331,2026-03-01,52.84,paid,card,0
2978,332,2024-12-01,248.39,paid,card,0
2979,332,2025-01-01,248.39,paid,card,0
2980,332,2025-02-01,248.39,paid,upi,0
2981,332,2025-03-01,248.39,paid,card,0
2982,332,2025-04-01,248.39,paid,card,0
2983,332,2025-05-01,248.39,paid,card,0
2984,332,2025-06-01,248.39,paid,card,0
2985,332,2025-07-01,248.39,paid,card,0
2986,332,2025-08-01,248.39,paid,card,0
2987,332,2025-09-01,248.39,paid,card,0
2988,332,2025-10-01,248.39,paid,card,0
2989,332,2025-11-01,248.39,paid,card,0
2990,332,2025-12-01,248.39,paid,card,0
2991,332,2026-01-01,248.39,paid,card,0
2992,332,2026-02-01,248.39,paid,card,0
2993,332,2026-03-01,248.39,paid,card,0
2994,332,2026-04-01,248.39,paid,card,0
2995,332,2026-05-01,248.39,paid,bank_transfer,0
2996,332,2026-06-01,248.39,paid,bank_transfer,0
2997,332,2026-07-01,248.39,paid,card,0
2998,333,2025-08-01,230.26,paid,card,0
2999,333,2025-09-01,230.26,paid,card,0
3000,334,2026-05-01,987.41,paid,card,0
3001,334,2026-06-01,987.41,paid,card,0
3002,334,2026-07-01,987.41,paid,card,0
3003,336,2025-09-01,170.11,paid,bank_transfer,0
3004,336,2025-10-01,170.11,paid,card,0
3005,337,2025-10-01,55.23,paid,card,0
3006,337,2025-11-01,55.23,paid,bank_transfer,0
3007,337,2025-12-01,55.23,paid,upi,0
3008,337,2026-01-01,55.23,failed,bank_transfer,1
3009,337,2026-02-01,55.23,paid,card,0
3010,337,2026-03-01,55.23,paid,card,0
3011,337,2026-04-01,55.23,paid,card,0
3012,337,2026-05-01,55.23,paid,card,0
3013,337,2026-06-01,55.23,paid,card,0
3014,337,2026-07-01,55.23,paid,card,0
3015,338,2025-03-01,956.81,paid,upi,0
3016,338,2025-04-01,956.81,paid,card,0
3017,338,2025-05-01,956.81,paid,card,0
3018,338,2025-06-01,956.81,paid,card,0
3019,338,2025-07-01,956.81,paid,upi,0
3020,338,2025-08-01,956.81,paid,card,0
3021,338,2025-09-01,956.81,paid,card,0
3022,338,2025-10-01,956.81,paid,card,0
3023,338,2025-11-01,956.81,paid,card,0
3024,338,2025-12-01,956.81,paid,bank_transfer,0
3025,338,2026-01-01,956.81,paid,card,0
3026,338,2026-02-01,956.81,paid,card,0
3027,338,2026-03-01,956.81,paid,card,0
3028,338,2026-04-01,956.81,paid,card,0
3029,338,2026-05-01,956.81,paid,card,0
3030,338,2026-06-01,956.81,paid,upi,0
3031,338,2026-07-01,956.81,paid,card,0
3032,339,2025-04-01,48.05,failed,bank_transfer,0
3033,339,2025-05-01,48.05,paid,card,0
3034,340,2026-01-01,1146.25,paid,card,0
3035,340,2026-02-01,1146.25,paid,card,0
3036,340,2026-03-01,1146.25,paid,card,0
3037,341,2025-01-01,198.58,paid,card,0
3038,341,2025-02-01,198.58,paid,card,0
3039,341,2025-03-01,198.58,paid,bank_transfer,0
3040,341,2025-04-01,198.58,paid,upi,0
3041,341,2025-05-01,198.58,paid,card,0
3042,341,2025-06-01,198.58,paid,card,0
3043,341,2025-07-01,198.58,paid,card,0
3044,341,2025-08-01,198.58,paid,card,0
3045,341,2025-09-01,198.58,paid,card,0
3046,341,2025-10-01,198.58,paid,card,0
3047,341,2025-11-01,198.58,paid,bank_transfer,0
3048,341,2025-12-01,198.58,paid,card,0
3049,341,2026-01-01,198.58,paid,card,0
3050,341,2026-02-01,198.58,paid,bank_transfer,0
3051,341,2026-03-01,198.58,paid,card,0
3052,341,2026-04-01,198.58,paid,card,0
3053,341,2026-05-01,198.58,paid,card,0
3054,341,2026-06-01,198.58,paid,card,0
3055,341,2026-07-01,198.58,failed,card,1
3056,342,2025-12-01,42.04,paid,bank_transfer,0
3057,342,2026-01-01,42.04,paid,card,0
3058,342,2026-02-01,42.04,paid,card,0
3059,342,2026-03-01,42.04,paid,card,0
3060,342,2026-04-01,42.04,paid,card,0
3061,342,2026-05-01,42.04,paid,card,0
3062,342,2026-06-01,42.04,paid,card,0
3063,342,2026-07-01,42.04,paid,bank_transfer,0
3064,343,2025-02-01,252.46,paid,upi,0
3065,343,2025-03-01,252.46,paid,card,0
3066,343,2025-04-01,252.46,paid,card,0
3067,343,2025-05-01,252.46,paid,card,0
3068,343,2025-06-01,252.46,paid,card,0
3069,343,2025-07-01,252.46,paid,card,0
3070,343,2025-08-01,252.46,paid,upi,0
3071,343,2025-09-01,252.46,paid,card,0
3072,343,2025-10-01,252.46,failed,upi,2
3073,343,2025-11-01,252.46,paid,card,0
3074,343,2025-12-01,252.46,paid,card,0
3075,343,2026-01-01,252.46,paid,card,0
3076,343,2026-02-01,252.46,paid,card,0
3077,343,2026-03-01,252.46,paid,card,0
3078,343,2026-04-01,252.46,paid,bank_transfer,0
3079,343,2026-05-01,252.46,paid,upi,0
3080,343,2026-06-01,252.46,paid,card,0
3081,343,2026-07-01,252.46,paid,bank_transfer,0
3082,344,2025-08-01,47.6,paid,bank_transfer,0
3083,344,2025-09-01,47.6,paid,card,0
3084,344,2025-10-01,47.6,failed,card,0
3085,345,2025-02-01,45.64,paid,card,0
3086,345,2025-03-01,45.64,paid,card,0
3087,345,2025-04-01,45.64,paid,card,0
3088,345,2025-05-01,45.64,paid,card,0
3089,345,2025-06-01,45.64,paid,card,0
3090,345,2025-07-01,45.64,paid,card,0
3091,345,2025-08-01,45.64,paid,card,0
3092,345,2025-09-01,45.64,paid,upi,0
3093,345,2025-10-01,45.64,paid,card,0
3094,345,2025-11-01,45.64,paid,card,0
3095,345,2025-12-01,45.64,paid,bank_transfer,0
3096,345,2026-01-01,45.64,paid,card,0
3097,345,2026-02-01,45.64,paid,bank_transfer,0
3098,345,2026-03-01,45.64,paid,upi,0
3099,345,2026-04-01,45.64,paid,card,0
3100,345,2026-05-01,45.64,paid,bank_transfer,0
3101,345,2026-06-01,45.64,paid,card,0
3102,345,2026-07-01,45.64,paid,card,0
3103,346,2025-04-01,47.02,paid,bank_transfer,0
3104,346,2025-05-01,47.02,paid,card,0
3105,346,2025-06-01,47.02,paid,card,0
3106,346,2025-07-01,47.02,paid,bank_transfer,0
3107,346,2025-08-01,47.02,paid,card,0
3108,346,2025-09-01,47.02,paid,bank_transfer,0
3109,346,2025-10-01,47.02,paid,card,0
3110,346,2025-11-01,47.02,paid,upi,0
3111,346,2025-12-01,47.02,paid,card,0
3112,346,2026-01-01,47.02,paid,bank_transfer,0
3113,346,2026-02-01,47.02,paid,card,0
3114,346,2026-03-01,47.02,paid,card,0
3115,346,2026-04-01,47.02,failed,card,2
3116,347,2025-03-01,56.33,paid,bank_transfer,0
3117,347,2025-04-01,56.33,paid,bank_transfer,0
3118,347,2025-05-01,56.33,paid,card,0
3119,347,2025-06-01,56.33,paid,card,0
3120,347,2025-07-01,56.33,paid,card,0
3121,347,2025-08-01,56.33,paid,card,0
3122,347,2025-09-01,56.33,paid,card,0
3123,347,2025-10-01,56.33,paid,upi,0
3124,347,2025-11-01,56.33,paid,card,0
3125,347,2025-12-01,56.33,paid,card,0
3126,347,2026-01-01,56.33,paid,bank_transfer,0
3127,347,2026-02-01,56.33,paid,card,0
3128,347,2026-03-01,56.33,paid,card,0
3129,347,2026-04-01,56.33,paid,bank_transfer,0
3130,347,2026-05-01,56.33,paid,card,0
3131,347,2026-06-01,56.33,paid,card,0
3132,347,2026-07-01,56.33,paid,bank_transfer,0
3133,348,2025-08-01,61.62,paid,card,0
3134,348,2025-09-01,61.62,paid,bank_transfer,0
3135,348,2025-10-01,61.62,failed,card,4
3136,348,2025-11-01,61.62,paid,bank_transfer,0
3137,348,2025-12-01,61.62,paid,card,0
3138,348,2026-01-01,61.62,paid,card,0
3139,348,2026-02-01,61.62,paid,card,0
3140,348,2026-03-01,61.62,paid,card,0
3141,348,2026-04-01,61.62,paid,card,0
3142,348,2026-05-01,61.62,paid,card,0
3143,348,2026-06-01,61.62,paid,card,0
3144,348,2026-07-01,61.62,paid,upi,0
3145,349,2025-10-01,55.61,paid,card,0
3146,350,2024-11-01,55.84,paid,card,0
3147,350,2024-12-01,55.84,paid,card,0
3148,350,2025-01-01,55.84,paid,card,0
3149,350,2025-02-01,55.84,paid,bank_transfer,0
3150,350,2025-03-01,55.84,paid,card,0
3151,350,2025-04-01,55.84,paid,upi,0
3152,350,2025-05-01,55.84,paid,card,0
3153,350,2025-06-01,55.84,paid,card,0
3154,350,2025-07-01,55.84,paid,card,0
3155,350,2025-08-01,55.84,paid,card,0
3156,350,2025-09-01,55.84,paid,card,0
3157,350,2025-10-01,55.84,paid,upi,0
3158,350,2025-11-01,55.84,paid,card,0
3159,350,2025-12-01,55.84,paid,card,0
3160,350,2026-01-01,55.84,paid,card,0
3161,350,2026-02-01,55.84,paid,bank_transfer,0
3162,350,2026-03-01,55.84,paid,card,0
3163,350,2026-04-01,55.84,paid,bank_transfer,0
3164,350,2026-05-01,55.84,paid,card,0
3165,350,2026-06-01,55.84,paid,card,0
3166,350,2026-07-01,55.84,paid,card,0
3167,351,2025-03-01,59.47,paid,card,0
3168,351,2025-04-01,59.47,paid,card,0
3169,351,2025-05-01,59.47,paid,card,0
3170,351,2025-06-01,59.47,failed,upi,0
3171,352,2025-06-01,48.88,paid,bank_transfer,0
3172,352,2025-07-01,48.88,paid,card,0
3173,352,2025-08-01,48.88,paid,card,0
3174,352,2025-09-01,48.88,paid,card,0
3175,352,2025-10-01,48.88,paid,bank_transfer,0
3176,352,2025-11-01,48.88,failed,card,0
3177,352,2025-12-01,48.88,paid,upi,0
3178,352,2026-01-01,48.88,paid,card,0
3179,352,2026-02-01,48.88,failed,bank_transfer,1
3180,352,2026-03-01,48.88,failed,bank_transfer,2
3181,352,2026-04-01,48.88,paid,bank_transfer,0
3182,352,2026-05-01,48.88,paid,bank_transfer,0
3183,352,2026-06-01,48.88,paid,card,0
3184,352,2026-07-01,48.88,paid,upi,0
3185,353,2025-06-01,41.69,paid,card,0
3186,353,2025-07-01,41.69,paid,upi,0
3187,353,2025-08-01,41.69,paid,upi,0
3188,353,2025-09-01,41.69,paid,card,0
3189,353,2025-10-01,41.69,paid,bank_transfer,0
3190,353,2025-11-01,41.69,paid,card,0
3191,353,2025-12-01,41.69,paid,card,0
3192,353,2026-01-01,41.69,paid,card,0
3193,353,2026-02-01,41.69,paid,card,0
3194,353,2026-03-01,41.69,paid,card,0
3195,353,2026-04-01,41.69,paid,upi,0
3196,353,2026-05-01,41.69,paid,bank_transfer,0
3197,353,2026-06-01,41.69,paid,card,0
3198,355,2026-05-01,46.7,paid,bank_transfer,0
3199,355,2026-06-01,46.7,paid,bank_transfer,0
3200,355,2026-07-01,46.7,paid,card,0
3201,355,2026-08-01,46.7,paid,card,0
3202,355,2026-09-01,46.7,paid,bank_transfer,0
3203,355,2026-10-01,46.7,paid,card,0
3204,355,2026-11-01,46.7,paid,bank_transfer,0
3205,356,2025-10-01,252.13,paid,card,0
3206,356,2025-11-01,252.13,paid,upi,0
3207,356,2025-12-01,252.13,failed,bank_transfer,1
3208,356,2026-01-01,252.13,paid,card,0
3209,357,2024-10-01,188.66,paid,upi,0
3210,357,2024-11-01,188.66,paid,card,0
3211,357,2024-12-01,188.66,paid,card,0
3212,357,2025-01-01,188.66,paid,card,0
3213,357,2025-02-01,188.66,paid,card,0
3214,357,2025-03-01,188.66,paid,card,0
3215,357,2025-04-01,188.66,paid,card,0
3216,358,2024-10-01,221.15,paid,card,0
3217,358,2024-11-01,221.15,paid,card,0
3218,358,2024-12-01,221.15,paid,card,0
3219,358,2025-01-01,221.15,paid,card,0
3220,358,2025-02-01,221.15,paid,card,0
3221,358,2025-03-01,221.15,paid,card,0
3222,358,2025-04-01,221.15,failed,bank_transfer,5
3223,358,2025-05-01,221.15,paid,bank_transfer,0
3224,358,2025-06-01,221.15,paid,card,0
3225,358,2025-07-01,221.15,paid,card,0
3226,358,2025-08-01,221.15,paid,card,0
3227,358,2025-09-01,221.15,paid,upi,0
3228,358,2025-10-01,221.15,paid,card,0
3229,358,2025-11-01,221.15,failed,card,1
3230,358,2025-12-01,221.15,paid,upi,0
3231,358,2026-01-01,221.15,paid,card,0
3232,358,2026-02-01,221.15,paid,card,0
3233,359,2026-03-01,242.2,paid,upi,0
3234,359,2026-04-01,242.2,paid,card,0
3235,359,2026-05-01,242.2,paid,card,0
3236,359,2026-06-01,242.2,paid,card,0
3237,359,2026-07-01,242.2,failed,card,3
3238,360,2024-12-01,54.8,paid,bank_transfer,0
3239,360,2025-01-01,54.8,paid,bank_transfer,0
3240,360,2025-02-01,54.8,paid,card,0
3241,360,2025-03-01,54.8,paid,card,0
3242,360,2025-04-01,54.8,paid,card,0
3243,360,2025-05-01,54.8,paid,card,0
3244,360,2025-06-01,54.8,paid,bank_transfer,0
3245,360,2025-07-01,54.8,paid,card,0
3246,360,2025-08-01,54.8,paid,card,0
3247,360,2025-09-01,54.8,paid,bank_transfer,0
3248,360,2025-10-01,54.8,paid,card,0
3249,361,2025-09-01,59.25,paid,bank_transfer,0
3250,361,2025-10-01,59.25,paid,card,0
3251,361,2025-11-01,59.25,paid,card,0
3252,361,2025-12-01,59.25,paid,card,0
3253,361,2026-01-01,59.25,paid,bank_transfer,0
3254,361,2026-02-01,59.25,paid,card,0
3255,361,2026-03-01,59.25,paid,card,0
3256,361,2026-04-01,59.25,paid,card,0
3257,361,2026-05-01,59.25,paid,card,0
3258,361,2026-06-01,59.25,paid,bank_transfer,0
3259,361,2026-07-01,59.25,paid,bank_transfer,0
3260,362,2026-01-01,47.05,paid,upi,0
3261,362,2026-02-01,47.05,paid,card,0
3262,362,2026-03-01,47.05,paid,card,0
3263,362,2026-04-01,47.05,paid,bank_transfer,0
3264,362,2026-05-01,47.05,paid,card,0
3265,362,2026-06-01,47.05,paid,card,0
3266,362,2026-07-01,47.05,paid,card,0
3267,363,2025-08-01,987.32,paid,bank_transfer,0
3268,363,2025-09-01,987.32,paid,card,0
3269,363,2025-10-01,987.32,paid,card,0
3270,363,2025-11-01,987.32,failed,upi,3
3271,363,2025-12-01,987.32,paid,card,0
3272,363,2026-01-01,987.32,paid,card,0
3273,363,2026-02-01,987.32,paid,bank_transfer,0
3274,363,2026-03-01,987.32,paid,bank_transfer,0
3275,363,2026-04-01,987.32,paid,card,0
3276,363,2026-05-01,987.32,paid,upi,0
3277,363,2026-06-01,987.32,paid,card,0
3278,363,2026-07-01,987.32,paid,upi,0
3279,364,2025-08-01,58.23,paid,card,0
3280,365,2024-12-01,837.92,paid,card,0
3281,365,2025-01-01,837.92,paid,upi,0
3282,365,2025-02-01,837.92,failed,card,1
3283,365,2025-03-01,837.92,paid,bank_transfer,0
3284,365,2025-04-01,837.92,paid,card,0
3285,365,2025-05-01,837.92,paid,card,0
3286,365,2025-06-01,837.92,paid,bank_transfer,0
3287,365,2025-07-01,837.92,paid,card,0
3288,365,2025-08-01,837.92,paid,upi,0
3289,365,2025-09-01,837.92,failed,card,1
3290,365,2025-10-01,837.92,paid,card,0
3291,365,2025-11-01,837.92,paid,card,0
3292,365,2025-12-01,837.92,paid,card,0
3293,365,2026-01-01,837.92,paid,card,0
3294,365,2026-02-01,837.92,paid,upi,0
3295,365,2026-03-01,837.92,failed,card,2
3296,365,2026-04-01,837.92,paid,bank_transfer,0
3297,365,2026-05-01,837.92,paid,bank_transfer,0
3298,365,2026-06-01,837.92,paid,card,0
3299,365,2026-07-01,837.92,paid,card,0
3300,366,2024-11-01,61.2,paid,card,0
3301,366,2024-12-01,61.2,failed,upi,0
3302,366,2025-01-01,61.2,paid,bank_transfer,0
3303,366,2025-02-01,61.2,paid,card,0
3304,366,2025-03-01,61.2,paid,card,0
3305,366,2025-04-01,61.2,paid,card,0
3306,366,2025-05-01,61.2,paid,card,0
3307,366,2025-06-01,61.2,failed,bank_transfer,1
3308,366,2025-07-01,61.2,paid,card,0
3309,366,2025-08-01,61.2,paid,card,0
3310,366,2025-09-01,61.2,paid,upi,0
3311,366,2025-10-01,61.2,paid,card,0
3312,366,2025-11-01,61.2,paid,bank_transfer,0
3313,366,2025-12-01,61.2,paid,card,0
3314,366,2026-01-01,61.2,paid,card,0
3315,366,2026-02-01,61.2,paid,card,0
3316,366,2026-03-01,61.2,paid,card,0
3317,366,2026-04-01,61.2,paid,card,0
3318,366,2026-05-01,61.2,paid,card,0
3319,366,2026-06-01,61.2,paid,card,0
3320,366,2026-07-01,61.2,paid,card,0
3321,367,2024-12-01,1045.56,paid,card,0
3322,367,2025-01-01,1045.56,paid,upi,0
3323,367,2025-02-01,1045.56,paid,card,0
3324,367,2025-03-01,1045.56,paid,bank_transfer,0
3325,367,2025-04-01,1045.56,failed,upi,2
3326,367,2025-05-01,1045.56,paid,card,0
3327,367,2025-06-01,1045.56,paid,card,0
3328,367,2025-07-01,1045.56,paid,upi,0
3329,367,2025-08-01,1045.56,paid,card,0
3330,367,2025-09-01,1045.56,paid,card,0
3331,367,2025-10-01,1045.56,paid,card,0
3332,367,2025-11-01,1045.56,paid,bank_transfer,0
3333,367,2025-12-01,1045.56,paid,card,0
3334,367,2026-01-01,1045.56,paid,card,0
3335,367,2026-02-01,1045.56,paid,upi,0
3336,367,2026-03-01,1045.56,paid,bank_transfer,0
3337,367,2026-04-01,1045.56,paid,card,0
3338,367,2026-05-01,1045.56,paid,bank_transfer,0
3339,367,2026-06-01,1045.56,paid,upi,0
3340,367,2026-07-01,1045.56,paid,card,0
3341,368,2025-04-01,909.45,paid,card,0
3342,368,2025-05-01,909.45,paid,card,0
3343,368,2025-06-01,909.45,paid,upi,0
3344,368,2025-07-01,909.45,paid,card,0
3345,368,2025-08-01,909.45,paid,card,0
3346,368,2025-09-01,909.45,paid,card,0
3347,368,2025-10-01,909.45,paid,bank_transfer,0
3348,368,2025-11-01,909.45,paid,card,0
3349,368,2025-12-01,909.45,failed,card,2
3350,368,2026-01-01,909.45,paid,card,0
3351,368,2026-02-01,909.45,paid,upi,0
3352,368,2026-03-01,909.45,paid,bank_transfer,0
3353,368,2026-04-01,909.45,paid,card,0
3354,368,2026-05-01,909.45,paid,bank_transfer,0
3355,368,2026-06-01,909.45,paid,card,0
3356,368,2026-07-01,909.45,paid,upi,0
3357,369,2025-02-01,234.22,paid,card,0
3358,369,2025-03-01,234.22,paid,bank_transfer,0
3359,371,2026-07-01,63.09,paid,card,0
3360,371,2026-08-01,63.09,paid,card,0
3361,371,2026-09-01,63.09,paid,card,0
3362,371,2026-10-01,63.09,paid,bank_transfer,0
3363,371,2026-11-01,63.09,paid,card,0
3364,371,2026-12-01,63.09,paid,card,0
3365,371,2027-01-01,63.09,paid,card,0
3366,371,2027-02-01,63.09,paid,card,0
3367,371,2027-03-01,63.09,paid,card,0
3368,371,2027-04-01,63.09,paid,card,0
3369,371,2027-05-01,63.09,paid,bank_transfer,0
3370,371,2027-06-01,63.09,paid,upi,0
3371,371,2027-07-01,63.09,paid,card,0
3372,371,2027-08-01,63.09,paid,bank_transfer,0
3373,371,2027-09-01,63.09,paid,upi,0
3374,371,2027-10-01,63.09,paid,card,0
3375,371,2027-11-01,63.09,paid,card,0
3376,371,2027-12-01,63.09,paid,card,0
3377,371,2028-01-01,63.09,paid,card,0
3378,371,2028-02-01,63.09,paid,card,0
3379,372,2025-07-01,223.82,paid,bank_transfer,0
3380,372,2025-08-01,223.82,paid,card,0
3381,372,2025-09-01,223.82,paid,bank_transfer,0
3382,372,2025-10-01,223.82,paid,bank_transfer,0
3383,372,2025-11-01,223.82,paid,card,0
3384,372,2025-12-01,223.82,paid,card,0
3385,372,2026-01-01,223.82,paid,upi,0
3386,372,2026-02-01,223.82,paid,card,0
3387,372,2026-03-01,223.82,paid,card,0
3388,372,2026-04-01,223.82,paid,card,0
3389,372,2026-05-01,223.82,paid,card,0
3390,372,2026-06-01,223.82,paid,card,0
3391,372,2026-07-01,223.82,paid,card,0
3392,373,2025-08-01,981.59,paid,card,0
3393,373,2025-09-01,981.59,paid,card,0
3394,373,2025-10-01,981.59,paid,card,0
3395,373,2025-11-01,981.59,paid,card,0
3396,373,2025-12-01,981.59,paid,card,0
3397,373,2026-01-01,981.59,paid,card,0
3398,373,2026-02-01,981.59,paid,card,0
3399,373,2026-03-01,981.59,paid,bank_transfer,0
3400,373,2026-04-01,981.59,failed,upi,2
3401,373,2026-05-01,981.59,paid,bank_transfer,0
3402,373,2026-06-01,981.59,paid,card,0
3403,373,2026-07-01,981.59,paid,card,0
3404,374,2025-10-01,62.83,paid,card,0
3405,374,2025-11-01,62.83,paid,bank_transfer,0
3406,374,2025-12-01,62.83,paid,card,0
3407,374,2026-01-01,62.83,paid,card,0
3408,374,2026-02-01,62.83,paid,bank_transfer,0
3409,374,2026-03-01,62.83,paid,upi,0
3410,374,2026-04-01,62.83,paid,card,0
3411,374,2026-05-01,62.83,paid,card,0
3412,374,2026-06-01,62.83,paid,card,0
3413,374,2026-07-01,62.83,paid,upi,0
3414,375,2025-11-01,989.76,paid,card,0
3415,375,2025-12-01,989.76,paid,card,0
3416,375,2026-01-01,989.76,paid,bank_transfer,0
3417,375,2026-02-01,989.76,paid,card,0
3418,375,2026-03-01,989.76,paid,card,0
3419,375,2026-04-01,989.76,paid,card,0
3420,375,2026-05-01,989.76,paid,bank_transfer,0
3421,376,2026-02-01,170.32,paid,upi,0
3422,376,2026-03-01,170.32,paid,card,0
3423,376,2026-04-01,170.32,paid,upi,0
3424,376,2026-05-01,170.32,paid,card,0
3425,376,2026-06-01,170.32,paid,card,0
3426,376,2026-07-01,170.32,paid,card,0
3427,377,2026-02-01,42.08,paid,card,0
3428,377,2026-03-01,42.08,paid,card,0
3429,377,2026-04-01,42.08,paid,bank_transfer,0
3430,377,2026-05-01,42.08,paid,card,0
3431,377,2026-06-01,42.08,paid,card,0
3432,377,2026-07-01,42.08,paid,card,0
3433,378,2025-12-01,57.11,paid,card,0
3434,379,2026-01-01,172.04,paid,bank_transfer,0
3435,379,2026-02-01,172.04,paid,card,0
3436,379,2026-03-01,172.04,paid,bank_transfer,0
3437,379,2026-04-01,172.04,paid,card,0
3438,379,2026-05-01,172.04,paid,card,0
3439,379,2026-06-01,172.04,paid,upi,0
3440,380,2025-11-01,53.98,paid,card,0
3441,380,2025-12-01,53.98,paid,upi,0
3442,380,2026-01-01,53.98,paid,bank_transfer,0
3443,380,2026-02-01,53.98,paid,card,0
3444,380,2026-03-01,53.98,paid,bank_transfer,0
3445,380,2026-04-01,53.98,paid,card,0
3446,380,2026-05-01,53.98,paid,bank_transfer,0
3447,380,2026-06-01,53.98,paid,card,0
3448,380,2026-07-01,53.98,paid,card,0
3449,381,2026-04-01,245.32,paid,card,0
3450,382,2025-01-01,52.78,paid,card,0
3451,382,2025-02-01,52.78,paid,bank_transfer,0
3452,382,2025-03-01,52.78,paid,bank_transfer,0
3453,382,2025-04-01,52.78,paid,bank_transfer,0
3454,382,2025-05-01,52.78,paid,bank_transfer,0
3455,382,2025-06-01,52.78,paid,card,0
3456,382,2025-07-01,52.78,paid,card,0
3457,382,2025-08-01,52.78,failed,card,1
3458,382,2025-09-01,52.78,paid,bank_transfer,0
3459,382,2025-10-01,52.78,paid,bank_transfer,0
3460,382,2025-11-01,52.78,paid,upi,0
3461,382,2025-12-01,52.78,paid,upi,0
3462,382,2026-01-01,52.78,paid,card,0
3463,382,2026-02-01,52.78,paid,upi,0
3464,382,2026-03-01,52.78,paid,card,0
3465,382,2026-04-01,52.78,paid,bank_transfer,0
3466,382,2026-05-01,52.78,failed,card,0
3467,382,2026-06-01,52.78,paid,upi,0
3468,382,2026-07-01,52.78,paid,card,0
3469,383,2025-09-01,1084.96,paid,card,0
3470,383,2025-10-01,1084.96,paid,card,0
3471,383,2025-11-01,1084.96,paid,card,0
3472,383,2025-12-01,1084.96,paid,bank_transfer,0
3473,383,2026-01-01,1084.96,paid,card,0
3474,383,2026-02-01,1084.96,paid,card,0
3475,383,2026-03-01,1084.96,paid,card,0
3476,383,2026-04-01,1084.96,paid,bank_transfer,0
3477,383,2026-05-01,1084.96,paid,bank_transfer,0
3478,383,2026-06-01,1084.96,paid,card,0
3479,383,2026-07-01,1084.96,paid,upi,0
3480,385,2025-09-01,43.95,paid,card,0
3481,385,2025-10-01,43.95,paid,bank_transfer,0
3482,385,2025-11-01,43.95,paid,card,0
3483,385,2025-12-01,43.95,paid,card,0
3484,385,2026-01-01,43.95,paid,card,0
3485,385,2026-02-01,43.95,paid,card,0
3486,385,2026-03-01,43.95,paid,card,0
3487,385,2026-04-01,43.95,paid,card,0
3488,385,2026-05-01,43.95,paid,card,0
3489,385,2026-06-01,43.95,failed,bank_transfer,0
3490,385,2026-07-01,43.95,paid,card,0
3491,386,2025-01-01,53.13,paid,card,0
3492,386,2025-02-01,53.13,paid,card,0
3493,386,2025-03-01,53.13,paid,upi,0
3494,386,2025-04-01,53.13,paid,bank_transfer,0
3495,386,2025-05-01,53.13,paid,card,0
3496,386,2025-06-01,53.13,paid,bank_transfer,0
3497,386,2025-07-01,53.13,paid,upi,0
3498,386,2025-08-01,53.13,paid,card,0
3499,387,2025-09-01,200.59,paid,card,0
3500,387,2025-10-01,200.59,paid,card,0
3501,387,2025-11-01,200.59,paid,card,0
3502,387,2025-12-01,200.59,paid,bank_transfer,0
3503,387,2026-01-01,200.59,paid,bank_transfer,0
3504,387,2026-02-01,200.59,paid,card,0
3505,387,2026-03-01,200.59,paid,card,0
3506,387,2026-04-01,200.59,paid,card,0
3507,387,2026-05-01,200.59,paid,card,0
3508,387,2026-06-01,200.59,paid,card,0
3509,387,2026-07-01,200.59,paid,card,0
3510,388,2025-06-01,42.06,paid,card,0
3511,388,2025-07-01,42.06,paid,bank_transfer,0
3512,388,2025-08-01,42.06,paid,bank_transfer,0
3513,389,2025-04-01,227.07,paid,card,0
3514,389,2025-05-01,227.07,paid,card,0
3515,389,2025-06-01,227.07,paid,card,0
3516,389,2025-07-01,227.07,paid,bank_transfer,0
3517,389,2025-08-01,227.07,paid,bank_transfer,0
3518,389,2025-09-01,227.07,paid,card,0
3519,390,2025-03-01,48.17,failed,card,0
3520,390,2025-04-01,48.17,paid,card,0
3521,390,2025-05-01,48.17,paid,card,0
3522,390,2025-06-01,48.17,paid,card,0
3523,390,2025-07-01,48.17,paid,card,0
3524,390,2025-08-01,48.17,paid,bank_transfer,0
3525,390,2025-09-01,48.17,paid,bank_transfer,0
3526,390,2025-10-01,48.17,paid,card,0
3527,390,2025-11-01,48.17,paid,bank_transfer,0
3528,390,2025-12-01,48.17,paid,card,0
3529,390,2026-01-01,48.17,paid,card,0
3530,390,2026-02-01,48.17,paid,card,0
3531,390,2026-03-01,48.17,failed,upi,3
3532,390,2026-04-01,48.17,paid,card,0
3533,390,2026-05-01,48.17,paid,card,0
3534,390,2026-06-01,48.17,paid,card,0
3535,390,2026-07-01,48.17,paid,card,0
3536,391,2025-05-01,57.07,paid,card,0
3537,391,2025-06-01,57.07,paid,bank_transfer,0
3538,391,2025-07-01,57.07,paid,card,0
3539,391,2025-08-01,57.07,paid,card,0
3540,391,2025-09-01,57.07,paid,bank_transfer,0
3541,391,2025-10-01,57.07,paid,card,0
3542,391,2025-11-01,57.07,paid,card,0
3543,391,2025-12-01,57.07,failed,bank_transfer,2
3544,391,2026-01-01,57.07,paid,bank_transfer,0
3545,391,2026-02-01,57.07,paid,card,0
3546,391,2026-03-01,57.07,failed,card,2
3547,391,2026-04-01,57.07,paid,card,0
3548,391,2026-05-01,57.07,paid,bank_transfer,0
3549,391,2026-06-01,57.07,paid,bank_transfer,0
3550,391,2026-07-01,57.07,paid,card,0
3551,392,2025-08-01,54.15,paid,card,0
3552,392,2025-09-01,54.15,paid,card,0
3553,392,2025-10-01,54.15,paid,upi,0
3554,392,2025-11-01,54.15,paid,bank_transfer,0
3555,392,2025-12-01,54.15,paid,bank_transfer,0
3556,392,2026-01-01,54.15,paid,card,0
3557,392,2026-02-01,54.15,paid,card,0
3558,393,2025-10-01,54.12,paid,bank_transfer,0
3559,393,2025-11-01,54.12,paid,card,0
3560,394,2025-07-01,786.52,paid,card,0
3561,394,2025-08-01,786.52,failed,card,3
3562,394,2025-09-01,786.52,paid,bank_transfer,0
3563,394,2025-10-01,786.52,failed,card,0
3564,394,2025-11-01,786.52,paid,card,0
3565,394,2025-12-01,786.52,paid,bank_transfer,0
3566,394,2026-01-01,786.52,paid,card,0
3567,394,2026-02-01,786.52,failed,card,1
3568,394,2026-03-01,786.52,paid,upi,0
3569,394,2026-04-01,786.52,paid,card,0
3570,394,2026-05-01,786.52,paid,card,0
3571,394,2026-06-01,786.52,failed,card,2
3572,394,2026-07-01,786.52,paid,card,0
3573,395,2025-08-01,869.89,paid,bank_transfer,0
3574,395,2025-09-01,869.89,paid,card,0
3575,395,2025-10-01,869.89,paid,card,0
3576,395,2025-11-01,869.89,paid,card,0
3577,395,2025-12-01,869.89,paid,card,0
3578,395,2026-01-01,869.89,paid,card,0
3579,395,2026-02-01,869.89,paid,card,0
3580,395,2026-03-01,869.89,failed,card,4
3581,395,2026-04-01,869.89,paid,upi,0
3582,395,2026-05-01,869.89,paid,card,0
3583,395,2026-06-01,869.89,paid,card,0
3584,395,2026-07-01,869.89,paid,upi,0
3585,396,2024-11-01,209.93,paid,upi,0
3586,396,2024-12-01,209.93,paid,card,0
3587,396,2025-01-01,209.93,paid,bank_transfer,0
3588,396,2025-02-01,209.93,paid,card,0
3589,396,2025-03-01,209.93,paid,card,0
3590,396,2025-04-01,209.93,paid,card,0
3591,396,2025-05-01,209.93,paid,card,0
3592,396,2025-06-01,209.93,paid,card,0
3593,396,2025-07-01,209.93,paid,card,0
3594,396,2025-08-01,209.93,paid,card,0
3595,396,2025-09-01,209.93,paid,card,0
3596,396,2025-10-01,209.93,paid,upi,0
3597,396,2025-11-01,209.93,paid,card,0
3598,396,2025-12-01,209.93,paid,card,0
3599,396,2026-01-01,209.93,paid,card,0
3600,396,2026-02-01,209.93,paid,card,0
3601,396,2026-03-01,209.93,paid,card,0
3602,396,2026-04-01,209.93,paid,card,0
3603,396,2026-05-01,209.93,paid,card,0
3604,396,2026-06-01,209.93,paid,card,0
3605,396,2026-07-01,209.93,paid,bank_transfer,0
3606,397,2025-10-01,184.03,paid,bank_transfer,0
3607,397,2025-11-01,184.03,paid,card,0
3608,397,2025-12-01,184.03,paid,bank_transfer,0
3609,397,2026-01-01,184.03,paid,card,0
3610,397,2026-02-01,184.03,paid,card,0
3611,397,2026-03-01,184.03,paid,upi,0
3612,397,2026-04-01,184.03,paid,bank_transfer,0
3613,397,2026-05-01,184.03,paid,card,0
3614,398,2024-12-01,62.01,paid,card,0
3615,398,2025-01-01,62.01,failed,upi,1
3616,398,2025-02-01,62.01,paid,bank_transfer,0
3617,399,2026-06-01,922.49,paid,bank_transfer,0
3618,399,2026-07-01,922.49,paid,card,0
3619,400,2025-01-01,172.31,paid,card,0
3620,400,2025-02-01,172.31,paid,card,0
3621,400,2025-03-01,172.31,paid,upi,0
3622,400,2025-04-01,172.31,paid,card,0
3623,400,2025-05-01,172.31,paid,bank_transfer,0
3624,400,2025-06-01,172.31,paid,card,0
3625,400,2025-07-01,172.31,paid,card,0
3626,400,2025-08-01,172.31,paid,card,0
3627,400,2025-09-01,172.31,paid,card,0
3628,400,2025-10-01,172.31,paid,upi,0
3629,400,2025-11-01,172.31,paid,card,0
3630,400,2025-12-01,172.31,paid,card,0
3631,400,2026-01-01,172.31,paid,card,0
3632,400,2026-02-01,172.31,paid,card,0
3633,400,2026-03-01,172.31,paid,card,0
3634,400,2026-04-01,172.31,paid,card,0
3635,400,2026-05-01,172.31,paid,card,0
3636,400,2026-06-01,172.31,paid,upi,0
3637,400,2026-07-01,172.31,paid,bank_transfer,0
3638,401,2025-07-01,235.53,paid,bank_transfer,0
3639,401,2025-08-01,235.53,paid,card,0
3640,401,2025-09-01,235.53,paid,card,0
3641,401,2025-10-01,235.53,paid,card,0
3642,401,2025-11-01,235.53,paid,card,0
3643,401,2025-12-01,235.53,paid,card,0
3644,401,2026-01-01,235.53,paid,card,0
3645,401,2026-02-01,235.53,failed,card,2
3646,401,2026-03-01,235.53,paid,card,0
3647,401,2026-04-01,235.53,paid,card,0
3648,401,2026-05-01,235.53,paid,bank_transfer,0
3649,401,2026-06-01,235.53,paid,card,0
3650,401,2026-07-01,235.53,paid,upi,0
3651,403,2025-12-01,179.01,paid,card,0
3652,403,2026-01-01,179.01,paid,card,0
3653,403,2026-02-01,179.01,paid,card,0
3654,403,2026-03-01,179.01,paid,card,0
3655,403,2026-04-01,179.01,paid,bank_transfer,0
3656,403,2026-05-01,179.01,paid,card,0
3657,403,2026-06-01,179.01,failed,bank_transfer,3
3658,404,2025-03-01,253.41,paid,card,0
3659,404,2025-04-01,253.41,paid,bank_transfer,0
3660,404,2025-05-01,253.41,paid,bank_transfer,0
3661,404,2025-06-01,253.41,paid,upi,0
3662,404,2025-07-01,253.41,paid,upi,0
3663,404,2025-08-01,253.41,paid,card,0
3664,404,2025-09-01,253.41,paid,card,0
3665,404,2025-10-01,253.41,paid,card,0
3666,404,2025-11-01,253.41,paid,card,0
3667,404,2025-12-01,253.41,paid,bank_transfer,0
3668,404,2026-01-01,253.41,paid,card,0
3669,404,2026-02-01,253.41,paid,card,0
3670,404,2026-03-01,253.41,paid,card,0
3671,404,2026-04-01,253.41,paid,bank_transfer,0
3672,405,2025-02-01,57.54,paid,card,0
3673,405,2025-03-01,57.54,paid,bank_transfer,0
3674,405,2025-04-01,57.54,paid,card,0
3675,405,2025-05-01,57.54,paid,card,0
3676,405,2025-06-01,57.54,paid,upi,0
3677,405,2025-07-01,57.54,paid,card,0
3678,405,2025-08-01,57.54,paid,card,0
3679,405,2025-09-01,57.54,failed,card,4
3680,405,2025-10-01,57.54,paid,card,0
3681,405,2025-11-01,57.54,paid,upi,0
3682,405,2025-12-01,57.54,paid,bank_transfer,0
3683,405,2026-01-01,57.54,paid,card,0
3684,405,2026-02-01,57.54,paid,card,0
3685,405,2026-03-01,57.54,paid,upi,0
3686,405,2026-04-01,57.54,paid,bank_transfer,0
3687,405,2026-05-01,57.54,paid,card,0
3688,405,2026-06-01,57.54,paid,card,0
3689,405,2026-07-01,57.54,paid,card,0
3690,406,2025-01-01,826.01,paid,card,0
3691,406,2025-02-01,826.01,paid,card,0
3692,406,2025-03-01,826.01,paid,card,0
3693,406,2025-04-01,826.01,paid,card,0
3694,406,2025-05-01,826.01,paid,card,0
3695,406,2025-06-01,826.01,paid,card,0
3696,406,2025-07-01,826.01,paid,card,0
3697,406,2025-08-01,826.01,paid,card,0
3698,406,2025-09-01,826.01,paid,bank_transfer,0
3699,406,2025-10-01,826.01,paid,bank_transfer,0
3700,406,2025-11-01,826.01,paid,upi,0
3701,406,2025-12-01,826.01,paid,upi,0
3702,406,2026-01-01,826.01,paid,card,0
3703,406,2026-02-01,826.01,paid,card,0
3704,406,2026-03-01,826.01,paid,bank_transfer,0
3705,406,2026-04-01,826.01,paid,card,0
3706,406,2026-05-01,826.01,paid,card,0
3707,406,2026-06-01,826.01,paid,card,0
3708,406,2026-07-01,826.01,paid,card,0
3709,407,2025-10-01,58.47,paid,upi,0
3710,407,2025-11-01,58.47,paid,card,0
3711,407,2025-12-01,58.47,paid,upi,0
3712,407,2026-01-01,58.47,paid,card,0
3713,408,2025-09-01,232.38,paid,upi,0
3714,408,2025-10-01,232.38,paid,card,0
3715,408,2025-11-01,232.38,failed,bank_transfer,1
3716,408,2025-12-01,232.38,paid,upi,0
3717,408,2026-01-01,232.38,paid,card,0
3718,408,2026-02-01,232.38,paid,card,0
3719,408,2026-03-01,232.38,paid,card,0
3720,408,2026-04-01,232.38,paid,bank_transfer,0
3721,408,2026-05-01,232.38,paid,card,0
3722,408,2026-06-01,232.38,paid,card,0
3723,408,2026-07-01,232.38,paid,card,0
3724,409,2026-01-01,251.34,paid,card,0
3725,409,2026-02-01,251.34,paid,card,0
3726,409,2026-03-01,251.34,paid,card,0
3727,409,2026-04-01,251.34,paid,card,0
3728,409,2026-05-01,251.34,paid,upi,0
3729,409,2026-06-01,251.34,paid,card,0
3730,409,2026-07-01,251.34,paid,bank_transfer,0
3731,410,2025-05-01,46.1,paid,card,0
3732,410,2025-06-01,46.1,paid,card,0
3733,410,2025-07-01,46.1,paid,card,0
3734,410,2025-08-01,46.1,paid,card,0
3735,410,2025-09-01,46.1,paid,card,0
3736,410,2025-10-01,46.1,paid,bank_transfer,0
3737,410,2025-11-01,46.1,paid,card,0
3738,410,2025-12-01,46.1,paid,bank_transfer,0
3739,410,2026-01-01,46.1,paid,card,0
3740,410,2026-02-01,46.1,paid,card,0
3741,410,2026-03-01,46.1,paid,upi,0
3742,410,2026-04-01,46.1,paid,card,0
3743,410,2026-05-01,46.1,paid,card,0
3744,410,2026-06-01,46.1,paid,card,0
3745,410,2026-07-01,46.1,failed,card,1
3746,411,2026-01-01,184.71,paid,card,0
3747,411,2026-02-01,184.71,paid,card,0
3748,411,2026-03-01,184.71,paid,card,0
3749,411,2026-04-01,184.71,paid,card,0
3750,411,2026-05-01,184.71,paid,card,0
3751,411,2026-06-01,184.71,paid,card,0
3752,411,2026-07-01,184.71,paid,upi,0
3753,414,2026-08-01,44.3,paid,card,0
3754,414,2026-09-01,44.3,paid,upi,0
3755,414,2026-10-01,44.3,paid,upi,0
3756,414,2026-11-01,44.3,paid,card,0
3757,414,2026-12-01,44.3,paid,card,0
3758,414,2027-01-01,44.3,paid,card,0
3759,414,2027-02-01,44.3,paid,bank_transfer,0
3760,414,2027-03-01,44.3,paid,card,0
3761,414,2027-04-01,44.3,paid,card,0
3762,414,2027-05-01,44.3,paid,card,0
3763,414,2027-06-01,44.3,paid,bank_transfer,0
3764,414,2027-07-01,44.3,paid,bank_transfer,0
3765,414,2027-08-01,44.3,paid,card,0
3766,414,2027-09-01,44.3,paid,card,0
3767,414,2027-10-01,44.3,paid,card,0
3768,414,2027-11-01,44.3,paid,upi,0
3769,415,2026-02-01,46.39,paid,upi,0
3770,415,2026-03-01,46.39,paid,card,0
3771,415,2026-04-01,46.39,paid,bank_transfer,0
3772,415,2026-05-01,46.39,paid,card,0
3773,415,2026-06-01,46.39,paid,card,0
3774,415,2026-07-01,46.39,paid,bank_transfer,0
3775,416,2025-09-01,50.1,paid,upi,0
3776,417,2025-05-01,190.86,paid,bank_transfer,0
3777,417,2025-06-01,190.86,paid,card,0
3778,418,2025-01-01,183.42,paid,card,0
3779,418,2025-02-01,183.42,paid,bank_transfer,0
3780,418,2025-03-01,183.42,paid,card,0
3781,418,2025-04-01,183.42,paid,card,0
3782,418,2025-05-01,183.42,paid,card,0
3783,418,2025-06-01,183.42,paid,card,0
3784,418,2025-07-01,183.42,paid,bank_transfer,0
3785,418,2025-08-01,183.42,paid,bank_transfer,0
3786,418,2025-09-01,183.42,paid,card,0
3787,418,2025-10-01,183.42,paid,card,0
3788,419,2025-06-01,188.58,paid,card,0
3789,419,2025-07-01,188.58,paid,card,0
3790,419,2025-08-01,188.58,paid,card,0
3791,419,2025-09-01,188.58,paid,card,0
3792,419,2025-10-01,188.58,paid,card,0
3793,419,2025-11-01,188.58,paid,bank_transfer,0
3794,419,2025-12-01,188.58,paid,card,0
3795,419,2026-01-01,188.58,paid,card,0
3796,419,2026-02-01,188.58,paid,card,0
3797,419,2026-03-01,188.58,paid,card,0
3798,419,2026-04-01,188.58,paid,bank_transfer,0
3799,419,2026-05-01,188.58,paid,card,0
3800,419,2026-06-01,188.58,paid,bank_transfer,0
3801,419,2026-07-01,188.58,paid,card,0
3802,420,2024-12-01,53.49,paid,card,0
3803,420,2025-01-01,53.49,failed,card,0
3804,420,2025-02-01,53.49,paid,card,0
3805,421,2025-02-01,191.78,paid,card,0
3806,421,2025-03-01,191.78,paid,bank_transfer,0
3807,421,2025-04-01,191.78,paid,card,0
3808,421,2025-05-01,191.78,paid,bank_transfer,0
3809,421,2025-06-01,191.78,paid,card,0
3810,421,2025-07-01,191.78,failed,bank_transfer,1
3811,421,2025-08-01,191.78,paid,bank_transfer,0
3812,421,2025-09-01,191.78,paid,card,0
3813,421,2025-10-01,191.78,paid,card,0
3814,421,2025-11-01,191.78,paid,card,0
3815,421,2025-12-01,191.78,paid,upi,0
3816,421,2026-01-01,191.78,paid,card,0
3817,421,2026-02-01,191.78,paid,bank_transfer,0
3818,421,2026-03-01,191.78,paid,card,0
3819,421,2026-04-01,191.78,paid,card,0
3820,421,2026-05-01,191.78,paid,card,0
3821,421,2026-06-01,191.78,paid,bank_transfer,0
3822,421,2026-07-01,191.78,paid,bank_transfer,0
3823,422,2025-05-01,57.66,paid,card,0
3824,422,2025-06-01,57.66,paid,card,0
3825,422,2025-07-01,57.66,paid,card,0
3826,423,2025-10-01,61.98,paid,bank_transfer,0
3827,423,2025-11-01,61.98,paid,card,0
3828,423,2025-12-01,61.98,paid,card,0
3829,423,2026-01-01,61.98,paid,card,0
3830,423,2026-02-01,61.98,paid,card,0
3831,423,2026-03-01,61.98,paid,card,0
3832,423,2026-04-01,61.98,paid,bank_transfer,0
3833,423,2026-05-01,61.98,paid,card,0
3834,423,2026-06-01,61.98,paid,upi,0
3835,423,2026-07-01,61.98,paid,upi,0
3836,424,2025-02-01,45.98,paid,card,0
3837,424,2025-03-01,45.98,paid,bank_transfer,0
3838,424,2025-04-01,45.98,paid,card,0
3839,424,2025-05-01,45.98,paid,card,0
3840,424,2025-06-01,45.98,paid,card,0
3841,424,2025-07-01,45.98,paid,bank_transfer,0
3842,424,2025-08-01,45.98,paid,card,0
3843,424,2025-09-01,45.98,paid,card,0
3844,424,2025-10-01,45.98,paid,card,0
3845,424,2025-11-01,45.98,paid,card,0
3846,424,2025-12-01,45.98,paid,upi,0
3847,425,2025-02-01,57.94,paid,bank_transfer,0
3848,425,2025-03-01,57.94,paid,card,0
3849,425,2025-04-01,57.94,paid,card,0
3850,425,2025-05-01,57.94,paid,card,0
3851,425,2025-06-01,57.94,paid,card,0
3852,425,2025-07-01,57.94,paid,card,0
3853,425,2025-08-01,57.94,paid,bank_transfer,0
3854,425,2025-09-01,57.94,paid,bank_transfer,0
3855,425,2025-10-01,57.94,paid,bank_transfer,0
3856,425,2025-11-01,57.94,paid,card,0
3857,425,2025-12-01,57.94,paid,card,0
3858,425,2026-01-01,57.94,paid,bank_transfer,0
3859,425,2026-02-01,57.94,paid,card,0
3860,425,2026-03-01,57.94,paid,card,0
3861,425,2026-04-01,57.94,paid,bank_transfer,0
3862,425,2026-05-01,57.94,paid,bank_transfer,0
3863,427,2025-08-01,44.32,paid,upi,0
3864,427,2025-09-01,44.32,paid,card,0
3865,427,2025-10-01,44.32,paid,card,0
3866,427,2025-11-01,44.32,paid,bank_transfer,0
3867,427,2025-12-01,44.32,paid,card,0
3868,427,2026-01-01,44.32,paid,bank_transfer,0
3869,427,2026-02-01,44.32,paid,bank_transfer,0
3870,427,2026-03-01,44.32,paid,bank_transfer,0
3871,427,2026-04-01,44.32,paid,card,0
3872,427,2026-05-01,44.32,paid,card,0
3873,427,2026-06-01,44.32,paid,card,0
3874,427,2026-07-01,44.32,paid,card,0
3875,427,2026-08-01,44.32,paid,card,0
3876,427,2026-09-01,44.32,paid,card,0
3877,427,2026-10-01,44.32,paid,card,0
3878,427,2026-11-01,44.32,paid,card,0
3879,427,2026-12-01,44.32,paid,bank_transfer,0
3880,428,2025-06-01,225.59,paid,card,0
3881,428,2025-07-01,225.59,paid,card,0
3882,428,2025-08-01,225.59,paid,card,0
3883,428,2025-09-01,225.59,paid,card,0
3884,428,2025-10-01,225.59,failed,card,3
3885,428,2025-11-01,225.59,paid,upi,0
3886,428,2025-12-01,225.59,failed,card,0
3887,428,2026-01-01,225.59,paid,card,0
3888,429,2025-11-01,830.84,paid,card,0
3889,429,2025-12-01,830.84,paid,card,0
3890,429,2026-01-01,830.84,paid,card,0
3891,429,2026-02-01,830.84,paid,card,0
3892,429,2026-03-01,830.84,paid,upi,0
3893,429,2026-04-01,830.84,paid,card,0
3894,429,2026-05-01,830.84,paid,bank_transfer,0
3895,429,2026-06-01,830.84,paid,card,0
3896,429,2026-07-01,830.84,paid,card,0
3897,430,2025-07-01,217.29,paid,upi,0
3898,430,2025-08-01,217.29,paid,bank_transfer,0
3899,430,2025-09-01,217.29,paid,card,0
3900,430,2025-10-01,217.29,paid,upi,0
3901,430,2025-11-01,217.29,paid,card,0
3902,430,2025-12-01,217.29,paid,card,0
3903,430,2026-01-01,217.29,paid,card,0
3904,430,2026-02-01,217.29,paid,card,0
3905,430,2026-03-01,217.29,paid,card,0
3906,430,2026-04-01,217.29,paid,bank_transfer,0
3907,430,2026-05-01,217.29,paid,card,0
3908,430,2026-06-01,217.29,paid,upi,0
3909,430,2026-07-01,217.29,paid,card,0
3910,431,2026-01-01,244.79,paid,card,0
3911,431,2026-02-01,244.79,paid,bank_transfer,0
3912,431,2026-03-01,244.79,paid,upi,0
3913,431,2026-04-01,244.79,paid,card,0
3914,431,2026-05-01,244.79,paid,card,0
3915,431,2026-06-01,244.79,paid,card,0
3916,431,2026-07-01,244.79,paid,card,0
3917,432,2025-12-01,60.61,paid,card,0
3918,432,2026-01-01,60.61,paid,card,0
3919,432,2026-02-01,60.61,paid,card,0
3920,432,2026-03-01,60.61,paid,card,0
3921,432,2026-04-01,60.61,paid,card,0
3922,432,2026-05-01,60.61,paid,card,0
3923,432,2026-06-01,60.61,paid,card,0
3924,432,2026-07-01,60.61,paid,bank_transfer,0
3925,433,2025-01-01,254.29,paid,card,0
3926,433,2025-02-01,254.29,paid,card,0
3927,433,2025-03-01,254.29,paid,card,0
3928,433,2025-04-01,254.29,paid,card,0
3929,433,2025-05-01,254.29,paid,card,0
3930,433,2025-06-01,254.29,paid,upi,0
3931,433,2025-07-01,254.29,paid,card,0
3932,433,2025-08-01,254.29,paid,bank_transfer,0
3933,434,2025-05-01,54.42,paid,bank_transfer,0
3934,434,2025-06-01,54.42,paid,card,0
3935,434,2025-07-01,54.42,paid,card,0
3936,434,2025-08-01,54.42,paid,bank_transfer,0
3937,434,2025-09-01,54.42,paid,card,0
3938,434,2025-10-01,54.42,paid,card,0
3939,436,2026-02-01,885.93,paid,upi,0
3940,436,2026-03-01,885.93,paid,card,0
3941,436,2026-04-01,885.93,paid,upi,0
3942,436,2026-05-01,885.93,paid,upi,0
3943,436,2026-06-01,885.93,paid,card,0
3944,436,2026-07-01,885.93,paid,upi,0
3945,436,2026-08-01,885.93,paid,card,0
3946,436,2026-09-01,885.93,paid,card,0
3947,436,2026-10-01,885.93,paid,card,0
3948,436,2026-11-01,885.93,paid,upi,0
3949,438,2026-07-01,46.59,paid,card,0
3950,438,2026-08-01,46.59,paid,card,0
3951,438,2026-09-01,46.59,paid,card,0
3952,438,2026-10-01,46.59,paid,bank_transfer,0
3953,438,2026-11-01,46.59,paid,upi,0
3954,438,2026-12-01,46.59,paid,card,0
3955,438,2027-01-01,46.59,paid,bank_transfer,0
3956,438,2027-02-01,46.59,paid,card,0
3957,438,2027-03-01,46.59,paid,upi,0
3958,438,2027-04-01,46.59,paid,card,0
3959,438,2027-05-01,46.59,paid,card,0
3960,438,2027-06-01,46.59,paid,card,0
3961,438,2027-07-01,46.59,paid,card,0
3962,439,2025-01-01,45.16,paid,upi,0
3963,439,2025-02-01,45.16,paid,upi,0
3964,439,2025-03-01,45.16,paid,bank_transfer,0
3965,439,2025-04-01,45.16,paid,upi,0
3966,439,2025-05-01,45.16,paid,upi,0
3967,439,2025-06-01,45.16,paid,bank_transfer,0
3968,439,2025-07-01,45.16,paid,card,0
3969,439,2025-08-01,45.16,paid,card,0
3970,439,2025-09-01,45.16,paid,card,0
3971,439,2025-10-01,45.16,paid,card,0
3972,439,2025-11-01,45.16,paid,bank_transfer,0
3973,439,2025-12-01,45.16,paid,card,0
3974,439,2026-01-01,45.16,paid,card,0
3975,439,2026-02-01,45.16,paid,card,0
3976,439,2026-03-01,45.16,paid,card,0
3977,439,2026-04-01,45.16,paid,card,0
3978,439,2026-05-01,45.16,paid,bank_transfer,0
3979,439,2026-06-01,45.16,paid,card,0
3980,439,2026-07-01,45.16,paid,card,0
3981,440,2024-12-01,226.83,paid,card,0
3982,440,2025-01-01,226.83,paid,card,0
3983,440,2025-02-01,226.83,paid,card,0
3984,440,2025-03-01,226.83,paid,card,0
3985,440,2025-04-01,226.83,paid,bank_transfer,0
3986,440,2025-05-01,226.83,paid,bank_transfer,0
3987,440,2025-06-01,226.83,paid,card,0
3988,440,2025-07-01,226.83,paid,bank_transfer,0
3989,440,2025-08-01,226.83,paid,card,0
3990,440,2025-09-01,226.83,paid,card,0
3991,440,2025-10-01,226.83,paid,bank_transfer,0
3992,440,2025-11-01,226.83,paid,card,0
3993,440,2025-12-01,226.83,paid,card,0
3994,440,2026-01-01,226.83,paid,card,0
3995,440,2026-02-01,226.83,paid,card,0
3996,440,2026-03-01,226.83,paid,card,0
3997,440,2026-04-01,226.83,paid,bank_transfer,0
3998,440,2026-05-01,226.83,paid,card,0
3999,440,2026-06-01,226.83,paid,bank_transfer,0
4000,440,2026-07-01,226.83,failed,card,1
4001,441,2025-11-01,42.63,paid,card,0
4002,441,2025-12-01,42.63,paid,card,0
4003,441,2026-01-01,42.63,paid,card,0
4004,441,2026-02-01,42.63,paid,card,0
4005,441,2026-03-01,42.63,paid,bank_transfer,0
4006,441,2026-04-01,42.63,failed,card,2
4007,441,2026-05-01,42.63,paid,card,0
4008,441,2026-06-01,42.63,paid,card,0
4009,441,2026-07-01,42.63,paid,bank_transfer,0
4010,442,2025-05-01,952.39,paid,card,0
4011,442,2025-06-01,952.39,paid,card,0
4012,444,2026-01-01,42.88,paid,upi,0
4013,445,2025-05-01,55.18,paid,bank_transfer,0
4014,445,2025-06-01,55.18,paid,card,0
4015,445,2025-07-01,55.18,paid,card,0
4016,445,2025-08-01,55.18,paid,bank_transfer,0
4017,445,2025-09-01,55.18,paid,card,0
4018,445,2025-10-01,55.18,paid,card,0
4019,445,2025-11-01,55.18,paid,bank_transfer,0
4020,445,2025-12-01,55.18,paid,card,0
4021,445,2026-01-01,55.18,failed,card,0
4022,445,2026-02-01,55.18,paid,card,0
4023,447,2025-07-01,47.97,paid,bank_transfer,0
4024,447,2025-08-01,47.97,failed,card,0
4025,447,2025-09-01,47.97,paid,bank_transfer,0
4026,447,2025-10-01,47.97,paid,card,0
4027,447,2025-11-01,47.97,paid,card,0
4028,447,2025-12-01,47.97,paid,card,0
4029,447,2026-01-01,47.97,paid,bank_transfer,0
4030,447,2026-02-01,47.97,paid,card,0
4031,447,2026-03-01,47.97,paid,card,0
4032,447,2026-04-01,47.97,paid,card,0
4033,447,2026-05-01,47.97,paid,bank_transfer,0
4034,447,2026-06-01,47.97,paid,card,0
4035,447,2026-07-01,47.97,paid,bank_transfer,0
4036,447,2026-08-01,47.97,paid,card,0
4037,447,2026-09-01,47.97,paid,card,0
4038,447,2026-10-01,47.97,paid,upi,0
4039,448,2025-08-01,46.57,paid,card,0
4040,448,2025-09-01,46.57,paid,card,0
4041,448,2025-10-01,46.57,paid,card,0
4042,448,2025-11-01,46.57,paid,card,0
4043,448,2025-12-01,46.57,paid,card,0
4044,448,2026-01-01,46.57,paid,card,0
4045,448,2026-02-01,46.57,paid,card,0
4046,448,2026-03-01,46.57,paid,card,0
4047,448,2026-04-01,46.57,paid,card,0
4048,448,2026-05-01,46.57,paid,upi,0
4049,448,2026-06-01,46.57,paid,card,0
4050,448,2026-07-01,46.57,paid,upi,0
4051,449,2025-02-01,1149.72,failed,card,4
4052,450,2025-08-01,1100.24,paid,bank_transfer,0
4053,450,2025-09-01,1100.24,paid,upi,0
4054,450,2025-10-01,1100.24,paid,card,0
4055,450,2025-11-01,1100.24,paid,bank_transfer,0
4056,450,2025-12-01,1100.24,paid,bank_transfer,0
4057,450,2026-01-01,1100.24,paid,card,0
4058,450,2026-02-01,1100.24,paid,card,0
4059,450,2026-03-01,1100.24,paid,bank_transfer,0
4060,450,2026-04-01,1100.24,paid,bank_transfer,0
4061,450,2026-05-01,1100.24,paid,card,0
4062,450,2026-06-01,1100.24,paid,card,0
4063,450,2026-07-01,1100.24,paid,card,0
4064,451,2024-11-01,52.81,paid,bank_transfer,0
4065,451,2024-12-01,52.81,paid,card,0
4066,451,2025-01-01,52.81,paid,card,0
4067,451,2025-02-01,52.81,paid,upi,0
4068,451,2025-03-01,52.81,paid,card,0
4069,451,2025-04-01,52.81,paid,card,0
4070,451,2025-05-01,52.81,paid,card,0
4071,451,2025-06-01,52.81,paid,bank_transfer,0
4072,451,2025-07-01,52.81,paid,card,0
4073,451,2025-08-01,52.81,paid,upi,0
4074,451,2025-09-01,52.81,paid,card,0
4075,452,2025-03-01,62.4,paid,card,0
4076,452,2025-04-01,62.4,paid,card,0
4077,452,2025-05-01,62.4,paid,bank_transfer,0
4078,452,2025-06-01,62.4,paid,card,0
4079,452,2025-07-01,62.4,paid,card,0
4080,452,2025-08-01,62.4,paid,card,0
4081,452,2025-09-01,62.4,paid,card,0
4082,452,2025-10-01,62.4,paid,card,0
4083,452,2025-11-01,62.4,paid,bank_transfer,0
4084,452,2025-12-01,62.4,paid,card,0
4085,452,2026-01-01,62.4,paid,card,0
4086,452,2026-02-01,62.4,paid,card,0
4087,452,2026-03-01,62.4,paid,card,0
4088,452,2026-04-01,62.4,paid,bank_transfer,0
4089,452,2026-05-01,62.4,paid,bank_transfer,0
4090,452,2026-06-01,62.4,paid,card,0
4091,452,2026-07-01,62.4,paid,card,0
4092,454,2025-04-01,61.84,paid,bank_transfer,0
4093,454,2025-05-01,61.84,paid,card,0
4094,454,2025-06-01,61.84,paid,card,0
4095,454,2025-07-01,61.84,paid,card,0
4096,454,2025-08-01,61.84,paid,card,0
4097,454,2025-09-01,61.84,paid,card,0
4098,454,2025-10-01,61.84,paid,bank_transfer,0
4099,454,2025-11-01,61.84,paid,bank_transfer,0
4100,455,2026-04-01,189.84,paid,bank_transfer,0
4101,455,2026-05-01,189.84,paid,card,0
4102,455,2026-06-01,189.84,paid,upi,0
4103,455,2026-07-01,189.84,paid,upi,0
4104,456,2025-09-01,47.14,paid,card,0
4105,456,2025-10-01,47.14,paid,bank_transfer,0
4106,456,2025-11-01,47.14,paid,card,0
4107,457,2025-09-01,63.58,paid,card,0
4108,457,2025-10-01,63.58,paid,card,0
4109,457,2025-11-01,63.58,paid,card,0
4110,457,2025-12-01,63.58,paid,card,0
4111,457,2026-01-01,63.58,failed,upi,0
4112,457,2026-02-01,63.58,paid,card,0
4113,457,2026-03-01,63.58,paid,bank_transfer,0
4114,457,2026-04-01,63.58,paid,upi,0
4115,457,2026-05-01,63.58,failed,bank_transfer,2
4116,457,2026-06-01,63.58,paid,card,0
4117,457,2026-07-01,63.58,paid,card,0
4118,458,2025-09-01,54.15,paid,card,0
4119,458,2025-10-01,54.15,paid,card,0
4120,458,2025-11-01,54.15,paid,card,0
4121,458,2025-12-01,54.15,paid,card,0
4122,458,2026-01-01,54.15,paid,card,0
4123,458,2026-02-01,54.15,paid,card,0
4124,458,2026-03-01,54.15,paid,bank_transfer,0
4125,458,2026-04-01,54.15,paid,card,0
4126,458,2026-05-01,54.15,paid,upi,0
4127,458,2026-06-01,54.15,paid,upi,0
4128,458,2026-07-01,54.15,paid,card,0
4129,459,2025-09-01,52.41,paid,upi,0
4130,459,2025-10-01,52.41,paid,bank_transfer,0
4131,460,2024-10-01,231.83,failed,upi,2
4132,460,2024-11-01,231.83,paid,card,0
4133,460,2024-12-01,231.83,paid,card,0
4134,460,2025-01-01,231.83,paid,card,0
4135,460,2025-02-01,231.83,paid,card,0
4136,460,2025-03-01,231.83,paid,bank_transfer,0
4137,460,2025-04-01,231.83,paid,card,0
4138,460,2025-05-01,231.83,paid,bank_transfer,0
4139,460,2025-06-01,231.83,paid,bank_transfer,0
4140,460,2025-07-01,231.83,paid,card,0
4141,460,2025-08-01,231.83,paid,card,0
4142,460,2025-09-01,231.83,paid,upi,0
4143,460,2025-10-01,231.83,paid,upi,0
4144,460,2025-11-01,231.83,paid,card,0
4145,460,2025-12-01,231.83,paid,card,0
4146,460,2026-01-01,231.83,paid,card,0
4147,460,2026-02-01,231.83,paid,card,0
4148,460,2026-03-01,231.83,paid,bank_transfer,0
4149,460,2026-04-01,231.83,paid,card,0
4150,460,2026-05-01,231.83,paid,card,0
4151,460,2026-06-01,231.83,paid,bank_transfer,0
4152,460,2026-07-01,231.83,paid,upi,0
4153,461,2025-09-01,46.84,paid,card,0
4154,461,2025-10-01,46.84,failed,card,2
4155,461,2025-11-01,46.84,failed,bank_transfer,3
4156,462,2025-08-01,54.07,paid,card,0
4157,462,2025-09-01,54.07,paid,upi,0
4158,462,2025-10-01,54.07,paid,bank_transfer,0
4159,462,2025-11-01,54.07,paid,card,0
4160,462,2025-12-01,54.07,paid,card,0
4161,462,2026-01-01,54.07,paid,card,0
4162,462,2026-02-01,54.07,paid,bank_transfer,0
4163,462,2026-03-01,54.07,paid,card,0
4164,462,2026-04-01,54.07,failed,bank_transfer,1
4165,462,2026-05-01,54.07,paid,card,0
4166,462,2026-06-01,54.07,paid,card,0
4167,462,2026-07-01,54.07,paid,card,0
4168,463,2025-07-01,56.74,paid,card,0
4169,464,2024-12-01,1108.44,failed,card,3
4170,464,2025-01-01,1108.44,paid,card,0
4171,465,2025-12-01,217.75,paid,card,0
4172,465,2026-01-01,217.75,paid,upi,0
4173,465,2026-02-01,217.75,paid,card,0
4174,465,2026-03-01,217.75,paid,card,0
4175,465,2026-04-01,217.75,paid,bank_transfer,0
4176,465,2026-05-01,217.75,paid,upi,0
4177,465,2026-06-01,217.75,paid,card,0
4178,465,2026-07-01,217.75,paid,card,0
4179,466,2025-03-01,1001.7,paid,bank_transfer,0
4180,466,2025-04-01,1001.7,paid,card,0
4181,466,2025-05-01,1001.7,paid,card,0
4182,466,2025-06-01,1001.7,paid,card,0
4183,466,2025-07-01,1001.7,paid,upi,0
4184,466,2025-08-01,1001.7,paid,card,0
4185,466,2025-09-01,1001.7,paid,card,0
4186,466,2025-10-01,1001.7,paid,card,0
4187,466,2025-11-01,1001.7,paid,card,0
4188,466,2025-12-01,1001.7,paid,bank_transfer,0
4189,466,2026-01-01,1001.7,paid,bank_transfer,0
4190,466,2026-02-01,1001.7,paid,card,0
4191,466,2026-03-01,1001.7,paid,card,0
4192,466,2026-04-01,1001.7,paid,card,0
4193,466,2026-05-01,1001.7,paid,upi,0
4194,466,2026-06-01,1001.7,paid,card,0
4195,466,2026-07-01,1001.7,paid,card,0
4196,467,2025-07-01,52.13,paid,card,0
4197,467,2025-08-01,52.13,paid,card,0
4198,467,2025-09-01,52.13,paid,card,0
4199,467,2025-10-01,52.13,paid,card,0
4200,467,2025-11-01,52.13,paid,card,0
4201,467,2025-12-01,52.13,paid,upi,0
4202,468,2025-03-01,193.28,paid,card,0
4203,468,2025-04-01,193.28,paid,upi,0
4204,468,2025-05-01,193.28,paid,card,0
4205,468,2025-06-01,193.28,paid,bank_transfer,0
4206,468,2025-07-01,193.28,paid,bank_transfer,0
4207,468,2025-08-01,193.28,paid,bank_transfer,0
4208,468,2025-09-01,193.28,failed,card,1
4209,468,2025-10-01,193.28,paid,card,0
4210,468,2025-11-01,193.28,paid,card,0
4211,468,2025-12-01,193.28,paid,bank_transfer,0
4212,468,2026-01-01,193.28,paid,card,0
4213,468,2026-02-01,193.28,paid,bank_transfer,0
4214,468,2026-03-01,193.28,paid,card,0
4215,468,2026-04-01,193.28,paid,card,0
4216,468,2026-05-01,193.28,paid,upi,0
4217,468,2026-06-01,193.28,paid,card,0
4218,468,2026-07-01,193.28,paid,card,0
4219,469,2026-02-01,986.28,paid,bank_transfer,0
4220,469,2026-03-01,986.28,paid,card,0
4221,469,2026-04-01,986.28,paid,card,0
4222,469,2026-05-01,986.28,paid,card,0
4223,469,2026-06-01,986.28,paid,card,0
4224,469,2026-07-01,986.28,paid,bank_transfer,0
4225,470,2025-07-01,832.94,paid,upi,0
4226,470,2025-08-01,832.94,paid,card,0
4227,470,2025-09-01,832.94,paid,upi,0
4228,470,2025-10-01,832.94,paid,card,0
4229,470,2025-11-01,832.94,paid,upi,0
4230,470,2025-12-01,832.94,paid,card,0
4231,470,2026-01-01,832.94,paid,upi,0
4232,470,2026-02-01,832.94,paid,card,0
4233,470,2026-03-01,832.94,paid,card,0
4234,470,2026-04-01,832.94,paid,card,0
4235,470,2026-05-01,832.94,failed,bank_transfer,3
4236,470,2026-06-01,832.94,paid,card,0
4237,470,2026-07-01,832.94,paid,card,0
4238,471,2025-01-01,801.52,paid,card,0
4239,471,2025-02-01,801.52,paid,card,0
4240,471,2025-03-01,801.52,paid,card,0
4241,471,2025-04-01,801.52,paid,card,0
4242,471,2025-05-01,801.52,paid,card,0
4243,471,2025-06-01,801.52,paid,upi,0
4244,471,2025-07-01,801.52,paid,card,0
4245,471,2025-08-01,801.52,paid,card,0
4246,471,2025-09-01,801.52,paid,card,0
4247,471,2025-10-01,801.52,paid,card,0
4248,471,2025-11-01,801.52,paid,card,0
4249,471,2025-12-01,801.52,paid,bank_transfer,0
4250,471,2026-01-01,801.52,paid,card,0
4251,471,2026-02-01,801.52,paid,bank_transfer,0
4252,471,2026-03-01,801.52,paid,bank_transfer,0
4253,471,2026-04-01,801.52,paid,card,0
4254,471,2026-05-01,801.52,paid,card,0
4255,471,2026-06-01,801.52,paid,card,0
4256,471,2026-07-01,801.52,paid,card,0
4257,472,2025-05-01,59.47,paid,upi,0
4258,472,2025-06-01,59.47,paid,bank_transfer,0
4259,472,2025-07-01,59.47,paid,bank_transfer,0
4260,472,2025-08-01,59.47,paid,card,0
4261,472,2025-09-01,59.47,paid,bank_transfer,0
4262,472,2025-10-01,59.47,paid,bank_transfer,0
4263,472,2025-11-01,59.47,paid,card,0
4264,472,2025-12-01,59.47,paid,card,0
4265,472,2026-01-01,59.47,paid,card,0
4266,472,2026-02-01,59.47,paid,card,0
4267,472,2026-03-01,59.47,paid,bank_transfer,0
4268,472,2026-04-01,59.47,paid,card,0
4269,472,2026-05-01,59.47,paid,card,0
4270,472,2026-06-01,59.47,paid,card,0
4271,472,2026-07-01,59.47,paid,card,0
4272,474,2025-03-01,222.93,paid,bank_transfer,0
4273,474,2025-04-01,222.93,paid,card,0
4274,475,2025-01-01,982.02,paid,card,0
4275,475,2025-02-01,982.02,paid,card,0
4276,475,2025-03-01,982.02,paid,card,0
4277,475,2025-04-01,982.02,paid,card,0
4278,475,2025-05-01,982.02,paid,bank_transfer,0
4279,475,2025-06-01,982.02,paid,bank_transfer,0
4280,475,2025-07-01,982.02,paid,bank_transfer,0
4281,475,2025-08-01,982.02,paid,card,0
4282,475,2025-09-01,982.02,paid,upi,0
4283,475,2025-10-01,982.02,paid,card,0
4284,475,2025-11-01,982.02,paid,card,0
4285,475,2025-12-01,982.02,paid,card,0
4286,475,2026-01-01,982.02,paid,card,0
4287,475,2026-02-01,982.02,paid,card,0
4288,476,2026-02-01,1136.25,paid,card,0
4289,476,2026-03-01,1136.25,paid,card,0
4290,476,2026-04-01,1136.25,paid,card,0
4291,476,2026-05-01,1136.25,paid,card,0
4292,476,2026-06-01,1136.25,paid,upi,0
4293,477,2025-01-01,48.84,paid,bank_transfer,0
4294,477,2025-02-01,48.84,paid,card,0
4295,477,2025-03-01,48.84,paid,card,0
4296,477,2025-04-01,48.84,paid,bank_transfer,0
4297,477,2025-05-01,48.84,paid,card,0
4298,477,2025-06-01,48.84,paid,bank_transfer,0
4299,477,2025-07-01,48.84,paid,bank_transfer,0
4300,477,2025-08-01,48.84,paid,card,0
4301,477,2025-09-01,48.84,paid,card,0
4302,477,2025-10-01,48.84,paid,upi,0
4303,477,2025-11-01,48.84,paid,bank_transfer,0
4304,477,2025-12-01,48.84,paid,bank_transfer,0
4305,477,2026-01-01,48.84,paid,card,0
4306,477,2026-02-01,48.84,paid,card,0
4307,477,2026-03-01,48.84,paid,card,0
4308,477,2026-04-01,48.84,paid,card,0
4309,477,2026-05-01,48.84,paid,card,0
4310,477,2026-06-01,48.84,paid,bank_transfer,0
4311,477,2026-07-01,48.84,paid,card,0
4312,478,2026-05-01,56.3,paid,bank_transfer,0
4313,478,2026-06-01,56.3,paid,card,0
4314,478,2026-07-01,56.3,paid,card,0
4315,479,2025-05-01,185.82,paid,card,0
4316,479,2025-06-01,185.82,paid,card,0
4317,479,2025-07-01,185.82,paid,card,0
4318,479,2025-08-01,185.82,paid,card,0
4319,479,2025-09-01,185.82,paid,card,0
4320,479,2025-10-01,185.82,paid,bank_transfer,0
4321,479,2025-11-01,185.82,paid,card,0
4322,479,2025-12-01,185.82,paid,card,0
4323,479,2026-01-01,185.82,paid,card,0
4324,479,2026-02-01,185.82,paid,card,0
4325,479,2026-03-01,185.82,paid,card,0
4326,479,2026-04-01,185.82,paid,bank_transfer,0
4327,479,2026-05-01,185.82,paid,card,0
4328,479,2026-06-01,185.82,paid,upi,0
4329,479,2026-07-01,185.82,paid,card,0
4330,480,2025-11-01,60.18,paid,card,0
4331,480,2025-12-01,60.18,paid,upi,0
4332,481,2025-08-01,206.84,paid,card,0
4333,481,2025-09-01,206.84,paid,card,0
4334,481,2025-10-01,206.84,paid,card,0
4335,481,2025-11-01,206.84,paid,upi,0
4336,481,2025-12-01,206.84,paid,card,0
4337,481,2026-01-01,206.84,paid,card,0
4338,481,2026-02-01,206.84,paid,card,0
4339,481,2026-03-01,206.84,paid,card,0
4340,481,2026-04-01,206.84,paid,upi,0
4341,481,2026-05-01,206.84,paid,bank_transfer,0
4342,481,2026-06-01,206.84,paid,card,0
4343,481,2026-07-01,206.84,paid,card,0
4344,482,2025-01-01,61.42,paid,card,0
4345,482,2025-02-01,61.42,paid,card,0
4346,482,2025-03-01,61.42,paid,card,0
4347,482,2025-04-01,61.42,paid,card,0
4348,482,2025-05-01,61.42,paid,upi,0
4349,482,2025-06-01,61.42,paid,card,0
4350,482,2025-07-01,61.42,paid,card,0
4351,482,2025-08-01,61.42,paid,card,0
4352,482,2025-09-01,61.42,paid,card,0
4353,482,2025-10-01,61.42,paid,card,0
4354,482,2025-11-01,61.42,paid,upi,0
4355,482,2025-12-01,61.42,paid,bank_transfer,0
4356,482,2026-01-01,61.42,paid,upi,0
4357,482,2026-02-01,61.42,paid,upi,0
4358,483,2025-01-01,61.06,paid,card,0
4359,483,2025-02-01,61.06,paid,bank_transfer,0
4360,483,2025-03-01,61.06,paid,card,0
4361,483,2025-04-01,61.06,paid,card,0
4362,483,2025-05-01,61.06,paid,card,0
4363,483,2025-06-01,61.06,paid,upi,0
4364,483,2025-07-01,61.06,paid,card,0
4365,483,2025-08-01,61.06,paid,card,0
4366,483,2025-09-01,61.06,paid,card,0
4367,483,2025-10-01,61.06,failed,card,1
4368,483,2025-11-01,61.06,paid,bank_transfer,0
4369,483,2025-12-01,61.06,paid,card,0
4370,483,2026-01-01,61.06,paid,card,0
4371,483,2026-02-01,61.06,paid,card,0
4372,483,2026-03-01,61.06,paid,bank_transfer,0
4373,483,2026-04-01,61.06,paid,card,0
4374,483,2026-05-01,61.06,paid,card,0
4375,483,2026-06-01,61.06,paid,upi,0
4376,483,2026-07-01,61.06,paid,card,0
4377,484,2025-08-01,48.69,failed,card,2
4378,484,2025-09-01,48.69,paid,card,0
4379,485,2025-08-01,804.93,paid,upi,0
4380,485,2025-09-01,804.93,paid,card,0
4381,485,2025-10-01,804.93,paid,card,0
4382,485,2025-11-01,804.93,paid,card,0
4383,485,2025-12-01,804.93,paid,card,0
4384,485,2026-01-01,804.93,paid,upi,0
4385,485,2026-02-01,804.93,paid,bank_transfer,0
4386,485,2026-03-01,804.93,paid,bank_transfer,0
4387,485,2026-04-01,804.93,paid,card,0
4388,485,2026-05-01,804.93,paid,bank_transfer,0
4389,485,2026-06-01,804.93,paid,card,0
4390,485,2026-07-01,804.93,paid,card,0
4391,486,2026-01-01,59.58,paid,bank_transfer,0
4392,486,2026-02-01,59.58,paid,card,0
4393,486,2026-03-01,59.58,paid,card,0
4394,486,2026-04-01,59.58,paid,card,0
4395,486,2026-05-01,59.58,paid,card,0
4396,486,2026-06-01,59.58,paid,upi,0
4397,486,2026-07-01,59.58,paid,card,0
4398,487,2024-10-01,969.97,paid,card,0
4399,487,2024-11-01,969.97,paid,card,0
4400,487,2024-12-01,969.97,paid,card,0
4401,487,2025-01-01,969.97,paid,card,0
4402,487,2025-02-01,969.97,paid,card,0
4403,487,2025-03-01,969.97,paid,card,0
4404,487,2025-04-01,969.97,paid,card,0
4405,487,2025-05-01,969.97,paid,upi,0
4406,487,2025-06-01,969.97,paid,bank_transfer,0
4407,487,2025-07-01,969.97,paid,card,0
4408,487,2025-08-01,969.97,paid,card,0
4409,487,2025-09-01,969.97,paid,card,0
4410,487,2025-10-01,969.97,paid,bank_transfer,0
4411,487,2025-11-01,969.97,paid,bank_transfer,0
4412,487,2025-12-01,969.97,paid,card,0
4413,487,2026-01-01,969.97,failed,bank_transfer,1
4414,487,2026-02-01,969.97,paid,card,0
4415,487,2026-03-01,969.97,paid,card,0
4416,487,2026-04-01,969.97,paid,bank_transfer,0
4417,487,2026-05-01,969.97,paid,card,0
4418,487,2026-06-01,969.97,paid,upi,0
4419,487,2026-07-01,969.97,paid,card,0
4420,488,2025-01-01,177.78,paid,card,0
4421,488,2025-02-01,177.78,paid,bank_transfer,0
4422,488,2025-03-01,177.78,paid,card,0
4423,488,2025-04-01,177.78,paid,card,0
4424,490,2026-07-01,205.92,paid,card,0
4425,490,2026-08-01,205.92,paid,card,0
4426,490,2026-09-01,205.92,paid,card,0
4427,490,2026-10-01,205.92,paid,card,0
4428,490,2026-11-01,205.92,paid,card,0
4429,490,2026-12-01,205.92,paid,upi,0
4430,490,2027-01-01,205.92,paid,card,0
4431,490,2027-02-01,205.92,paid,bank_transfer,0
4432,490,2027-03-01,205.92,paid,card,0
4433,490,2027-04-01,205.92,failed,bank_transfer,2
4434,490,2027-05-01,205.92,paid,card,0
4435,490,2027-06-01,205.92,paid,card,0
4453,494,2025-11-01,1004.09,paid,card,0
4454,494,2025-12-01,1004.09,paid,card,0
4455,494,2026-01-01,1004.09,paid,card,0
4456,494,2026-02-01,1004.09,paid,card,0
4457,494,2026-03-01,1004.09,paid,card,0
4458,494,2026-04-01,1004.09,failed,card,2
4459,494,2026-05-01,1004.09,paid,card,0
4460,494,2026-06-01,1004.09,paid,card,0
4461,494,2026-07-01,1004.09,paid,bank_transfer,0
4462,495,2025-04-01,55.6,paid,card,0
4463,495,2025-05-01,55.6,paid,card,0
4464,495,2025-06-01,55.6,paid,card,0
4465,495,2025-07-01,55.6,paid,bank_transfer,0
4466,495,2025-08-01,55.6,paid,card,0
4467,495,2025-09-01,55.6,paid,card,0
4468,495,2025-10-01,55.6,paid,card,0
4469,495,2025-11-01,55.6,paid,upi,0
4470,495,2025-12-01,55.6,paid,card,0
4471,495,2026-01-01,55.6,paid,card,0
4472,495,2026-02-01,55.6,paid,upi,0
4473,495,2026-03-01,55.6,paid,upi,0
4474,495,2026-04-01,55.6,paid,card,0
4475,495,2026-05-01,55.6,paid,card,0
4476,495,2026-06-01,55.6,failed,card,0
4477,496,2025-04-01,53.88,paid,card,0
4478,496,2025-05-01,53.88,paid,card,0
4479,496,2025-06-01,53.88,paid,card,0
4480,496,2025-07-01,53.88,paid,card,0
4481,496,2025-08-01,53.88,paid,card,0
4482,496,2025-09-01,53.88,paid,card,0
4483,496,2025-10-01,53.88,paid,card,0
4484,496,2025-11-01,53.88,paid,card,0
4485,496,2025-12-01,53.88,paid,card,0
4486,496,2026-01-01,53.88,paid,card,0
4487,496,2026-02-01,53.88,paid,card,0
4488,496,2026-03-01,53.88,paid,bank_transfer,0
4489,496,2026-04-01,53.88,paid,card,0
4490,496,2026-05-01,53.88,paid,bank_transfer,0
4491,496,2026-06-01,53.88,paid,card,0
4492,496,2026-07-01,53.88,paid,card,0
4493,497,2025-08-01,42.27,paid,bank_transfer,0
4494,497,2025-09-01,42.27,paid,bank_transfer,0
4495,497,2025-10-01,42.27,paid,card,0
4496,497,2025-11-01,42.27,paid,card,0
4497,497,2025-12-01,42.27,paid,bank_transfer,0
4498,497,2026-01-01,42.27,paid,card,0
4499,497,2026-02-01,42.27,paid,upi,0
4500,497,2026-03-01,42.27,paid,card,0
4501,497,2026-04-01,42.27,paid,card,0
4502,497,2026-05-01,42.27,paid,card,0
4503,499,2025-10-01,42.92,paid,card,0
4504,499,2025-11-01,42.92,paid,card,0
4505,499,2025-12-01,42.92,paid,card,0
4506,499,2026-01-01,42.92,paid,card,0
4507,499,2026-02-01,42.92,paid,card,0
4508,499,2026-03-01,42.92,paid,card,0
4509,499,2026-04-01,42.92,paid,bank_transfer,0
4510,499,2026-05-01,42.92,paid,card,0
4511,499,2026-06-01,42.92,paid,card,0
4512,499,2026-07-01,42.92,paid,bank_transfer,0
4513,499,2026-08-01,42.92,paid,bank_transfer,0
4514,500,2026-05-01,45.83,failed,card,0
4515,501,2025-05-01,174.23,paid,card,0
4516,501,2025-06-01,174.23,paid,card,0
4517,501,2025-07-01,174.23,paid,bank_transfer,0
4518,501,2025-08-01,174.23,paid,bank_transfer,0
4519,501,2025-09-01,174.23,paid,bank_transfer,0
4520,501,2025-10-01,174.23,paid,card,0
4521,501,2025-11-01,174.23,paid,bank_transfer,0
4522,501,2025-12-01,174.23,paid,card,0
4523,501,2026-01-01,174.23,paid,card,0
4524,501,2026-02-01,174.23,paid,upi,0
4525,501,2026-03-01,174.23,paid,card,0
4526,501,2026-04-01,174.23,paid,card,0
4527,501,2026-05-01,174.23,paid,card,0
4528,501,2026-06-01,174.23,paid,bank_transfer,0
4529,501,2026-07-01,174.23,paid,card,0
4530,502,2024-11-01,44.48,paid,card,0
4531,502,2024-12-01,44.48,failed,card,1
4532,502,2025-01-01,44.48,failed,bank_transfer,0
4533,503,2025-10-01,54.46,paid,upi,0
4534,503,2025-11-01,54.46,paid,bank_transfer,0
4535,503,2025-12-01,54.46,paid,card,0
4536,503,2026-01-01,54.46,paid,bank_transfer,0
4537,503,2026-02-01,54.46,paid,card,0
4538,503,2026-03-01,54.46,paid,card,0
4539,504,2025-07-01,222.93,paid,card,0
4540,504,2025-08-01,222.93,paid,bank_transfer,0
4541,504,2025-09-01,222.93,paid,card,0
4542,504,2025-10-01,222.93,paid,card,0
4543,504,2025-11-01,222.93,paid,card,0
4544,504,2025-12-01,222.93,paid,card,0
4545,504,2026-01-01,222.93,paid,card,0
4546,504,2026-02-01,222.93,paid,upi,0
4547,504,2026-03-01,222.93,paid,card,0
4548,504,2026-04-01,222.93,paid,card,0
4549,504,2026-05-01,222.93,paid,card,0
4550,504,2026-06-01,222.93,failed,bank_transfer,2
4551,504,2026-07-01,222.93,paid,upi,0
4552,505,2026-03-01,1140.84,paid,card,0
4553,505,2026-04-01,1140.84,paid,upi,0
4554,505,2026-05-01,1140.84,paid,card,0
4555,505,2026-06-01,1140.84,paid,card,0
4556,505,2026-07-01,1140.84,paid,card,0
4557,506,2025-06-01,176.26,paid,card,0
4558,506,2025-07-01,176.26,paid,bank_transfer,0
4559,506,2025-08-01,176.26,paid,bank_transfer,0
4560,506,2025-09-01,176.26,paid,upi,0
4561,506,2025-10-01,176.26,paid,card,0
4562,506,2025-11-01,176.26,paid,card,0
4563,506,2025-12-01,176.26,failed,card,2
4564,506,2026-01-01,176.26,failed,card,1
4565,507,2025-05-01,57.7,paid,bank_transfer,0
4566,507,2025-06-01,57.7,paid,bank_transfer,0
4567,507,2025-07-01,57.7,paid,card,0
4568,507,2025-08-01,57.7,paid,card,0
4569,508,2025-06-01,811.38,paid,card,0
4570,508,2025-07-01,811.38,paid,bank_transfer,0
4571,508,2025-08-01,811.38,paid,card,0
4572,508,2025-09-01,811.38,paid,bank_transfer,0
4573,508,2025-10-01,811.38,paid,card,0
4574,508,2025-11-01,811.38,paid,card,0
4575,508,2025-12-01,811.38,paid,bank_transfer,0
4576,508,2026-01-01,811.38,paid,upi,0
4577,508,2026-02-01,811.38,paid,card,0
4578,508,2026-03-01,811.38,paid,card,0
4579,508,2026-04-01,811.38,paid,bank_transfer,0
4580,508,2026-05-01,811.38,paid,upi,0
4581,508,2026-06-01,811.38,paid,upi,0
4582,508,2026-07-01,811.38,paid,card,0
4583,509,2025-05-01,49.81,paid,card,0
4584,509,2025-06-01,49.81,paid,card,0
4585,509,2025-07-01,49.81,failed,bank_transfer,1
4586,509,2025-08-01,49.81,paid,card,0
4587,509,2025-09-01,49.81,paid,card,0
4588,509,2025-10-01,49.81,paid,bank_transfer,0
4589,509,2025-11-01,49.81,paid,card,0
4590,509,2025-12-01,49.81,paid,bank_transfer,0
4591,509,2026-01-01,49.81,paid,card,0
4592,509,2026-02-01,49.81,paid,card,0
4593,509,2026-03-01,49.81,paid,bank_transfer,0
4594,509,2026-04-01,49.81,paid,card,0
4595,509,2026-05-01,49.81,paid,card,0
4596,509,2026-06-01,49.81,paid,card,0
4597,509,2026-07-01,49.81,paid,card,0
4598,510,2025-07-01,239.46,paid,card,0
4599,510,2025-08-01,239.46,failed,bank_transfer,1
4600,510,2025-09-01,239.46,paid,card,0
4601,510,2025-10-01,239.46,paid,card,0
4602,510,2025-11-01,239.46,paid,card,0
4603,510,2025-12-01,239.46,paid,card,0
4604,510,2026-01-01,239.46,paid,upi,0
4605,510,2026-02-01,239.46,paid,card,0
4606,510,2026-03-01,239.46,paid,card,0
4607,510,2026-04-01,239.46,paid,card,0
4608,511,2025-05-01,60.73,paid,card,0
4609,511,2025-06-01,60.73,paid,bank_transfer,0
4610,511,2025-07-01,60.73,paid,card,0
4611,511,2025-08-01,60.73,paid,bank_transfer,0
4612,511,2025-09-01,60.73,paid,bank_transfer,0
4613,511,2025-10-01,60.73,paid,card,0
4614,511,2025-11-01,60.73,paid,card,0
4615,511,2025-12-01,60.73,paid,card,0
4616,511,2026-01-01,60.73,paid,card,0
4617,511,2026-02-01,60.73,paid,upi,0
4618,511,2026-03-01,60.73,paid,card,0
4619,511,2026-04-01,60.73,paid,upi,0
4620,511,2026-05-01,60.73,paid,card,0
4621,511,2026-06-01,60.73,paid,upi,0
4622,511,2026-07-01,60.73,paid,bank_transfer,0
4623,512,2025-01-01,211.55,paid,bank_transfer,0
4624,514,2026-03-01,778.03,paid,card,0
4625,514,2026-04-01,778.03,paid,card,0
4626,514,2026-05-01,778.03,paid,card,0
4627,514,2026-06-01,778.03,paid,card,0
4628,514,2026-07-01,778.03,paid,upi,0
4629,514,2026-08-01,778.03,paid,card,0
4630,514,2026-09-01,778.03,paid,card,0
4631,514,2026-10-01,778.03,paid,card,0
4632,514,2026-11-01,778.03,paid,bank_transfer,0
4633,514,2026-12-01,778.03,paid,card,0
4634,514,2027-01-01,778.03,paid,card,0
4635,514,2027-02-01,778.03,failed,card,2
4636,514,2027-03-01,778.03,paid,card,0
4637,514,2027-04-01,778.03,paid,upi,0
4638,514,2027-05-01,778.03,paid,bank_transfer,0
4639,514,2027-06-01,778.03,paid,card,0
4640,514,2027-07-01,778.03,paid,upi,0
4641,515,2025-05-01,47.82,paid,card,0
4642,515,2025-06-01,47.82,paid,upi,0
4643,515,2025-07-01,47.82,paid,card,0
4644,515,2025-08-01,47.82,paid,card,0
4645,515,2025-09-01,47.82,paid,upi,0
4646,515,2025-10-01,47.82,paid,card,0
4647,515,2025-11-01,47.82,paid,card,0
4648,515,2025-12-01,47.82,paid,bank_transfer,0
4649,515,2026-01-01,47.82,paid,card,0
4650,515,2026-02-01,47.82,paid,card,0
4651,515,2026-03-01,47.82,paid,card,0
4652,515,2026-04-01,47.82,paid,bank_transfer,0
4653,515,2026-05-01,47.82,paid,card,0
4654,515,2026-06-01,47.82,paid,card,0
4655,515,2026-07-01,47.82,paid,upi,0
4656,516,2025-03-01,177.3,paid,card,0
4657,516,2025-04-01,177.3,paid,upi,0
4658,516,2025-05-01,177.3,paid,card,0
4659,516,2025-06-01,177.3,paid,bank_transfer,0
4660,516,2025-07-01,177.3,paid,bank_transfer,0
4661,516,2025-08-01,177.3,failed,card,4
4662,516,2025-09-01,177.3,failed,card,0
4663,517,2025-07-01,45.22,paid,card,0
4664,517,2025-08-01,45.22,paid,upi,0
4665,517,2025-09-01,45.22,paid,card,0
4666,518,2025-11-01,49.52,paid,bank_transfer,0
4667,518,2025-12-01,49.52,paid,card,0
4668,518,2026-01-01,49.52,paid,card,0
4669,518,2026-02-01,49.52,paid,card,0
4670,518,2026-03-01,49.52,paid,bank_transfer,0
4671,518,2026-04-01,49.52,paid,bank_transfer,0
4672,518,2026-05-01,49.52,paid,card,0
4673,519,2024-12-01,190.57,paid,upi,0
4674,519,2025-01-01,190.57,paid,card,0
4675,520,2025-07-01,190.59,paid,card,0
4676,520,2025-08-01,190.59,paid,card,0
4677,520,2025-09-01,190.59,paid,card,0
4678,520,2025-10-01,190.59,paid,bank_transfer,0
4679,520,2025-11-01,190.59,paid,card,0
4680,520,2025-12-01,190.59,paid,bank_transfer,0
4681,520,2026-01-01,190.59,paid,card,0
4682,520,2026-02-01,190.59,paid,bank_transfer,0
4683,520,2026-03-01,190.59,paid,card,0
4684,520,2026-04-01,190.59,paid,bank_transfer,0
4685,520,2026-05-01,190.59,paid,card,0
4686,520,2026-06-01,190.59,paid,card,0
4687,520,2026-07-01,190.59,paid,card,0
4688,521,2025-08-01,46.79,paid,upi,0
4689,521,2025-09-01,46.79,paid,card,0
4690,521,2025-10-01,46.79,paid,card,0
4691,521,2025-11-01,46.79,paid,card,0
4692,521,2025-12-01,46.79,paid,card,0
4693,521,2026-01-01,46.79,paid,card,0
4694,521,2026-02-01,46.79,paid,upi,0
4695,521,2026-03-01,46.79,paid,bank_transfer,0
4696,521,2026-04-01,46.79,paid,card,0
4697,521,2026-05-01,46.79,paid,card,0
4698,521,2026-06-01,46.79,paid,bank_transfer,0
4699,521,2026-07-01,46.79,paid,card,0
4700,522,2025-10-01,53.23,paid,bank_transfer,0
4701,523,2025-09-01,800.6,paid,card,0
4702,523,2025-10-01,800.6,paid,card,0
4703,523,2025-11-01,800.6,paid,card,0
4704,523,2025-12-01,800.6,paid,card,0
4705,523,2026-01-01,800.6,paid,upi,0
4706,523,2026-02-01,800.6,paid,upi,0
4707,523,2026-03-01,800.6,paid,bank_transfer,0
4708,523,2026-04-01,800.6,paid,upi,0
4709,523,2026-05-01,800.6,paid,upi,0
4710,523,2026-06-01,800.6,paid,bank_transfer,0
4711,523,2026-07-01,800.6,paid,card,0
4712,524,2025-09-01,58.16,paid,bank_transfer,0
4713,524,2025-10-01,58.16,paid,card,0
4714,524,2025-11-01,58.16,paid,card,0
4715,524,2025-12-01,58.16,paid,card,0
4716,524,2026-01-01,58.16,failed,card,1
4717,524,2026-02-01,58.16,paid,bank_transfer,0
4718,524,2026-03-01,58.16,failed,card,2
4719,524,2026-04-01,58.16,paid,card,0
4720,524,2026-05-01,58.16,paid,card,0
4721,524,2026-06-01,58.16,paid,card,0
4722,524,2026-07-01,58.16,paid,card,0
4723,525,2024-12-01,52.67,paid,card,0
4724,525,2025-01-01,52.67,paid,upi,0
4725,525,2025-02-01,52.67,paid,card,0
4726,525,2025-03-01,52.67,paid,bank_transfer,0
4727,525,2025-04-01,52.67,paid,bank_transfer,0
4728,525,2025-05-01,52.67,paid,bank_transfer,0
4729,525,2025-06-01,52.67,paid,upi,0
4730,525,2025-07-01,52.67,paid,card,0
4731,525,2025-08-01,52.67,paid,card,0
4732,525,2025-09-01,52.67,paid,card,0
4733,525,2025-10-01,52.67,paid,card,0
4734,525,2025-11-01,52.67,failed,upi,1
4735,525,2025-12-01,52.67,paid,bank_transfer,0
4736,525,2026-01-01,52.67,paid,card,0
4737,527,2025-11-01,1069.4,paid,card,0
4738,527,2025-12-01,1069.4,paid,upi,0
4739,527,2026-01-01,1069.4,paid,card,0
4740,527,2026-02-01,1069.4,paid,card,0
4741,527,2026-03-01,1069.4,paid,bank_transfer,0
4742,527,2026-04-01,1069.4,paid,upi,0
4743,527,2026-05-01,1069.4,paid,card,0
4744,528,2024-12-01,46.78,paid,bank_transfer,0
4745,528,2025-01-01,46.78,paid,card,0
4746,528,2025-02-01,46.78,failed,card,2
4747,528,2025-03-01,46.78,paid,bank_transfer,0
4748,528,2025-04-01,46.78,paid,card,0
4749,528,2025-05-01,46.78,paid,upi,0
4750,528,2025-06-01,46.78,paid,bank_transfer,0
4751,528,2025-07-01,46.78,paid,upi,0
4752,528,2025-08-01,46.78,paid,card,0
4753,528,2025-09-01,46.78,paid,card,0
4754,528,2025-10-01,46.78,paid,bank_transfer,0
4755,528,2025-11-01,46.78,paid,bank_transfer,0
4756,528,2025-12-01,46.78,paid,bank_transfer,0
4757,529,2024-12-01,52.14,paid,card,0
4758,529,2025-01-01,52.14,paid,bank_transfer,0
4759,529,2025-02-01,52.14,paid,card,0
4760,529,2025-03-01,52.14,paid,upi,0
4761,529,2025-04-01,52.14,paid,card,0
4762,529,2025-05-01,52.14,paid,bank_transfer,0
4763,529,2025-06-01,52.14,paid,card,0
4764,529,2025-07-01,52.14,paid,card,0
4765,529,2025-08-01,52.14,paid,card,0
4766,529,2025-09-01,52.14,paid,card,0
4767,530,2025-04-01,56.09,paid,card,0
4768,530,2025-05-01,56.09,failed,card,1
4769,530,2025-06-01,56.09,paid,card,0
4770,530,2025-07-01,56.09,paid,card,0
4771,530,2025-08-01,56.09,paid,card,0
4772,530,2025-09-01,56.09,paid,card,0
4773,530,2025-10-01,56.09,paid,upi,0
4774,530,2025-11-01,56.09,paid,upi,0
4775,530,2025-12-01,56.09,paid,bank_transfer,0
4776,530,2026-01-01,56.09,paid,upi,0
4777,530,2026-02-01,56.09,paid,card,0
4778,530,2026-03-01,56.09,paid,upi,0
4779,530,2026-04-01,56.09,paid,card,0
4780,530,2026-05-01,56.09,paid,card,0
4781,530,2026-06-01,56.09,paid,card,0
4782,530,2026-07-01,56.09,paid,upi,0
4783,531,2025-10-01,234.13,paid,card,0
4784,531,2025-11-01,234.13,paid,card,0
4785,531,2025-12-01,234.13,paid,card,0
4786,531,2026-01-01,234.13,paid,card,0
4787,531,2026-02-01,234.13,paid,bank_transfer,0
4788,531,2026-03-01,234.13,paid,card,0
4789,531,2026-04-01,234.13,paid,bank_transfer,0
4790,531,2026-05-01,234.13,paid,card,0
4791,531,2026-06-01,234.13,paid,card,0
4792,531,2026-07-01,234.13,paid,card,0
4793,532,2025-02-01,61.9,paid,card,0
4794,532,2025-03-01,61.9,paid,card,0
4795,532,2025-04-01,61.9,paid,bank_transfer,0
4796,532,2025-05-01,61.9,paid,card,0
4797,533,2025-04-01,56.23,paid,card,0
4798,533,2025-05-01,56.23,paid,card,0
4799,533,2025-06-01,56.23,paid,card,0
4800,533,2025-07-01,56.23,paid,card,0
4801,533,2025-08-01,56.23,paid,card,0
4802,533,2025-09-01,56.23,paid,bank_transfer,0
4803,533,2025-10-01,56.23,paid,bank_transfer,0
4804,533,2025-11-01,56.23,paid,card,0
4805,533,2025-12-01,56.23,paid,bank_transfer,0
4806,534,2025-07-01,43.73,paid,card,0
4807,535,2025-03-01,1033.35,paid,bank_transfer,0
4808,535,2025-04-01,1033.35,paid,card,0
4809,535,2025-05-01,1033.35,paid,card,0
4810,535,2025-06-01,1033.35,paid,card,0
4811,535,2025-07-01,1033.35,paid,card,0
4812,535,2025-08-01,1033.35,paid,card,0
4813,535,2025-09-01,1033.35,paid,card,0
4814,535,2025-10-01,1033.35,paid,card,0
4815,535,2025-11-01,1033.35,paid,card,0
4816,535,2025-12-01,1033.35,paid,card,0
4817,535,2026-01-01,1033.35,paid,card,0
4818,535,2026-02-01,1033.35,paid,card,0
4819,535,2026-03-01,1033.35,paid,card,0
4820,535,2026-04-01,1033.35,paid,card,0
4821,535,2026-05-01,1033.35,paid,card,0
4822,535,2026-06-01,1033.35,failed,card,2
4823,535,2026-07-01,1033.35,paid,card,0
4824,536,2025-01-01,171.84,paid,bank_transfer,0
4825,536,2025-02-01,171.84,paid,card,0
4826,536,2025-03-01,171.84,paid,bank_transfer,0
4827,536,2025-04-01,171.84,paid,card,0
4828,536,2025-05-01,171.84,paid,bank_transfer,0
4829,536,2025-06-01,171.84,paid,card,0
4830,536,2025-07-01,171.84,paid,bank_transfer,0
4831,536,2025-08-01,171.84,paid,card,0
4832,536,2025-09-01,171.84,paid,card,0
4833,536,2025-10-01,171.84,paid,card,0
4834,536,2025-11-01,171.84,paid,card,0
4835,536,2025-12-01,171.84,paid,card,0
4836,536,2026-01-01,171.84,paid,card,0
4837,536,2026-02-01,171.84,paid,bank_transfer,0
4838,536,2026-03-01,171.84,paid,card,0
4839,536,2026-04-01,171.84,paid,card,0
4840,536,2026-05-01,171.84,paid,card,0
4841,536,2026-06-01,171.84,paid,card,0
4842,536,2026-07-01,171.84,paid,card,0
4843,538,2025-09-01,197.68,paid,card,0
4844,538,2025-10-01,197.68,failed,card,1
4845,538,2025-11-01,197.68,paid,card,0
4846,538,2025-12-01,197.68,paid,card,0
4847,538,2026-01-01,197.68,paid,upi,0
4848,538,2026-02-01,197.68,paid,card,0
4849,538,2026-03-01,197.68,paid,card,0
4850,538,2026-04-01,197.68,paid,bank_transfer,0
4851,538,2026-05-01,197.68,paid,card,0
4852,538,2026-06-01,197.68,paid,card,0
4853,538,2026-07-01,197.68,paid,bank_transfer,0
4854,538,2026-08-01,197.68,paid,bank_transfer,0
4855,538,2026-09-01,197.68,paid,card,0
4856,538,2026-10-01,197.68,paid,card,0
4857,538,2026-11-01,197.68,paid,bank_transfer,0
4858,539,2025-09-01,46.2,paid,card,0
4859,539,2025-10-01,46.2,paid,bank_transfer,0
4860,539,2025-11-01,46.2,paid,card,0
4861,539,2025-12-01,46.2,paid,card,0
4862,539,2026-01-01,46.2,paid,card,0
4863,539,2026-02-01,46.2,paid,bank_transfer,0
4864,539,2026-03-01,46.2,paid,bank_transfer,0
4865,539,2026-04-01,46.2,paid,card,0
4866,539,2026-05-01,46.2,paid,card,0
4867,539,2026-06-01,46.2,paid,card,0
4868,539,2026-07-01,46.2,paid,card,0
4869,540,2025-03-01,42.51,paid,bank_transfer,0
4870,540,2025-04-01,42.51,paid,card,0
4871,540,2025-05-01,42.51,paid,bank_transfer,0
4872,540,2025-06-01,42.51,paid,card,0
4873,540,2025-07-01,42.51,paid,card,0
4874,540,2025-08-01,42.51,paid,card,0
4875,540,2025-09-01,42.51,paid,card,0
4876,540,2025-10-01,42.51,paid,card,0
4877,540,2025-11-01,42.51,paid,upi,0
4878,540,2025-12-01,42.51,paid,card,0
4879,540,2026-01-01,42.51,paid,bank_transfer,0
4880,540,2026-02-01,42.51,paid,bank_transfer,0
4881,540,2026-03-01,42.51,paid,card,0
4882,540,2026-04-01,42.51,paid,card,0
4883,540,2026-05-01,42.51,paid,card,0
4884,540,2026-06-01,42.51,paid,bank_transfer,0
4885,540,2026-07-01,42.51,paid,bank_transfer,0
4886,541,2025-11-01,56.88,paid,bank_transfer,0
4887,541,2025-12-01,56.88,paid,card,0
4888,541,2026-01-01,56.88,paid,bank_transfer,0
4889,541,2026-02-01,56.88,paid,card,0
4890,541,2026-03-01,56.88,paid,card,0
4891,541,2026-04-01,56.88,paid,card,0
4892,541,2026-05-01,56.88,paid,card,0
4893,541,2026-06-01,56.88,paid,card,0
4894,541,2026-07-01,56.88,paid,card,0
4895,542,2025-05-01,61.65,failed,card,3
4896,542,2025-06-01,61.65,paid,card,0
4897,542,2025-07-01,61.65,paid,card,0
4898,542,2025-08-01,61.65,paid,card,0
4899,542,2025-09-01,61.65,paid,bank_transfer,0
4900,542,2025-10-01,61.65,paid,bank_transfer,0
4901,542,2025-11-01,61.65,paid,card,0
4902,542,2025-12-01,61.65,paid,card,0
4903,542,2026-01-01,61.65,paid,card,0
4904,542,2026-02-01,61.65,paid,bank_transfer,0
4905,542,2026-03-01,61.65,paid,upi,0
4906,542,2026-04-01,61.65,paid,bank_transfer,0
4907,542,2026-05-01,61.65,paid,bank_transfer,0
4908,542,2026-06-01,61.65,paid,card,0
4909,542,2026-07-01,61.65,paid,card,0
4910,543,2025-07-01,58.84,paid,bank_transfer,0
4911,543,2025-08-01,58.84,paid,upi,0
4912,543,2025-09-01,58.84,paid,card,0
4913,543,2025-10-01,58.84,paid,card,0
4914,543,2025-11-01,58.84,paid,bank_transfer,0
4915,543,2025-12-01,58.84,paid,card,0
4916,543,2026-01-01,58.84,paid,card,0
4917,543,2026-02-01,58.84,paid,upi,0
4918,543,2026-03-01,58.84,paid,card,0
4919,545,2026-08-01,244.67,paid,card,0
4920,545,2026-09-01,244.67,paid,card,0
4921,545,2026-10-01,244.67,paid,card,0
4922,545,2026-11-01,244.67,paid,card,0
4923,545,2026-12-01,244.67,paid,card,0
4924,545,2027-01-01,244.67,paid,bank_transfer,0
4925,545,2027-02-01,244.67,paid,upi,0
4926,545,2027-03-01,244.67,paid,card,0
4927,545,2027-04-01,244.67,paid,card,0
4928,545,2027-05-01,244.67,paid,upi,0
4929,545,2027-06-01,244.67,paid,card,0
4930,546,2025-10-01,58.27,paid,bank_transfer,0
4931,546,2025-11-01,58.27,paid,bank_transfer,0
4932,546,2025-12-01,58.27,paid,upi,0
4933,546,2026-01-01,58.27,paid,card,0
4934,546,2026-02-01,58.27,paid,bank_transfer,0
4935,546,2026-03-01,58.27,paid,card,0
4936,546,2026-04-01,58.27,paid,bank_transfer,0
4937,546,2026-05-01,58.27,paid,card,0
4938,546,2026-06-01,58.27,paid,upi,0
4939,546,2026-07-01,58.27,paid,card,0
4940,547,2026-03-01,1077.27,paid,card,0
4941,547,2026-04-01,1077.27,paid,upi,0
4942,547,2026-05-01,1077.27,paid,card,0
4943,547,2026-06-01,1077.27,paid,bank_transfer,0
4944,547,2026-07-01,1077.27,paid,card,0
4945,548,2025-04-01,198.8,paid,card,0
4946,548,2025-05-01,198.8,paid,card,0
4947,549,2025-11-01,45.69,paid,card,0
4948,549,2025-12-01,45.69,paid,bank_transfer,0
4949,549,2026-01-01,45.69,paid,card,0
4950,549,2026-02-01,45.69,paid,bank_transfer,0
4951,549,2026-03-01,45.69,paid,card,0
4952,549,2026-04-01,45.69,paid,card,0
4953,550,2025-02-01,61.29,paid,card,0
4954,550,2025-03-01,61.29,paid,card,0
4955,550,2025-04-01,61.29,paid,card,0
4956,550,2025-05-01,61.29,paid,card,0
4957,550,2025-06-01,61.29,paid,card,0
4958,550,2025-07-01,61.29,paid,card,0
4959,550,2025-08-01,61.29,paid,bank_transfer,0
4960,550,2025-09-01,61.29,paid,card,0
4961,550,2025-10-01,61.29,paid,bank_transfer,0
4962,550,2025-11-01,61.29,paid,card,0
4963,550,2025-12-01,61.29,paid,upi,0
4964,550,2026-01-01,61.29,failed,upi,1
4965,551,2025-01-01,888.73,paid,card,0
4966,551,2025-02-01,888.73,paid,card,0
4967,551,2025-03-01,888.73,paid,bank_transfer,0
4968,551,2025-04-01,888.73,paid,card,0
4969,551,2025-05-01,888.73,paid,card,0
4970,551,2025-06-01,888.73,paid,card,0
4971,551,2025-07-01,888.73,paid,bank_transfer,0
4972,551,2025-08-01,888.73,paid,card,0
4973,551,2025-09-01,888.73,paid,card,0
4974,551,2025-10-01,888.73,paid,bank_transfer,0
4975,551,2025-11-01,888.73,paid,card,0
4976,551,2025-12-01,888.73,paid,card,0
4977,551,2026-01-01,888.73,paid,upi,0
4978,551,2026-02-01,888.73,paid,bank_transfer,0
4979,551,2026-03-01,888.73,paid,card,0
4980,551,2026-04-01,888.73,paid,card,0
4981,551,2026-05-01,888.73,paid,card,0
4982,551,2026-06-01,888.73,paid,upi,0
4983,551,2026-07-01,888.73,paid,upi,0
4984,552,2025-09-01,186.37,paid,card,0
4985,552,2025-10-01,186.37,paid,card,0
4986,552,2025-11-01,186.37,paid,card,0
4987,552,2025-12-01,186.37,failed,card,1
4988,552,2026-01-01,186.37,paid,bank_transfer,0
4989,552,2026-02-01,186.37,paid,card,0
4990,552,2026-03-01,186.37,paid,upi,0
4991,552,2026-04-01,186.37,paid,card,0
4992,552,2026-05-01,186.37,paid,bank_transfer,0
4993,552,2026-06-01,186.37,paid,bank_transfer,0
4994,552,2026-07-01,186.37,paid,card,0
4995,553,2025-04-01,55.32,paid,card,0
4996,553,2025-05-01,55.32,paid,card,0
4997,553,2025-06-01,55.32,paid,card,0
4998,553,2025-07-01,55.32,paid,upi,0
4999,553,2025-08-01,55.32,paid,card,0
5000,553,2025-09-01,55.32,paid,card,0
5001,553,2025-10-01,55.32,paid,bank_transfer,0
5002,553,2025-11-01,55.32,paid,card,0
5003,553,2025-12-01,55.32,paid,card,0
5004,553,2026-01-01,55.32,paid,card,0
5005,553,2026-02-01,55.32,paid,bank_transfer,0
5006,553,2026-03-01,55.32,paid,bank_transfer,0
5007,553,2026-04-01,55.32,paid,card,0
5008,553,2026-05-01,55.32,paid,card,0
5009,553,2026-06-01,55.32,paid,card,0
5010,553,2026-07-01,55.32,paid,card,0
5011,554,2024-10-01,59.29,paid,card,0
5012,554,2024-11-01,59.29,paid,card,0
5013,554,2024-12-01,59.29,paid,card,0
5014,554,2025-01-01,59.29,paid,bank_transfer,0
5015,554,2025-02-01,59.29,paid,card,0
5016,554,2025-03-01,59.29,paid,card,0
5017,554,2025-04-01,59.29,paid,card,0
5018,554,2025-05-01,59.29,paid,bank_transfer,0
5019,554,2025-06-01,59.29,paid,card,0
5020,554,2025-07-01,59.29,paid,upi,0
5021,554,2025-08-01,59.29,paid,card,0
5022,554,2025-09-01,59.29,paid,card,0
5023,554,2025-10-01,59.29,paid,card,0
5024,554,2025-11-01,59.29,paid,card,0
5025,554,2025-12-01,59.29,paid,card,0
5026,554,2026-01-01,59.29,paid,bank_transfer,0
5027,554,2026-02-01,59.29,paid,card,0
5028,554,2026-03-01,59.29,paid,card,0
5029,554,2026-04-01,59.29,paid,bank_transfer,0
5030,555,2025-01-01,201.7,paid,card,0
5031,555,2025-02-01,201.7,paid,card,0
5032,555,2025-03-01,201.7,paid,card,0
5033,555,2025-04-01,201.7,paid,bank_transfer,0
5034,555,2025-05-01,201.7,paid,card,0
5035,555,2025-06-01,201.7,paid,card,0
5036,555,2025-07-01,201.7,paid,card,0
5037,555,2025-08-01,201.7,paid,bank_transfer,0
5038,555,2025-09-01,201.7,paid,card,0
5039,555,2025-10-01,201.7,paid,upi,0
5040,555,2025-11-01,201.7,paid,card,0
5041,555,2025-12-01,201.7,paid,card,0
5042,555,2026-01-01,201.7,paid,card,0
5043,555,2026-02-01,201.7,paid,card,0
5044,555,2026-03-01,201.7,paid,bank_transfer,0
5045,555,2026-04-01,201.7,paid,bank_transfer,0
5046,555,2026-05-01,201.7,paid,card,0
5047,555,2026-06-01,201.7,paid,card,0
5048,555,2026-07-01,201.7,paid,upi,0
5049,556,2024-10-01,238.63,paid,card,0
5050,556,2024-11-01,238.63,paid,upi,0
5051,556,2024-12-01,238.63,paid,bank_transfer,0
5052,556,2025-01-01,238.63,paid,card,0
5053,556,2025-02-01,238.63,paid,card,0
5054,556,2025-03-01,238.63,paid,card,0
5055,556,2025-04-01,238.63,failed,card,3
5056,556,2025-05-01,238.63,paid,card,0
5057,556,2025-06-01,238.63,paid,card,0
5058,556,2025-07-01,238.63,paid,card,0
5059,556,2025-08-01,238.63,paid,card,0
5060,556,2025-09-01,238.63,paid,bank_transfer,0
5061,556,2025-10-01,238.63,paid,upi,0
5062,556,2025-11-01,238.63,paid,upi,0
5063,556,2025-12-01,238.63,paid,bank_transfer,0
5064,556,2026-01-01,238.63,paid,upi,0
5065,556,2026-02-01,238.63,paid,upi,0
5066,556,2026-03-01,238.63,paid,card,0
5067,556,2026-04-01,238.63,paid,card,0
5068,556,2026-05-01,238.63,paid,card,0
5069,556,2026-06-01,238.63,paid,card,0
5070,556,2026-07-01,238.63,paid,card,0
5071,558,2026-05-01,62.46,paid,bank_transfer,0
5072,558,2026-06-01,62.46,paid,card,0
5073,558,2026-07-01,62.46,paid,card,0
5074,558,2026-08-01,62.46,paid,bank_transfer,0
5075,558,2026-09-01,62.46,paid,card,0
5076,558,2026-10-01,62.46,paid,card,0
5077,558,2026-11-01,62.46,paid,card,0
5078,558,2026-12-01,62.46,paid,card,0
5079,558,2027-01-01,62.46,paid,card,0
5080,558,2027-02-01,62.46,paid,card,0
5081,558,2027-03-01,62.46,paid,card,0
5082,558,2027-04-01,62.46,paid,card,0
5083,559,2025-01-01,45.83,paid,card,0
5084,559,2025-02-01,45.83,paid,card,0
5085,559,2025-03-01,45.83,paid,card,0
5086,559,2025-04-01,45.83,paid,card,0
5087,559,2025-05-01,45.83,paid,card,0
5088,559,2025-06-01,45.83,paid,bank_transfer,0
5089,559,2025-07-01,45.83,paid,card,0
5090,559,2025-08-01,45.83,paid,card,0
5091,561,2026-06-01,59.08,paid,card,0
5092,561,2026-07-01,59.08,paid,card,0
5093,561,2026-08-01,59.08,paid,card,0
5094,561,2026-09-01,59.08,paid,card,0
5095,561,2026-10-01,59.08,paid,card,0
5096,561,2026-11-01,59.08,paid,card,0
5097,561,2026-12-01,59.08,paid,card,0
5098,561,2027-01-01,59.08,paid,card,0
5099,561,2027-02-01,59.08,paid,card,0
5100,561,2027-03-01,59.08,paid,upi,0
5101,561,2027-04-01,59.08,paid,upi,0
5102,562,2025-04-01,980.72,paid,card,0
5103,562,2025-05-01,980.72,paid,card,0
5104,562,2025-06-01,980.72,paid,card,0
5105,562,2025-07-01,980.72,paid,card,0
5106,562,2025-08-01,980.72,paid,card,0
5107,562,2025-09-01,980.72,failed,card,1
5108,562,2025-10-01,980.72,paid,upi,0
5109,562,2025-11-01,980.72,paid,card,0
5110,562,2025-12-01,980.72,paid,bank_transfer,0
5111,562,2026-01-01,980.72,paid,card,0
5112,562,2026-02-01,980.72,failed,bank_transfer,1
5113,562,2026-03-01,980.72,paid,card,0
5114,563,2025-08-01,929.74,paid,bank_transfer,0
5115,563,2025-09-01,929.74,paid,card,0
5116,563,2025-10-01,929.74,paid,card,0
5117,563,2025-11-01,929.74,paid,card,0
5118,563,2025-12-01,929.74,paid,card,0
5119,563,2026-01-01,929.74,paid,upi,0
5120,563,2026-02-01,929.74,paid,card,0
5121,563,2026-03-01,929.74,paid,card,0
5122,563,2026-04-01,929.74,paid,bank_transfer,0
5123,563,2026-05-01,929.74,paid,card,0
5124,563,2026-06-01,929.74,paid,card,0
5125,563,2026-07-01,929.74,paid,card,0
5126,564,2025-04-01,54.06,paid,card,0
5127,564,2025-05-01,54.06,paid,bank_transfer,0
5128,564,2025-06-01,54.06,failed,card,2
5129,565,2025-03-01,199.17,paid,card,0
5130,565,2025-04-01,199.17,failed,card,1
5131,565,2025-05-01,199.17,paid,card,0
5132,565,2025-06-01,199.17,paid,card,0
5133,565,2025-07-01,199.17,paid,card,0
5134,565,2025-08-01,199.17,paid,card,0
5135,565,2025-09-01,199.17,paid,bank_transfer,0
5136,565,2025-10-01,199.17,paid,card,0
5137,565,2025-11-01,199.17,paid,upi,0
5138,565,2025-12-01,199.17,paid,bank_transfer,0
5139,565,2026-01-01,199.17,paid,upi,0
5140,565,2026-02-01,199.17,paid,bank_transfer,0
5141,565,2026-03-01,199.17,paid,card,0
5142,565,2026-04-01,199.17,paid,card,0
5143,565,2026-05-01,199.17,paid,card,0
5144,565,2026-06-01,199.17,paid,bank_transfer,0
5145,565,2026-07-01,199.17,paid,card,0
5146,566,2026-02-01,55.18,paid,bank_transfer,0
5147,567,2026-03-01,931.39,paid,card,0
5148,567,2026-04-01,931.39,paid,card,0
5149,567,2026-05-01,931.39,paid,card,0
5150,567,2026-06-01,931.39,paid,card,0
5151,567,2026-07-01,931.39,paid,upi,0
5152,568,2025-07-01,57.54,paid,bank_transfer,0
5153,568,2025-08-01,57.54,paid,card,0
5154,568,2025-09-01,57.54,paid,card,0
5155,568,2025-10-01,57.54,paid,bank_transfer,0
5156,568,2025-11-01,57.54,paid,card,0
5157,568,2025-12-01,57.54,paid,card,0
5158,568,2026-01-01,57.54,paid,card,0
5159,568,2026-02-01,57.54,paid,upi,0
5160,569,2025-11-01,41.8,paid,card,0
5161,569,2025-12-01,41.8,paid,bank_transfer,0
5162,569,2026-01-01,41.8,paid,card,0
5163,569,2026-02-01,41.8,paid,upi,0
5164,569,2026-03-01,41.8,paid,card,0
5165,569,2026-04-01,41.8,paid,upi,0
5166,569,2026-05-01,41.8,failed,upi,1
5167,569,2026-06-01,41.8,failed,bank_transfer,0
5168,570,2026-01-01,255.23,paid,card,0
5169,572,2026-04-01,49.18,paid,card,0
5170,572,2026-05-01,49.18,paid,card,0
5171,572,2026-06-01,49.18,paid,card,0
5172,572,2026-07-01,49.18,paid,card,0
5173,572,2026-08-01,49.18,paid,card,0
5174,572,2026-09-01,49.18,paid,card,0
5175,572,2026-10-01,49.18,paid,bank_transfer,0
5176,572,2026-11-01,49.18,paid,bank_transfer,0
5177,572,2026-12-01,49.18,paid,card,0
5178,572,2027-01-01,49.18,paid,card,0
5179,572,2027-02-01,49.18,paid,card,0
5180,573,2025-06-01,61.48,paid,upi,0
5181,573,2025-07-01,61.48,paid,card,0
5182,573,2025-08-01,61.48,paid,upi,0
5183,573,2025-09-01,61.48,paid,card,0
5184,573,2025-10-01,61.48,paid,card,0
5185,573,2025-11-01,61.48,paid,upi,0
5186,573,2025-12-01,61.48,paid,card,0
5187,573,2026-01-01,61.48,paid,card,0
5188,573,2026-02-01,61.48,paid,card,0
5189,573,2026-03-01,61.48,paid,bank_transfer,0
5190,574,2024-12-01,1150.3,paid,card,0
5191,574,2025-01-01,1150.3,paid,card,0
5192,574,2025-02-01,1150.3,paid,card,0
5193,574,2025-03-01,1150.3,paid,bank_transfer,0
5194,574,2025-04-01,1150.3,paid,card,0
5195,574,2025-05-01,1150.3,paid,bank_transfer,0
5196,574,2025-06-01,1150.3,paid,card,0
5197,574,2025-07-01,1150.3,paid,bank_transfer,0
5198,574,2025-08-01,1150.3,paid,upi,0
5199,574,2025-09-01,1150.3,paid,card,0
5200,574,2025-10-01,1150.3,paid,upi,0
5201,574,2025-11-01,1150.3,paid,card,0
5202,574,2025-12-01,1150.3,paid,card,0
5203,574,2026-01-01,1150.3,paid,bank_transfer,0
5204,574,2026-02-01,1150.3,paid,card,0
5205,574,2026-03-01,1150.3,paid,card,0
5206,574,2026-04-01,1150.3,failed,card,1
5207,575,2024-11-01,48.13,paid,card,0
5208,575,2024-12-01,48.13,paid,card,0
5209,575,2025-01-01,48.13,paid,card,0
5210,575,2025-02-01,48.13,paid,card,0
5211,575,2025-03-01,48.13,paid,card,0
5212,575,2025-04-01,48.13,paid,card,0
5213,575,2025-05-01,48.13,paid,card,0
5214,575,2025-06-01,48.13,paid,card,0
5215,575,2025-07-01,48.13,paid,upi,0
5216,575,2025-08-01,48.13,paid,bank_transfer,0
5217,575,2025-09-01,48.13,paid,upi,0
5218,575,2025-10-01,48.13,paid,card,0
5219,575,2025-11-01,48.13,paid,card,0
5220,575,2025-12-01,48.13,paid,card,0
5221,575,2026-01-01,48.13,paid,card,0
5222,576,2024-11-01,216.3,paid,card,0
5223,576,2024-12-01,216.3,paid,bank_transfer,0
5224,576,2025-01-01,216.3,paid,card,0
5225,576,2025-02-01,216.3,failed,card,2
5226,576,2025-03-01,216.3,paid,card,0
5227,576,2025-04-01,216.3,paid,card,0
5228,576,2025-05-01,216.3,paid,bank_transfer,0
5229,576,2025-06-01,216.3,paid,card,0
5230,576,2025-07-01,216.3,paid,card,0
5231,576,2025-08-01,216.3,paid,card,0
5232,576,2025-09-01,216.3,paid,upi,0
5233,576,2025-10-01,216.3,paid,card,0
5234,576,2025-11-01,216.3,paid,card,0
5235,576,2025-12-01,216.3,paid,card,0
5236,576,2026-01-01,216.3,paid,card,0
5237,576,2026-02-01,216.3,paid,card,0
5238,576,2026-03-01,216.3,paid,upi,0
5239,577,2026-03-01,257.47,paid,card,0
5240,577,2026-04-01,257.47,paid,card,0
5241,577,2026-05-01,257.47,paid,card,0
5242,577,2026-06-01,257.47,paid,card,0
5243,577,2026-07-01,257.47,paid,card,0
5244,578,2025-09-01,185.77,paid,card,0
5245,578,2025-10-01,185.77,paid,card,0
5246,578,2025-11-01,185.77,paid,card,0
5247,578,2025-12-01,185.77,paid,card,0
5248,578,2026-01-01,185.77,paid,bank_transfer,0
5249,578,2026-02-01,185.77,paid,card,0
5250,578,2026-03-01,185.77,paid,card,0
5251,578,2026-04-01,185.77,paid,card,0
5252,578,2026-05-01,185.77,paid,card,0
5253,578,2026-06-01,185.77,paid,card,0
5254,578,2026-07-01,185.77,failed,card,2
5255,580,2025-03-01,169.44,paid,card,0
5256,580,2025-04-01,169.44,paid,card,0
5257,580,2025-05-01,169.44,paid,upi,0
5258,580,2025-06-01,169.44,paid,card,0
5259,580,2025-07-01,169.44,paid,card,0
5260,580,2025-08-01,169.44,paid,card,0
5261,580,2025-09-01,169.44,paid,bank_transfer,0
5262,580,2025-10-01,169.44,paid,card,0
5263,580,2025-11-01,169.44,paid,card,0
5264,580,2025-12-01,169.44,paid,card,0
5265,580,2026-01-01,169.44,paid,card,0
5266,580,2026-02-01,169.44,paid,card,0
5267,580,2026-03-01,169.44,paid,upi,0
5268,580,2026-04-01,169.44,paid,card,0
5269,580,2026-05-01,169.44,paid,upi,0
5270,580,2026-06-01,169.44,paid,card,0
5271,580,2026-07-01,169.44,failed,card,2
5272,580,2026-08-01,169.44,paid,card,0
5273,580,2026-09-01,169.44,paid,card,0
5274,580,2026-10-01,169.44,paid,card,0
5275,581,2025-10-01,50.88,paid,bank_transfer,0
5276,581,2025-11-01,50.88,paid,card,0
5277,581,2025-12-01,50.88,paid,card,0
5278,581,2026-01-01,50.88,paid,bank_transfer,0
5279,581,2026-02-01,50.88,paid,card,0
5280,581,2026-03-01,50.88,paid,card,0
5281,581,2026-04-01,50.88,paid,card,0
5282,581,2026-05-01,50.88,paid,bank_transfer,0
5283,581,2026-06-01,50.88,paid,upi,0
5284,581,2026-07-01,50.88,paid,card,0
5285,582,2025-10-01,59.26,paid,card,0
5286,582,2025-11-01,59.26,paid,card,0
5287,582,2025-12-01,59.26,paid,bank_transfer,0
5288,582,2026-01-01,59.26,paid,card,0
5289,582,2026-02-01,59.26,paid,card,0
5290,582,2026-03-01,59.26,paid,card,0
5291,582,2026-04-01,59.26,paid,card,0
5292,583,2025-03-01,180.7,paid,upi,0
5293,583,2025-04-01,180.7,paid,card,0
5294,583,2025-05-01,180.7,paid,upi,0
5295,583,2025-06-01,180.7,failed,card,3
5296,583,2025-07-01,180.7,paid,card,0
5297,583,2025-08-01,180.7,failed,bank_transfer,2
5298,583,2025-09-01,180.7,paid,card,0
5299,584,2025-06-01,47.18,paid,bank_transfer,0
5300,584,2025-07-01,47.18,paid,card,0
5301,584,2025-08-01,47.18,paid,bank_transfer,0
5302,584,2025-09-01,47.18,paid,card,0
5303,584,2025-10-01,47.18,paid,upi,0
5304,584,2025-11-01,47.18,paid,card,0
5305,584,2025-12-01,47.18,paid,card,0
5306,584,2026-01-01,47.18,paid,card,0
5307,584,2026-02-01,47.18,paid,card,0
5308,584,2026-03-01,47.18,paid,bank_transfer,0
5309,584,2026-04-01,47.18,paid,card,0
5310,584,2026-05-01,47.18,paid,card,0
5311,584,2026-06-01,47.18,paid,card,0
5312,584,2026-07-01,47.18,paid,card,0
5313,585,2026-02-01,194.61,paid,card,0
5314,585,2026-03-01,194.61,paid,bank_transfer,0
5315,585,2026-04-01,194.61,paid,upi,0
5316,585,2026-05-01,194.61,paid,card,0
5317,585,2026-06-01,194.61,paid,bank_transfer,0
5318,585,2026-07-01,194.61,paid,card,0
5319,586,2025-09-01,1024.12,paid,bank_transfer,0
5320,586,2025-10-01,1024.12,paid,card,0
5321,586,2025-11-01,1024.12,paid,bank_transfer,0
5322,586,2025-12-01,1024.12,paid,card,0
5323,586,2026-01-01,1024.12,paid,card,0
5324,586,2026-02-01,1024.12,paid,card,0
5325,586,2026-03-01,1024.12,paid,card,0
5326,586,2026-04-01,1024.12,paid,bank_transfer,0
5327,586,2026-05-01,1024.12,paid,card,0
5328,586,2026-06-01,1024.12,paid,upi,0
5329,586,2026-07-01,1024.12,paid,card,0
5330,587,2025-05-01,212.76,paid,card,0
5331,588,2026-05-01,47.4,paid,card,0
5332,588,2026-06-01,47.4,paid,card,0
5333,588,2026-07-01,47.4,paid,bank_transfer,0
5334,589,2025-04-01,60.15,paid,card,0
5335,589,2025-05-01,60.15,paid,card,0
5336,589,2025-06-01,60.15,failed,bank_transfer,3
5337,589,2025-07-01,60.15,paid,card,0
5338,590,2025-10-01,55.33,paid,card,0
5339,590,2025-11-01,55.33,failed,card,5
5340,591,2025-08-01,1146.19,paid,card,0
5341,591,2025-09-01,1146.19,paid,card,0
5342,591,2025-10-01,1146.19,paid,card,0
5343,591,2025-11-01,1146.19,paid,upi,0
5344,591,2025-12-01,1146.19,paid,card,0
5345,591,2026-01-01,1146.19,paid,card,0
5346,591,2026-02-01,1146.19,paid,bank_transfer,0
5347,591,2026-03-01,1146.19,paid,bank_transfer,0
5348,591,2026-04-01,1146.19,paid,card,0
5349,591,2026-05-01,1146.19,paid,card,0
5350,591,2026-06-01,1146.19,paid,card,0
5351,591,2026-07-01,1146.19,paid,card,0
5352,592,2024-11-01,43.14,paid,card,0
5353,592,2024-12-01,43.14,paid,card,0
5354,592,2025-01-01,43.14,paid,card,0
5355,592,2025-02-01,43.14,paid,card,0
5356,592,2025-03-01,43.14,paid,upi,0
5357,592,2025-04-01,43.14,paid,bank_transfer,0
5358,592,2025-05-01,43.14,paid,card,0
5359,592,2025-06-01,43.14,paid,card,0
5360,592,2025-07-01,43.14,failed,bank_transfer,1
5361,592,2025-08-01,43.14,paid,card,0
5362,592,2025-09-01,43.14,paid,card,0
5363,592,2025-10-01,43.14,paid,card,0
5364,592,2025-11-01,43.14,paid,card,0
5365,592,2025-12-01,43.14,paid,upi,0
5366,592,2026-01-01,43.14,paid,bank_transfer,0
5367,592,2026-02-01,43.14,paid,bank_transfer,0
5368,592,2026-03-01,43.14,paid,card,0
5369,592,2026-04-01,43.14,paid,card,0
5370,592,2026-05-01,43.14,paid,bank_transfer,0
5371,592,2026-06-01,43.14,paid,upi,0
5372,592,2026-07-01,43.14,paid,card,0
5373,593,2026-02-01,45.64,paid,card,0
5374,593,2026-03-01,45.64,paid,card,0
5375,593,2026-04-01,45.64,paid,bank_transfer,0
5376,593,2026-05-01,45.64,paid,card,0
5377,593,2026-06-01,45.64,paid,bank_transfer,0
5378,593,2026-07-01,45.64,paid,card,0
5379,594,2025-03-01,174.69,paid,bank_transfer,0
5380,594,2025-04-01,174.69,paid,card,0
5381,594,2025-05-01,174.69,paid,card,0
5382,594,2025-06-01,174.69,paid,card,0
5383,594,2025-07-01,174.69,paid,bank_transfer,0
5384,594,2025-08-01,174.69,paid,card,0
5385,594,2025-09-01,174.69,paid,upi,0
5386,594,2025-10-01,174.69,paid,card,0
5387,594,2025-11-01,174.69,paid,card,0
5388,594,2025-12-01,174.69,paid,card,0
5389,595,2026-01-01,228.84,paid,card,0
5390,595,2026-02-01,228.84,paid,bank_transfer,0
5391,595,2026-03-01,228.84,paid,card,0
5392,595,2026-04-01,228.84,failed,card,2
5393,596,2025-07-01,58.7,paid,upi,0
5394,596,2025-08-01,58.7,paid,card,0
5395,596,2025-09-01,58.7,paid,upi,0
5396,596,2025-10-01,58.7,paid,card,0
5397,596,2025-11-01,58.7,paid,upi,0
5398,596,2025-12-01,58.7,paid,card,0
5399,596,2026-01-01,58.7,paid,card,0
5400,596,2026-02-01,58.7,failed,card,0
5401,596,2026-03-01,58.7,paid,card,0
5402,596,2026-04-01,58.7,paid,card,0
5403,596,2026-05-01,58.7,paid,card,0
5404,596,2026-06-01,58.7,paid,card,0
5405,596,2026-07-01,58.7,paid,card,0
5406,597,2025-02-01,1100.14,paid,upi,0
5407,597,2025-03-01,1100.14,paid,bank_transfer,0
5408,597,2025-04-01,1100.14,paid,card,0
5409,597,2025-05-01,1100.14,paid,bank_transfer,0
5410,597,2025-06-01,1100.14,paid,upi,0
5411,597,2025-07-01,1100.14,paid,card,0
5412,597,2025-08-01,1100.14,paid,bank_transfer,0
5413,597,2025-09-01,1100.14,paid,upi,0
5414,597,2025-10-01,1100.14,paid,card,0
5415,597,2025-11-01,1100.14,paid,card,0
5416,597,2025-12-01,1100.14,paid,card,0
5417,597,2026-01-01,1100.14,paid,card,0
5418,597,2026-02-01,1100.14,paid,card,0
5419,597,2026-03-01,1100.14,paid,card,0
5420,597,2026-04-01,1100.14,paid,card,0
5421,597,2026-05-01,1100.14,paid,card,0
5422,597,2026-06-01,1100.14,paid,upi,0
5423,597,2026-07-01,1100.14,paid,card,0
5424,598,2025-11-01,240.25,paid,card,0
5425,598,2025-12-01,240.25,failed,card,2
5426,598,2026-01-01,240.25,paid,upi,0
5427,598,2026-02-01,240.25,paid,bank_transfer,0
5428,598,2026-03-01,240.25,paid,bank_transfer,0
5429,598,2026-04-01,240.25,paid,bank_transfer,0
5430,598,2026-05-01,240.25,paid,card,0
5431,598,2026-06-01,240.25,paid,bank_transfer,0
5432,598,2026-07-01,240.25,paid,upi,0
5433,599,2025-10-01,248.63,paid,bank_transfer,0
5434,599,2025-11-01,248.63,paid,bank_transfer,0
5435,599,2025-12-01,248.63,paid,upi,0
5436,599,2026-01-01,248.63,paid,card,0
5437,599,2026-02-01,248.63,paid,upi,0
5438,599,2026-03-01,248.63,paid,card,0
5439,599,2026-04-01,248.63,paid,bank_transfer,0
5440,599,2026-05-01,248.63,paid,card,0
5441,599,2026-06-01,248.63,paid,card,0
5442,599,2026-07-01,248.63,paid,bank_transfer,0
5443,600,2025-05-01,43.0,paid,card,0
5444,601,2024-09-01,44.99,paid,card,0
5445,601,2024-10-01,44.99,paid,bank_transfer,0
5446,601,2024-11-01,44.99,paid,card,0
5447,601,2024-12-01,44.99,paid,card,0
5448,603,2026-04-01,63.27,paid,card,0
5449,603,2026-05-01,63.27,paid,bank_transfer,0
5450,603,2026-06-01,63.27,paid,card,0
5451,603,2026-07-01,63.27,paid,card,0
5452,603,2026-08-01,63.27,paid,card,0
5453,603,2026-09-01,63.27,paid,card,0
5454,603,2026-10-01,63.27,paid,card,0
5455,603,2026-11-01,63.27,paid,card,0
5456,603,2026-12-01,63.27,paid,bank_transfer,0
5457,603,2027-01-01,63.27,paid,card,0
5458,603,2027-02-01,63.27,paid,card,0
5459,603,2027-03-01,63.27,paid,bank_transfer,0
5460,603,2027-04-01,63.27,paid,card,0
5461,603,2027-05-01,63.27,paid,bank_transfer,0
5462,603,2027-06-01,63.27,paid,card,0
5463,603,2027-07-01,63.27,paid,card,0
5464,603,2027-08-01,63.27,paid,card,0
5465,603,2027-09-01,63.27,paid,upi,0
5466,604,2025-02-01,242.34,paid,bank_transfer,0
5467,604,2025-03-01,242.34,paid,card,0
5468,604,2025-04-01,242.34,paid,card,0
5469,604,2025-05-01,242.34,paid,card,0
5470,604,2025-06-01,242.34,failed,card,2
5471,605,2025-04-01,52.17,paid,card,0
5472,605,2025-05-01,52.17,paid,bank_transfer,0
5473,606,2025-04-01,51.26,paid,card,0
5474,606,2025-05-01,51.26,paid,card,0
5475,606,2025-06-01,51.26,paid,upi,0
5476,606,2025-07-01,51.26,paid,card,0
5477,606,2025-08-01,51.26,paid,card,0
5478,606,2025-09-01,51.26,paid,card,0
5479,606,2025-10-01,51.26,paid,card,0
5480,606,2025-11-01,51.26,paid,card,0
5481,606,2025-12-01,51.26,paid,bank_transfer,0
5482,606,2026-01-01,51.26,paid,bank_transfer,0
5483,606,2026-02-01,51.26,paid,upi,0
5484,606,2026-03-01,51.26,paid,bank_transfer,0
5485,606,2026-04-01,51.26,paid,card,0
5486,606,2026-05-01,51.26,paid,upi,0
5487,606,2026-06-01,51.26,paid,upi,0
5488,606,2026-07-01,51.26,paid,bank_transfer,0
5489,607,2024-12-01,212.63,paid,upi,0
5490,607,2025-01-01,212.63,paid,bank_transfer,0
5491,607,2025-02-01,212.63,paid,upi,0
5492,607,2025-03-01,212.63,paid,card,0
5493,607,2025-04-01,212.63,paid,bank_transfer,0
5494,607,2025-05-01,212.63,paid,card,0
5495,607,2025-06-01,212.63,paid,card,0
5496,607,2025-07-01,212.63,paid,card,0
5497,607,2025-08-01,212.63,paid,card,0
5498,607,2025-09-01,212.63,paid,upi,0
5499,607,2025-10-01,212.63,paid,card,0
5500,607,2025-11-01,212.63,paid,upi,0
5501,607,2025-12-01,212.63,paid,card,0
5502,607,2026-01-01,212.63,paid,bank_transfer,0
5503,607,2026-02-01,212.63,paid,bank_transfer,0
5504,607,2026-03-01,212.63,paid,bank_transfer,0
5505,607,2026-04-01,212.63,paid,card,0
5506,607,2026-05-01,212.63,paid,bank_transfer,0
5507,607,2026-06-01,212.63,paid,card,0
5508,607,2026-07-01,212.63,paid,bank_transfer,0
5509,608,2025-10-01,1077.85,failed,card,1
5510,608,2025-11-01,1077.85,paid,card,0
5511,608,2025-12-01,1077.85,paid,card,0
5512,609,2025-10-01,49.95,paid,card,0
5513,609,2025-11-01,49.95,paid,card,0
5514,609,2025-12-01,49.95,paid,upi,0
5515,609,2026-01-01,49.95,paid,card,0
5516,609,2026-02-01,49.95,paid,card,0
5517,609,2026-03-01,49.95,paid,card,0
5518,609,2026-04-01,49.95,paid,card,0
5519,609,2026-05-01,49.95,paid,card,0
5520,609,2026-06-01,49.95,paid,upi,0
5521,609,2026-07-01,49.95,paid,card,0
5522,610,2025-04-01,1067.34,paid,card,0
5523,610,2025-05-01,1067.34,paid,bank_transfer,0
5524,610,2025-06-01,1067.34,paid,card,0
5525,610,2025-07-01,1067.34,paid,card,0
5526,610,2025-08-01,1067.34,paid,card,0
5527,610,2025-09-01,1067.34,paid,card,0
5528,610,2025-10-01,1067.34,paid,bank_transfer,0
5529,610,2025-11-01,1067.34,paid,card,0
5530,610,2025-12-01,1067.34,paid,card,0
5531,610,2026-01-01,1067.34,paid,card,0
5532,610,2026-02-01,1067.34,paid,bank_transfer,0
5533,610,2026-03-01,1067.34,paid,bank_transfer,0
5534,610,2026-04-01,1067.34,paid,card,0
5535,610,2026-05-01,1067.34,paid,bank_transfer,0
5536,610,2026-06-01,1067.34,paid,card,0
5537,610,2026-07-01,1067.34,paid,bank_transfer,0
5538,611,2026-01-01,57.09,failed,card,2
5539,611,2026-02-01,57.09,paid,card,0
5540,611,2026-03-01,57.09,paid,upi,0
5541,611,2026-04-01,57.09,paid,card,0
5542,611,2026-05-01,57.09,paid,card,0
5543,611,2026-06-01,57.09,paid,card,0
5544,611,2026-07-01,57.09,paid,card,0
5545,612,2025-03-01,180.25,paid,card,0
5546,612,2025-04-01,180.25,paid,card,0
5547,612,2025-05-01,180.25,paid,card,0
5548,612,2025-06-01,180.25,paid,card,0
5549,612,2025-07-01,180.25,paid,card,0
5550,612,2025-08-01,180.25,paid,card,0
5551,612,2025-09-01,180.25,paid,card,0
5552,612,2025-10-01,180.25,paid,card,0
5553,612,2025-11-01,180.25,paid,upi,0
5554,612,2025-12-01,180.25,failed,card,1
5555,612,2026-01-01,180.25,paid,bank_transfer,0
5556,613,2025-12-01,222.71,failed,card,0
5557,613,2026-01-01,222.71,paid,bank_transfer,0
5558,613,2026-02-01,222.71,paid,card,0
5559,613,2026-03-01,222.71,paid,card,0
5560,613,2026-04-01,222.71,paid,card,0
5561,613,2026-05-01,222.71,paid,card,0
5562,613,2026-06-01,222.71,paid,upi,0
5563,613,2026-07-01,222.71,paid,bank_transfer,0
5564,614,2026-02-01,215.26,paid,upi,0
5565,614,2026-03-01,215.26,paid,card,0
5566,614,2026-04-01,215.26,paid,card,0
5567,614,2026-05-01,215.26,paid,card,0
5568,614,2026-06-01,215.26,paid,card,0
5569,614,2026-07-01,215.26,paid,card,0
5570,615,2025-04-01,196.57,paid,bank_transfer,0
5571,615,2025-05-01,196.57,paid,bank_transfer,0
5572,615,2025-06-01,196.57,paid,upi,0
5573,615,2025-07-01,196.57,paid,card,0
5574,615,2025-08-01,196.57,paid,card,0
5575,615,2025-09-01,196.57,paid,bank_transfer,0
5576,615,2025-10-01,196.57,paid,card,0
5577,615,2025-11-01,196.57,paid,card,0
5578,615,2025-12-01,196.57,paid,bank_transfer,0
5579,615,2026-01-01,196.57,paid,upi,0
5580,616,2025-09-01,48.27,paid,card,0
5581,616,2025-10-01,48.27,paid,upi,0
5582,616,2025-11-01,48.27,paid,card,0
5583,616,2025-12-01,48.27,paid,bank_transfer,0
5584,616,2026-01-01,48.27,paid,card,0
5585,616,2026-02-01,48.27,paid,bank_transfer,0
5586,616,2026-03-01,48.27,paid,bank_transfer,0
5587,616,2026-04-01,48.27,failed,bank_transfer,1
5588,616,2026-05-01,48.27,paid,card,0
5589,617,2025-06-01,188.68,paid,card,0
5590,617,2025-07-01,188.68,paid,card,0
5591,617,2025-08-01,188.68,paid,card,0
5592,617,2025-09-01,188.68,paid,card,0
5593,617,2025-10-01,188.68,failed,bank_transfer,1
5594,617,2025-11-01,188.68,paid,card,0
5595,617,2025-12-01,188.68,paid,card,0
5596,617,2026-01-01,188.68,paid,card,0
5597,617,2026-02-01,188.68,paid,bank_transfer,0
5598,617,2026-03-01,188.68,paid,card,0
5599,617,2026-04-01,188.68,paid,card,0
5600,617,2026-05-01,188.68,paid,card,0
5601,617,2026-06-01,188.68,paid,upi,0
5602,617,2026-07-01,188.68,paid,bank_transfer,0
5603,618,2025-09-01,0.0,paid,card,0
5604,618,2025-10-01,0.0,paid,card,0
5605,618,2025-11-01,0.0,paid,card,0
5606,618,2025-12-01,0.0,paid,bank_transfer,0
5607,618,2026-01-01,0.0,paid,card,0
5608,618,2026-02-01,0.0,paid,card,0
5609,618,2026-03-01,0.0,paid,bank_transfer,0
5610,618,2026-04-01,0.0,paid,card,0
5611,619,2025-01-01,872.09,paid,card,0
5612,619,2025-02-01,872.09,paid,card,0
5613,619,2025-03-01,872.09,paid,card,0
5614,619,2025-04-01,872.09,paid,bank_transfer,0
5615,619,2025-05-01,872.09,paid,card,0
5616,619,2025-06-01,872.09,paid,card,0
5617,619,2025-07-01,872.09,paid,upi,0
5618,619,2025-08-01,872.09,paid,card,0
5619,619,2025-09-01,872.09,paid,bank_transfer,0
5620,619,2025-10-01,872.09,paid,card,0
5621,619,2025-11-01,872.09,paid,card,0
5622,619,2025-12-01,872.09,paid,bank_transfer,0
5623,619,2026-01-01,872.09,paid,bank_transfer,0
5624,619,2026-02-01,872.09,paid,card,0
5625,619,2026-03-01,872.09,paid,card,0
5626,619,2026-04-01,872.09,paid,card,0
5627,619,2026-05-01,872.09,paid,card,0
5628,619,2026-06-01,872.09,paid,bank_transfer,0
5629,619,2026-07-01,872.09,paid,bank_transfer,0
5630,620,2025-03-01,172.17,paid,bank_transfer,0
5631,620,2025-04-01,172.17,paid,card,0
5632,620,2025-05-01,172.17,paid,card,0
5633,620,2025-06-01,172.17,paid,card,0
5634,620,2025-07-01,172.17,paid,card,0
5635,620,2025-08-01,172.17,paid,upi,0
5636,620,2025-09-01,172.17,paid,card,0
5637,620,2025-10-01,172.17,paid,upi,0
5638,620,2025-11-01,172.17,paid,upi,0
5639,620,2025-12-01,172.17,paid,card,0
5640,620,2026-01-01,172.17,paid,card,0
5641,620,2026-02-01,172.17,paid,bank_transfer,0
5642,620,2026-03-01,172.17,paid,card,0
5643,620,2026-04-01,172.17,paid,card,0
5644,620,2026-05-01,172.17,paid,card,0
5645,620,2026-06-01,172.17,failed,card,1
5646,621,2025-07-01,59.16,paid,upi,0
5647,621,2025-08-01,59.16,paid,card,0
5648,621,2025-09-01,59.16,paid,card,0
5649,621,2025-10-01,59.16,paid,card,0
5650,621,2025-11-01,59.16,paid,card,0
5651,621,2025-12-01,59.16,paid,bank_transfer,0
5652,621,2026-01-01,59.16,paid,card,0
5653,621,2026-02-01,59.16,paid,upi,0
5654,621,2026-03-01,59.16,paid,card,0
5655,621,2026-04-01,59.16,paid,upi,0
5656,621,2026-05-01,59.16,paid,upi,0
5657,621,2026-06-01,59.16,paid,card,0
5658,621,2026-07-01,59.16,paid,card,0
5659,622,2025-08-01,1102.76,paid,card,0
5660,622,2025-09-01,1102.76,paid,card,0
5661,622,2025-10-01,1102.76,paid,upi,0
5662,622,2025-11-01,1102.76,paid,card,0
5663,622,2025-12-01,1102.76,paid,upi,0
5664,622,2026-01-01,1102.76,paid,bank_transfer,0
5665,622,2026-02-01,1102.76,paid,bank_transfer,0
5666,622,2026-03-01,1102.76,paid,card,0
5667,622,2026-04-01,1102.76,paid,card,0
5668,622,2026-05-01,1102.76,paid,card,0
5669,622,2026-06-01,1102.76,paid,card,0
5670,622,2026-07-01,1102.76,paid,card,0
5671,623,2025-07-01,184.3,paid,card,0
5672,623,2025-08-01,184.3,paid,card,0
5673,623,2025-09-01,184.3,paid,upi,0
5674,623,2025-10-01,184.3,paid,card,0
5675,623,2025-11-01,184.3,paid,card,0
5676,623,2025-12-01,184.3,paid,card,0
5677,623,2026-01-01,184.3,paid,bank_transfer,0
5678,623,2026-02-01,184.3,paid,card,0
5679,623,2026-03-01,184.3,paid,card,0
5680,623,2026-04-01,184.3,paid,bank_transfer,0
5681,623,2026-05-01,184.3,paid,card,0
5682,623,2026-06-01,184.3,failed,card,0
5683,623,2026-07-01,184.3,paid,bank_transfer,0
5684,624,2024-12-01,231.25,paid,card,0
5685,624,2025-01-01,231.25,paid,upi,0
5686,624,2025-02-01,231.25,paid,card,0
5687,624,2025-03-01,231.25,paid,card,0
5688,624,2025-04-01,231.25,paid,card,0
5689,624,2025-05-01,231.25,paid,card,0
5690,624,2025-06-01,231.25,paid,bank_transfer,0
5691,624,2025-07-01,231.25,paid,bank_transfer,0
5692,624,2025-08-01,231.25,paid,card,0
5693,624,2025-09-01,231.25,paid,bank_transfer,0
5694,624,2025-10-01,231.25,paid,card,0
5695,624,2025-11-01,231.25,paid,card,0
5696,624,2025-12-01,231.25,paid,card,0
5697,624,2026-01-01,231.25,paid,card,0
5698,624,2026-02-01,231.25,paid,card,0
5699,624,2026-03-01,231.25,paid,card,0
5700,624,2026-04-01,231.25,paid,card,0
5701,624,2026-05-01,231.25,paid,card,0
5702,624,2026-06-01,231.25,paid,card,0
5703,624,2026-07-01,231.25,paid,card,0
5704,625,2024-11-01,50.93,paid,card,0
5705,625,2024-12-01,50.93,paid,card,0
5706,625,2025-01-01,50.93,failed,bank_transfer,0
5707,625,2025-02-01,50.93,paid,bank_transfer,0
5708,626,2025-08-01,785.86,paid,card,0
5709,626,2025-09-01,785.86,paid,card,0
5710,626,2025-10-01,785.86,paid,card,0
5711,626,2025-11-01,785.86,paid,bank_transfer,0
5712,626,2025-12-01,785.86,paid,bank_transfer,0
5713,627,2025-03-01,62.89,paid,card,0
5714,627,2025-04-01,62.89,paid,bank_transfer,0
5715,627,2025-05-01,62.89,paid,card,0
5716,627,2025-06-01,62.89,paid,card,0
5717,627,2025-07-01,62.89,paid,card,0
5718,627,2025-08-01,62.89,paid,card,0
5719,627,2025-09-01,62.89,paid,bank_transfer,0
5720,627,2025-10-01,62.89,paid,card,0
5721,627,2025-11-01,62.89,paid,card,0
5722,627,2025-12-01,62.89,paid,card,0
5723,629,2026-01-01,61.47,paid,card,0
5724,629,2026-02-01,61.47,paid,card,0
5725,629,2026-03-01,61.47,paid,bank_transfer,0
5726,629,2026-04-01,61.47,paid,card,0
5727,629,2026-05-01,61.47,paid,card,0
5728,629,2026-06-01,61.47,paid,card,0
5729,629,2026-07-01,61.47,paid,card,0
5730,629,2026-08-01,61.47,paid,card,0
5731,629,2026-09-01,61.47,paid,bank_transfer,0
5732,629,2026-10-01,61.47,paid,card,0
5733,630,2025-05-01,1138.01,paid,card,0
5734,630,2025-06-01,1138.01,paid,bank_transfer,0
5735,630,2025-07-01,1138.01,paid,card,0
5736,630,2025-08-01,1138.01,paid,bank_transfer,0
5737,630,2025-09-01,1138.01,paid,card,0
5738,630,2025-10-01,1138.01,paid,card,0
5739,630,2025-11-01,1138.01,paid,card,0
5740,630,2025-12-01,1138.01,paid,card,0
5741,630,2026-01-01,1138.01,paid,card,0
5742,630,2026-02-01,1138.01,paid,card,0
5743,630,2026-03-01,1138.01,paid,card,0
5744,630,2026-04-01,1138.01,paid,bank_transfer,0
5745,630,2026-05-01,1138.01,paid,card,0
5746,630,2026-06-01,1138.01,paid,card,0
5747,631,2025-02-01,51.13,paid,card,0
5748,631,2025-03-01,51.13,paid,bank_transfer,0
5749,631,2025-04-01,51.13,paid,upi,0
5750,631,2025-05-01,51.13,paid,bank_transfer,0
5751,631,2025-06-01,51.13,paid,card,0
5752,631,2025-07-01,51.13,paid,card,0
5753,631,2025-08-01,51.13,paid,card,0
5754,631,2025-09-01,51.13,paid,card,0
5755,631,2025-10-01,51.13,paid,bank_transfer,0
5756,631,2025-11-01,51.13,paid,bank_transfer,0
5757,631,2025-12-01,51.13,paid,card,0
5758,634,2027-07-01,43.67,paid,card,0
5759,634,2027-08-01,43.67,paid,card,0
5760,634,2027-09-01,43.67,paid,bank_transfer,0
5761,634,2027-10-01,43.67,paid,card,0
5762,634,2027-11-01,43.67,paid,card,0
5763,634,2027-12-01,43.67,paid,card,0
5764,634,2028-01-01,43.67,paid,upi,0
5765,634,2028-02-01,43.67,paid,card,0
5766,634,2028-03-01,43.67,paid,card,0
5767,634,2028-04-01,43.67,paid,card,0
5768,634,2028-05-01,43.67,paid,card,0
5769,634,2028-06-01,43.67,paid,card,0
5770,634,2028-07-01,43.67,paid,bank_transfer,0
5771,635,2025-03-01,51.63,failed,card,1
5772,635,2025-04-01,51.63,failed,bank_transfer,2
5773,636,2024-10-01,892.23,paid,card,0
5774,636,2024-11-01,892.23,paid,card,0
5775,636,2024-12-01,892.23,paid,bank_transfer,0
5776,636,2025-01-01,892.23,paid,card,0
5777,636,2025-02-01,892.23,paid,card,0
5778,636,2025-03-01,892.23,paid,bank_transfer,0
5779,636,2025-04-01,892.23,paid,card,0
5780,636,2025-05-01,892.23,paid,card,0
5781,636,2025-06-01,892.23,paid,card,0
5782,636,2025-07-01,892.23,paid,card,0
5783,636,2025-08-01,892.23,paid,card,0
5784,636,2025-09-01,892.23,paid,card,0
5785,636,2025-10-01,892.23,paid,card,0
5786,636,2025-11-01,892.23,paid,card,0
5787,636,2025-12-01,892.23,paid,card,0
5788,636,2026-01-01,892.23,paid,bank_transfer,0
5789,636,2026-02-01,892.23,paid,bank_transfer,0
5790,636,2026-03-01,892.23,paid,card,0
5791,636,2026-04-01,892.23,paid,card,0
5792,636,2026-05-01,892.23,paid,upi,0
5793,636,2026-06-01,892.23,paid,card,0
5794,636,2026-07-01,892.23,paid,upi,0
5795,637,2025-09-01,937.43,paid,upi,0
5796,637,2025-10-01,937.43,paid,bank_transfer,0
5797,637,2025-11-01,937.43,paid,bank_transfer,0
5798,637,2025-12-01,937.43,paid,upi,0
5799,637,2026-01-01,937.43,paid,card,0
5800,637,2026-02-01,937.43,paid,card,0
5801,637,2026-03-01,937.43,paid,bank_transfer,0
5802,637,2026-04-01,937.43,paid,card,0
5803,637,2026-05-01,937.43,paid,card,0
5804,637,2026-06-01,937.43,paid,card,0
5805,637,2026-07-01,937.43,paid,upi,0
5806,638,2026-02-01,1164.51,paid,bank_transfer,0
5807,638,2026-03-01,1164.51,paid,card,0
5808,638,2026-04-01,1164.51,paid,card,0
5809,638,2026-05-01,1164.51,paid,card,0
5810,638,2026-06-01,1164.51,paid,upi,0
5811,638,2026-07-01,1164.51,paid,bank_transfer,0
5812,639,2025-09-01,52.53,paid,upi,0
5813,639,2025-10-01,52.53,paid,card,0
5814,640,2025-04-01,180.34,paid,upi,0
5815,640,2025-05-01,180.34,paid,card,0
5816,640,2025-06-01,180.34,paid,card,0
5817,640,2025-07-01,180.34,paid,card,0
5818,640,2025-08-01,180.34,paid,upi,0
5819,640,2025-09-01,180.34,paid,bank_transfer,0
5820,640,2025-10-01,180.34,paid,card,0
5821,640,2025-11-01,180.34,paid,card,0
5822,640,2025-12-01,180.34,paid,card,0
5823,640,2026-01-01,180.34,paid,card,0
5824,640,2026-02-01,180.34,paid,bank_transfer,0
5825,640,2026-03-01,180.34,paid,card,0
5826,640,2026-04-01,180.34,paid,card,0
5827,640,2026-05-01,180.34,paid,card,0
5828,640,2026-06-01,180.34,paid,card,0
5829,640,2026-07-01,180.34,paid,upi,0
5830,641,2025-05-01,48.69,paid,card,0
5831,641,2025-06-01,48.69,paid,card,0
5832,641,2025-07-01,48.69,paid,card,0
5833,641,2025-08-01,48.69,paid,card,0
5834,641,2025-09-01,48.69,paid,card,0
5835,641,2025-10-01,48.69,paid,upi,0
5836,641,2025-11-01,48.69,paid,bank_transfer,0
5837,641,2025-12-01,48.69,paid,bank_transfer,0
5838,641,2026-01-01,48.69,paid,card,0
5839,641,2026-02-01,48.69,paid,card,0
5840,641,2026-03-01,48.69,paid,card,0
5841,641,2026-04-01,48.69,paid,bank_transfer,0
5842,641,2026-05-01,48.69,paid,card,0
5843,641,2026-06-01,48.69,paid,card,0
5844,641,2026-07-01,48.69,paid,card,0
5845,642,2026-04-01,217.71,paid,card,0
5846,642,2026-05-01,217.71,paid,card,0
5847,642,2026-06-01,217.71,paid,bank_transfer,0
5848,642,2026-07-01,217.71,paid,card,0
5849,643,2024-12-01,53.74,paid,card,0
5850,643,2025-01-01,53.74,paid,bank_transfer,0
5851,643,2025-02-01,53.74,paid,bank_transfer,0
5852,643,2025-03-01,53.74,paid,card,0
5853,643,2025-04-01,53.74,paid,upi,0
5854,643,2025-05-01,53.74,paid,card,0
5855,643,2025-06-01,53.74,paid,bank_transfer,0
5856,643,2025-07-01,53.74,paid,card,0
5857,643,2025-08-01,53.74,paid,upi,0
5858,643,2025-09-01,53.74,paid,bank_transfer,0
5859,643,2025-10-01,53.74,paid,card,0
5860,643,2025-11-01,53.74,paid,card,0
5861,643,2025-12-01,53.74,paid,card,0
5862,644,2025-09-01,214.29,paid,bank_transfer,0
5863,644,2025-10-01,214.29,paid,card,0
5864,644,2025-11-01,214.29,paid,card,0
5865,644,2025-12-01,214.29,paid,bank_transfer,0
5866,644,2026-01-01,214.29,paid,card,0
5867,644,2026-02-01,214.29,paid,upi,0
5868,644,2026-03-01,214.29,paid,bank_transfer,0
5869,644,2026-04-01,214.29,paid,card,0
5870,644,2026-05-01,214.29,paid,bank_transfer,0
5871,644,2026-06-01,214.29,paid,bank_transfer,0
5872,644,2026-07-01,214.29,paid,bank_transfer,0
5873,645,2025-08-01,198.75,paid,card,0
5874,645,2025-09-01,198.75,paid,card,0
5875,645,2025-10-01,198.75,paid,bank_transfer,0
5876,645,2025-11-01,198.75,paid,card,0
5877,645,2025-12-01,198.75,paid,bank_transfer,0
5878,645,2026-01-01,198.75,paid,card,0
5879,646,2025-03-01,48.09,paid,upi,0
5880,647,2024-12-01,49.33,paid,card,0
5881,647,2025-01-01,49.33,paid,bank_transfer,0
5882,647,2025-02-01,49.33,paid,card,0
5883,647,2025-03-01,49.33,paid,card,0
5884,647,2025-04-01,49.33,paid,card,0
5885,647,2025-05-01,49.33,failed,card,0
5886,647,2025-06-01,49.33,paid,card,0
5887,647,2025-07-01,49.33,paid,card,0
5888,647,2025-08-01,49.33,paid,card,0
5889,647,2025-09-01,49.33,paid,card,0
5890,647,2025-10-01,49.33,paid,card,0
5891,647,2025-11-01,49.33,paid,card,0
5892,647,2025-12-01,49.33,paid,card,0
5893,647,2026-01-01,49.33,paid,upi,0
5894,647,2026-02-01,49.33,paid,card,0
5895,647,2026-03-01,49.33,paid,card,0
5896,647,2026-04-01,49.33,paid,bank_transfer,0
5897,647,2026-05-01,49.33,paid,card,0
5898,647,2026-06-01,49.33,paid,bank_transfer,0
5899,647,2026-07-01,49.33,paid,bank_transfer,0
5900,648,2026-02-01,59.74,paid,card,0
5901,648,2026-03-01,59.74,paid,bank_transfer,0
5902,648,2026-04-01,59.74,paid,card,0
5903,649,2026-02-01,56.97,paid,card,0
5904,649,2026-03-01,56.97,paid,card,0
5905,649,2026-04-01,56.97,paid,card,0
5906,649,2026-05-01,56.97,paid,card,0
5907,649,2026-06-01,56.97,paid,card,0
5908,649,2026-07-01,56.97,paid,card,0
5909,650,2025-06-01,230.27,paid,bank_transfer,0
5910,650,2025-07-01,230.27,paid,bank_transfer,0
5911,650,2025-08-01,230.27,paid,card,0
5912,650,2025-09-01,230.27,paid,card,0
5913,650,2025-10-01,230.27,paid,upi,0
5914,650,2025-11-01,230.27,paid,card,0
5915,650,2025-12-01,230.27,paid,card,0
5916,650,2026-01-01,230.27,paid,card,0
5917,650,2026-02-01,230.27,paid,card,0
5918,650,2026-03-01,230.27,paid,card,0
5919,650,2026-04-01,230.27,paid,card,0
5920,650,2026-05-01,230.27,paid,card,0
5921,650,2026-06-01,230.27,paid,bank_transfer,0
5922,650,2026-07-01,230.27,paid,upi,0
5923,652,2026-07-01,50.74,paid,card,0
5924,652,2026-08-01,50.74,paid,card,0
5925,652,2026-09-01,50.74,paid,card,0
5926,652,2026-10-01,50.74,paid,card,0
5927,652,2026-11-01,50.74,paid,upi,0
5928,652,2026-12-01,50.74,paid,card,0
5929,652,2027-01-01,50.74,paid,card,0
5930,652,2027-02-01,50.74,paid,card,0
5931,652,2027-03-01,50.74,paid,card,0
5932,652,2027-04-01,50.74,paid,card,0
5933,652,2027-05-01,50.74,paid,card,0
5934,652,2027-06-01,50.74,paid,card,0
5935,652,2027-07-01,50.74,paid,card,0
5936,653,2025-10-01,57.34,paid,card,0
5937,653,2025-11-01,57.34,paid,bank_transfer,0
5938,653,2025-12-01,57.34,paid,card,0
5939,653,2026-01-01,57.34,paid,card,0
5940,653,2026-02-01,57.34,paid,card,0
5941,653,2026-03-01,57.34,paid,bank_transfer,0
5942,653,2026-04-01,57.34,paid,card,0
5943,653,2026-05-01,57.34,paid,card,0
5944,653,2026-06-01,57.34,paid,upi,0
5945,653,2026-07-01,57.34,paid,card,0
5946,654,2025-09-01,46.45,paid,card,0
5947,654,2025-10-01,46.45,paid,upi,0
5948,654,2025-11-01,46.45,paid,card,0
5949,654,2025-12-01,46.45,paid,card,0
5950,654,2026-01-01,46.45,paid,card,0
5951,654,2026-02-01,46.45,paid,bank_transfer,0
5952,654,2026-03-01,46.45,paid,upi,0
5953,654,2026-04-01,46.45,paid,card,0
5954,654,2026-05-01,46.45,paid,card,0
5955,654,2026-06-01,46.45,paid,bank_transfer,0
5956,654,2026-07-01,46.45,paid,upi,0
5957,655,2025-11-01,48.37,paid,card,0
5958,655,2025-12-01,48.37,paid,card,0
5959,655,2026-01-01,48.37,paid,card,0
5960,655,2026-02-01,48.37,paid,card,0
5961,655,2026-03-01,48.37,paid,bank_transfer,0
5962,655,2026-04-01,48.37,paid,card,0
5963,655,2026-05-01,48.37,paid,bank_transfer,0
5964,655,2026-06-01,48.37,paid,card,0
5965,655,2026-07-01,48.37,paid,card,0
5966,656,2025-03-01,61.99,paid,card,0
5967,656,2025-04-01,61.99,paid,card,0
5968,656,2025-05-01,61.99,paid,bank_transfer,0
5969,656,2025-06-01,61.99,paid,bank_transfer,0
5970,656,2025-07-01,61.99,paid,card,0
5971,656,2025-08-01,61.99,paid,card,0
5972,656,2025-09-01,61.99,paid,card,0
5973,656,2025-10-01,61.99,paid,card,0
5974,656,2025-11-01,61.99,paid,card,0
5975,656,2025-12-01,61.99,paid,card,0
5976,656,2026-01-01,61.99,failed,card,2
5977,656,2026-02-01,61.99,paid,card,0
5978,656,2026-03-01,61.99,paid,card,0
5979,656,2026-04-01,61.99,paid,bank_transfer,0
5980,656,2026-05-01,61.99,paid,card,0
5981,656,2026-06-01,61.99,paid,card,0
5982,656,2026-07-01,61.99,paid,bank_transfer,0
5983,657,2025-10-01,59.84,paid,card,0
5984,657,2025-11-01,59.84,paid,card,0
5985,657,2025-12-01,59.84,paid,upi,0
5986,657,2026-01-01,59.84,paid,upi,0
5987,657,2026-02-01,59.84,paid,bank_transfer,0
5988,657,2026-03-01,59.84,paid,upi,0
5989,657,2026-04-01,59.84,paid,card,0
5990,657,2026-05-01,59.84,paid,card,0
5991,657,2026-06-01,59.84,paid,card,0
5992,657,2026-07-01,59.84,paid,card,0
5993,658,2025-01-01,1155.69,paid,card,0
5994,658,2025-02-01,1155.69,paid,card,0
5995,658,2025-03-01,1155.69,paid,card,0
5996,658,2025-04-01,1155.69,paid,bank_transfer,0
5997,658,2025-05-01,1155.69,paid,card,0
5998,658,2025-06-01,1155.69,paid,bank_transfer,0
5999,658,2025-07-01,1155.69,paid,card,0
6000,658,2025-08-01,1155.69,paid,card,0
6001,658,2025-09-01,1155.69,paid,upi,0
6002,658,2025-10-01,1155.69,paid,card,0
6003,658,2025-11-01,1155.69,paid,card,0
6004,658,2025-12-01,1155.69,paid,card,0
6005,658,2026-01-01,1155.69,paid,card,0
6006,658,2026-02-01,1155.69,paid,bank_transfer,0
6007,658,2026-03-01,1155.69,paid,bank_transfer,0
6008,658,2026-04-01,1155.69,paid,card,0
6009,658,2026-05-01,1155.69,paid,card,0
6010,658,2026-06-01,1155.69,paid,card,0
6011,658,2026-07-01,1155.69,paid,upi,0
6012,659,2025-11-01,54.72,paid,card,0
6013,659,2025-12-01,54.72,paid,card,0
6014,659,2026-01-01,54.72,paid,card,0
6015,659,2026-02-01,54.72,paid,card,0
6016,659,2026-03-01,54.72,paid,card,0
6017,659,2026-04-01,54.72,paid,card,0
6018,659,2026-05-01,54.72,paid,bank_transfer,0
6019,659,2026-06-01,54.72,paid,card,0
6020,659,2026-07-01,54.72,paid,card,0
6021,660,2025-03-01,204.81,paid,card,0
6022,660,2025-04-01,204.81,paid,card,0
6023,660,2025-05-01,204.81,paid,upi,0
6024,660,2025-06-01,204.81,paid,card,0
6025,660,2025-07-01,204.81,paid,card,0
6026,660,2025-08-01,204.81,paid,card,0
6027,660,2025-09-01,204.81,paid,card,0
6028,660,2025-10-01,204.81,paid,card,0
6029,660,2025-11-01,204.81,paid,card,0
6030,660,2025-12-01,204.81,paid,card,0
6031,660,2026-01-01,204.81,paid,card,0
6032,660,2026-02-01,204.81,paid,card,0
6033,660,2026-03-01,204.81,paid,card,0
6034,660,2026-04-01,204.81,paid,card,0
6035,660,2026-05-01,204.81,paid,card,0
6036,660,2026-06-01,204.81,paid,card,0
6037,660,2026-07-01,204.81,paid,card,0
6038,661,2025-11-01,63.24,paid,upi,0
6039,661,2025-12-01,63.24,paid,bank_transfer,0
6040,661,2026-01-01,63.24,paid,bank_transfer,0
6041,661,2026-02-01,63.24,paid,upi,0
6042,661,2026-03-01,63.24,paid,card,0
6043,661,2026-04-01,63.24,paid,card,0
6044,661,2026-05-01,63.24,paid,upi,0
6045,661,2026-06-01,63.24,paid,card,0
6046,661,2026-07-01,63.24,paid,card,0
6047,663,2026-08-01,194.71,paid,card,0
6048,663,2026-09-01,194.71,paid,card,0
6049,663,2026-10-01,194.71,paid,upi,0
6050,663,2026-11-01,194.71,paid,card,0
6051,663,2026-12-01,194.71,paid,card,0
6052,664,2024-12-01,202.37,paid,card,0
6053,664,2025-01-01,202.37,paid,bank_transfer,0
6054,664,2025-02-01,202.37,paid,card,0
6055,664,2025-03-01,202.37,paid,card,0
6056,664,2025-04-01,202.37,paid,card,0
6057,664,2025-05-01,202.37,paid,card,0
6058,664,2025-06-01,202.37,paid,bank_transfer,0
6059,664,2025-07-01,202.37,failed,bank_transfer,3
6060,664,2025-08-01,202.37,paid,card,0
6061,664,2025-09-01,202.37,paid,card,0
6062,664,2025-10-01,202.37,paid,card,0
6063,664,2025-11-01,202.37,paid,card,0
6064,664,2025-12-01,202.37,paid,card,0
6065,664,2026-01-01,202.37,paid,upi,0
6066,664,2026-02-01,202.37,paid,bank_transfer,0
6067,664,2026-03-01,202.37,paid,upi,0
6068,664,2026-04-01,202.37,paid,upi,0
6069,664,2026-05-01,202.37,paid,card,0
6070,665,2025-02-01,56.21,paid,card,0
6071,665,2025-03-01,56.21,paid,card,0
6072,665,2025-04-01,56.21,paid,bank_transfer,0
6073,665,2025-05-01,56.21,paid,card,0
6074,665,2025-06-01,56.21,paid,card,0
6075,665,2025-07-01,56.21,paid,card,0
6076,665,2025-08-01,56.21,paid,card,0
6077,665,2025-09-01,56.21,paid,card,0
6078,665,2025-10-01,56.21,paid,bank_transfer,0
6079,666,2025-05-01,223.33,paid,bank_transfer,0
6080,666,2025-06-01,223.33,paid,bank_transfer,0
6081,666,2025-07-01,223.33,paid,bank_transfer,0
6082,666,2025-08-01,223.33,paid,bank_transfer,0
6083,666,2025-09-01,223.33,paid,card,0
6084,666,2025-10-01,223.33,paid,card,0
6085,666,2025-11-01,223.33,paid,bank_transfer,0
6086,666,2025-12-01,223.33,paid,upi,0
6087,666,2026-01-01,223.33,paid,card,0
6088,666,2026-02-01,223.33,paid,card,0
6089,666,2026-03-01,223.33,paid,bank_transfer,0
6090,666,2026-04-01,223.33,paid,bank_transfer,0
6091,666,2026-05-01,223.33,paid,card,0
6092,666,2026-06-01,223.33,paid,card,0
6093,666,2026-07-01,223.33,paid,bank_transfer,0
6094,667,2025-02-01,56.27,paid,card,0
6095,667,2025-03-01,56.27,paid,card,0
6096,667,2025-04-01,56.27,paid,upi,0
6097,667,2025-05-01,56.27,paid,card,0
6098,667,2025-06-01,56.27,paid,card,0
6099,667,2025-07-01,56.27,paid,upi,0
6100,667,2025-08-01,56.27,paid,card,0
6101,667,2025-09-01,56.27,paid,card,0
6102,667,2025-10-01,56.27,paid,card,0
6103,667,2025-11-01,56.27,paid,card,0
6104,667,2025-12-01,56.27,paid,card,0
6105,667,2026-01-01,56.27,failed,card,3
6106,667,2026-02-01,56.27,failed,card,1
6107,668,2024-12-01,199.9,paid,bank_transfer,0
6108,668,2025-01-01,199.9,paid,bank_transfer,0
6109,668,2025-02-01,199.9,paid,card,0
6110,669,2025-03-01,1028.92,paid,card,0
6111,669,2025-04-01,1028.92,paid,bank_transfer,0
6112,669,2025-05-01,1028.92,paid,upi,0
6113,669,2025-06-01,1028.92,paid,card,0
6114,669,2025-07-01,1028.92,paid,card,0
6115,669,2025-08-01,1028.92,paid,upi,0
6116,669,2025-09-01,1028.92,paid,card,0
6117,669,2025-10-01,1028.92,paid,upi,0
6118,669,2025-11-01,1028.92,paid,bank_transfer,0
6119,669,2025-12-01,1028.92,paid,bank_transfer,0
6120,669,2026-01-01,1028.92,paid,card,0
6121,669,2026-02-01,1028.92,paid,card,0
6122,669,2026-03-01,1028.92,paid,card,0
6123,669,2026-04-01,1028.92,paid,bank_transfer,0
6124,669,2026-05-01,1028.92,paid,bank_transfer,0
6125,669,2026-06-01,1028.92,paid,card,0
6126,669,2026-07-01,1028.92,paid,bank_transfer,0
6127,670,2025-03-01,178.97,paid,card,0
6128,670,2025-04-01,178.97,paid,card,0
6129,670,2025-05-01,178.97,paid,card,0
6130,670,2025-06-01,178.97,paid,bank_transfer,0
6131,670,2025-07-01,178.97,paid,card,0
6132,670,2025-08-01,178.97,paid,card,0
6133,670,2025-09-01,178.97,paid,card,0
6134,670,2025-10-01,178.97,paid,bank_transfer,0
6135,670,2025-11-01,178.97,paid,card,0
6136,670,2025-12-01,178.97,paid,bank_transfer,0
6137,670,2026-01-01,178.97,paid,card,0
6138,670,2026-02-01,178.97,paid,bank_transfer,0
6139,670,2026-03-01,178.97,paid,card,0
6140,670,2026-04-01,178.97,paid,card,0
6141,670,2026-05-01,178.97,failed,card,3
6142,670,2026-06-01,178.97,paid,bank_transfer,0
6143,670,2026-07-01,178.97,paid,bank_transfer,0
6144,672,2025-05-01,59.61,paid,bank_transfer,0
6145,672,2025-06-01,59.61,paid,bank_transfer,0
6146,672,2025-07-01,59.61,paid,upi,0
6147,672,2025-08-01,59.61,paid,card,0
6148,672,2025-09-01,59.61,paid,card,0
6149,672,2025-10-01,59.61,paid,card,0
6150,672,2025-11-01,59.61,paid,bank_transfer,0
6151,672,2025-12-01,59.61,paid,bank_transfer,0
6152,672,2026-01-01,59.61,paid,upi,0
6153,672,2026-02-01,59.61,paid,card,0
6154,672,2026-03-01,59.61,paid,card,0
6155,672,2026-04-01,59.61,paid,card,0
6156,672,2026-05-01,59.61,paid,card,0
6157,672,2026-06-01,59.61,paid,card,0
6158,672,2026-07-01,59.61,paid,bank_transfer,0
6159,672,2026-08-01,59.61,paid,card,0
6160,672,2026-09-01,59.61,paid,card,0
6161,672,2026-10-01,59.61,paid,card,0
6162,673,2025-06-01,1069.54,paid,bank_transfer,0
6163,673,2025-07-01,1069.54,paid,card,0
6164,673,2025-08-01,1069.54,paid,card,0
6165,673,2025-09-01,1069.54,paid,card,0
6166,673,2025-10-01,1069.54,failed,card,1
6167,673,2025-11-01,1069.54,paid,bank_transfer,0
6168,673,2025-12-01,1069.54,paid,card,0
6169,673,2026-01-01,1069.54,paid,card,0
6170,673,2026-02-01,1069.54,paid,upi,0
6171,673,2026-03-01,1069.54,paid,card,0
6172,673,2026-04-01,1069.54,paid,card,0
6173,673,2026-05-01,1069.54,paid,card,0
6174,673,2026-06-01,1069.54,paid,card,0
6175,673,2026-07-01,1069.54,paid,bank_transfer,0
6176,674,2025-06-01,901.78,paid,bank_transfer,0
6177,674,2025-07-01,901.78,paid,card,0
6178,674,2025-08-01,901.78,paid,upi,0
6179,674,2025-09-01,901.78,paid,card,0
6180,674,2025-10-01,901.78,paid,card,0
6181,675,2025-07-01,48.19,paid,card,0
6182,675,2025-08-01,48.19,paid,card,0
6183,675,2025-09-01,48.19,paid,bank_transfer,0
6184,675,2025-10-01,48.19,paid,bank_transfer,0
6185,675,2025-11-01,48.19,paid,card,0
6186,675,2025-12-01,48.19,paid,upi,0
6187,675,2026-01-01,48.19,paid,upi,0
6188,675,2026-02-01,48.19,paid,upi,0
6189,675,2026-03-01,48.19,paid,bank_transfer,0
6190,675,2026-04-01,48.19,paid,bank_transfer,0
6191,675,2026-05-01,48.19,paid,card,0
6192,675,2026-06-01,48.19,paid,bank_transfer,0
6193,675,2026-07-01,48.19,paid,card,0
6194,676,2025-08-01,219.54,paid,card,0
6195,676,2025-09-01,219.54,paid,upi,0
6196,676,2025-10-01,219.54,paid,card,0
6197,676,2025-11-01,219.54,paid,card,0
6198,676,2025-12-01,219.54,paid,card,0
6199,676,2026-01-01,219.54,paid,bank_transfer,0
6200,676,2026-02-01,219.54,paid,card,0
6201,676,2026-03-01,219.54,paid,card,0
6202,676,2026-04-01,219.54,paid,card,0
6203,676,2026-05-01,219.54,paid,card,0
6204,676,2026-06-01,219.54,paid,bank_transfer,0
6205,676,2026-07-01,219.54,paid,bank_transfer,0
6206,679,2027-02-01,184.06,paid,card,0
6207,679,2027-03-01,184.06,paid,card,0
6208,679,2027-04-01,184.06,paid,card,0
6209,679,2027-05-01,184.06,paid,card,0
6210,679,2027-06-01,184.06,paid,card,0
6211,679,2027-07-01,184.06,paid,bank_transfer,0
6212,679,2027-08-01,184.06,paid,upi,0
6213,679,2027-09-01,184.06,paid,card,0
6214,679,2027-10-01,184.06,paid,card,0
6215,679,2027-11-01,184.06,paid,bank_transfer,0
6216,679,2027-12-01,184.06,paid,card,0
6217,679,2028-01-01,184.06,paid,card,0
6218,679,2028-02-01,184.06,paid,card,0
6219,679,2028-03-01,184.06,paid,upi,0
6220,679,2028-04-01,184.06,paid,card,0
6221,680,2025-05-01,817.95,paid,bank_transfer,0
6222,680,2025-06-01,817.95,failed,upi,0
6223,680,2025-07-01,817.95,paid,card,0
6224,680,2025-08-01,817.95,failed,card,1
6225,680,2025-09-01,817.95,paid,card,0
6226,680,2025-10-01,817.95,paid,card,0
6227,680,2025-11-01,817.95,paid,bank_transfer,0
6228,680,2025-12-01,817.95,paid,bank_transfer,0
6229,680,2026-01-01,817.95,paid,bank_transfer,0
6230,680,2026-02-01,817.95,paid,bank_transfer,0
6231,680,2026-03-01,817.95,paid,card,0
6232,680,2026-04-01,817.95,paid,card,0
6233,680,2026-05-01,817.95,paid,card,0
6234,680,2026-06-01,817.95,failed,card,1
6235,680,2026-07-01,817.95,paid,card,0
6236,681,2025-09-01,62.66,paid,card,0
6237,681,2025-10-01,62.66,paid,card,0
6238,681,2025-11-01,62.66,paid,card,0
6239,681,2025-12-01,62.66,paid,card,0
6240,681,2026-01-01,62.66,paid,card,0
6241,681,2026-02-01,62.66,paid,card,0
6242,681,2026-03-01,62.66,paid,card,0
6243,681,2026-04-01,62.66,paid,upi,0
6244,681,2026-05-01,62.66,paid,upi,0
6245,681,2026-06-01,62.66,paid,bank_transfer,0
6246,681,2026-07-01,62.66,paid,bank_transfer,0
6247,682,2025-11-01,47.55,paid,upi,0
6248,682,2025-12-01,47.55,paid,card,0
6249,682,2026-01-01,47.55,paid,bank_transfer,0
6250,682,2026-02-01,47.55,paid,card,0
6251,682,2026-03-01,47.55,paid,card,0
6252,682,2026-04-01,47.55,paid,bank_transfer,0
6253,682,2026-05-01,47.55,paid,card,0
6254,682,2026-06-01,47.55,paid,bank_transfer,0
6255,682,2026-07-01,47.55,paid,bank_transfer,0
6256,683,2025-12-01,56.07,paid,bank_transfer,0
6257,683,2026-01-01,56.07,paid,upi,0
6258,683,2026-02-01,56.07,paid,card,0
6259,683,2026-03-01,56.07,paid,card,0
6260,683,2026-04-01,56.07,paid,card,0
6261,683,2026-05-01,56.07,paid,card,0
6262,683,2026-06-01,56.07,paid,card,0
6263,683,2026-07-01,56.07,paid,card,0
6264,684,2025-04-01,799.14,paid,upi,0
6265,684,2025-05-01,799.14,paid,bank_transfer,0
6266,685,2026-03-01,55.83,paid,card,0
6267,685,2026-04-01,55.83,paid,bank_transfer,0
6268,685,2026-05-01,55.83,paid,upi,0
6269,685,2026-06-01,55.83,paid,bank_transfer,0
6270,685,2026-07-01,55.83,paid,card,0
6271,686,2025-04-01,63.7,paid,bank_transfer,0
6272,686,2025-05-01,63.7,paid,card,0
6273,686,2025-06-01,63.7,paid,card,0
6274,686,2025-07-01,63.7,paid,card,0
6275,686,2025-08-01,63.7,paid,bank_transfer,0
6276,686,2025-09-01,63.7,paid,card,0
6277,686,2025-10-01,63.7,paid,card,0
6278,686,2025-11-01,63.7,paid,upi,0
6279,686,2025-12-01,63.7,paid,card,0
6280,686,2026-01-01,63.7,paid,card,0
6281,686,2026-02-01,63.7,paid,upi,0
6282,686,2026-03-01,63.7,paid,card,0
6283,686,2026-04-01,63.7,paid,card,0
6284,686,2026-05-01,63.7,paid,bank_transfer,0
6285,686,2026-06-01,63.7,paid,card,0
6286,686,2026-07-01,63.7,paid,card,0
6287,687,2025-04-01,206.38,paid,bank_transfer,0
6288,687,2025-05-01,206.38,paid,card,0
6289,687,2025-06-01,206.38,paid,card,0
6290,687,2025-07-01,206.38,paid,card,0
6291,687,2025-08-01,206.38,paid,card,0
6292,687,2025-09-01,206.38,paid,card,0
6293,687,2025-10-01,206.38,paid,card,0
6294,687,2025-11-01,206.38,paid,card,0
6295,687,2025-12-01,206.38,paid,card,0
6296,687,2026-01-01,206.38,paid,card,0
6297,687,2026-02-01,206.38,paid,card,0
6298,687,2026-03-01,206.38,paid,card,0
6299,687,2026-04-01,206.38,paid,card,0
6300,687,2026-05-01,206.38,paid,card,0
6301,687,2026-06-01,206.38,paid,bank_transfer,0
6302,687,2026-07-01,206.38,failed,card,0
6303,688,2025-09-01,193.67,paid,card,0
6304,688,2025-10-01,193.67,paid,card,0
6305,688,2025-11-01,193.67,paid,card,0
6306,688,2025-12-01,193.67,paid,card,0
6307,688,2026-01-01,193.67,paid,card,0
6308,688,2026-02-01,193.67,paid,card,0
6309,688,2026-03-01,193.67,paid,card,0
6310,688,2026-04-01,193.67,paid,card,0
6311,688,2026-05-01,193.67,paid,bank_transfer,0
6312,688,2026-06-01,193.67,paid,card,0
6313,688,2026-07-01,193.67,paid,card,0
6314,689,2025-10-01,59.16,paid,card,0
6315,689,2025-11-01,59.16,paid,upi,0
6316,690,2025-10-01,49.56,paid,upi,0
6317,690,2025-11-01,49.56,paid,card,0
6318,690,2025-12-01,49.56,paid,bank_transfer,0
6319,690,2026-01-01,49.56,paid,card,0
6320,690,2026-02-01,49.56,failed,card,1
6321,690,2026-03-01,49.56,paid,card,0
6322,691,2025-01-01,206.54,paid,card,0
6323,691,2025-02-01,206.54,paid,card,0
6324,691,2025-03-01,206.54,paid,card,0
6325,691,2025-04-01,206.54,paid,bank_transfer,0
6326,691,2025-05-01,206.54,paid,card,0
6327,691,2025-06-01,206.54,paid,card,0
6328,691,2025-07-01,206.54,paid,card,0
6329,691,2025-08-01,206.54,paid,upi,0
6330,691,2025-09-01,206.54,paid,card,0
6331,691,2025-10-01,206.54,paid,card,0
6332,691,2025-11-01,206.54,paid,card,0
6333,691,2025-12-01,206.54,paid,bank_transfer,0
6334,691,2026-01-01,206.54,paid,card,0
6335,691,2026-02-01,206.54,paid,bank_transfer,0
6336,691,2026-03-01,206.54,paid,upi,0
6337,691,2026-04-01,206.54,paid,card,0
6338,691,2026-05-01,206.54,paid,card,0
6339,691,2026-06-01,206.54,paid,card,0
6340,691,2026-07-01,206.54,paid,card,0
6341,693,2026-02-01,254.84,paid,card,0
6342,693,2026-03-01,254.84,paid,bank_transfer,0
6343,693,2026-04-01,254.84,paid,card,0
6344,693,2026-05-01,254.84,paid,bank_transfer,0
6345,693,2026-06-01,254.84,paid,card,0
6346,693,2026-07-01,254.84,paid,bank_transfer,0
6347,693,2026-08-01,254.84,paid,upi,0
6348,693,2026-09-01,254.84,paid,card,0
6349,693,2026-10-01,254.84,paid,upi,0
6350,693,2026-11-01,254.84,paid,card,0
6351,693,2026-12-01,254.84,paid,upi,0
6352,693,2027-01-01,254.84,paid,bank_transfer,0
6353,693,2027-02-01,254.84,paid,card,0
6354,693,2027-03-01,254.84,paid,card,0
6355,693,2027-04-01,254.84,paid,upi,0
6356,693,2027-05-01,254.84,paid,card,0
6357,693,2027-06-01,254.84,paid,card,0
6358,693,2027-07-01,254.84,paid,bank_transfer,0
6359,694,2025-07-01,62.51,paid,card,0
6360,694,2025-08-01,62.51,paid,card,0
6361,694,2025-09-01,62.51,paid,card,0
6362,694,2025-10-01,62.51,paid,card,0
6363,694,2025-11-01,62.51,paid,card,0
6364,694,2025-12-01,62.51,paid,upi,0
6365,694,2026-01-01,62.51,paid,card,0
6366,694,2026-02-01,62.51,paid,card,0
6367,694,2026-03-01,62.51,paid,card,0
6368,694,2026-04-01,62.51,paid,card,0
6369,694,2026-05-01,62.51,paid,card,0
6370,694,2026-06-01,62.51,paid,card,0
6371,694,2026-07-01,62.51,paid,upi,0
6372,695,2025-07-01,45.97,paid,card,0
6373,695,2025-08-01,45.97,paid,card,0
6374,695,2025-09-01,45.97,paid,card,0
6375,695,2025-10-01,45.97,paid,card,0
6376,695,2025-11-01,45.97,paid,bank_transfer,0
6377,695,2025-12-01,45.97,paid,upi,0
6378,695,2026-01-01,45.97,paid,card,0
6379,695,2026-02-01,45.97,paid,bank_transfer,0
6380,695,2026-03-01,45.97,paid,card,0
6381,695,2026-04-01,45.97,paid,card,0
6382,695,2026-05-01,45.97,paid,card,0
6383,695,2026-06-01,45.97,paid,bank_transfer,0
6384,695,2026-07-01,45.97,paid,card,0
6385,696,2025-03-01,58.86,paid,bank_transfer,0
6386,696,2025-04-01,58.86,paid,card,0
6387,696,2025-05-01,58.86,paid,card,0
6388,696,2025-06-01,58.86,paid,card,0
6389,696,2025-07-01,58.86,paid,card,0
6390,696,2025-08-01,58.86,paid,bank_transfer,0
6391,696,2025-09-01,58.86,paid,upi,0
6392,696,2025-10-01,58.86,paid,upi,0
6393,696,2025-11-01,58.86,paid,card,0
6394,696,2025-12-01,58.86,paid,upi,0
6395,696,2026-01-01,58.86,paid,bank_transfer,0
6396,696,2026-02-01,58.86,paid,bank_transfer,0
6397,696,2026-03-01,58.86,paid,upi,0
6398,696,2026-04-01,58.86,paid,card,0
6399,696,2026-05-01,58.86,paid,card,0
6400,696,2026-06-01,58.86,paid,card,0
6401,696,2026-07-01,58.86,paid,card,0
6402,697,2026-01-01,172.03,paid,card,0
6403,697,2026-02-01,172.03,paid,card,0
6404,697,2026-03-01,172.03,paid,bank_transfer,0
6405,697,2026-04-01,172.03,paid,card,0
6406,697,2026-05-01,172.03,paid,bank_transfer,0
6407,697,2026-06-01,172.03,paid,card,0
6408,697,2026-07-01,172.03,paid,card,0
6409,698,2025-11-01,45.33,paid,card,0
6410,698,2025-12-01,45.33,paid,card,0
6411,698,2026-01-01,45.33,paid,upi,0
6412,698,2026-02-01,45.33,paid,bank_transfer,0
6413,699,2025-08-01,47.86,paid,card,0
6414,699,2025-09-01,47.86,paid,card,0
6415,699,2025-10-01,47.86,paid,card,0
6416,699,2025-11-01,47.86,paid,card,0
6417,699,2025-12-01,47.86,paid,upi,0
6418,699,2026-01-01,47.86,paid,card,0
6419,699,2026-02-01,47.86,paid,card,0
6420,699,2026-03-01,47.86,paid,card,0
6421,699,2026-04-01,47.86,paid,card,0
6422,699,2026-05-01,47.86,paid,bank_transfer,0
6423,699,2026-06-01,47.86,paid,card,0
6424,699,2026-07-01,47.86,paid,bank_transfer,0
6425,700,2025-02-01,49.96,paid,card,0
6426,700,2025-03-01,49.96,paid,upi,0
6427,700,2025-04-01,49.96,paid,card,0
6428,700,2025-05-01,49.96,paid,bank_transfer,0
6429,700,2025-06-01,49.96,paid,card,0
6430,700,2025-07-01,49.96,paid,bank_transfer,0
6431,700,2025-08-01,49.96,paid,card,0
6432,700,2025-09-01,49.96,paid,card,0
6433,700,2025-10-01,49.96,paid,card,0
6434,700,2025-11-01,49.96,paid,card,0
6435,700,2025-12-01,49.96,paid,card,0
6436,700,2026-01-01,49.96,paid,bank_transfer,0
6437,700,2026-02-01,49.96,paid,card,0
6438,701,2025-03-01,47.82,paid,card,0
6439,701,2025-04-01,47.82,paid,card,0
6440,702,2024-12-01,47.41,paid,card,0
6441,702,2025-01-01,47.41,paid,bank_transfer,0
6442,702,2025-02-01,47.41,failed,upi,4
6443,702,2025-03-01,47.41,paid,card,0
6444,702,2025-04-01,47.41,failed,card,0
6445,702,2025-05-01,47.41,paid,upi,0
6446,702,2025-06-01,47.41,paid,card,0
6447,702,2025-07-01,47.41,failed,card,1
6448,702,2025-08-01,47.41,paid,card,0
6449,702,2025-09-01,47.41,paid,upi,0
6450,702,2025-10-01,47.41,paid,bank_transfer,0
6451,702,2025-11-01,47.41,paid,upi,0
6452,702,2025-12-01,47.41,paid,card,0
6453,702,2026-01-01,47.41,paid,card,0
6454,702,2026-02-01,47.41,paid,card,0
6455,702,2026-03-01,47.41,paid,bank_transfer,0
6456,702,2026-04-01,47.41,paid,upi,0
6457,702,2026-05-01,47.41,paid,upi,0
6458,702,2026-06-01,47.41,failed,card,1
6459,702,2026-07-01,47.41,paid,card,0
6460,703,2024-11-01,47.09,paid,card,0
6461,703,2024-12-01,47.09,failed,card,1
6462,703,2025-01-01,47.09,paid,card,0
6463,703,2025-02-01,47.09,paid,card,0
6464,703,2025-03-01,47.09,paid,upi,0
6465,703,2025-04-01,47.09,paid,bank_transfer,0
6466,703,2025-05-01,47.09,paid,card,0
6467,703,2025-06-01,47.09,paid,card,0
6468,703,2025-07-01,47.09,paid,card,0
6469,703,2025-08-01,47.09,paid,card,0
6470,703,2025-09-01,47.09,paid,card,0
6471,703,2025-10-01,47.09,paid,card,0
6472,703,2025-11-01,47.09,paid,card,0
6473,704,2024-11-01,46.02,paid,bank_transfer,0
6474,704,2024-12-01,46.02,paid,card,0
6475,705,2025-12-01,48.13,paid,card,0
6476,705,2026-01-01,48.13,paid,card,0
6477,705,2026-02-01,48.13,paid,card,0
6478,705,2026-03-01,48.13,paid,card,0
6479,705,2026-04-01,48.13,paid,bank_transfer,0
6480,705,2026-05-01,48.13,paid,card,0
6481,705,2026-06-01,48.13,paid,card,0
6482,705,2026-07-01,48.13,paid,card,0
6483,706,2024-12-01,980.36,paid,card,0
6484,706,2025-01-01,980.36,paid,card,0
6485,706,2025-02-01,980.36,paid,bank_transfer,0
6486,706,2025-03-01,980.36,paid,card,0
6487,706,2025-04-01,980.36,paid,card,0
6488,706,2025-05-01,980.36,paid,card,0
6489,706,2025-06-01,980.36,paid,bank_transfer,0
6490,706,2025-07-01,980.36,paid,card,0
6491,706,2025-08-01,980.36,failed,card,4
6492,706,2025-09-01,980.36,paid,card,0
6493,706,2025-10-01,980.36,paid,card,0
6494,706,2025-11-01,980.36,paid,card,0
6495,706,2025-12-01,980.36,paid,card,0
6496,706,2026-01-01,980.36,paid,bank_transfer,0
6497,706,2026-02-01,980.36,paid,card,0
6498,706,2026-03-01,980.36,paid,upi,0
6499,706,2026-04-01,980.36,paid,card,0
6500,706,2026-05-01,980.36,paid,card,0
6501,706,2026-06-01,980.36,paid,card,0
6502,706,2026-07-01,980.36,paid,card,0
6503,707,2025-09-01,230.99,paid,card,0
6504,707,2025-10-01,230.99,paid,card,0
6505,707,2025-11-01,230.99,paid,upi,0
6506,707,2025-12-01,230.99,failed,card,2
6507,707,2026-01-01,230.99,paid,card,0
6508,707,2026-02-01,230.99,paid,card,0
6509,707,2026-03-01,230.99,paid,card,0
6510,707,2026-04-01,230.99,paid,upi,0
6511,707,2026-05-01,230.99,paid,card,0
6512,707,2026-06-01,230.99,paid,card,0
6513,707,2026-07-01,230.99,paid,card,0
6514,708,2024-10-01,63.57,paid,card,0
6515,708,2024-11-01,63.57,paid,upi,0
6516,708,2024-12-01,63.57,paid,card,0
6517,708,2025-01-01,63.57,paid,card,0
6518,708,2025-02-01,63.57,paid,card,0
6519,708,2025-03-01,63.57,paid,card,0
6520,708,2025-04-01,63.57,paid,card,0
6521,708,2025-05-01,63.57,paid,card,0
6522,708,2025-06-01,63.57,paid,bank_transfer,0
6523,708,2025-07-01,63.57,paid,card,0
6524,708,2025-08-01,63.57,paid,card,0
6525,708,2025-09-01,63.57,paid,card,0
6526,708,2025-10-01,63.57,paid,card,0
6527,708,2025-11-01,63.57,paid,card,0
6528,709,2025-03-01,993.85,paid,card,0
6529,709,2025-04-01,993.85,paid,bank_transfer,0
6530,709,2025-05-01,993.85,paid,bank_transfer,0
6531,709,2025-06-01,993.85,paid,card,0
6532,709,2025-07-01,993.85,paid,bank_transfer,0
6533,709,2025-08-01,993.85,paid,card,0
6534,709,2025-09-01,993.85,paid,card,0
6535,709,2025-10-01,993.85,paid,bank_transfer,0
6536,709,2025-11-01,993.85,paid,card,0
6537,709,2025-12-01,993.85,paid,bank_transfer,0
6538,709,2026-01-01,993.85,paid,card,0
6539,709,2026-02-01,993.85,paid,bank_transfer,0
6540,709,2026-03-01,993.85,paid,card,0
6541,709,2026-04-01,993.85,paid,card,0
6542,709,2026-05-01,993.85,paid,card,0
6543,709,2026-06-01,993.85,paid,card,0
6544,709,2026-07-01,993.85,paid,card,0
6545,710,2025-11-01,63.18,paid,card,0
6546,710,2025-12-01,63.18,paid,card,0
6547,710,2026-01-01,63.18,paid,card,0
6548,710,2026-02-01,63.18,paid,card,0
6549,710,2026-03-01,63.18,paid,card,0
6550,710,2026-04-01,63.18,failed,bank_transfer,2
6551,710,2026-05-01,63.18,paid,card,0
6552,710,2026-06-01,63.18,paid,card,0
6553,711,2025-12-01,56.91,paid,card,0
6554,711,2026-01-01,56.91,paid,card,0
6555,711,2026-02-01,56.91,paid,card,0
6556,711,2026-03-01,56.91,paid,card,0
6557,711,2026-04-01,56.91,paid,card,0
6558,711,2026-05-01,56.91,paid,bank_transfer,0
6559,711,2026-06-01,56.91,paid,card,0
6560,711,2026-07-01,56.91,paid,card,0
6561,712,2025-02-01,51.8,paid,card,0
6562,712,2025-03-01,51.8,paid,upi,0
6563,712,2025-04-01,51.8,paid,card,0
6564,712,2025-05-01,51.8,failed,bank_transfer,0
6565,712,2025-06-01,51.8,paid,card,0
6566,713,2025-04-01,53.33,paid,bank_transfer,0
6567,713,2025-05-01,53.33,paid,card,0
6568,713,2025-06-01,53.33,paid,bank_transfer,0
6569,713,2025-07-01,53.33,paid,upi,0
6570,713,2025-08-01,53.33,paid,card,0
6571,713,2025-09-01,53.33,paid,card,0
6572,713,2025-10-01,53.33,paid,card,0
6573,713,2025-11-01,53.33,paid,card,0
6574,713,2025-12-01,53.33,paid,upi,0
6575,713,2026-01-01,53.33,paid,card,0
6576,713,2026-02-01,53.33,paid,card,0
6577,713,2026-03-01,53.33,paid,bank_transfer,0
6578,713,2026-04-01,53.33,paid,card,0
6579,713,2026-05-01,53.33,paid,card,0
6580,714,2025-07-01,45.58,paid,card,0
6581,714,2025-08-01,45.58,failed,card,2
6582,714,2025-09-01,45.58,paid,card,0
6583,714,2025-10-01,45.58,paid,upi,0
6584,714,2025-11-01,45.58,paid,card,0
6585,714,2025-12-01,45.58,paid,card,0
6586,714,2026-01-01,45.58,paid,card,0
6587,714,2026-02-01,45.58,paid,card,0
6588,714,2026-03-01,45.58,failed,bank_transfer,2
6589,714,2026-04-01,45.58,paid,card,0
6590,715,2025-08-01,60.73,paid,card,0
6591,715,2025-09-01,60.73,paid,card,0
6592,715,2025-10-01,60.73,failed,card,0
6593,715,2025-11-01,60.73,paid,bank_transfer,0
6594,715,2025-12-01,60.73,paid,card,0
6595,715,2026-01-01,60.73,paid,card,0
6596,715,2026-02-01,60.73,paid,card,0
6597,715,2026-03-01,60.73,paid,card,0
6598,715,2026-04-01,60.73,paid,card,0
6599,715,2026-05-01,60.73,paid,card,0
6600,715,2026-06-01,60.73,paid,card,0
6601,715,2026-07-01,60.73,paid,card,0
6602,716,2025-08-01,215.47,paid,bank_transfer,0
6603,716,2025-09-01,215.47,paid,card,0
6604,716,2025-10-01,215.47,paid,card,0
6605,716,2025-11-01,215.47,failed,card,2
6606,716,2025-12-01,215.47,paid,card,0
6607,716,2026-01-01,215.47,paid,card,0
6608,716,2026-02-01,215.47,failed,bank_transfer,1
6609,716,2026-03-01,215.47,paid,card,0
6610,716,2026-04-01,215.47,paid,card,0
6611,716,2026-05-01,215.47,paid,bank_transfer,0
6612,716,2026-06-01,215.47,paid,card,0
6613,716,2026-07-01,215.47,paid,card,0
6614,717,2025-08-01,1030.33,paid,bank_transfer,0
6615,717,2025-09-01,1030.33,paid,card,0
6616,717,2025-10-01,1030.33,paid,bank_transfer,0
6617,717,2025-11-01,1030.33,paid,upi,0
6618,717,2025-12-01,1030.33,paid,card,0
6619,717,2026-01-01,1030.33,paid,card,0
6620,717,2026-02-01,1030.33,paid,card,0
6621,717,2026-03-01,1030.33,paid,card,0
6622,717,2026-04-01,1030.33,paid,card,0
6623,717,2026-05-01,1030.33,paid,card,0
6624,717,2026-06-01,1030.33,paid,upi,0
6625,717,2026-07-01,1030.33,paid,card,0
6626,718,2025-11-01,63.66,paid,card,0
6627,718,2025-12-01,63.66,paid,card,0
6628,718,2026-01-01,63.66,paid,card,0
6629,718,2026-02-01,63.66,paid,card,0
6630,718,2026-03-01,63.66,paid,card,0
6631,718,2026-04-01,63.66,paid,card,0
6632,718,2026-05-01,63.66,failed,card,2
6633,718,2026-06-01,63.66,paid,card,0
6634,718,2026-07-01,63.66,paid,bank_transfer,0
6635,719,2025-07-01,257.74,paid,card,0
6636,719,2025-08-01,257.74,paid,card,0
6637,719,2025-09-01,257.74,paid,card,0
6638,719,2025-10-01,257.74,paid,bank_transfer,0
6639,719,2025-11-01,257.74,paid,card,0
6640,719,2025-12-01,257.74,paid,bank_transfer,0
6641,719,2026-01-01,257.74,paid,card,0
6642,719,2026-02-01,257.74,paid,card,0
6643,719,2026-03-01,257.74,paid,card,0
6644,719,2026-04-01,257.74,paid,card,0
6645,719,2026-05-01,257.74,paid,card,0
6646,719,2026-06-01,257.74,paid,card,0
6647,719,2026-07-01,257.74,paid,upi,0
6648,720,2025-01-01,213.55,paid,card,0
6649,720,2025-02-01,213.55,paid,card,0
6650,720,2025-03-01,213.55,failed,upi,0
6651,720,2025-04-01,213.55,paid,card,0
6652,720,2025-05-01,213.55,paid,card,0
6653,720,2025-06-01,213.55,paid,upi,0
6654,720,2025-07-01,213.55,paid,card,0
6655,720,2025-08-01,213.55,paid,bank_transfer,0
6656,720,2025-09-01,213.55,paid,bank_transfer,0
6657,720,2025-10-01,213.55,paid,card,0
6658,720,2025-11-01,213.55,paid,card,0
6659,720,2025-12-01,213.55,paid,upi,0
6660,720,2026-01-01,213.55,paid,card,0
6661,720,2026-02-01,213.55,paid,card,0
6662,720,2026-03-01,213.55,paid,card,0
6663,720,2026-04-01,213.55,paid,card,0
6664,720,2026-05-01,213.55,paid,bank_transfer,0
6665,720,2026-06-01,213.55,paid,upi,0
6666,720,2026-07-01,213.55,paid,upi,0
6667,721,2025-07-01,1027.99,paid,card,0
6668,721,2025-08-01,1027.99,paid,card,0
6669,721,2025-09-01,1027.99,paid,card,0
6670,721,2025-10-01,1027.99,paid,card,0
6671,721,2025-11-01,1027.99,paid,bank_transfer,0
6672,721,2025-12-01,1027.99,paid,card,0
6673,721,2026-01-01,1027.99,paid,card,0
6674,721,2026-02-01,1027.99,failed,card,1
6675,722,2025-12-01,59.55,paid,card,0
6676,722,2026-01-01,59.55,paid,card,0
6677,722,2026-02-01,59.55,paid,card,0
6678,722,2026-03-01,59.55,paid,card,0
6679,722,2026-04-01,59.55,paid,bank_transfer,0
6680,722,2026-05-01,59.55,paid,card,0
6681,722,2026-06-01,59.55,failed,card,1
6682,722,2026-07-01,59.55,paid,upi,0
6683,723,2025-12-01,169.19,paid,card,0
6684,723,2026-01-01,169.19,paid,card,0
6685,723,2026-02-01,169.19,paid,card,0
6686,723,2026-03-01,169.19,paid,card,0
6687,723,2026-04-01,169.19,paid,card,0
6688,723,2026-05-01,169.19,paid,card,0
6689,723,2026-06-01,169.19,paid,card,0
6690,723,2026-07-01,169.19,paid,card,0
6691,724,2026-06-01,206.05,failed,card,1
6692,724,2026-07-01,206.05,paid,card,0
6693,725,2026-04-01,54.69,paid,upi,0
6694,725,2026-05-01,54.69,paid,card,0
6695,725,2026-06-01,54.69,paid,upi,0
6696,725,2026-07-01,54.69,paid,card,0
6697,726,2026-04-01,52.43,paid,bank_transfer,0
6698,726,2026-05-01,52.43,paid,bank_transfer,0
6699,726,2026-06-01,52.43,paid,bank_transfer,0
6700,726,2026-07-01,52.43,paid,bank_transfer,0
6701,727,2024-12-01,201.53,paid,card,0
6702,727,2025-01-01,201.53,paid,card,0
6703,727,2025-02-01,201.53,paid,upi,0
6704,727,2025-03-01,201.53,paid,card,0
6705,727,2025-04-01,201.53,paid,card,0
6706,727,2025-05-01,201.53,paid,card,0
6707,727,2025-06-01,201.53,paid,card,0
6708,727,2025-07-01,201.53,paid,card,0
6709,728,2025-03-01,879.98,paid,card,0
6710,728,2025-04-01,879.98,paid,card,0
6711,728,2025-05-01,879.98,paid,upi,0
6712,728,2025-06-01,879.98,paid,card,0
6713,728,2025-07-01,879.98,paid,card,0
6714,728,2025-08-01,879.98,paid,card,0
6715,728,2025-09-01,879.98,paid,card,0
6716,728,2025-10-01,879.98,paid,card,0
6717,728,2025-11-01,879.98,paid,card,0
6718,728,2025-12-01,879.98,paid,card,0
6719,728,2026-01-01,879.98,paid,card,0
6720,728,2026-02-01,879.98,paid,card,0
6721,728,2026-03-01,879.98,paid,bank_transfer,0
6722,728,2026-04-01,879.98,paid,card,0
6723,728,2026-05-01,879.98,paid,bank_transfer,0
6724,728,2026-06-01,879.98,paid,bank_transfer,0
6725,728,2026-07-01,879.98,paid,card,0
6726,729,2026-04-01,1155.11,paid,card,0
6727,729,2026-05-01,1155.11,paid,bank_transfer,0
6728,729,2026-06-01,1155.11,paid,bank_transfer,0
6729,729,2026-07-01,1155.11,paid,card,0
6730,730,2025-04-01,48.54,paid,card,0
6731,730,2025-05-01,48.54,failed,card,1
6732,731,2025-03-01,44.65,paid,card,0
6733,731,2025-04-01,44.65,paid,card,0
6734,731,2025-05-01,44.65,paid,card,0
6735,731,2025-06-01,44.65,paid,card,0
6736,731,2025-07-01,44.65,paid,card,0
6737,731,2025-08-01,44.65,paid,card,0
6738,731,2025-09-01,44.65,paid,card,0
6739,731,2025-10-01,44.65,paid,card,0
6740,731,2025-11-01,44.65,paid,card,0
6741,732,2025-12-01,779.09,paid,card,0
6742,732,2026-01-01,779.09,paid,card,0
6743,732,2026-02-01,779.09,paid,card,0
6744,732,2026-03-01,779.09,paid,card,0
6745,732,2026-04-01,779.09,paid,card,0
6746,732,2026-05-01,779.09,paid,bank_transfer,0
6747,732,2026-06-01,779.09,paid,card,0
6748,732,2026-07-01,779.09,paid,card,0
6749,733,2025-03-01,193.0,paid,card,0
6750,733,2025-04-01,193.0,paid,card,0
6751,733,2025-05-01,193.0,paid,card,0
6752,733,2025-06-01,193.0,paid,card,0
6753,733,2025-07-01,193.0,paid,upi,0
6754,733,2025-08-01,193.0,paid,card,0
6755,733,2025-09-01,193.0,paid,card,0
6756,733,2025-10-01,193.0,failed,card,1
6757,733,2025-11-01,193.0,paid,card,0
6758,734,2025-01-01,58.01,paid,card,0
6759,734,2025-02-01,58.01,paid,upi,0
6760,734,2025-03-01,58.01,paid,card,0
6761,734,2025-04-01,58.01,paid,card,0
6762,734,2025-05-01,58.01,paid,card,0
6763,734,2025-06-01,58.01,paid,card,0
6764,734,2025-07-01,58.01,paid,upi,0
6765,734,2025-08-01,58.01,paid,card,0
6766,734,2025-09-01,58.01,paid,upi,0
6767,734,2025-10-01,58.01,paid,card,0
6768,734,2025-11-01,58.01,paid,card,0
6769,734,2025-12-01,58.01,paid,card,0
6770,734,2026-01-01,58.01,paid,card,0
6771,734,2026-02-01,58.01,paid,upi,0
6772,734,2026-03-01,58.01,paid,bank_transfer,0
6773,734,2026-04-01,58.01,paid,card,0
6774,735,2024-12-01,218.6,paid,bank_transfer,0
6775,736,2025-07-01,179.77,paid,bank_transfer,0
6776,736,2025-08-01,179.77,paid,card,0
6777,736,2025-09-01,179.77,paid,card,0
6778,736,2025-10-01,179.77,paid,card,0
6779,736,2025-11-01,179.77,paid,card,0
6780,736,2025-12-01,179.77,paid,bank_transfer,0
6781,736,2026-01-01,179.77,paid,upi,0
6782,736,2026-02-01,179.77,paid,bank_transfer,0
6783,736,2026-03-01,179.77,paid,bank_transfer,0
6784,736,2026-04-01,179.77,paid,card,0
6785,736,2026-05-01,179.77,paid,card,0
6786,736,2026-06-01,179.77,paid,card,0
6787,736,2026-07-01,179.77,paid,upi,0
6788,738,2026-06-01,198.42,paid,bank_transfer,0
6789,738,2026-07-01,198.42,paid,card,0
6790,738,2026-08-01,198.42,paid,card,0
6791,738,2026-09-01,198.42,paid,card,0
6792,738,2026-10-01,198.42,paid,card,0
6793,738,2026-11-01,198.42,paid,card,0
6794,738,2026-12-01,198.42,paid,card,0
6795,738,2027-01-01,198.42,paid,card,0
6796,738,2027-02-01,198.42,paid,card,0
6797,738,2027-03-01,198.42,paid,card,0
6798,738,2027-04-01,198.42,paid,card,0
6799,738,2027-05-01,198.42,failed,bank_transfer,2
6800,739,2025-09-01,61.92,paid,bank_transfer,0
6801,739,2025-10-01,61.92,paid,card,0
6802,739,2025-11-01,61.92,paid,card,0
6803,739,2025-12-01,61.92,paid,upi,0
6804,739,2026-01-01,61.92,paid,upi,0
6805,739,2026-02-01,61.92,paid,card,0
6806,739,2026-03-01,61.92,paid,bank_transfer,0
6807,739,2026-04-01,61.92,paid,card,0
6808,739,2026-05-01,61.92,paid,card,0
6809,739,2026-06-01,61.92,paid,card,0
6810,739,2026-07-01,61.92,paid,card,0
6811,740,2025-04-01,822.7,paid,bank_transfer,0
6812,740,2025-05-01,822.7,paid,card,0
6813,740,2025-06-01,822.7,paid,card,0
6814,740,2025-07-01,822.7,paid,upi,0
6815,740,2025-08-01,822.7,paid,card,0
6816,740,2025-09-01,822.7,paid,card,0
6817,740,2025-10-01,822.7,paid,card,0
6818,740,2025-11-01,822.7,paid,bank_transfer,0
6819,740,2025-12-01,822.7,paid,card,0
6820,740,2026-01-01,822.7,paid,card,0
6821,740,2026-02-01,822.7,paid,bank_transfer,0
6822,740,2026-03-01,822.7,paid,card,0
6823,740,2026-04-01,822.7,paid,upi,0
6824,740,2026-05-01,822.7,paid,card,0
6825,740,2026-06-01,822.7,failed,bank_transfer,1
6826,740,2026-07-01,822.7,paid,card,0
6827,741,2025-01-01,46.25,paid,bank_transfer,0
6828,741,2025-02-01,46.25,paid,card,0
6829,741,2025-03-01,46.25,paid,card,0
6830,741,2025-04-01,46.25,paid,card,0
6831,741,2025-05-01,46.25,paid,card,0
6832,742,2025-07-01,177.87,paid,card,0
6833,742,2025-08-01,177.87,paid,card,0
6834,742,2025-09-01,177.87,paid,upi,0
6835,742,2025-10-01,177.87,paid,upi,0
6836,742,2025-11-01,177.87,paid,card,0
6837,742,2025-12-01,177.87,paid,card,0
6838,742,2026-01-01,177.87,paid,card,0
6839,742,2026-02-01,177.87,paid,card,0
6840,742,2026-03-01,177.87,paid,card,0
6841,742,2026-04-01,177.87,paid,card,0
6842,742,2026-05-01,177.87,paid,card,0
6843,742,2026-06-01,177.87,paid,card,0
6844,742,2026-07-01,177.87,paid,bank_transfer,0
6845,743,2025-04-01,44.66,paid,bank_transfer,0
6846,743,2025-05-01,44.66,paid,card,0
6847,743,2025-06-01,44.66,paid,card,0
6848,745,2026-01-01,1098.79,paid,upi,0
6849,745,2026-02-01,1098.79,paid,card,0
6850,745,2026-03-01,1098.79,paid,bank_transfer,0
6851,745,2026-04-01,1098.79,paid,card,0
6852,745,2026-05-01,1098.79,paid,card,0
6853,745,2026-06-01,1098.79,paid,card,0
6854,745,2026-07-01,1098.79,paid,upi,0
6855,745,2026-08-01,1098.79,paid,card,0
6856,745,2026-09-01,1098.79,paid,card,0
6857,745,2026-10-01,1098.79,paid,upi,0
6858,745,2026-11-01,1098.79,paid,card,0
6859,745,2026-12-01,1098.79,paid,bank_transfer,0
6860,745,2027-01-01,1098.79,paid,bank_transfer,0
6861,745,2027-02-01,1098.79,paid,bank_transfer,0
6862,745,2027-03-01,1098.79,paid,card,0
6863,745,2027-04-01,1098.79,paid,card,0
6864,745,2027-05-01,1098.79,paid,upi,0
6865,745,2027-06-01,1098.79,paid,card,0
6866,746,2026-02-01,47.3,paid,card,0
6867,746,2026-03-01,47.3,paid,card,0
6868,746,2026-04-01,47.3,paid,card,0
6869,746,2026-05-01,47.3,paid,card,0
6870,746,2026-06-01,47.3,paid,upi,0
6871,746,2026-07-01,47.3,paid,card,0
6872,747,2025-04-01,54.38,paid,bank_transfer,0
6873,747,2025-05-01,54.38,paid,card,0
6874,747,2025-06-01,54.38,paid,card,0
6875,747,2025-07-01,54.38,failed,card,1
6876,747,2025-08-01,54.38,paid,card,0
6877,747,2025-09-01,54.38,paid,card,0
6878,747,2025-10-01,54.38,paid,bank_transfer,0
6879,747,2025-11-01,54.38,paid,card,0
6880,747,2025-12-01,54.38,paid,card,0
6881,748,2025-10-01,196.19,paid,card,0
6882,748,2025-11-01,196.19,paid,card,0
6883,748,2025-12-01,196.19,paid,card,0
6884,748,2026-01-01,196.19,failed,card,1
6885,748,2026-02-01,196.19,paid,card,0
6886,748,2026-03-01,196.19,paid,card,0
6887,748,2026-04-01,196.19,paid,upi,0
6888,748,2026-05-01,196.19,paid,card,0
6889,748,2026-06-01,196.19,paid,card,0
6890,748,2026-07-01,196.19,paid,bank_transfer,0
6891,749,2025-02-01,236.26,paid,bank_transfer,0
6892,749,2025-03-01,236.26,paid,bank_transfer,0
6893,750,2025-09-01,239.2,paid,card,0
6894,750,2025-10-01,239.2,paid,card,0
6895,750,2025-11-01,239.2,paid,card,0
6896,750,2025-12-01,239.2,paid,card,0
6897,750,2026-01-01,239.2,paid,card,0
6898,750,2026-02-01,239.2,paid,card,0
6899,750,2026-03-01,239.2,paid,card,0
6900,750,2026-04-01,239.2,paid,card,0
6901,750,2026-05-01,239.2,paid,card,0
6902,750,2026-06-01,239.2,paid,card,0
6903,750,2026-07-01,239.2,paid,card,0
6904,751,2024-12-01,56.64,paid,card,0
6905,751,2025-01-01,56.64,paid,card,0
6906,751,2025-02-01,56.64,paid,card,0
6907,751,2025-03-01,56.64,paid,upi,0
6908,751,2025-04-01,56.64,paid,bank_transfer,0
6909,751,2025-05-01,56.64,paid,card,0
6910,751,2025-06-01,56.64,paid,card,0
6911,751,2025-07-01,56.64,paid,card,0
6912,751,2025-08-01,56.64,failed,card,1
6913,751,2025-09-01,56.64,failed,card,3
6914,751,2025-10-01,56.64,failed,upi,1
6915,752,2025-05-01,54.52,paid,card,0
6916,752,2025-06-01,54.52,paid,upi,0
6917,752,2025-07-01,54.52,paid,upi,0
6918,752,2025-08-01,54.52,paid,card,0
6919,752,2025-09-01,54.52,paid,card,0
6920,752,2025-10-01,54.52,paid,bank_transfer,0
6921,753,2025-05-01,56.7,paid,bank_transfer,0
6922,753,2025-06-01,56.7,paid,card,0
6923,753,2025-07-01,56.7,paid,bank_transfer,0
6924,753,2025-08-01,56.7,paid,card,0
6925,754,2024-11-01,54.88,paid,card,0
6926,754,2024-12-01,54.88,paid,bank_transfer,0
6927,754,2025-01-01,54.88,paid,card,0
6928,754,2025-02-01,54.88,paid,card,0
6929,754,2025-03-01,54.88,paid,card,0
6930,754,2025-04-01,54.88,failed,card,2
6931,755,2025-07-01,195.7,paid,card,0
6932,755,2025-08-01,195.7,paid,bank_transfer,0
6933,755,2025-09-01,195.7,paid,card,0
6934,755,2025-10-01,195.7,paid,card,0
6935,755,2025-11-01,195.7,paid,card,0
6936,755,2025-12-01,195.7,paid,bank_transfer,0
6937,755,2026-01-01,195.7,paid,card,0
6938,755,2026-02-01,195.7,paid,bank_transfer,0
6939,755,2026-03-01,195.7,paid,card,0
6940,755,2026-04-01,195.7,paid,bank_transfer,0
6941,755,2026-05-01,195.7,failed,card,0
6942,755,2026-06-01,195.7,paid,card,0
6943,757,2026-01-01,44.8,paid,card,0
6944,757,2026-02-01,44.8,paid,card,0
6945,757,2026-03-01,44.8,paid,card,0
6946,757,2026-04-01,44.8,paid,card,0
6947,757,2026-05-01,44.8,paid,card,0
6948,757,2026-06-01,44.8,paid,bank_transfer,0
6949,757,2026-07-01,44.8,paid,card,0
6950,757,2026-08-01,44.8,paid,bank_transfer,0
6951,757,2026-09-01,44.8,paid,card,0
6952,757,2026-10-01,44.8,paid,card,0
6953,757,2026-11-01,44.8,paid,bank_transfer,0
6954,757,2026-12-01,44.8,paid,card,0
6955,757,2027-01-01,44.8,paid,card,0
6956,757,2027-02-01,44.8,paid,card,0
6957,758,2024-10-01,188.51,paid,upi,0
6958,759,2025-02-01,63.35,paid,bank_transfer,0
6959,759,2025-03-01,63.35,paid,card,0
6960,759,2025-04-01,63.35,paid,card,0
6961,759,2025-05-01,63.35,paid,bank_transfer,0
6962,759,2025-06-01,63.35,paid,card,0
6963,759,2025-07-01,63.35,paid,upi,0
6964,759,2025-08-01,63.35,paid,card,0
6965,759,2025-09-01,63.35,paid,card,0
6966,759,2025-10-01,63.35,paid,card,0
6967,759,2025-11-01,63.35,paid,bank_transfer,0
6968,759,2025-12-01,63.35,paid,card,0
6969,759,2026-01-01,63.35,paid,card,0
6970,759,2026-02-01,63.35,paid,card,0
6971,759,2026-03-01,63.35,paid,bank_transfer,0
6972,759,2026-04-01,63.35,paid,card,0
6973,759,2026-05-01,63.35,paid,card,0
6974,759,2026-06-01,63.35,paid,card,0
6975,759,2026-07-01,63.35,paid,card,0
6976,760,2025-09-01,237.85,paid,upi,0
6977,760,2025-10-01,237.85,paid,card,0
6978,760,2025-11-01,237.85,paid,card,0
6979,760,2025-12-01,237.85,paid,card,0
6980,760,2026-01-01,237.85,paid,card,0
6981,760,2026-02-01,237.85,paid,card,0
6982,760,2026-03-01,237.85,paid,card,0
6983,760,2026-04-01,237.85,paid,card,0
6984,760,2026-05-01,237.85,paid,card,0
6985,760,2026-06-01,237.85,paid,bank_transfer,0
6986,760,2026-07-01,237.85,paid,card,0
6987,761,2026-02-01,47.27,paid,card,0
6988,761,2026-03-01,47.27,paid,card,0
6989,761,2026-04-01,47.27,paid,card,0
6990,761,2026-05-01,47.27,paid,card,0
6991,761,2026-06-01,47.27,paid,bank_transfer,0
6992,762,2025-11-01,235.62,paid,card,0
6993,762,2025-12-01,235.62,paid,card,0
6994,762,2026-01-01,235.62,paid,bank_transfer,0
6995,762,2026-02-01,235.62,paid,bank_transfer,0
6996,762,2026-03-01,235.62,paid,bank_transfer,0
6997,762,2026-04-01,235.62,failed,card,0
6998,762,2026-05-01,235.62,paid,card,0
6999,762,2026-06-01,235.62,paid,card,0
7000,762,2026-07-01,235.62,paid,card,0
7001,763,2026-03-01,182.76,paid,bank_transfer,0
7002,763,2026-04-01,182.76,paid,card,0
7003,763,2026-05-01,182.76,paid,card,0
7004,763,2026-06-01,182.76,paid,card,0
7005,763,2026-07-01,182.76,paid,card,0
7006,764,2025-07-01,1099.12,paid,bank_transfer,0
7007,764,2025-08-01,1099.12,paid,upi,0
7008,764,2025-09-01,1099.12,paid,bank_transfer,0
7009,764,2025-10-01,1099.12,paid,card,0
7010,764,2025-11-01,1099.12,paid,card,0
7011,764,2025-12-01,1099.12,paid,card,0
7012,764,2026-01-01,1099.12,paid,card,0
7013,764,2026-02-01,1099.12,paid,bank_transfer,0
7014,764,2026-03-01,1099.12,paid,card,0
7015,764,2026-04-01,1099.12,paid,card,0
7016,764,2026-05-01,1099.12,paid,card,0
7017,764,2026-06-01,1099.12,paid,card,0
7018,764,2026-07-01,1099.12,paid,upi,0
7019,765,2025-03-01,1014.61,paid,upi,0
7020,765,2025-04-01,1014.61,paid,card,0
7021,765,2025-05-01,1014.61,paid,card,0
7022,765,2025-06-01,1014.61,paid,card,0
7023,765,2025-07-01,1014.61,paid,card,0
7024,765,2025-08-01,1014.61,paid,bank_transfer,0
7025,765,2025-09-01,1014.61,paid,card,0
7026,765,2025-10-01,1014.61,failed,card,1
7027,765,2025-11-01,1014.61,paid,card,0
7028,765,2025-12-01,1014.61,paid,upi,0
7029,765,2026-01-01,1014.61,paid,card,0
7030,765,2026-02-01,1014.61,paid,bank_transfer,0
7031,765,2026-03-01,1014.61,paid,card,0
7032,765,2026-04-01,1014.61,failed,card,2
7033,765,2026-05-01,1014.61,paid,card,0
7034,766,2025-09-01,243.06,paid,card,0
7035,766,2025-10-01,243.06,paid,bank_transfer,0
7036,766,2025-11-01,243.06,paid,card,0
7037,766,2025-12-01,243.06,failed,card,4
7038,766,2026-01-01,243.06,paid,card,0
7039,766,2026-02-01,243.06,paid,card,0
7040,766,2026-03-01,243.06,paid,card,0
7041,766,2026-04-01,243.06,paid,bank_transfer,0
7042,766,2026-05-01,243.06,paid,card,0
7043,766,2026-06-01,243.06,paid,bank_transfer,0
7044,766,2026-07-01,243.06,paid,card,0
7045,767,2025-05-01,43.89,failed,card,2
7046,767,2025-06-01,43.89,failed,card,1
7047,768,2026-02-01,43.04,failed,card,2
7048,768,2026-03-01,43.04,paid,card,0
7049,768,2026-04-01,43.04,paid,upi,0
7050,768,2026-05-01,43.04,paid,upi,0
7051,768,2026-06-01,43.04,paid,card,0
7052,768,2026-07-01,43.04,paid,card,0
7053,769,2025-05-01,205.11,paid,card,0
7054,769,2025-06-01,205.11,failed,card,0
7055,769,2025-07-01,205.11,failed,card,3
7056,770,2025-08-01,188.01,paid,card,0
7057,770,2025-09-01,188.01,paid,card,0
7058,770,2025-10-01,188.01,paid,card,0
7059,770,2025-11-01,188.01,paid,card,0
7060,770,2025-12-01,188.01,paid,card,0
7061,770,2026-01-01,188.01,paid,upi,0
7062,770,2026-02-01,188.01,paid,card,0
7063,770,2026-03-01,188.01,paid,card,0
7064,770,2026-04-01,188.01,paid,upi,0
7065,770,2026-05-01,188.01,paid,card,0
7066,770,2026-06-01,188.01,paid,card,0
7067,770,2026-07-01,188.01,paid,card,0
7068,771,2025-10-01,210.12,paid,card,0
7069,771,2025-11-01,210.12,paid,card,0
7070,771,2025-12-01,210.12,paid,card,0
7071,771,2026-01-01,210.12,paid,upi,0
7072,771,2026-02-01,210.12,paid,upi,0
7073,771,2026-03-01,210.12,paid,bank_transfer,0
7074,771,2026-04-01,210.12,paid,bank_transfer,0
7075,771,2026-05-01,210.12,paid,card,0
7076,771,2026-06-01,210.12,paid,card,0
7077,771,2026-07-01,210.12,paid,bank_transfer,0
7078,772,2025-08-01,254.89,paid,bank_transfer,0
7079,772,2025-09-01,254.89,paid,card,0
7080,772,2025-10-01,254.89,paid,card,0
7081,772,2025-11-01,254.89,paid,upi,0
7082,772,2025-12-01,254.89,paid,card,0
7083,772,2026-01-01,254.89,paid,card,0
7084,772,2026-02-01,254.89,paid,bank_transfer,0
7085,772,2026-03-01,254.89,paid,bank_transfer,0
7086,772,2026-04-01,254.89,paid,upi,0
7087,772,2026-05-01,254.89,paid,card,0
7088,772,2026-06-01,254.89,paid,card,0
7089,772,2026-07-01,254.89,paid,card,0
7090,774,2025-06-01,181.02,failed,bank_transfer,0
7091,774,2025-07-01,181.02,paid,bank_transfer,0
7092,774,2025-08-01,181.02,paid,bank_transfer,0
7093,774,2025-09-01,181.02,paid,card,0
7094,774,2025-10-01,181.02,paid,bank_transfer,0
7095,774,2025-11-01,181.02,paid,bank_transfer,0
7096,774,2025-12-01,181.02,paid,bank_transfer,0
7097,774,2026-01-01,181.02,paid,bank_transfer,0
7098,774,2026-02-01,181.02,paid,card,0
7099,774,2026-03-01,181.02,paid,card,0
7100,774,2026-04-01,181.02,paid,bank_transfer,0
7101,774,2026-05-01,181.02,paid,card,0
7102,774,2026-06-01,181.02,paid,card,0
7103,774,2026-07-01,181.02,paid,bank_transfer,0
7104,774,2026-08-01,181.02,paid,card,0
7105,774,2026-09-01,181.02,paid,card,0
7106,774,2026-10-01,181.02,paid,card,0
7107,776,2026-06-01,195.39,paid,upi,0
7108,776,2026-07-01,195.39,paid,card,0
7109,776,2026-08-01,195.39,paid,card,0
7110,776,2026-09-01,195.39,paid,card,0
7111,776,2026-10-01,195.39,paid,bank_transfer,0
7112,776,2026-11-01,195.39,paid,card,0
7113,776,2026-12-01,195.39,paid,card,0
7114,776,2027-01-01,195.39,paid,bank_transfer,0
7115,776,2027-02-01,195.39,paid,card,0
7116,776,2027-03-01,195.39,paid,card,0
7117,776,2027-04-01,195.39,paid,upi,0
7118,776,2027-05-01,195.39,paid,card,0
7119,776,2027-06-01,195.39,paid,card,0
7120,776,2027-07-01,195.39,paid,card,0
7121,776,2027-08-01,195.39,paid,card,0
7122,778,2026-03-01,198.32,paid,card,0
7123,778,2026-04-01,198.32,paid,card,0
7124,778,2026-05-01,198.32,paid,bank_transfer,0
7125,778,2026-06-01,198.32,paid,card,0
7126,778,2026-07-01,198.32,paid,bank_transfer,0
7127,778,2026-08-01,198.32,failed,card,3
7128,778,2026-09-01,198.32,paid,upi,0
7129,778,2026-10-01,198.32,paid,upi,0
7130,778,2026-11-01,198.32,paid,card,0
7131,778,2026-12-01,198.32,paid,card,0
7132,778,2027-01-01,198.32,paid,bank_transfer,0
7133,778,2027-02-01,198.32,paid,card,0
7134,778,2027-03-01,198.32,paid,card,0
7135,778,2027-04-01,198.32,paid,card,0
7136,779,2025-01-01,53.55,paid,card,0
7137,779,2025-02-01,53.55,paid,card,0
7138,779,2025-03-01,53.55,paid,card,0
7139,779,2025-04-01,53.55,paid,bank_transfer,0
7140,779,2025-05-01,53.55,paid,upi,0
7141,779,2025-06-01,53.55,paid,bank_transfer,0
7142,779,2025-07-01,53.55,paid,card,0
7143,779,2025-08-01,53.55,paid,card,0
7144,779,2025-09-01,53.55,paid,card,0
7145,779,2025-10-01,53.55,paid,card,0
7146,779,2025-11-01,53.55,paid,card,0
7147,779,2025-12-01,53.55,paid,card,0
7148,779,2026-01-01,53.55,paid,card,0
7149,779,2026-02-01,53.55,paid,card,0
7150,779,2026-03-01,53.55,paid,card,0
7151,779,2026-04-01,53.55,paid,bank_transfer,0
7152,779,2026-05-01,53.55,paid,card,0
7153,779,2026-06-01,53.55,paid,card,0
7154,779,2026-07-01,53.55,paid,card,0
7155,780,2025-08-01,62.73,paid,card,0
7156,780,2025-09-01,62.73,paid,card,0
7157,780,2025-10-01,62.73,paid,bank_transfer,0
7158,780,2025-11-01,62.73,paid,card,0
7159,780,2025-12-01,62.73,paid,card,0
7160,780,2026-01-01,62.73,paid,card,0
7161,780,2026-02-01,62.73,paid,card,0
7162,780,2026-03-01,62.73,paid,card,0
7163,780,2026-04-01,62.73,paid,bank_transfer,0
7164,780,2026-05-01,62.73,paid,bank_transfer,0
7165,780,2026-06-01,62.73,paid,card,0
7166,780,2026-07-01,62.73,paid,card,0
7167,781,2025-08-01,193.73,paid,card,0
7168,781,2025-09-01,193.73,paid,card,0
7169,781,2025-10-01,193.73,paid,bank_transfer,0
7170,781,2025-11-01,193.73,paid,bank_transfer,0
7171,781,2025-12-01,193.73,paid,card,0
7172,781,2026-01-01,193.73,paid,card,0
7173,781,2026-02-01,193.73,failed,card,0
7174,781,2026-03-01,193.73,failed,bank_transfer,3
7175,782,2025-07-01,235.32,paid,bank_transfer,0
7176,782,2025-08-01,235.32,paid,card,0
7177,782,2025-09-01,235.32,paid,card,0
7178,782,2025-10-01,235.32,paid,bank_transfer,0
7179,782,2025-11-01,235.32,failed,card,1
7180,783,2025-02-01,238.45,paid,card,0
7181,783,2025-03-01,238.45,paid,card,0
7182,784,2025-02-01,56.81,paid,card,0
7183,784,2025-03-01,56.81,paid,card,0
7184,784,2025-04-01,56.81,paid,card,0
7185,784,2025-05-01,56.81,paid,upi,0
7186,784,2025-06-01,56.81,paid,card,0
7187,784,2025-07-01,56.81,paid,bank_transfer,0
7188,784,2025-08-01,56.81,paid,bank_transfer,0
7189,784,2025-09-01,56.81,paid,card,0
7190,784,2025-10-01,56.81,paid,card,0
7191,785,2025-11-01,45.71,paid,card,0
7192,785,2025-12-01,45.71,paid,card,0
7193,785,2026-01-01,45.71,paid,bank_transfer,0
7194,785,2026-02-01,45.71,paid,card,0
7195,785,2026-03-01,45.71,paid,card,0
7196,785,2026-04-01,45.71,paid,card,0
7197,785,2026-05-01,45.71,paid,upi,0
7198,785,2026-06-01,45.71,paid,card,0
7199,785,2026-07-01,45.71,paid,bank_transfer,0
7200,786,2024-11-01,47.19,paid,upi,0
7201,786,2024-12-01,47.19,paid,card,0
7202,786,2025-01-01,47.19,paid,card,0
7203,786,2025-02-01,47.19,paid,card,0
7204,786,2025-03-01,47.19,paid,bank_transfer,0
7205,786,2025-04-01,47.19,paid,card,0
7206,786,2025-05-01,47.19,paid,card,0
7207,786,2025-06-01,47.19,paid,upi,0
7208,786,2025-07-01,47.19,failed,bank_transfer,3
7209,786,2025-08-01,47.19,paid,card,0
7210,786,2025-09-01,47.19,paid,card,0
7211,786,2025-10-01,47.19,paid,card,0
7212,786,2025-11-01,47.19,paid,card,0
7213,786,2025-12-01,47.19,paid,card,0
7214,786,2026-01-01,47.19,paid,card,0
7215,786,2026-02-01,47.19,paid,card,0
7216,786,2026-03-01,47.19,paid,card,0
7217,787,2025-02-01,218.62,paid,card,0
7218,787,2025-03-01,218.62,paid,card,0
7219,787,2025-04-01,218.62,paid,bank_transfer,0
7220,787,2025-05-01,218.62,paid,card,0
7221,787,2025-06-01,218.62,failed,card,2
7222,788,2025-11-01,62.9,paid,card,0
7223,788,2025-12-01,62.9,paid,bank_transfer,0
7224,788,2026-01-01,62.9,paid,card,0
7225,788,2026-02-01,62.9,paid,bank_transfer,0
7226,788,2026-03-01,62.9,paid,upi,0
7227,788,2026-04-01,62.9,paid,card,0
7228,788,2026-05-01,62.9,paid,card,0
7229,788,2026-06-01,62.9,paid,card,0
7230,788,2026-07-01,62.9,paid,card,0
7231,789,2025-10-01,248.03,paid,card,0
7232,789,2025-11-01,248.03,paid,card,0
7233,790,2025-11-01,54.88,paid,card,0
7234,790,2025-12-01,54.88,paid,bank_transfer,0
7235,790,2026-01-01,54.88,paid,bank_transfer,0
7236,790,2026-02-01,54.88,paid,bank_transfer,0
7237,790,2026-03-01,54.88,paid,card,0
7238,790,2026-04-01,54.88,paid,upi,0
7239,790,2026-05-01,54.88,paid,bank_transfer,0
7240,790,2026-06-01,54.88,paid,card,0
7241,790,2026-07-01,54.88,paid,bank_transfer,0
7242,791,2025-11-01,50.08,paid,card,0
7243,791,2025-12-01,50.08,paid,card,0
7244,791,2026-01-01,50.08,paid,upi,0
7245,791,2026-02-01,50.08,paid,bank_transfer,0
7246,791,2026-03-01,50.08,paid,card,0
7247,791,2026-04-01,50.08,paid,card,0
7248,791,2026-05-01,50.08,paid,bank_transfer,0
7249,791,2026-06-01,50.08,paid,card,0
7250,791,2026-07-01,50.08,paid,card,0
7251,792,2026-02-01,1040.49,paid,card,0
7252,792,2026-03-01,1040.49,paid,upi,0
7253,792,2026-04-01,1040.49,paid,card,0
7254,792,2026-05-01,1040.49,paid,card,0
7255,792,2026-06-01,1040.49,paid,card,0
7256,792,2026-07-01,1040.49,paid,card,0
7257,793,2025-05-01,50.81,paid,bank_transfer,0
7258,793,2025-06-01,50.81,paid,upi,0
7259,793,2025-07-01,50.81,paid,card,0
7260,793,2025-08-01,50.81,paid,upi,0
7261,793,2025-09-01,50.81,paid,card,0
7262,793,2025-10-01,50.81,paid,card,0
7263,793,2025-11-01,50.81,failed,card,3
7264,794,2025-09-01,52.59,paid,bank_transfer,0
7265,795,2025-07-01,172.48,paid,card,0
7266,795,2025-08-01,172.48,paid,upi,0
7267,795,2025-09-01,172.48,failed,bank_transfer,1
7268,795,2025-10-01,172.48,paid,card,0
7269,795,2025-11-01,172.48,paid,bank_transfer,0
7270,795,2025-12-01,172.48,paid,card,0
7271,795,2026-01-01,172.48,paid,card,0
7272,795,2026-02-01,172.48,paid,card,0
7273,795,2026-03-01,172.48,paid,card,0
7274,795,2026-04-01,172.48,paid,card,0
7275,795,2026-05-01,172.48,paid,card,0
7276,795,2026-06-01,172.48,paid,card,0
7277,795,2026-07-01,172.48,paid,card,0
7278,796,2025-04-01,61.27,paid,card,0
7279,796,2025-05-01,61.27,paid,bank_transfer,0
7280,796,2025-06-01,61.27,paid,card,0
7281,796,2025-07-01,61.27,paid,card,0
7282,796,2025-08-01,61.27,paid,bank_transfer,0
7283,796,2025-09-01,61.27,paid,upi,0
7284,796,2025-10-01,61.27,paid,upi,0
7285,796,2025-11-01,61.27,paid,bank_transfer,0
7286,796,2025-12-01,61.27,paid,card,0
7287,796,2026-01-01,61.27,paid,bank_transfer,0
7288,796,2026-02-01,61.27,paid,bank_transfer,0
7289,796,2026-03-01,61.27,paid,card,0
7290,796,2026-04-01,61.27,paid,card,0
7291,796,2026-05-01,61.27,paid,card,0
7292,796,2026-06-01,61.27,paid,card,0
7293,796,2026-07-01,61.27,paid,card,0
7294,797,2025-04-01,991.5,paid,bank_transfer,0
7295,797,2025-05-01,991.5,paid,card,0
7296,797,2025-06-01,991.5,paid,bank_transfer,0
7297,797,2025-07-01,991.5,paid,card,0
7298,797,2025-08-01,991.5,paid,card,0
7299,797,2025-09-01,991.5,paid,card,0
7300,797,2025-10-01,991.5,paid,card,0
7301,797,2025-11-01,991.5,paid,bank_transfer,0
7302,797,2025-12-01,991.5,paid,bank_transfer,0
7303,797,2026-01-01,991.5,paid,card,0
7304,797,2026-02-01,991.5,paid,upi,0
7305,797,2026-03-01,991.5,paid,card,0
7306,797,2026-04-01,991.5,paid,bank_transfer,0
7307,797,2026-05-01,991.5,paid,card,0
7308,797,2026-06-01,991.5,paid,card,0
7309,797,2026-07-01,991.5,paid,card,0
7310,798,2025-08-01,191.19,paid,bank_transfer,0
7311,798,2025-09-01,191.19,paid,card,0
7312,798,2025-10-01,191.19,paid,card,0
7313,798,2025-11-01,191.19,paid,card,0
7314,798,2025-12-01,191.19,paid,card,0
7315,798,2026-01-01,191.19,paid,card,0
7316,798,2026-02-01,191.19,paid,bank_transfer,0
7317,798,2026-03-01,191.19,paid,card,0
7318,798,2026-04-01,191.19,paid,upi,0
7319,798,2026-05-01,191.19,paid,bank_transfer,0
7320,798,2026-06-01,191.19,paid,bank_transfer,0
7321,798,2026-07-01,191.19,paid,card,0
7322,799,2025-01-01,243.47,paid,card,0
7323,799,2025-02-01,243.47,paid,card,0
7324,799,2025-03-01,243.47,paid,upi,0
7325,799,2025-04-01,243.47,paid,upi,0
7326,799,2025-05-01,243.47,paid,bank_transfer,0
7327,799,2025-06-01,243.47,paid,upi,0
7328,799,2025-07-01,243.47,paid,bank_transfer,0
7329,799,2025-08-01,243.47,paid,bank_transfer,0
7330,799,2025-09-01,243.47,paid,card,0
7331,799,2025-10-01,243.47,paid,upi,0
7332,799,2025-11-01,243.47,paid,bank_transfer,0
7333,799,2025-12-01,243.47,paid,card,0
7334,799,2026-01-01,243.47,paid,card,0
7335,799,2026-02-01,243.47,paid,card,0
7336,799,2026-03-01,243.47,paid,upi,0
7337,799,2026-04-01,243.47,paid,card,0
7338,799,2026-05-01,243.47,paid,card,0
7339,800,2025-06-01,49.91,paid,bank_transfer,0
7340,800,2025-07-01,49.91,paid,card,0
7341,800,2025-08-01,49.91,paid,bank_transfer,0
7342,800,2025-09-01,49.91,paid,card,0
7343,800,2025-10-01,49.91,paid,bank_transfer,0
7344,800,2025-11-01,49.91,paid,bank_transfer,0
7345,800,2025-12-01,49.91,paid,bank_transfer,0
7346,800,2026-01-01,49.91,paid,bank_transfer,0
7347,800,2026-02-01,49.91,paid,card,0
7348,800,2026-03-01,49.91,paid,card,0
7349,800,2026-04-01,49.91,paid,card,0
7350,800,2026-05-01,49.91,failed,card,1
7351,801,2026-03-01,186.24,paid,upi,0
7352,801,2026-04-01,186.24,failed,card,1
7353,801,2026-05-01,186.24,failed,bank_transfer,1
7354,802,2025-09-01,61.97,paid,card,0
7355,802,2025-10-01,61.97,failed,card,2
7356,802,2025-11-01,61.97,paid,card,0
7357,802,2025-12-01,61.97,paid,bank_transfer,0
7358,802,2026-01-01,61.97,failed,card,1
7359,802,2026-02-01,61.97,paid,card,0
7360,802,2026-03-01,61.97,paid,card,0
7361,802,2026-04-01,61.97,paid,card,0
7362,802,2026-05-01,61.97,failed,card,0
7363,802,2026-06-01,61.97,failed,card,0
7364,803,2025-09-01,175.49,paid,card,0
7365,803,2025-10-01,175.49,paid,card,0
7366,803,2025-11-01,175.49,paid,card,0
7367,803,2025-12-01,175.49,paid,bank_transfer,0
7368,803,2026-01-01,175.49,paid,card,0
7369,803,2026-02-01,175.49,paid,bank_transfer,0
7370,803,2026-03-01,175.49,paid,card,0
7371,804,2025-05-01,60.13,paid,card,0
7372,804,2025-06-01,60.13,paid,card,0
7373,805,2025-11-01,846.24,paid,card,0
7374,805,2025-12-01,846.24,paid,card,0
7375,805,2026-01-01,846.24,paid,bank_transfer,0
7376,805,2026-02-01,846.24,paid,card,0
7377,805,2026-03-01,846.24,paid,card,0
7378,805,2026-04-01,846.24,paid,upi,0
7379,805,2026-05-01,846.24,failed,card,0
7380,805,2026-06-01,846.24,paid,card,0
7381,805,2026-07-01,846.24,paid,card,0
7382,806,2024-11-01,225.14,paid,bank_transfer,0
7383,806,2024-12-01,225.14,paid,card,0
7384,806,2025-01-01,225.14,paid,bank_transfer,0
7385,808,2026-08-01,49.47,paid,bank_transfer,0
7386,808,2026-09-01,49.47,paid,card,0
7387,808,2026-10-01,49.47,failed,card,0
7388,808,2026-11-01,49.47,paid,card,0
7389,808,2026-12-01,49.47,paid,card,0
7390,809,2026-02-01,233.49,paid,card,0
7391,809,2026-03-01,233.49,paid,card,0
7392,809,2026-04-01,233.49,paid,bank_transfer,0
7393,809,2026-05-01,233.49,paid,bank_transfer,0
7394,809,2026-06-01,233.49,paid,card,0
7395,809,2026-07-01,233.49,paid,card,0
7396,810,2026-05-01,241.28,paid,card,0
7397,810,2026-06-01,241.28,paid,card,0
7398,810,2026-07-01,241.28,paid,upi,0
7399,811,2026-02-01,830.89,paid,upi,0
7400,811,2026-03-01,830.89,paid,upi,0
7401,811,2026-04-01,830.89,paid,card,0
7402,811,2026-05-01,830.89,paid,card,0
7403,811,2026-06-01,830.89,paid,card,0
7404,811,2026-07-01,830.89,paid,upi,0
7405,812,2025-03-01,62.39,paid,card,0
7406,813,2025-10-01,214.33,paid,card,0
7407,813,2025-11-01,214.33,paid,card,0
7408,813,2025-12-01,214.33,paid,card,0
7409,814,2024-12-01,208.63,paid,card,0
7410,814,2025-01-01,208.63,paid,bank_transfer,0
7411,814,2025-02-01,208.63,paid,card,0
7412,814,2025-03-01,208.63,paid,card,0
7413,814,2025-04-01,208.63,paid,bank_transfer,0
7414,814,2025-05-01,208.63,paid,bank_transfer,0
7415,814,2025-06-01,208.63,paid,upi,0
7416,814,2025-07-01,208.63,paid,card,0
7417,814,2025-08-01,208.63,paid,card,0
7418,814,2025-09-01,208.63,paid,bank_transfer,0
7419,814,2025-10-01,208.63,paid,card,0
7420,814,2025-11-01,208.63,paid,card,0
7421,814,2025-12-01,208.63,paid,card,0
7422,814,2026-01-01,208.63,paid,bank_transfer,0
7423,814,2026-02-01,208.63,failed,card,2
7424,815,2024-10-01,42.55,paid,card,0
7425,815,2024-11-01,42.55,failed,card,0
7426,815,2024-12-01,42.55,failed,card,3
7427,816,2025-02-01,203.66,failed,bank_transfer,2
7428,816,2025-03-01,203.66,failed,card,0
7429,817,2025-07-01,180.78,failed,card,2
7430,817,2025-08-01,180.78,paid,upi,0
7431,817,2025-09-01,180.78,paid,card,0
7432,817,2025-10-01,180.78,failed,card,0
7433,817,2025-11-01,180.78,paid,card,0
7434,817,2025-12-01,180.78,paid,card,0
7435,817,2026-01-01,180.78,paid,card,0
7436,817,2026-02-01,180.78,paid,card,0
7437,817,2026-03-01,180.78,paid,card,0
7438,817,2026-04-01,180.78,paid,upi,0
7439,817,2026-05-01,180.78,paid,card,0
7440,817,2026-06-01,180.78,paid,card,0
7441,817,2026-07-01,180.78,paid,card,0
7442,818,2024-10-01,49.16,paid,card,0
7443,818,2024-11-01,49.16,paid,card,0
7444,818,2024-12-01,49.16,paid,bank_transfer,0
7445,818,2025-01-01,49.16,paid,card,0
7446,818,2025-02-01,49.16,paid,card,0
7447,818,2025-03-01,49.16,paid,card,0
7448,819,2026-04-01,53.47,paid,bank_transfer,0
7449,819,2026-05-01,53.47,paid,card,0
7450,819,2026-06-01,53.47,paid,bank_transfer,0
7451,820,2025-03-01,63.1,paid,card,0
7452,820,2025-04-01,63.1,paid,card,0
7453,820,2025-05-01,63.1,paid,card,0
7454,820,2025-06-01,63.1,paid,card,0
7455,820,2025-07-01,63.1,paid,bank_transfer,0
7456,820,2025-08-01,63.1,paid,card,0
7457,820,2025-09-01,63.1,paid,card,0
7458,820,2025-10-01,63.1,paid,card,0
7459,820,2025-11-01,63.1,paid,card,0
7460,820,2025-12-01,63.1,paid,card,0
7461,820,2026-01-01,63.1,paid,card,0
7462,820,2026-02-01,63.1,paid,card,0
7463,820,2026-03-01,63.1,paid,bank_transfer,0
7464,820,2026-04-01,63.1,paid,card,0
7465,820,2026-05-01,63.1,paid,card,0
7466,821,2025-11-01,47.89,paid,card,0
7467,821,2025-12-01,47.89,paid,card,0
7468,821,2026-01-01,47.89,paid,bank_transfer,0
7469,821,2026-02-01,47.89,paid,card,0
7470,821,2026-03-01,47.89,paid,card,0
7471,821,2026-04-01,47.89,paid,card,0
7472,821,2026-05-01,47.89,paid,bank_transfer,0
7473,821,2026-06-01,47.89,paid,bank_transfer,0
7474,821,2026-07-01,47.89,paid,card,0
7475,822,2025-11-01,258.56,paid,card,0
7476,822,2025-12-01,258.56,paid,card,0
7477,822,2026-01-01,258.56,paid,card,0
7478,822,2026-02-01,258.56,failed,bank_transfer,1
7479,822,2026-03-01,258.56,paid,card,0
7480,822,2026-04-01,258.56,paid,card,0
7481,822,2026-05-01,258.56,paid,card,0
7482,822,2026-06-01,258.56,paid,card,0
7483,822,2026-07-01,258.56,paid,bank_transfer,0
7484,823,2024-12-01,44.1,paid,bank_transfer,0
7485,823,2025-01-01,44.1,paid,card,0
7486,823,2025-02-01,44.1,paid,upi,0
7487,823,2025-03-01,44.1,paid,bank_transfer,0
7488,823,2025-04-01,44.1,paid,card,0
7489,823,2025-05-01,44.1,paid,card,0
7490,823,2025-06-01,44.1,paid,upi,0
7491,823,2025-07-01,44.1,paid,card,0
7492,823,2025-08-01,44.1,paid,card,0
7493,823,2025-09-01,44.1,paid,card,0
7494,823,2025-10-01,44.1,paid,upi,0
7495,823,2025-11-01,44.1,failed,upi,3
7496,823,2025-12-01,44.1,paid,card,0
7497,824,2025-06-01,47.57,paid,card,0
7498,824,2025-07-01,47.57,paid,card,0
7499,824,2025-08-01,47.57,paid,card,0
7500,824,2025-09-01,47.57,paid,bank_transfer,0
7501,824,2025-10-01,47.57,failed,card,2
7502,824,2025-11-01,47.57,failed,upi,0
7503,824,2025-12-01,47.57,paid,card,0
7504,824,2026-01-01,47.57,failed,card,1
7505,824,2026-02-01,47.57,paid,card,0
7506,825,2025-07-01,55.17,paid,card,0
7507,825,2025-08-01,55.17,paid,bank_transfer,0
7508,825,2025-09-01,55.17,paid,bank_transfer,0
7509,825,2025-10-01,55.17,paid,card,0
7510,825,2025-11-01,55.17,paid,card,0
7511,825,2025-12-01,55.17,paid,card,0
7512,825,2026-01-01,55.17,paid,card,0
7513,825,2026-02-01,55.17,paid,card,0
7514,825,2026-03-01,55.17,paid,card,0
7515,825,2026-04-01,55.17,paid,card,0
7516,825,2026-05-01,55.17,paid,card,0
7517,826,2025-01-01,48.77,paid,card,0
7518,826,2025-02-01,48.77,paid,card,0
7519,826,2025-03-01,48.77,paid,bank_transfer,0
7520,827,2024-11-01,61.95,paid,card,0
7521,827,2024-12-01,61.95,paid,upi,0
7522,827,2025-01-01,61.95,paid,bank_transfer,0
7523,827,2025-02-01,61.95,paid,card,0
7524,827,2025-03-01,61.95,paid,card,0
7525,828,2025-08-01,45.28,paid,upi,0
7526,828,2025-09-01,45.28,paid,card,0
7527,828,2025-10-01,45.28,paid,card,0
7528,828,2025-11-01,45.28,paid,card,0
7529,828,2025-12-01,45.28,paid,card,0
7530,828,2026-01-01,45.28,paid,card,0
7531,828,2026-02-01,45.28,paid,card,0
7532,828,2026-03-01,45.28,paid,card,0
7533,828,2026-04-01,45.28,paid,card,0
7534,828,2026-05-01,45.28,paid,card,0
7535,828,2026-06-01,45.28,paid,card,0
7536,828,2026-07-01,45.28,paid,bank_transfer,0
7537,829,2025-05-01,60.36,paid,card,0
7538,829,2025-06-01,60.36,paid,card,0
7539,829,2025-07-01,60.36,paid,card,0
7540,829,2025-08-01,60.36,paid,upi,0
7541,829,2025-09-01,60.36,paid,card,0
7542,829,2025-10-01,60.36,paid,card,0
7543,829,2025-11-01,60.36,paid,card,0
7544,830,2025-08-01,56.51,paid,card,0
7545,830,2025-09-01,56.51,paid,upi,0
7546,830,2025-10-01,56.51,paid,card,0
7547,830,2025-11-01,56.51,paid,card,0
7548,830,2025-12-01,56.51,paid,card,0
7549,830,2026-01-01,56.51,paid,bank_transfer,0
7550,830,2026-02-01,56.51,paid,bank_transfer,0
7551,830,2026-03-01,56.51,paid,card,0
7552,830,2026-04-01,56.51,paid,card,0
7553,830,2026-05-01,56.51,paid,card,0
7554,830,2026-06-01,56.51,paid,card,0
7555,830,2026-07-01,56.51,paid,upi,0
7556,831,2025-08-01,873.69,paid,card,0
7557,831,2025-09-01,873.69,paid,bank_transfer,0
7558,831,2025-10-01,873.69,paid,card,0
7559,831,2025-11-01,873.69,paid,bank_transfer,0
7560,831,2025-12-01,873.69,paid,card,0
7561,831,2026-01-01,873.69,paid,card,0
7562,831,2026-02-01,873.69,paid,card,0
7563,831,2026-03-01,873.69,paid,bank_transfer,0
7564,831,2026-04-01,873.69,paid,upi,0
7565,832,2025-01-01,187.55,paid,card,0
7566,832,2025-02-01,187.55,paid,card,0
7567,832,2025-03-01,187.55,paid,card,0
7568,832,2025-04-01,187.55,paid,bank_transfer,0
7569,832,2025-05-01,187.55,paid,card,0
7570,832,2025-06-01,187.55,paid,card,0
7571,832,2025-07-01,187.55,paid,card,0
7572,832,2025-08-01,187.55,paid,card,0
7573,832,2025-09-01,187.55,paid,upi,0
7574,832,2025-10-01,187.55,paid,bank_transfer,0
7575,832,2025-11-01,187.55,paid,card,0
7576,832,2025-12-01,187.55,paid,card,0
7577,832,2026-01-01,187.55,paid,bank_transfer,0
7578,833,2025-12-01,254.57,paid,card,0
7579,833,2026-01-01,254.57,paid,bank_transfer,0
7580,833,2026-02-01,254.57,paid,card,0
7581,833,2026-03-01,254.57,paid,upi,0
7582,833,2026-04-01,254.57,paid,card,0
7583,833,2026-05-01,254.57,paid,card,0
7584,833,2026-06-01,254.57,paid,card,0
7585,833,2026-07-01,254.57,paid,card,0
7586,834,2025-05-01,59.95,paid,card,0
7587,834,2025-06-01,59.95,paid,card,0
7588,834,2025-07-01,59.95,paid,card,0
7589,834,2025-08-01,59.95,paid,card,0
7590,834,2025-09-01,59.95,paid,bank_transfer,0
7591,834,2025-10-01,59.95,paid,card,0
7592,834,2025-11-01,59.95,paid,bank_transfer,0
7593,834,2025-12-01,59.95,paid,card,0
7594,835,2026-02-01,195.2,paid,upi,0
7595,835,2026-03-01,195.2,paid,card,0
7596,835,2026-04-01,195.2,paid,card,0
7597,835,2026-05-01,195.2,paid,card,0
7598,835,2026-06-01,195.2,paid,bank_transfer,0
7599,835,2026-07-01,195.2,paid,card,0
7600,836,2025-10-01,196.2,failed,card,0
7601,836,2025-11-01,196.2,paid,card,0
7602,836,2025-12-01,196.2,paid,card,0
7603,836,2026-01-01,196.2,paid,card,0
7604,836,2026-02-01,196.2,paid,card,0
7605,836,2026-03-01,196.2,paid,card,0
7606,836,2026-04-01,196.2,paid,card,0
7607,836,2026-05-01,196.2,paid,card,0
7608,836,2026-06-01,196.2,paid,upi,0
7609,836,2026-07-01,196.2,paid,upi,0
7610,837,2025-12-01,209.38,paid,card,0
7611,837,2026-01-01,209.38,paid,bank_transfer,0
7612,837,2026-02-01,209.38,paid,bank_transfer,0
7613,837,2026-03-01,209.38,paid,bank_transfer,0
7614,837,2026-04-01,209.38,paid,card,0
7615,837,2026-05-01,209.38,failed,card,1
7616,838,2025-08-01,48.2,paid,card,0
7617,838,2025-09-01,48.2,paid,bank_transfer,0
7618,838,2025-10-01,48.2,paid,bank_transfer,0
7619,838,2025-11-01,48.2,paid,card,0
7620,838,2025-12-01,48.2,paid,card,0
7621,838,2026-01-01,48.2,paid,upi,0
7622,838,2026-02-01,48.2,paid,card,0
7623,838,2026-03-01,48.2,paid,bank_transfer,0
7624,838,2026-04-01,48.2,paid,card,0
7625,838,2026-05-01,48.2,paid,bank_transfer,0
7626,839,2025-08-01,172.17,paid,card,0
7627,839,2025-09-01,172.17,paid,card,0
7628,839,2025-10-01,172.17,paid,card,0
7629,839,2025-11-01,172.17,paid,card,0
7630,839,2025-12-01,172.17,paid,card,0
7631,839,2026-01-01,172.17,paid,card,0
7632,839,2026-02-01,172.17,paid,bank_transfer,0
7633,839,2026-03-01,172.17,paid,card,0
7634,839,2026-04-01,172.17,paid,card,0
7635,839,2026-05-01,172.17,paid,card,0
7636,839,2026-06-01,172.17,paid,card,0
7637,839,2026-07-01,172.17,failed,card,1
7638,840,2025-10-01,58.38,paid,bank_transfer,0
7639,840,2025-11-01,58.38,failed,card,0
7640,840,2025-12-01,58.38,paid,card,0
7641,841,2025-02-01,52.29,paid,upi,0
7642,841,2025-03-01,52.29,paid,card,0
7643,841,2025-04-01,52.29,paid,card,0
7644,842,2025-11-01,60.9,paid,card,0
7645,842,2025-12-01,60.9,paid,card,0
7646,842,2026-01-01,60.9,paid,bank_transfer,0
7647,842,2026-02-01,60.9,paid,card,0
7648,842,2026-03-01,60.9,paid,card,0
7649,842,2026-04-01,60.9,paid,card,0
7650,842,2026-05-01,60.9,paid,card,0
7651,842,2026-06-01,60.9,paid,card,0
7652,842,2026-07-01,60.9,paid,card,0
7653,843,2025-04-01,1159.87,paid,card,0
7654,843,2025-05-01,1159.87,paid,card,0
7655,843,2025-06-01,1159.87,paid,bank_transfer,0
7656,843,2025-07-01,1159.87,paid,card,0
7657,843,2025-08-01,1159.87,paid,card,0
7658,843,2025-09-01,1159.87,paid,card,0
7659,843,2025-10-01,1159.87,paid,card,0
7660,843,2025-11-01,1159.87,paid,card,0
7661,843,2025-12-01,1159.87,paid,card,0
7662,843,2026-01-01,1159.87,paid,bank_transfer,0
7663,843,2026-02-01,1159.87,paid,card,0
7664,843,2026-03-01,1159.87,paid,bank_transfer,0
7665,843,2026-04-01,1159.87,paid,card,0
7666,843,2026-05-01,1159.87,paid,card,0
7667,843,2026-06-01,1159.87,paid,card,0
7668,843,2026-07-01,1159.87,paid,card,0
7669,844,2025-03-01,58.71,paid,card,0
7670,844,2025-04-01,58.71,paid,bank_transfer,0
7671,844,2025-05-01,58.71,paid,upi,0
7672,844,2025-06-01,58.71,paid,card,0
7673,844,2025-07-01,58.71,paid,card,0
7674,844,2025-08-01,58.71,paid,bank_transfer,0
7675,844,2025-09-01,58.71,paid,card,0
7676,844,2025-10-01,58.71,paid,card,0
7677,844,2025-11-01,58.71,paid,card,0
7678,844,2025-12-01,58.71,paid,card,0
7679,844,2026-01-01,58.71,paid,bank_transfer,0
7680,844,2026-02-01,58.71,paid,card,0
7681,844,2026-03-01,58.71,failed,card,2
7682,845,2025-03-01,42.58,paid,card,0
7683,845,2025-04-01,42.58,paid,card,0
7684,845,2025-05-01,42.58,paid,card,0
7685,845,2025-06-01,42.58,paid,upi,0
7686,845,2025-07-01,42.58,paid,card,0
7687,845,2025-08-01,42.58,paid,card,0
7688,845,2025-09-01,42.58,paid,upi,0
7689,845,2025-10-01,42.58,paid,card,0
7690,845,2025-11-01,42.58,paid,upi,0
7691,845,2025-12-01,42.58,paid,card,0
7692,846,2025-12-01,54.91,paid,card,0
7693,846,2026-01-01,54.91,paid,card,0
7694,846,2026-02-01,54.91,paid,bank_transfer,0
7695,846,2026-03-01,54.91,paid,card,0
7696,846,2026-04-01,54.91,paid,card,0
7697,846,2026-05-01,54.91,paid,card,0
7698,846,2026-06-01,54.91,paid,card,0
7699,846,2026-07-01,54.91,paid,card,0
7700,847,2025-07-01,801.38,paid,card,0
7701,847,2025-08-01,801.38,paid,bank_transfer,0
7702,847,2025-09-01,801.38,paid,card,0
7703,847,2025-10-01,801.38,paid,card,0
7704,847,2025-11-01,801.38,paid,card,0
7705,847,2025-12-01,801.38,paid,card,0
7706,847,2026-01-01,801.38,paid,bank_transfer,0
7707,847,2026-02-01,801.38,paid,card,0
7708,847,2026-03-01,801.38,paid,card,0
7709,847,2026-04-01,801.38,failed,bank_transfer,0
7710,847,2026-05-01,801.38,paid,card,0
7711,847,2026-06-01,801.38,failed,bank_transfer,2
7712,847,2026-07-01,801.38,paid,card,0
7713,849,2026-06-01,43.56,paid,bank_transfer,0
7714,849,2026-07-01,43.56,paid,bank_transfer,0
7715,849,2026-08-01,43.56,paid,card,0
7716,849,2026-09-01,43.56,paid,bank_transfer,0
7717,849,2026-10-01,43.56,paid,upi,0
7718,849,2026-11-01,43.56,paid,card,0
7719,850,2025-10-01,56.12,paid,bank_transfer,0
7720,850,2025-11-01,56.12,paid,card,0
7721,850,2025-12-01,56.12,paid,card,0
7722,850,2026-01-01,56.12,paid,upi,0
7723,850,2026-02-01,56.12,paid,card,0
7724,850,2026-03-01,56.12,paid,card,0
7725,850,2026-04-01,56.12,paid,card,0
7726,850,2026-05-01,56.12,failed,upi,1
7727,850,2026-06-01,56.12,failed,bank_transfer,2
7728,851,2025-03-01,232.42,paid,card,0
7729,851,2025-04-01,232.42,paid,card,0
7730,851,2025-05-01,232.42,paid,card,0
7731,851,2025-06-01,232.42,paid,card,0
7732,851,2025-07-01,232.42,paid,card,0
7733,851,2025-08-01,232.42,paid,card,0
7734,851,2025-09-01,232.42,paid,upi,0
7735,851,2025-10-01,232.42,paid,upi,0
7736,851,2025-11-01,232.42,paid,card,0
7737,851,2025-12-01,232.42,paid,card,0
7738,851,2026-01-01,232.42,paid,upi,0
7739,851,2026-02-01,232.42,paid,upi,0
7740,851,2026-03-01,232.42,paid,bank_transfer,0
7741,851,2026-04-01,232.42,paid,card,0
7742,851,2026-05-01,232.42,paid,card,0
7743,851,2026-06-01,232.42,paid,card,0
7744,851,2026-07-01,232.42,paid,bank_transfer,0
7745,852,2025-07-01,56.33,paid,card,0
7746,852,2025-08-01,56.33,paid,card,0
7747,852,2025-09-01,56.33,paid,card,0
7748,852,2025-10-01,56.33,failed,card,3
7749,852,2025-11-01,56.33,paid,card,0
7750,852,2025-12-01,56.33,paid,bank_transfer,0
7751,852,2026-01-01,56.33,paid,card,0
7752,852,2026-02-01,56.33,paid,upi,0
7753,852,2026-03-01,56.33,paid,upi,0
7754,852,2026-04-01,56.33,paid,bank_transfer,0
7755,852,2026-05-01,56.33,paid,upi,0
7756,852,2026-06-01,56.33,paid,card,0
7757,852,2026-07-01,56.33,paid,card,0
7758,853,2025-08-01,196.29,paid,upi,0
7759,853,2025-09-01,196.29,paid,card,0
7760,853,2025-10-01,196.29,paid,bank_transfer,0
7761,853,2025-11-01,196.29,paid,card,0
7762,853,2025-12-01,196.29,paid,card,0
7763,853,2026-01-01,196.29,paid,card,0
7764,853,2026-02-01,196.29,paid,card,0
7765,854,2025-09-01,1144.36,paid,card,0
7766,854,2025-10-01,1144.36,paid,bank_transfer,0
7767,854,2025-11-01,1144.36,paid,card,0
7768,854,2025-12-01,1144.36,paid,bank_transfer,0
7769,854,2026-01-01,1144.36,paid,card,0
7770,854,2026-02-01,1144.36,paid,card,0
7771,854,2026-03-01,1144.36,paid,card,0
7772,854,2026-04-01,1144.36,paid,card,0
7773,854,2026-05-01,1144.36,paid,card,0
7774,854,2026-06-01,1144.36,paid,card,0
7775,854,2026-07-01,1144.36,paid,card,0
7776,855,2025-09-01,57.28,paid,card,0
7777,855,2025-10-01,57.28,paid,card,0
7778,855,2025-11-01,57.28,paid,card,0
7779,855,2025-12-01,57.28,paid,card,0
7780,855,2026-01-01,57.28,failed,card,1
7781,856,2026-03-01,62.5,paid,bank_transfer,0
7782,856,2026-04-01,62.5,paid,card,0
7783,856,2026-05-01,62.5,paid,card,0
7784,856,2026-06-01,62.5,paid,card,0
7785,856,2026-07-01,62.5,paid,bank_transfer,0
7786,857,2025-06-01,1140.77,paid,upi,0
7787,857,2025-07-01,1140.77,paid,card,0
7788,857,2025-08-01,1140.77,paid,card,0
7789,857,2025-09-01,1140.77,paid,card,0
7790,857,2025-10-01,1140.77,paid,card,0
7791,857,2025-11-01,1140.77,paid,card,0
7792,857,2025-12-01,1140.77,paid,upi,0
7793,857,2026-01-01,1140.77,paid,upi,0
7794,857,2026-02-01,1140.77,paid,bank_transfer,0
7795,857,2026-03-01,1140.77,failed,card,0
7796,857,2026-04-01,1140.77,paid,card,0
7797,857,2026-05-01,1140.77,paid,card,0
7798,857,2026-06-01,1140.77,paid,card,0
7799,857,2026-07-01,1140.77,paid,bank_transfer,0
7800,858,2025-03-01,171.25,paid,card,0
7801,858,2025-04-01,171.25,paid,card,0
7802,858,2025-05-01,171.25,paid,card,0
7803,858,2025-06-01,171.25,paid,card,0
7804,858,2025-07-01,171.25,paid,card,0
7805,858,2025-08-01,171.25,paid,card,0
7806,858,2025-09-01,171.25,paid,card,0
7807,858,2025-10-01,171.25,paid,card,0
7808,858,2025-11-01,171.25,paid,card,0
7809,858,2025-12-01,171.25,paid,card,0
7810,858,2026-01-01,171.25,paid,card,0
7811,858,2026-02-01,171.25,paid,card,0
7812,858,2026-03-01,171.25,paid,card,0
7813,858,2026-04-01,171.25,paid,bank_transfer,0
7814,858,2026-05-01,171.25,paid,card,0
7815,858,2026-06-01,171.25,paid,card,0
7816,858,2026-07-01,171.25,paid,card,0
7817,859,2025-05-01,173.16,paid,card,0
7818,859,2025-06-01,173.16,paid,card,0
7819,859,2025-07-01,173.16,paid,card,0
7820,859,2025-08-01,173.16,paid,bank_transfer,0
7821,859,2025-09-01,173.16,paid,upi,0
7822,859,2025-10-01,173.16,paid,card,0
7823,859,2025-11-01,173.16,paid,upi,0
7824,859,2025-12-01,173.16,paid,upi,0
7825,859,2026-01-01,173.16,paid,card,0
7826,859,2026-02-01,173.16,paid,card,0
7827,859,2026-03-01,173.16,paid,card,0
7828,859,2026-04-01,173.16,paid,card,0
7829,859,2026-05-01,173.16,paid,card,0
7830,859,2026-06-01,173.16,paid,card,0
7831,859,2026-07-01,173.16,paid,bank_transfer,0
7832,860,2025-04-01,254.64,paid,bank_transfer,0
7833,860,2025-05-01,254.64,paid,card,0
7834,860,2025-06-01,254.64,paid,upi,0
7835,860,2025-07-01,254.64,paid,card,0
7836,860,2025-08-01,254.64,paid,card,0
7837,862,2025-08-01,42.5,failed,card,1
7838,862,2025-09-01,42.5,paid,card,0
7839,862,2025-10-01,42.5,paid,card,0
7840,862,2025-11-01,42.5,paid,card,0
7841,862,2025-12-01,42.5,paid,card,0
7842,862,2026-01-01,42.5,paid,card,0
7843,862,2026-02-01,42.5,paid,upi,0
7844,862,2026-03-01,42.5,paid,upi,0
7845,862,2026-04-01,42.5,paid,bank_transfer,0
7846,862,2026-05-01,42.5,paid,card,0
7847,862,2026-06-01,42.5,paid,card,0
7848,862,2026-07-01,42.5,paid,card,0
7849,862,2026-08-01,42.5,paid,card,0
7850,864,2026-07-01,45.33,paid,card,0
7851,864,2026-08-01,45.33,paid,card,0
7852,864,2026-09-01,45.33,paid,card,0
7853,864,2026-10-01,45.33,paid,upi,0
7854,864,2026-11-01,45.33,paid,upi,0
7855,864,2026-12-01,45.33,paid,card,0
7856,864,2027-01-01,45.33,paid,card,0
7857,864,2027-02-01,45.33,paid,card,0
7858,864,2027-03-01,45.33,paid,card,0
7859,864,2027-04-01,45.33,paid,card,0
7860,864,2027-05-01,45.33,paid,card,0
7861,865,2025-07-01,222.38,paid,card,0
7862,865,2025-08-01,222.38,paid,card,0
7863,865,2025-09-01,222.38,paid,card,0
7864,865,2025-10-01,222.38,paid,bank_transfer,0
7865,865,2025-11-01,222.38,paid,card,0
7866,865,2025-12-01,222.38,paid,upi,0
7867,866,2025-11-01,198.06,paid,bank_transfer,0
7868,866,2025-12-01,198.06,paid,card,0
7869,866,2026-01-01,198.06,failed,bank_transfer,1
7870,866,2026-02-01,198.06,paid,card,0
7871,866,2026-03-01,198.06,paid,card,0
7872,866,2026-04-01,198.06,paid,bank_transfer,0
7873,866,2026-05-01,198.06,paid,card,0
7874,866,2026-06-01,198.06,paid,card,0
7875,866,2026-07-01,198.06,paid,card,0
7876,867,2025-01-01,48.3,paid,bank_transfer,0
7877,867,2025-02-01,48.3,paid,card,0
7878,867,2025-03-01,48.3,paid,bank_transfer,0
7879,867,2025-04-01,48.3,paid,card,0
7880,867,2025-05-01,48.3,paid,card,0
7881,867,2025-06-01,48.3,paid,card,0
7882,867,2025-07-01,48.3,paid,card,0
7883,867,2025-08-01,48.3,paid,card,0
7884,867,2025-09-01,48.3,paid,card,0
7885,868,2025-01-01,44.3,paid,card,0
7886,868,2025-02-01,44.3,paid,upi,0
7887,868,2025-03-01,44.3,paid,card,0
7888,868,2025-04-01,44.3,paid,card,0
7889,868,2025-05-01,44.3,paid,card,0
7890,868,2025-06-01,44.3,paid,card,0
7891,868,2025-07-01,44.3,paid,card,0
7892,868,2025-08-01,44.3,paid,upi,0
7893,868,2025-09-01,44.3,paid,card,0
7894,868,2025-10-01,44.3,paid,card,0
7895,868,2025-11-01,44.3,paid,card,0
7896,868,2025-12-01,44.3,paid,bank_transfer,0
7897,868,2026-01-01,44.3,paid,card,0
7898,868,2026-02-01,44.3,paid,card,0
7899,868,2026-03-01,44.3,paid,bank_transfer,0
7900,868,2026-04-01,44.3,paid,card,0
7901,868,2026-05-01,44.3,paid,card,0
7902,868,2026-06-01,44.3,paid,bank_transfer,0
7903,868,2026-07-01,44.3,paid,card,0
7904,869,2025-08-01,192.09,paid,card,0
7905,869,2025-09-01,192.09,paid,card,0
7906,869,2025-10-01,192.09,paid,upi,0
7907,869,2025-11-01,192.09,paid,card,0
7908,869,2025-12-01,192.09,paid,card,0
7909,869,2026-01-01,192.09,paid,card,0
7910,871,2026-04-01,255.75,paid,card,0
7911,871,2026-05-01,255.75,paid,card,0
7912,871,2026-06-01,255.75,paid,card,0
7913,871,2026-07-01,255.75,paid,card,0
7914,871,2026-08-01,255.75,paid,card,0
7915,871,2026-09-01,255.75,paid,bank_transfer,0
7916,871,2026-10-01,255.75,paid,bank_transfer,0
7917,871,2026-11-01,255.75,failed,bank_transfer,1
7918,871,2026-12-01,255.75,paid,card,0
7919,871,2027-01-01,255.75,paid,card,0
7920,871,2027-02-01,255.75,paid,card,0
7921,871,2027-03-01,255.75,paid,upi,0
7922,871,2027-04-01,255.75,paid,card,0
7923,871,2027-05-01,255.75,paid,card,0
7924,871,2027-06-01,255.75,paid,card,0
7925,871,2027-07-01,255.75,paid,bank_transfer,0
7926,871,2027-08-01,255.75,paid,card,0
7927,872,2025-07-01,194.47,paid,card,0
7928,872,2025-08-01,194.47,paid,bank_transfer,0
7929,872,2025-09-01,194.47,paid,bank_transfer,0
7930,872,2025-10-01,194.47,paid,card,0
7931,872,2025-11-01,194.47,paid,card,0
7932,872,2025-12-01,194.47,paid,card,0
7933,872,2026-01-01,194.47,paid,card,0
7934,872,2026-02-01,194.47,paid,upi,0
7935,872,2026-03-01,194.47,paid,card,0
7936,872,2026-04-01,194.47,paid,card,0
7937,872,2026-05-01,194.47,paid,bank_transfer,0
7938,872,2026-06-01,194.47,failed,card,0
7939,872,2026-07-01,194.47,paid,card,0
7940,873,2025-09-01,47.5,failed,upi,2
7941,873,2025-10-01,47.5,paid,card,0
7942,873,2025-11-01,47.5,paid,card,0
7943,873,2025-12-01,47.5,paid,card,0
7944,873,2026-01-01,47.5,paid,card,0
7945,873,2026-02-01,47.5,paid,card,0
7946,873,2026-03-01,47.5,paid,card,0
7947,873,2026-04-01,47.5,paid,bank_transfer,0
7948,873,2026-05-01,47.5,paid,card,0
7949,875,2025-01-01,43.57,paid,bank_transfer,0
7950,876,2025-08-01,62.78,paid,card,0
7951,876,2025-09-01,62.78,paid,card,0
7952,876,2025-10-01,62.78,paid,card,0
7953,876,2025-11-01,62.78,paid,card,0
7954,876,2025-12-01,62.78,paid,card,0
7955,876,2026-01-01,62.78,paid,card,0
7956,877,2025-05-01,52.45,paid,upi,0
7957,877,2025-06-01,52.45,paid,card,0
7958,877,2025-07-01,52.45,paid,card,0
7959,877,2025-08-01,52.45,paid,card,0
7960,878,2025-04-01,229.03,paid,card,0
7961,878,2025-05-01,229.03,paid,card,0
7962,878,2025-06-01,229.03,paid,card,0
7963,878,2025-07-01,229.03,paid,bank_transfer,0
7964,878,2025-08-01,229.03,paid,card,0
7965,878,2025-09-01,229.03,paid,card,0
7966,878,2025-10-01,229.03,paid,upi,0
7967,878,2025-11-01,229.03,paid,card,0
7968,878,2025-12-01,229.03,paid,card,0
7969,878,2026-01-01,229.03,paid,card,0
7970,878,2026-02-01,229.03,paid,upi,0
7971,878,2026-03-01,229.03,paid,card,0
7972,878,2026-04-01,229.03,paid,card,0
7973,878,2026-05-01,229.03,paid,card,0
7974,878,2026-06-01,229.03,paid,card,0
7975,878,2026-07-01,229.03,paid,upi,0
7976,879,2025-01-01,257.33,paid,bank_transfer,0
7977,879,2025-02-01,257.33,paid,bank_transfer,0
7978,879,2025-03-01,257.33,paid,card,0
7979,879,2025-04-01,257.33,paid,bank_transfer,0
7980,879,2025-05-01,257.33,paid,card,0
7981,879,2025-06-01,257.33,paid,card,0
7982,879,2025-07-01,257.33,paid,card,0
7983,879,2025-08-01,257.33,paid,bank_transfer,0
7984,879,2025-09-01,257.33,paid,card,0
7985,879,2025-10-01,257.33,paid,bank_transfer,0
7986,879,2025-11-01,257.33,paid,card,0
7987,879,2025-12-01,257.33,paid,card,0
7988,879,2026-01-01,257.33,paid,card,0
7989,879,2026-02-01,257.33,paid,card,0
7990,879,2026-03-01,257.33,paid,card,0
7991,879,2026-04-01,257.33,paid,bank_transfer,0
7992,879,2026-05-01,257.33,paid,card,0
7993,879,2026-06-01,257.33,paid,card,0
7994,879,2026-07-01,257.33,paid,card,0
7995,880,2025-01-01,57.13,paid,card,0
7996,880,2025-02-01,57.13,paid,card,0
7997,880,2025-03-01,57.13,paid,card,0
7998,880,2025-04-01,57.13,paid,card,0
7999,880,2025-05-01,57.13,paid,card,0
8000,880,2025-06-01,57.13,paid,card,0
8001,880,2025-07-01,57.13,paid,bank_transfer,0
8002,880,2025-08-01,57.13,paid,bank_transfer,0
8003,880,2025-09-01,57.13,paid,bank_transfer,0
8004,880,2025-10-01,57.13,failed,upi,0
8005,880,2025-11-01,57.13,paid,card,0
8006,881,2025-08-01,60.49,paid,card,0
8007,881,2025-09-01,60.49,paid,card,0
8008,881,2025-10-01,60.49,paid,upi,0
8009,881,2025-11-01,60.49,paid,card,0
8010,881,2025-12-01,60.49,paid,bank_transfer,0
8011,881,2026-01-01,60.49,paid,bank_transfer,0
8012,881,2026-02-01,60.49,paid,upi,0
8013,881,2026-03-01,60.49,paid,card,0
8014,881,2026-04-01,60.49,paid,card,0
8015,881,2026-05-01,60.49,paid,card,0
8016,881,2026-06-01,60.49,paid,upi,0
8017,881,2026-07-01,60.49,paid,upi,0
8018,882,2025-01-01,232.7,paid,bank_transfer,0
8019,882,2025-02-01,232.7,paid,card,0
8020,882,2025-03-01,232.7,paid,card,0
8021,882,2025-04-01,232.7,paid,card,0
8022,882,2025-05-01,232.7,paid,card,0
8023,882,2025-06-01,232.7,paid,card,0
8024,882,2025-07-01,232.7,paid,card,0
8025,882,2025-08-01,232.7,paid,card,0
8026,882,2025-09-01,232.7,paid,card,0
8027,882,2025-10-01,232.7,paid,card,0
8028,882,2025-11-01,232.7,paid,card,0
8029,882,2025-12-01,232.7,paid,card,0
8030,882,2026-01-01,232.7,paid,card,0
8031,882,2026-02-01,232.7,paid,card,0
8032,882,2026-03-01,232.7,paid,card,0
8033,882,2026-04-01,232.7,paid,card,0
8034,882,2026-05-01,232.7,paid,card,0
8035,882,2026-06-01,232.7,paid,bank_transfer,0
8036,882,2026-07-01,232.7,failed,card,1
8037,883,2025-04-01,251.18,paid,bank_transfer,0
8038,883,2025-05-01,251.18,paid,card,0
8039,883,2025-06-01,251.18,paid,card,0
8040,883,2025-07-01,251.18,paid,card,0
8041,883,2025-08-01,251.18,paid,card,0
8042,883,2025-09-01,251.18,paid,card,0
8043,883,2025-10-01,251.18,paid,card,0
8044,883,2025-11-01,251.18,paid,card,0
8045,883,2025-12-01,251.18,paid,card,0
8046,883,2026-01-01,251.18,paid,card,0
8047,883,2026-02-01,251.18,paid,card,0
8048,883,2026-03-01,251.18,paid,card,0
8049,883,2026-04-01,251.18,failed,card,3
8050,883,2026-05-01,251.18,paid,card,0
8051,883,2026-06-01,251.18,paid,card,0
8052,883,2026-07-01,251.18,paid,card,0
8053,885,2025-07-01,1151.86,paid,bank_transfer,0
8054,885,2025-08-01,1151.86,paid,card,0
8055,885,2025-09-01,1151.86,paid,card,0
8056,885,2025-10-01,1151.86,paid,upi,0
8057,885,2025-11-01,1151.86,paid,card,0
8058,885,2025-12-01,1151.86,paid,card,0
8059,885,2026-01-01,1151.86,paid,card,0
8060,885,2026-02-01,1151.86,paid,upi,0
8061,885,2026-03-01,1151.86,paid,card,0
8062,885,2026-04-01,1151.86,paid,card,0
8063,885,2026-05-01,1151.86,paid,bank_transfer,0
8064,885,2026-06-01,1151.86,paid,card,0
8065,885,2026-07-01,1151.86,paid,upi,0
8066,885,2026-08-01,1151.86,paid,card,0
8067,885,2026-09-01,1151.86,paid,upi,0
8068,885,2026-10-01,1151.86,paid,card,0
8069,885,2026-11-01,1151.86,paid,card,0
8070,885,2026-12-01,1151.86,paid,upi,0
8071,886,2025-12-01,181.12,paid,card,0
8072,886,2026-01-01,181.12,paid,card,0
8073,886,2026-02-01,181.12,paid,card,0
8074,886,2026-03-01,181.12,paid,upi,0
8075,886,2026-04-01,181.12,paid,card,0
8076,886,2026-05-01,181.12,paid,card,0
8077,886,2026-06-01,181.12,paid,card,0
8078,886,2026-07-01,181.12,paid,card,0
8079,887,2025-06-01,194.72,paid,card,0
8080,887,2025-07-01,194.72,paid,card,0
8081,887,2025-08-01,194.72,paid,card,0
8082,887,2025-09-01,194.72,paid,upi,0
8083,888,2025-01-01,245.46,paid,card,0
8084,888,2025-02-01,245.46,paid,bank_transfer,0
8085,888,2025-03-01,245.46,paid,card,0
8086,888,2025-04-01,245.46,paid,card,0
8087,888,2025-05-01,245.46,paid,card,0
8088,888,2025-06-01,245.46,paid,upi,0
8089,888,2025-07-01,245.46,paid,card,0
8090,888,2025-08-01,245.46,paid,card,0
8091,888,2025-09-01,245.46,paid,card,0
8092,888,2025-10-01,245.46,paid,bank_transfer,0
8093,888,2025-11-01,245.46,paid,bank_transfer,0
8094,888,2025-12-01,245.46,paid,card,0
8095,888,2026-01-01,245.46,paid,bank_transfer,0
8096,889,2025-09-01,198.88,paid,card,0
8097,889,2025-10-01,198.88,paid,bank_transfer,0
8098,889,2025-11-01,198.88,paid,upi,0
8099,889,2025-12-01,198.88,paid,card,0
8100,889,2026-01-01,198.88,paid,card,0
8101,889,2026-02-01,198.88,paid,card,0
8102,889,2026-03-01,198.88,paid,card,0
8103,889,2026-04-01,198.88,paid,card,0
8104,889,2026-05-01,198.88,paid,card,0
8105,889,2026-06-01,198.88,paid,bank_transfer,0
8106,889,2026-07-01,198.88,paid,bank_transfer,0
8107,890,2025-05-01,59.86,paid,card,0
8108,890,2025-06-01,59.86,paid,card,0
8109,890,2025-07-01,59.86,paid,bank_transfer,0
8110,890,2025-08-01,59.86,paid,card,0
8111,890,2025-09-01,59.86,paid,bank_transfer,0
8112,890,2025-10-01,59.86,paid,card,0
8113,890,2025-11-01,59.86,paid,card,0
8114,890,2025-12-01,59.86,failed,card,0
8115,890,2026-01-01,59.86,paid,card,0
8116,890,2026-02-01,59.86,paid,bank_transfer,0
8117,890,2026-03-01,59.86,paid,card,0
8118,890,2026-04-01,59.86,paid,card,0
8119,891,2025-01-01,207.72,paid,card,0
8120,891,2025-02-01,207.72,paid,card,0
8121,891,2025-03-01,207.72,paid,bank_transfer,0
8122,891,2025-04-01,207.72,paid,upi,0
8123,891,2025-05-01,207.72,paid,card,0
8124,891,2025-06-01,207.72,paid,card,0
8125,892,2025-09-01,49.93,paid,upi,0
8126,892,2025-10-01,49.93,paid,card,0
8127,892,2025-11-01,49.93,paid,card,0
8128,893,2025-08-01,1115.54,paid,card,0
8129,893,2025-09-01,1115.54,paid,bank_transfer,0
8130,893,2025-10-01,1115.54,paid,card,0
8131,893,2025-11-01,1115.54,paid,bank_transfer,0
8132,893,2025-12-01,1115.54,paid,bank_transfer,0
8133,893,2026-01-01,1115.54,paid,bank_transfer,0
8134,893,2026-02-01,1115.54,paid,bank_transfer,0
8135,893,2026-03-01,1115.54,paid,card,0
8136,893,2026-04-01,1115.54,paid,card,0
8137,893,2026-05-01,1115.54,paid,card,0
8138,893,2026-06-01,1115.54,paid,card,0
8139,893,2026-07-01,1115.54,paid,card,0
8140,895,2025-03-01,42.96,paid,upi,0
8141,895,2025-04-01,42.96,paid,bank_transfer,0
8142,895,2025-05-01,42.96,paid,card,0
8143,895,2025-06-01,42.96,paid,card,0
8144,895,2025-07-01,42.96,paid,card,0
8145,895,2025-08-01,42.96,paid,bank_transfer,0
8146,895,2025-09-01,42.96,paid,card,0
8147,896,2025-05-01,44.95,failed,upi,0
8148,896,2025-06-01,44.95,paid,card,0
8149,896,2025-07-01,44.95,paid,upi,0
8150,897,2025-07-01,50.41,paid,card,0
8151,897,2025-08-01,50.41,paid,card,0
8152,897,2025-09-01,50.41,paid,card,0
8153,897,2025-10-01,50.41,paid,bank_transfer,0
8154,897,2025-11-01,50.41,paid,card,0
8155,897,2025-12-01,50.41,paid,card,0
8156,897,2026-01-01,50.41,paid,bank_transfer,0
8157,897,2026-02-01,50.41,paid,card,0
8158,897,2026-03-01,50.41,paid,card,0
8159,897,2026-04-01,50.41,paid,bank_transfer,0
8160,897,2026-05-01,50.41,paid,card,0
8161,897,2026-06-01,50.41,paid,card,0
8162,897,2026-07-01,50.41,paid,card,0
8163,898,2025-11-01,180.2,paid,card,0
8164,898,2025-12-01,180.2,paid,card,0
8165,898,2026-01-01,180.2,paid,bank_transfer,0
8166,898,2026-02-01,180.2,paid,card,0
8167,898,2026-03-01,180.2,paid,bank_transfer,0
8168,898,2026-04-01,180.2,paid,card,0
8169,898,2026-05-01,180.2,paid,card,0
8170,898,2026-06-01,180.2,failed,upi,0
8171,898,2026-07-01,180.2,failed,card,1
8172,899,2025-10-01,234.19,paid,card,0
8173,899,2025-11-01,234.19,paid,card,0
8174,899,2025-12-01,234.19,paid,card,0
8175,899,2026-01-01,234.19,paid,card,0
8176,899,2026-02-01,234.19,paid,card,0
8177,899,2026-03-01,234.19,paid,card,0
8178,899,2026-04-01,234.19,paid,card,0
8179,899,2026-05-01,234.19,paid,card,0
8180,899,2026-06-01,234.19,paid,bank_transfer,0
8181,899,2026-07-01,234.19,paid,card,0
8182,902,2027-02-01,253.42,paid,card,0
8183,902,2027-03-01,253.42,paid,card,0
8184,902,2027-04-01,253.42,paid,card,0
8185,902,2027-05-01,253.42,paid,card,0
8186,902,2027-06-01,253.42,paid,upi,0
8187,902,2027-07-01,253.42,paid,bank_transfer,0
8188,902,2027-08-01,253.42,paid,card,0
8189,902,2027-09-01,253.42,paid,bank_transfer,0
8190,902,2027-10-01,253.42,paid,upi,0
8191,902,2027-11-01,253.42,paid,bank_transfer,0
8192,902,2027-12-01,253.42,failed,bank_transfer,2
8193,902,2028-01-01,253.42,paid,bank_transfer,0
8194,902,2028-02-01,253.42,paid,card,0
8195,902,2028-03-01,253.42,paid,card,0
8196,902,2028-04-01,253.42,paid,bank_transfer,0
8197,903,2025-02-01,47.7,paid,card,0
8198,903,2025-03-01,47.7,paid,card,0
8199,903,2025-04-01,47.7,paid,card,0
8200,904,2025-02-01,226.53,paid,card,0
8201,904,2025-03-01,226.53,paid,card,0
8202,904,2025-04-01,226.53,paid,card,0
8203,904,2025-05-01,226.53,paid,card,0
8204,904,2025-06-01,226.53,paid,card,0
8205,904,2025-07-01,226.53,paid,card,0
8206,904,2025-08-01,226.53,paid,card,0
8207,904,2025-09-01,226.53,paid,upi,0
8208,904,2025-10-01,226.53,paid,bank_transfer,0
8209,904,2025-11-01,226.53,paid,bank_transfer,0
8210,904,2025-12-01,226.53,paid,card,0
8211,904,2026-01-01,226.53,paid,upi,0
8212,904,2026-02-01,226.53,paid,bank_transfer,0
8213,904,2026-03-01,226.53,paid,card,0
8214,904,2026-04-01,226.53,paid,card,0
8215,904,2026-05-01,226.53,paid,card,0
8216,904,2026-06-01,226.53,paid,card,0
8217,904,2026-07-01,226.53,paid,bank_transfer,0
8218,905,2025-01-01,206.6,paid,card,0
8219,905,2025-02-01,206.6,paid,card,0
8220,905,2025-03-01,206.6,paid,bank_transfer,0
8221,905,2025-04-01,206.6,paid,card,0
8222,905,2025-05-01,206.6,failed,card,3
8223,905,2025-06-01,206.6,paid,card,0
8224,905,2025-07-01,206.6,paid,card,0
8225,905,2025-08-01,206.6,paid,card,0
8226,905,2025-09-01,206.6,paid,card,0
8227,905,2025-10-01,206.6,paid,card,0
8228,905,2025-11-01,206.6,paid,card,0
8229,905,2025-12-01,206.6,paid,card,0
8230,905,2026-01-01,206.6,paid,card,0
8231,905,2026-02-01,206.6,paid,upi,0
8232,905,2026-03-01,206.6,paid,card,0
8233,905,2026-04-01,206.6,paid,card,0
8234,905,2026-05-01,206.6,paid,card,0
8235,905,2026-06-01,206.6,paid,card,0
8236,905,2026-07-01,206.6,paid,card,0
8237,906,2025-06-01,920.86,paid,card,0
8238,906,2025-07-01,920.86,paid,card,0
8239,906,2025-08-01,920.86,paid,card,0
8240,906,2025-09-01,920.86,paid,bank_transfer,0
8241,906,2025-10-01,920.86,paid,card,0
8242,906,2025-11-01,920.86,paid,bank_transfer,0
8243,906,2025-12-01,920.86,paid,card,0
8244,906,2026-01-01,920.86,paid,card,0
8245,906,2026-02-01,920.86,paid,card,0
8246,906,2026-03-01,920.86,paid,card,0
8247,906,2026-04-01,920.86,paid,card,0
8248,906,2026-05-01,920.86,paid,card,0
8249,906,2026-06-01,920.86,paid,card,0
8250,906,2026-07-01,920.86,paid,card,0
8254,908,2025-12-01,57.79,paid,card,0
8255,908,2026-01-01,57.79,paid,card,0
8256,908,2026-02-01,57.79,failed,upi,1
8257,908,2026-03-01,57.79,failed,bank_transfer,2
8258,909,2024-12-01,47.74,paid,bank_transfer,0
8259,909,2025-01-01,47.74,paid,card,0
8260,909,2025-02-01,47.74,paid,card,0
8261,909,2025-03-01,47.74,paid,card,0
8262,909,2025-04-01,47.74,paid,card,0
8263,909,2025-05-01,47.74,paid,upi,0
8264,909,2025-06-01,47.74,paid,card,0
8265,909,2025-07-01,47.74,paid,card,0
8266,909,2025-08-01,47.74,paid,card,0
8267,909,2025-09-01,47.74,failed,card,0
8268,909,2025-10-01,47.74,paid,card,0
8269,909,2025-11-01,47.74,paid,card,0
8270,909,2025-12-01,47.74,paid,card,0
8271,909,2026-01-01,47.74,paid,card,0
8272,909,2026-02-01,47.74,paid,card,0
8273,909,2026-03-01,47.74,paid,card,0
8274,909,2026-04-01,47.74,paid,upi,0
8275,909,2026-05-01,47.74,paid,card,0
8276,909,2026-06-01,47.74,paid,card,0
8277,909,2026-07-01,47.74,paid,card,0
8278,910,2026-02-01,244.28,paid,card,0
8279,910,2026-03-01,244.28,paid,card,0
8280,910,2026-04-01,244.28,paid,card,0
8281,910,2026-05-01,244.28,paid,upi,0
8282,910,2026-06-01,244.28,paid,bank_transfer,0
8283,910,2026-07-01,244.28,paid,card,0
8284,911,2025-02-01,1123.9,paid,card,0
8285,911,2025-03-01,1123.9,paid,bank_transfer,0
8286,911,2025-04-01,1123.9,failed,card,1
8287,911,2025-05-01,1123.9,failed,card,1
8288,911,2025-06-01,1123.9,paid,card,0
8289,911,2025-07-01,1123.9,paid,bank_transfer,0
8290,911,2025-08-01,1123.9,paid,card,0
8291,911,2025-09-01,1123.9,paid,card,0
8292,911,2025-10-01,1123.9,paid,upi,0
8293,911,2025-11-01,1123.9,paid,card,0
8294,911,2025-12-01,1123.9,paid,card,0
8295,911,2026-01-01,1123.9,paid,card,0
8296,911,2026-02-01,1123.9,paid,bank_transfer,0
8297,911,2026-03-01,1123.9,paid,card,0
8298,911,2026-04-01,1123.9,paid,card,0
8299,911,2026-05-01,1123.9,paid,card,0
8300,911,2026-06-01,1123.9,paid,card,0
8301,911,2026-07-01,1123.9,paid,card,0
8302,912,2026-05-01,1100.26,paid,card,0
8303,912,2026-06-01,1100.26,paid,card,0
8304,912,2026-07-01,1100.26,paid,bank_transfer,0
8305,913,2025-04-01,59.9,paid,bank_transfer,0
8306,914,2025-05-01,59.15,paid,card,0
8307,914,2025-06-01,59.15,paid,card,0
8308,914,2025-07-01,59.15,paid,card,0
8309,915,2024-12-01,63.51,paid,card,0
8310,915,2025-01-01,63.51,paid,bank_transfer,0
8311,915,2025-02-01,63.51,paid,bank_transfer,0
8312,915,2025-03-01,63.51,paid,bank_transfer,0
8313,915,2025-04-01,63.51,paid,bank_transfer,0
8314,915,2025-05-01,63.51,paid,card,0
8315,915,2025-06-01,63.51,paid,card,0
8316,915,2025-07-01,63.51,failed,card,2
8317,915,2025-08-01,63.51,paid,card,0
8318,915,2025-09-01,63.51,paid,card,0
8319,915,2025-10-01,63.51,paid,card,0
8320,915,2025-11-01,63.51,paid,card,0
8321,915,2025-12-01,63.51,paid,card,0
8322,915,2026-01-01,63.51,paid,card,0
8323,915,2026-02-01,63.51,paid,card,0
8324,915,2026-03-01,63.51,paid,card,0
8325,915,2026-04-01,63.51,paid,card,0
8326,915,2026-05-01,63.51,paid,bank_transfer,0
8327,915,2026-06-01,63.51,paid,bank_transfer,0
8328,915,2026-07-01,63.51,paid,card,0
8329,916,2025-02-01,1102.52,paid,bank_transfer,0
8330,917,2025-08-01,257.53,paid,card,0
8331,917,2025-09-01,257.53,paid,card,0
8332,917,2025-10-01,257.53,paid,bank_transfer,0
8333,917,2025-11-01,257.53,paid,card,0
8334,917,2025-12-01,257.53,paid,card,0
8335,917,2026-01-01,257.53,paid,card,0
8336,917,2026-02-01,257.53,paid,card,0
8337,917,2026-03-01,257.53,paid,bank_transfer,0
8338,917,2026-04-01,257.53,paid,card,0
8339,917,2026-05-01,257.53,paid,card,0
8340,917,2026-06-01,257.53,paid,card,0
8341,917,2026-07-01,257.53,paid,bank_transfer,0
8342,918,2026-05-01,56.4,paid,card,0
8343,918,2026-06-01,56.4,paid,card,0
8344,918,2026-07-01,56.4,paid,card,0
8345,919,2025-02-01,46.55,paid,card,0
8346,919,2025-03-01,46.55,paid,card,0
8347,919,2025-04-01,46.55,paid,card,0
8348,919,2025-05-01,46.55,paid,card,0
8349,919,2025-06-01,46.55,paid,card,0
8350,919,2025-07-01,46.55,paid,card,0
8351,919,2025-08-01,46.55,paid,bank_transfer,0
8352,919,2025-09-01,46.55,paid,bank_transfer,0
8353,919,2025-10-01,46.55,paid,upi,0
8354,919,2025-11-01,46.55,paid,card,0
8355,919,2025-12-01,46.55,paid,card,0
8356,919,2026-01-01,46.55,paid,card,0
8357,919,2026-02-01,46.55,paid,bank_transfer,0
8358,919,2026-03-01,46.55,paid,bank_transfer,0
8359,919,2026-04-01,46.55,paid,card,0
8360,919,2026-05-01,46.55,paid,card,0
8361,919,2026-06-01,46.55,failed,card,0
8362,919,2026-07-01,46.55,failed,upi,3
8363,920,2025-05-01,209.44,paid,card,0
8364,920,2025-06-01,209.44,paid,card,0
8365,920,2025-07-01,209.44,paid,card,0
8366,920,2025-08-01,209.44,paid,card,0
8367,920,2025-09-01,209.44,paid,card,0
8368,920,2025-10-01,209.44,paid,card,0
8369,920,2025-11-01,209.44,paid,bank_transfer,0
8370,920,2025-12-01,209.44,paid,card,0
8371,920,2026-01-01,209.44,paid,upi,0
8372,920,2026-02-01,209.44,paid,card,0
8373,920,2026-03-01,209.44,paid,card,0
8374,920,2026-04-01,209.44,paid,bank_transfer,0
8375,920,2026-05-01,209.44,paid,card,0
8376,920,2026-06-01,209.44,paid,card,0
8377,920,2026-07-01,209.44,paid,card,0
8378,921,2025-12-01,219.16,paid,bank_transfer,0
8379,921,2026-01-01,219.16,paid,card,0
8380,922,2025-04-01,58.59,paid,card,0
8381,922,2025-05-01,58.59,paid,card,0
8382,922,2025-06-01,58.59,paid,bank_transfer,0
8383,922,2025-07-01,58.59,paid,bank_transfer,0
8384,923,2025-08-01,187.63,paid,bank_transfer,0
8385,923,2025-09-01,187.63,paid,card,0
8386,923,2025-10-01,187.63,paid,card,0
8387,923,2025-11-01,187.63,paid,card,0
8388,923,2025-12-01,187.63,paid,card,0
8389,923,2026-01-01,187.63,paid,card,0
8390,923,2026-02-01,187.63,paid,card,0
8391,923,2026-03-01,187.63,paid,upi,0
8392,923,2026-04-01,187.63,paid,card,0
8393,923,2026-05-01,187.63,paid,card,0
8394,923,2026-06-01,187.63,paid,card,0
8395,923,2026-07-01,187.63,paid,bank_transfer,0
8396,924,2025-05-01,52.22,paid,card,0
8397,924,2025-06-01,52.22,paid,card,0
8398,924,2025-07-01,52.22,paid,card,0
8399,924,2025-08-01,52.22,paid,card,0
8400,924,2025-09-01,52.22,paid,bank_transfer,0
8401,924,2025-10-01,52.22,paid,card,0
8402,924,2025-11-01,52.22,failed,card,2
8403,924,2025-12-01,52.22,paid,card,0
8404,924,2026-01-01,52.22,paid,bank_transfer,0
8405,924,2026-02-01,52.22,paid,card,0
8406,924,2026-03-01,52.22,paid,card,0
8407,924,2026-04-01,52.22,paid,card,0
8408,924,2026-05-01,52.22,paid,card,0
8409,924,2026-06-01,52.22,failed,card,1
8410,924,2026-07-01,52.22,paid,card,0
8411,925,2025-01-01,244.21,paid,bank_transfer,0
8412,925,2025-02-01,244.21,paid,card,0
8413,925,2025-03-01,244.21,paid,card,0
8414,925,2025-04-01,244.21,paid,card,0
8415,925,2025-05-01,244.21,paid,card,0
8416,925,2025-06-01,244.21,paid,card,0
8417,925,2025-07-01,244.21,paid,upi,0
8418,925,2025-08-01,244.21,paid,bank_transfer,0
8419,925,2025-09-01,244.21,paid,bank_transfer,0
8420,925,2025-10-01,244.21,paid,card,0
8421,925,2025-11-01,244.21,paid,card,0
8422,925,2025-12-01,244.21,paid,upi,0
8423,925,2026-01-01,244.21,paid,card,0
8424,925,2026-02-01,244.21,paid,card,0
8425,925,2026-03-01,244.21,paid,card,0
8426,925,2026-04-01,244.21,paid,card,0
8427,925,2026-05-01,244.21,paid,card,0
8428,925,2026-06-01,244.21,paid,bank_transfer,0
8429,925,2026-07-01,244.21,paid,upi,0
8430,926,2024-10-01,61.89,paid,card,0
8431,926,2024-11-01,61.89,paid,card,0
8432,926,2024-12-01,61.89,paid,card,0
8433,926,2025-01-01,61.89,paid,card,0
8434,926,2025-02-01,61.89,paid,bank_transfer,0
8435,926,2025-03-01,61.89,paid,card,0
8436,926,2025-04-01,61.89,paid,card,0
8437,926,2025-05-01,61.89,paid,upi,0
8438,926,2025-06-01,61.89,paid,card,0
8439,926,2025-07-01,61.89,paid,card,0
8440,926,2025-08-01,61.89,paid,upi,0
8441,926,2025-09-01,61.89,paid,upi,0
8442,926,2025-10-01,61.89,paid,card,0
8443,926,2025-11-01,61.89,failed,card,0
8444,926,2025-12-01,61.89,paid,card,0
8445,926,2026-01-01,61.89,paid,bank_transfer,0
8446,926,2026-02-01,61.89,paid,bank_transfer,0
8447,926,2026-03-01,61.89,paid,card,0
8448,926,2026-04-01,61.89,paid,card,0
8449,926,2026-05-01,61.89,paid,card,0
8450,926,2026-06-01,61.89,paid,upi,0
8451,926,2026-07-01,61.89,paid,upi,0
8452,927,2025-03-01,57.34,paid,bank_transfer,0
8453,927,2025-04-01,57.34,paid,bank_transfer,0
8454,927,2025-05-01,57.34,paid,bank_transfer,0
8455,927,2025-06-01,57.34,paid,card,0
8456,927,2025-07-01,57.34,paid,card,0
8457,927,2025-08-01,57.34,paid,card,0
8458,927,2025-09-01,57.34,paid,card,0
8459,927,2025-10-01,57.34,paid,upi,0
8460,927,2025-11-01,57.34,failed,card,1
8461,927,2025-12-01,57.34,paid,bank_transfer,0
8462,927,2026-01-01,57.34,paid,card,0
8463,927,2026-02-01,57.34,paid,upi,0
8464,927,2026-03-01,57.34,paid,card,0
8465,927,2026-04-01,57.34,paid,bank_transfer,0
8466,927,2026-05-01,57.34,paid,card,0
8467,927,2026-06-01,57.34,paid,bank_transfer,0
8468,927,2026-07-01,57.34,paid,card,0
8469,928,2025-05-01,42.9,failed,card,2
8470,928,2025-06-01,42.9,paid,bank_transfer,0
8471,928,2025-07-01,42.9,paid,card,0
8472,928,2025-08-01,42.9,paid,card,0
8473,928,2025-09-01,42.9,paid,card,0
8474,928,2025-10-01,42.9,paid,card,0
8475,928,2025-11-01,42.9,paid,bank_transfer,0
8476,928,2025-12-01,42.9,paid,bank_transfer,0
8477,928,2026-01-01,42.9,paid,card,0
8478,928,2026-02-01,42.9,paid,card,0
8479,928,2026-03-01,42.9,paid,card,0
8480,928,2026-04-01,42.9,paid,bank_transfer,0
8481,928,2026-05-01,42.9,paid,card,0
8482,928,2026-06-01,42.9,paid,card,0
8483,928,2026-07-01,42.9,paid,upi,0
8484,929,2025-07-01,217.89,paid,card,0
8485,929,2025-08-01,217.89,paid,bank_transfer,0
8486,929,2025-09-01,217.89,paid,card,0
8487,929,2025-10-01,217.89,paid,card,0
8488,929,2025-11-01,217.89,paid,card,0
8489,929,2025-12-01,217.89,paid,card,0
8490,929,2026-01-01,217.89,paid,card,0
8491,929,2026-02-01,217.89,paid,card,0
8492,929,2026-03-01,217.89,paid,card,0
8493,929,2026-04-01,217.89,paid,card,0
8494,929,2026-05-01,217.89,paid,bank_transfer,0
8495,929,2026-06-01,217.89,paid,card,0
8496,929,2026-07-01,217.89,paid,card,0
8497,930,2025-09-01,57.36,paid,upi,0
8498,930,2025-10-01,57.36,paid,card,0
8499,930,2025-11-01,57.36,paid,card,0
8500,930,2025-12-01,57.36,paid,bank_transfer,0
8501,930,2026-01-01,57.36,paid,card,0
8502,931,2025-02-01,43.72,paid,card,0
8503,931,2025-03-01,43.72,failed,card,1
8504,931,2025-04-01,43.72,paid,bank_transfer,0
8505,931,2025-05-01,43.72,paid,upi,0
8506,931,2025-06-01,43.72,paid,card,0
8507,931,2025-07-01,43.72,paid,card,0
8508,931,2025-08-01,43.72,paid,upi,0
8509,931,2025-09-01,43.72,paid,card,0
8510,931,2025-10-01,43.72,paid,bank_transfer,0
8511,931,2025-11-01,43.72,paid,upi,0
8512,931,2025-12-01,43.72,paid,card,0
8513,931,2026-01-01,43.72,paid,card,0
8514,931,2026-02-01,43.72,failed,card,2
8515,931,2026-03-01,43.72,paid,card,0
8516,932,2025-06-01,42.28,paid,card,0
8517,932,2025-07-01,42.28,paid,bank_transfer,0
8518,932,2025-08-01,42.28,paid,card,0
8519,932,2025-09-01,42.28,failed,bank_transfer,2
8520,932,2025-10-01,42.28,paid,bank_transfer,0
8521,932,2025-11-01,42.28,paid,upi,0
8522,932,2025-12-01,42.28,paid,card,0
8523,932,2026-01-01,42.28,paid,card,0
8524,932,2026-02-01,42.28,paid,card,0
8525,933,2025-12-01,227.9,paid,card,0
8526,933,2026-01-01,227.9,paid,bank_transfer,0
8527,933,2026-02-01,227.9,paid,card,0
8528,933,2026-03-01,227.9,paid,upi,0
8529,933,2026-04-01,227.9,paid,card,0
8530,933,2026-05-01,227.9,paid,card,0
8531,933,2026-06-01,227.9,paid,card,0
8532,933,2026-07-01,227.9,paid,card,0
8533,934,2025-09-01,44.28,paid,card,0
8534,934,2025-10-01,44.28,paid,card,0
8535,934,2025-11-01,44.28,paid,bank_transfer,0
8536,934,2025-12-01,44.28,paid,card,0
8537,934,2026-01-01,44.28,paid,card,0
8538,934,2026-02-01,44.28,paid,card,0
8539,934,2026-03-01,44.28,paid,card,0
8540,934,2026-04-01,44.28,paid,bank_transfer,0
8541,934,2026-05-01,44.28,paid,upi,0
8542,934,2026-06-01,44.28,paid,card,0
8543,934,2026-07-01,44.28,paid,bank_transfer,0
8544,935,2025-03-01,257.98,failed,card,3
8545,935,2025-04-01,257.98,paid,card,0
8546,935,2025-05-01,257.98,paid,card,0
8547,935,2025-06-01,257.98,paid,upi,0
8548,935,2025-07-01,257.98,paid,card,0
8549,935,2025-08-01,257.98,paid,upi,0
8550,935,2025-09-01,257.98,paid,bank_transfer,0
8551,935,2025-10-01,257.98,paid,card,0
8552,935,2025-11-01,257.98,paid,card,0
8553,935,2025-12-01,257.98,paid,card,0
8554,935,2026-01-01,257.98,failed,card,3
8555,935,2026-02-01,257.98,paid,card,0
8556,935,2026-03-01,257.98,paid,card,0
8557,935,2026-04-01,257.98,paid,bank_transfer,0
8558,935,2026-05-01,257.98,paid,card,0
8559,935,2026-06-01,257.98,paid,card,0
8560,935,2026-07-01,257.98,paid,card,0
8561,936,2025-05-01,240.5,paid,card,0
8562,936,2025-06-01,240.5,paid,card,0
8563,936,2025-07-01,240.5,paid,card,0
8564,936,2025-08-01,240.5,paid,card,0
8565,937,2025-02-01,51.86,paid,card,0
8566,937,2025-03-01,51.86,paid,upi,0
8567,937,2025-04-01,51.86,paid,bank_transfer,0
8568,937,2025-05-01,51.86,paid,card,0
8569,937,2025-06-01,51.86,paid,card,0
8570,937,2025-07-01,51.86,paid,card,0
8571,937,2025-08-01,51.86,paid,card,0
8572,937,2025-09-01,51.86,paid,bank_transfer,0
8573,937,2025-10-01,51.86,paid,card,0
8574,937,2025-11-01,51.86,paid,upi,0
8575,937,2025-12-01,51.86,paid,card,0
8576,937,2026-01-01,51.86,paid,card,0
8577,937,2026-02-01,51.86,paid,card,0
8578,937,2026-03-01,51.86,paid,card,0
8579,937,2026-04-01,51.86,paid,card,0
8580,937,2026-05-01,51.86,paid,card,0
8581,937,2026-06-01,51.86,paid,upi,0
8582,937,2026-07-01,51.86,paid,card,0
8583,939,2025-10-01,183.11,paid,card,0
8584,939,2025-11-01,183.11,paid,bank_transfer,0
8585,939,2025-12-01,183.11,failed,card,1
8586,939,2026-01-01,183.11,paid,card,0
8587,939,2026-02-01,183.11,paid,bank_transfer,0
8588,939,2026-03-01,183.11,paid,card,0
8589,939,2026-04-01,183.11,paid,card,0
8590,939,2026-05-01,183.11,paid,bank_transfer,0
8591,939,2026-06-01,183.11,paid,card,0
8592,939,2026-07-01,183.11,paid,card,0
8593,940,2026-02-01,204.24,paid,card,0
8594,940,2026-03-01,204.24,paid,card,0
8595,940,2026-04-01,204.24,paid,card,0
8596,940,2026-05-01,204.24,paid,card,0
8597,940,2026-06-01,204.24,paid,card,0
8598,940,2026-07-01,204.24,paid,card,0
8599,941,2025-08-01,212.93,paid,bank_transfer,0
8600,941,2025-09-01,212.93,paid,card,0
8601,941,2025-10-01,212.93,paid,upi,0
8602,941,2025-11-01,212.93,paid,card,0
8603,941,2025-12-01,212.93,paid,card,0
8604,941,2026-01-01,212.93,paid,card,0
8605,941,2026-02-01,212.93,failed,card,3
8606,941,2026-03-01,212.93,paid,bank_transfer,0
8607,941,2026-04-01,212.93,paid,upi,0
8608,941,2026-05-01,212.93,paid,card,0
8609,942,2025-09-01,223.89,paid,card,0
8610,942,2025-10-01,223.89,paid,card,0
8611,942,2025-11-01,223.89,paid,card,0
8612,942,2025-12-01,223.89,paid,card,0
8613,942,2026-01-01,223.89,paid,card,0
8614,942,2026-02-01,223.89,paid,card,0
8615,942,2026-03-01,223.89,paid,bank_transfer,0
8616,942,2026-04-01,223.89,paid,bank_transfer,0
8617,942,2026-05-01,223.89,paid,card,0
8618,942,2026-06-01,223.89,paid,card,0
8619,942,2026-07-01,223.89,paid,card,0
8620,943,2025-01-01,54.77,paid,card,0
8621,943,2025-02-01,54.77,paid,card,0
8622,943,2025-03-01,54.77,paid,card,0
8623,943,2025-04-01,54.77,paid,upi,0
8624,943,2025-05-01,54.77,paid,card,0
8625,943,2025-06-01,54.77,paid,bank_transfer,0
8626,943,2025-07-01,54.77,paid,card,0
8627,943,2025-08-01,54.77,paid,card,0
8628,943,2025-09-01,54.77,paid,card,0
8629,943,2025-10-01,54.77,failed,upi,1
8630,943,2025-11-01,54.77,paid,card,0
8631,943,2025-12-01,54.77,paid,card,0
8632,943,2026-01-01,54.77,paid,card,0
8633,943,2026-02-01,54.77,paid,bank_transfer,0
8634,943,2026-03-01,54.77,paid,card,0
8635,944,2025-03-01,1040.57,paid,upi,0
8636,944,2025-04-01,1040.57,paid,bank_transfer,0
8637,944,2025-05-01,1040.57,paid,card,0
8638,944,2025-06-01,1040.57,paid,card,0
8639,944,2025-07-01,1040.57,paid,upi,0
8640,944,2025-08-01,1040.57,paid,card,0
8641,944,2025-09-01,1040.57,paid,card,0
8642,944,2025-10-01,1040.57,paid,card,0
8643,944,2025-11-01,1040.57,paid,bank_transfer,0
8644,944,2025-12-01,1040.57,paid,card,0
8645,944,2026-01-01,1040.57,paid,bank_transfer,0
8646,944,2026-02-01,1040.57,paid,card,0
8647,944,2026-03-01,1040.57,paid,card,0
8648,944,2026-04-01,1040.57,paid,card,0
8649,945,2026-04-01,212.06,paid,card,0
8650,945,2026-05-01,212.06,paid,card,0
8651,946,2025-10-01,51.28,paid,card,0
8652,946,2025-11-01,51.28,paid,card,0
8653,946,2025-12-01,51.28,paid,card,0
8654,946,2026-01-01,51.28,paid,bank_transfer,0
8655,946,2026-02-01,51.28,paid,card,0
8656,947,2025-08-01,208.99,paid,card,0
8657,947,2025-09-01,208.99,paid,card,0
8658,947,2025-10-01,208.99,paid,card,0
8659,947,2025-11-01,208.99,paid,bank_transfer,0
8660,947,2025-12-01,208.99,paid,card,0
8661,947,2026-01-01,208.99,paid,upi,0
8662,947,2026-02-01,208.99,paid,bank_transfer,0
8663,947,2026-03-01,208.99,paid,card,0
8664,947,2026-04-01,208.99,paid,upi,0
8665,947,2026-05-01,208.99,paid,card,0
8666,947,2026-06-01,208.99,paid,card,0
8667,947,2026-07-01,208.99,paid,bank_transfer,0
8668,948,2025-06-01,949.33,paid,card,0
8669,948,2025-07-01,949.33,paid,card,0
8670,948,2025-08-01,949.33,paid,card,0
8671,948,2025-09-01,949.33,paid,upi,0
8672,948,2025-10-01,949.33,paid,bank_transfer,0
8673,948,2025-11-01,949.33,paid,bank_transfer,0
8674,948,2025-12-01,949.33,paid,card,0
8675,948,2026-01-01,949.33,paid,card,0
8676,948,2026-02-01,949.33,paid,card,0
8677,948,2026-03-01,949.33,paid,card,0
8678,948,2026-04-01,949.33,paid,card,0
8679,948,2026-05-01,949.33,paid,card,0
8680,948,2026-06-01,949.33,paid,card,0
8681,948,2026-07-01,949.33,paid,card,0
8682,949,2025-04-01,45.79,paid,card,0
8683,949,2025-05-01,45.79,paid,card,0
8684,949,2025-06-01,45.79,paid,card,0
8685,949,2025-07-01,45.79,paid,bank_transfer,0
8686,949,2025-08-01,45.79,paid,card,0
8687,949,2025-09-01,45.79,paid,card,0
8688,949,2025-10-01,45.79,paid,upi,0
8689,949,2025-11-01,45.79,paid,upi,0
8690,949,2025-12-01,45.79,paid,card,0
8691,949,2026-01-01,45.79,paid,card,0
8692,949,2026-02-01,45.79,paid,card,0
8693,949,2026-03-01,45.79,paid,card,0
8694,949,2026-04-01,45.79,failed,card,2
8695,950,2026-01-01,229.44,paid,bank_transfer,0
8696,950,2026-02-01,229.44,paid,card,0
8697,950,2026-03-01,229.44,paid,card,0
8698,950,2026-04-01,229.44,paid,card,0
8699,950,2026-05-01,229.44,paid,card,0
8700,950,2026-06-01,229.44,paid,card,0
8701,950,2026-07-01,229.44,paid,card,0
8702,951,2025-05-01,234.96,paid,card,0
8703,951,2025-06-01,234.96,paid,card,0
8704,951,2025-07-01,234.96,paid,bank_transfer,0
8705,951,2025-08-01,234.96,paid,card,0
8706,951,2025-09-01,234.96,paid,card,0
8707,951,2025-10-01,234.96,paid,card,0
8708,951,2025-11-01,234.96,failed,bank_transfer,0
8709,951,2025-12-01,234.96,paid,card,0
8710,951,2026-01-01,234.96,paid,card,0
8711,951,2026-02-01,234.96,paid,card,0
8712,951,2026-03-01,234.96,paid,bank_transfer,0
8713,951,2026-04-01,234.96,paid,bank_transfer,0
8714,951,2026-05-01,234.96,paid,card,0
8715,951,2026-06-01,234.96,paid,bank_transfer,0
8716,951,2026-07-01,234.96,paid,card,0
8717,952,2025-11-01,199.9,paid,card,0
8718,952,2025-12-01,199.9,paid,card,0
8719,952,2026-01-01,199.9,paid,card,0
8720,952,2026-02-01,199.9,paid,card,0
8721,952,2026-03-01,199.9,paid,card,0
8722,952,2026-04-01,199.9,failed,card,1
8723,952,2026-05-01,199.9,paid,card,0
8724,952,2026-06-01,199.9,paid,bank_transfer,0
8725,952,2026-07-01,199.9,paid,card,0
8726,953,2026-02-01,218.24,paid,card,0
8727,953,2026-03-01,218.24,paid,card,0
8728,953,2026-04-01,218.24,paid,card,0
8729,953,2026-05-01,218.24,failed,card,2
8730,953,2026-06-01,218.24,paid,bank_transfer,0
8731,953,2026-07-01,218.24,paid,card,0
8732,954,2025-08-01,42.88,failed,card,1
8733,955,2025-01-01,238.86,paid,bank_transfer,0
8734,955,2025-02-01,238.86,paid,card,0
8735,955,2025-03-01,238.86,paid,upi,0
8736,955,2025-04-01,238.86,paid,card,0
8737,955,2025-05-01,238.86,paid,card,0
8738,955,2025-06-01,238.86,paid,card,0
8739,955,2025-07-01,238.86,paid,card,0
8740,955,2025-08-01,238.86,paid,card,0
8741,955,2025-09-01,238.86,paid,card,0
8742,955,2025-10-01,238.86,paid,upi,0
8743,955,2025-11-01,238.86,paid,card,0
8744,955,2025-12-01,238.86,paid,card,0
8745,955,2026-01-01,238.86,paid,bank_transfer,0
8746,955,2026-02-01,238.86,paid,bank_transfer,0
8747,955,2026-03-01,238.86,paid,card,0
8748,955,2026-04-01,238.86,failed,card,3
8749,955,2026-05-01,238.86,failed,card,3
8750,955,2026-06-01,238.86,paid,card,0
8751,955,2026-07-01,238.86,paid,bank_transfer,0
8752,956,2025-09-01,226.94,paid,upi,0
8753,956,2025-10-01,226.94,paid,bank_transfer,0
8754,956,2025-11-01,226.94,paid,bank_transfer,0
8755,956,2025-12-01,226.94,paid,card,0
8756,956,2026-01-01,226.94,paid,card,0
8757,956,2026-02-01,226.94,paid,bank_transfer,0
8758,956,2026-03-01,226.94,paid,bank_transfer,0
8759,956,2026-04-01,226.94,paid,card,0
8760,956,2026-05-01,226.94,paid,bank_transfer,0
8761,956,2026-06-01,226.94,paid,upi,0
8762,956,2026-07-01,226.94,paid,card,0
8763,957,2025-09-01,225.05,paid,card,0
8764,957,2025-10-01,225.05,paid,bank_transfer,0
8765,957,2025-11-01,225.05,paid,upi,0
8766,957,2025-12-01,225.05,paid,bank_transfer,0
8767,957,2026-01-01,225.05,paid,bank_transfer,0
8768,957,2026-02-01,225.05,paid,upi,0
8769,957,2026-03-01,225.05,paid,card,0
8770,957,2026-04-01,225.05,paid,card,0
8771,957,2026-05-01,225.05,failed,upi,1
8772,957,2026-06-01,225.05,paid,card,0
8773,957,2026-07-01,225.05,paid,card,0
8774,958,2025-12-01,945.6,paid,card,0
8775,958,2026-01-01,945.6,paid,card,0
8776,958,2026-02-01,945.6,paid,card,0
8777,958,2026-03-01,945.6,paid,upi,0
8778,958,2026-04-01,945.6,paid,card,0
8779,958,2026-05-01,945.6,paid,card,0
8780,958,2026-06-01,945.6,paid,card,0
8781,958,2026-07-01,945.6,paid,card,0
8782,959,2025-04-01,200.68,paid,bank_transfer,0
8783,959,2025-05-01,200.68,paid,card,0
8784,959,2025-06-01,200.68,paid,card,0
8785,959,2025-07-01,200.68,paid,card,0
8786,959,2025-08-01,200.68,paid,card,0
8787,959,2025-09-01,200.68,paid,card,0
8788,959,2025-10-01,200.68,paid,card,0
8789,959,2025-11-01,200.68,paid,card,0
8790,959,2025-12-01,200.68,paid,card,0
8791,959,2026-01-01,200.68,paid,card,0
8792,959,2026-02-01,200.68,paid,card,0
8793,959,2026-03-01,200.68,paid,bank_transfer,0
8794,959,2026-04-01,200.68,paid,card,0
8795,959,2026-05-01,200.68,paid,card,0
8796,959,2026-06-01,200.68,failed,bank_transfer,1
8797,959,2026-07-01,200.68,paid,card,0
8798,960,2025-02-01,45.85,paid,card,0
8799,960,2025-03-01,45.85,paid,card,0
8800,960,2025-04-01,45.85,paid,card,0
8801,960,2025-05-01,45.85,paid,card,0
8802,960,2025-06-01,45.85,paid,card,0
8803,960,2025-07-01,45.85,paid,card,0
8804,960,2025-08-01,45.85,paid,bank_transfer,0
8805,960,2025-09-01,45.85,paid,card,0
8806,960,2025-10-01,45.85,paid,upi,0
8807,960,2025-11-01,45.85,paid,bank_transfer,0
8808,960,2025-12-01,45.85,paid,card,0
8809,960,2026-01-01,45.85,paid,upi,0
8810,960,2026-02-01,45.85,paid,card,0
8811,960,2026-03-01,45.85,paid,card,0
8812,960,2026-04-01,45.85,paid,card,0
8813,960,2026-05-01,45.85,paid,card,0
8814,960,2026-06-01,45.85,failed,card,2
8815,960,2026-07-01,45.85,paid,card,0
8816,961,2025-11-01,55.66,paid,card,0
8817,962,2025-08-01,1160.6,paid,card,0
8818,962,2025-09-01,1160.6,paid,card,0
8819,962,2025-10-01,1160.6,paid,card,0
8820,962,2025-11-01,1160.6,paid,card,0
8821,962,2025-12-01,1160.6,paid,card,0
8822,962,2026-01-01,1160.6,paid,card,0
8823,962,2026-02-01,1160.6,paid,card,0
8824,962,2026-03-01,1160.6,paid,bank_transfer,0
8825,962,2026-04-01,1160.6,paid,card,0
8826,962,2026-05-01,1160.6,paid,bank_transfer,0
8827,962,2026-06-01,1160.6,paid,card,0
8828,962,2026-07-01,1160.6,paid,bank_transfer,0
8829,963,2025-04-01,47.77,paid,card,0
8830,963,2025-05-01,47.77,paid,card,0
8831,963,2025-06-01,47.77,paid,card,0
8832,964,2025-08-01,46.82,paid,bank_transfer,0
8833,964,2025-09-01,46.82,paid,upi,0
8834,964,2025-10-01,46.82,paid,card,0
8835,964,2025-11-01,46.82,paid,card,0
8836,964,2025-12-01,46.82,paid,card,0
8837,964,2026-01-01,46.82,paid,card,0
8838,964,2026-02-01,46.82,paid,card,0
8839,964,2026-03-01,46.82,paid,card,0
8840,964,2026-04-01,46.82,paid,card,0
8841,964,2026-05-01,46.82,paid,card,0
8842,964,2026-06-01,46.82,paid,bank_transfer,0
8843,964,2026-07-01,46.82,paid,card,0
8844,965,2025-01-01,52.16,paid,upi,0
8845,965,2025-02-01,52.16,paid,card,0
8846,965,2025-03-01,52.16,paid,card,0
8847,965,2025-04-01,52.16,paid,card,0
8848,965,2025-05-01,52.16,paid,card,0
8849,965,2025-06-01,52.16,paid,bank_transfer,0
8850,965,2025-07-01,52.16,paid,card,0
8851,965,2025-08-01,52.16,paid,card,0
8852,965,2025-09-01,52.16,paid,card,0
8853,965,2025-10-01,52.16,paid,upi,0
8854,965,2025-11-01,52.16,paid,bank_transfer,0
8855,965,2025-12-01,52.16,paid,upi,0
8856,965,2026-01-01,52.16,paid,card,0
8857,965,2026-02-01,52.16,paid,card,0
8858,965,2026-03-01,52.16,paid,card,0
8859,965,2026-04-01,52.16,paid,card,0
8860,965,2026-05-01,52.16,paid,card,0
8861,965,2026-06-01,52.16,paid,bank_transfer,0
8862,965,2026-07-01,52.16,paid,card,0
8863,966,2025-04-01,181.79,paid,card,0
8864,966,2025-05-01,181.79,paid,card,0
8865,966,2025-06-01,181.79,paid,card,0
8866,966,2025-07-01,181.79,paid,card,0
8867,966,2025-08-01,181.79,paid,upi,0
8868,966,2025-09-01,181.79,paid,card,0
8869,966,2025-10-01,181.79,paid,card,0
8870,966,2025-11-01,181.79,paid,upi,0
8871,966,2025-12-01,181.79,paid,card,0
8872,966,2026-01-01,181.79,paid,card,0
8873,966,2026-02-01,181.79,paid,bank_transfer,0
8874,966,2026-03-01,181.79,failed,card,3
8875,966,2026-04-01,181.79,paid,bank_transfer,0
8876,966,2026-05-01,181.79,paid,bank_transfer,0
8877,966,2026-06-01,181.79,paid,card,0
8878,966,2026-07-01,181.79,paid,bank_transfer,0
8879,967,2025-06-01,932.17,paid,bank_transfer,0
8880,967,2025-07-01,932.17,paid,card,0
8881,967,2025-08-01,932.17,paid,card,0
8882,967,2025-09-01,932.17,paid,card,0
8883,967,2025-10-01,932.17,paid,card,0
8884,967,2025-11-01,932.17,paid,card,0
8885,967,2025-12-01,932.17,paid,upi,0
8886,967,2026-01-01,932.17,paid,card,0
8887,967,2026-02-01,932.17,paid,card,0
8888,967,2026-03-01,932.17,paid,card,0
8889,967,2026-04-01,932.17,paid,bank_transfer,0
8890,967,2026-05-01,932.17,paid,bank_transfer,0
8891,967,2026-06-01,932.17,paid,card,0
8892,967,2026-07-01,932.17,paid,bank_transfer,0
8893,968,2025-03-01,48.18,paid,card,0
8894,968,2025-04-01,48.18,paid,card,0
8895,968,2025-05-01,48.18,paid,upi,0
8896,968,2025-06-01,48.18,paid,card,0
8897,968,2025-07-01,48.18,paid,card,0
8898,968,2025-08-01,48.18,paid,card,0
8899,969,2025-10-01,239.78,paid,card,0
8900,969,2025-11-01,239.78,paid,card,0
8901,969,2025-12-01,239.78,paid,card,0
8902,969,2026-01-01,239.78,paid,card,0
8903,969,2026-02-01,239.78,paid,card,0
8904,969,2026-03-01,239.78,paid,card,0
8905,969,2026-04-01,239.78,paid,upi,0
8906,969,2026-05-01,239.78,paid,card,0
8907,969,2026-06-01,239.78,paid,card,0
8908,969,2026-07-01,239.78,paid,card,0
8909,970,2025-05-01,232.46,paid,bank_transfer,0
8910,970,2025-06-01,232.46,paid,card,0
8911,970,2025-07-01,232.46,paid,bank_transfer,0
8912,970,2025-08-01,232.46,paid,card,0
8913,970,2025-09-01,232.46,failed,card,3
8914,970,2025-10-01,232.46,paid,card,0
8915,970,2025-11-01,232.46,failed,card,3
8916,970,2025-12-01,232.46,paid,bank_transfer,0
8917,971,2025-07-01,234.26,paid,card,0
8918,971,2025-08-01,234.26,paid,card,0
8919,971,2025-09-01,234.26,paid,upi,0
8920,971,2025-10-01,234.26,paid,card,0
8921,971,2025-11-01,234.26,paid,card,0
8922,971,2025-12-01,234.26,paid,card,0
8923,971,2026-01-01,234.26,paid,card,0
8924,971,2026-02-01,234.26,paid,upi,0
8925,971,2026-03-01,234.26,paid,card,0
8926,971,2026-04-01,234.26,paid,bank_transfer,0
8927,972,2025-04-01,235.16,paid,card,0
8928,972,2025-05-01,235.16,paid,card,0
8929,972,2025-06-01,235.16,paid,card,0
8930,972,2025-07-01,235.16,paid,card,0
8931,972,2025-08-01,235.16,paid,bank_transfer,0
8932,972,2025-09-01,235.16,paid,bank_transfer,0
8933,972,2025-10-01,235.16,paid,card,0
8934,972,2025-11-01,235.16,paid,bank_transfer,0
8935,972,2025-12-01,235.16,paid,card,0
8936,972,2026-01-01,235.16,paid,card,0
8937,972,2026-02-01,235.16,paid,card,0
8938,972,2026-03-01,235.16,paid,bank_transfer,0
8939,972,2026-04-01,235.16,paid,card,0
8940,972,2026-05-01,235.16,paid,card,0
8941,972,2026-06-01,235.16,paid,card,0
8942,972,2026-07-01,235.16,paid,card,0
8943,973,2026-01-01,256.33,failed,card,2
8944,973,2026-02-01,256.33,paid,card,0
8945,973,2026-03-01,256.33,paid,card,0
8946,973,2026-04-01,256.33,paid,card,0
8947,973,2026-05-01,256.33,paid,bank_transfer,0
8948,973,2026-06-01,256.33,paid,card,0
8949,973,2026-07-01,256.33,paid,card,0
8950,974,2025-01-01,43.79,paid,card,0
8951,974,2025-02-01,43.79,paid,card,0
8952,974,2025-03-01,43.79,paid,bank_transfer,0
8953,974,2025-04-01,43.79,paid,card,0
8954,974,2025-05-01,43.79,paid,card,0
8955,974,2025-06-01,43.79,paid,card,0
8956,974,2025-07-01,43.79,paid,card,0
8957,974,2025-08-01,43.79,paid,card,0
8958,974,2025-09-01,43.79,paid,upi,0
8959,974,2025-10-01,43.79,failed,card,4
8960,974,2025-11-01,43.79,paid,card,0
8961,974,2025-12-01,43.79,paid,card,0
8962,974,2026-01-01,43.79,paid,upi,0
8963,974,2026-02-01,43.79,paid,card,0
8964,974,2026-03-01,43.79,paid,card,0
8965,974,2026-04-01,43.79,paid,bank_transfer,0
8966,974,2026-05-01,43.79,paid,card,0
8967,974,2026-06-01,43.79,paid,upi,0
8968,974,2026-07-01,43.79,paid,card,0
8969,975,2025-06-01,54.12,paid,card,0
8970,975,2025-07-01,54.12,paid,card,0
8971,975,2025-08-01,54.12,paid,card,0
8972,975,2025-09-01,54.12,paid,bank_transfer,0
8973,975,2025-10-01,54.12,paid,card,0
8974,975,2025-11-01,54.12,paid,card,0
8975,975,2025-12-01,54.12,paid,card,0
8976,975,2026-01-01,54.12,paid,card,0
8977,975,2026-02-01,54.12,paid,bank_transfer,0
8978,975,2026-03-01,54.12,paid,card,0
8979,975,2026-04-01,54.12,paid,card,0
8980,975,2026-05-01,54.12,paid,card,0
8981,975,2026-06-01,54.12,paid,card,0
8982,975,2026-07-01,54.12,paid,card,0
8983,976,2025-09-01,60.58,paid,card,0
8984,976,2025-10-01,60.58,paid,bank_transfer,0
8985,976,2025-11-01,60.58,paid,card,0
8986,976,2025-12-01,60.58,paid,bank_transfer,0
8987,976,2026-01-01,60.58,paid,card,0
8988,976,2026-02-01,60.58,paid,card,0
8989,976,2026-03-01,60.58,failed,card,0
8990,976,2026-04-01,60.58,failed,card,0
8991,977,2025-04-01,62.46,paid,card,0
8992,977,2025-05-01,62.46,paid,card,0
8993,978,2025-12-01,230.4,paid,card,0
8994,978,2026-01-01,230.4,paid,card,0
8995,978,2026-02-01,230.4,paid,card,0
8996,978,2026-03-01,230.4,paid,card,0
8997,979,2025-05-01,219.88,paid,card,0
8998,979,2025-06-01,219.88,paid,card,0
8999,979,2025-07-01,219.88,paid,upi,0
9000,979,2025-08-01,219.88,paid,bank_transfer,0
9001,979,2025-09-01,219.88,paid,card,0
9002,979,2025-10-01,219.88,paid,card,0
9003,979,2025-11-01,219.88,paid,card,0
9004,979,2025-12-01,219.88,paid,card,0
9005,979,2026-01-01,219.88,paid,card,0
9006,979,2026-02-01,219.88,paid,card,0
9007,979,2026-03-01,219.88,paid,upi,0
9008,979,2026-04-01,219.88,paid,card,0
9009,979,2026-05-01,219.88,paid,card,0
9010,979,2026-06-01,219.88,paid,upi,0
9011,979,2026-07-01,219.88,paid,card,0
9012,980,2025-06-01,1073.11,paid,card,0
9013,980,2025-07-01,1073.11,paid,card,0
9014,980,2025-08-01,1073.11,paid,card,0
9015,980,2025-09-01,1073.11,paid,card,0
9016,980,2025-10-01,1073.11,paid,card,0
9017,981,2024-10-01,196.65,paid,card,0
9018,981,2024-11-01,196.65,paid,card,0
9019,981,2024-12-01,196.65,paid,card,0
9020,981,2025-01-01,196.65,paid,card,0
9021,981,2025-02-01,196.65,paid,upi,0
9022,981,2025-03-01,196.65,paid,bank_transfer,0
9023,981,2025-04-01,196.65,paid,card,0
9024,981,2025-05-01,196.65,paid,upi,0
9025,981,2025-06-01,196.65,paid,upi,0
9026,981,2025-07-01,196.65,paid,card,0
9027,983,2026-01-01,177.57,paid,card,0
9028,983,2026-02-01,177.57,paid,bank_transfer,0
9029,983,2026-03-01,177.57,paid,card,0
9030,983,2026-04-01,177.57,paid,upi,0
9031,983,2026-05-01,177.57,paid,card,0
9032,983,2026-06-01,177.57,paid,card,0
9033,983,2026-07-01,177.57,paid,card,0
9034,983,2026-08-01,177.57,paid,upi,0
9035,983,2026-09-01,177.57,paid,card,0
9036,983,2026-10-01,177.57,paid,upi,0
9037,983,2026-11-01,177.57,failed,card,4
9038,983,2026-12-01,177.57,paid,bank_transfer,0
9039,984,2024-12-01,254.05,paid,card,0
9040,984,2025-01-01,254.05,paid,bank_transfer,0
9041,984,2025-02-01,254.05,paid,upi,0
9042,984,2025-03-01,254.05,paid,card,0
9043,984,2025-04-01,254.05,paid,card,0
9044,984,2025-05-01,254.05,paid,card,0
9045,984,2025-06-01,254.05,paid,card,0
9046,984,2025-07-01,254.05,paid,bank_transfer,0
9047,984,2025-08-01,254.05,paid,upi,0
9048,984,2025-09-01,254.05,paid,card,0
9049,984,2025-10-01,254.05,paid,bank_transfer,0
9050,984,2025-11-01,254.05,paid,card,0
9051,984,2025-12-01,254.05,paid,card,0
9052,984,2026-01-01,254.05,paid,card,0
9053,984,2026-02-01,254.05,paid,bank_transfer,0
9054,984,2026-03-01,254.05,paid,bank_transfer,0
9055,984,2026-04-01,254.05,paid,card,0
9056,984,2026-05-01,254.05,paid,card,0
9057,984,2026-06-01,254.05,paid,card,0
9058,984,2026-07-01,254.05,paid,bank_transfer,0
9059,985,2025-05-01,171.51,paid,card,0
9060,985,2025-06-01,171.51,paid,card,0
9061,985,2025-07-01,171.51,paid,bank_transfer,0
9062,985,2025-08-01,171.51,paid,card,0
9063,985,2025-09-01,171.51,paid,card,0
9064,985,2025-10-01,171.51,failed,card,1
9065,985,2025-11-01,171.51,paid,card,0
9066,985,2025-12-01,171.51,paid,card,0
9067,985,2026-01-01,171.51,paid,card,0
9068,985,2026-02-01,171.51,paid,card,0
9069,985,2026-03-01,171.51,paid,bank_transfer,0
9070,985,2026-04-01,171.51,paid,bank_transfer,0
9071,985,2026-05-01,171.51,paid,bank_transfer,0
9072,985,2026-06-01,171.51,paid,upi,0
9073,985,2026-07-01,171.51,paid,upi,0
9074,986,2025-01-01,188.39,paid,card,0
9075,986,2025-02-01,188.39,paid,card,0
9076,986,2025-03-01,188.39,paid,card,0
9077,986,2025-04-01,188.39,paid,card,0
9078,986,2025-05-01,188.39,paid,card,0
9079,986,2025-06-01,188.39,paid,bank_transfer,0
9080,986,2025-07-01,188.39,failed,card,3
9081,986,2025-08-01,188.39,paid,card,0
9082,986,2025-09-01,188.39,paid,card,0
9083,986,2025-10-01,188.39,paid,card,0
9084,986,2025-11-01,188.39,paid,card,0
9085,986,2025-12-01,188.39,paid,card,0
9086,986,2026-01-01,188.39,paid,card,0
9087,986,2026-02-01,188.39,paid,bank_transfer,0
9088,986,2026-03-01,188.39,paid,bank_transfer,0
9089,986,2026-04-01,188.39,paid,upi,0
9090,986,2026-05-01,188.39,paid,upi,0
9091,986,2026-06-01,188.39,paid,card,0
9092,986,2026-07-01,188.39,paid,card,0
9093,987,2025-03-01,47.38,paid,card,0
9094,987,2025-04-01,47.38,paid,card,0
9095,987,2025-05-01,47.38,paid,card,0
9096,987,2025-06-01,47.38,paid,bank_transfer,0
9097,987,2025-07-01,47.38,paid,card,0
9098,987,2025-08-01,47.38,paid,card,0
9099,987,2025-09-01,47.38,paid,card,0
9100,987,2025-10-01,47.38,paid,bank_transfer,0
9101,987,2025-11-01,47.38,paid,card,0
9102,987,2025-12-01,47.38,failed,card,2
9103,987,2026-01-01,47.38,paid,card,0
9104,987,2026-02-01,47.38,paid,card,0
9105,987,2026-03-01,47.38,paid,card,0
9106,987,2026-04-01,47.38,paid,bank_transfer,0
9107,988,2025-01-01,63.7,paid,card,0
9108,988,2025-02-01,63.7,paid,upi,0
9109,988,2025-03-01,63.7,paid,card,0
9110,988,2025-04-01,63.7,paid,bank_transfer,0
9111,989,2025-11-01,53.62,paid,card,0
9112,989,2025-12-01,53.62,paid,card,0
9113,989,2026-01-01,53.62,failed,upi,1
9114,989,2026-02-01,53.62,failed,card,1
9115,989,2026-03-01,53.62,paid,card,0
9116,989,2026-04-01,53.62,paid,card,0
9117,989,2026-05-01,53.62,paid,card,0
9118,989,2026-06-01,53.62,paid,card,0
9119,989,2026-07-01,53.62,paid,bank_transfer,0
9120,990,2024-10-01,212.23,paid,card,0
9121,990,2024-11-01,212.23,paid,card,0
9122,990,2024-12-01,212.23,failed,card,2
9123,990,2025-01-01,212.23,paid,bank_transfer,0
9124,990,2025-02-01,212.23,paid,bank_transfer,0
9125,990,2025-03-01,212.23,paid,card,0
9126,990,2025-04-01,212.23,paid,upi,0
9127,990,2025-05-01,212.23,paid,bank_transfer,0
9128,990,2025-06-01,212.23,paid,bank_transfer,0
9129,990,2025-07-01,212.23,paid,card,0
9130,990,2025-08-01,212.23,paid,card,0
9131,990,2025-09-01,212.23,paid,card,0
9132,990,2025-10-01,212.23,paid,card,0
9133,990,2025-11-01,212.23,paid,card,0
9134,990,2025-12-01,212.23,paid,card,0
9135,990,2026-01-01,212.23,paid,upi,0
9136,990,2026-02-01,212.23,paid,card,0
9137,990,2026-03-01,212.23,paid,card,0
9138,990,2026-04-01,212.23,paid,card,0
9139,990,2026-05-01,212.23,paid,card,0
9140,990,2026-06-01,212.23,paid,card,0
9141,990,2026-07-01,212.23,paid,card,0
9142,991,2026-01-01,58.18,paid,card,0
9143,991,2026-02-01,58.18,paid,card,0
9144,991,2026-03-01,58.18,paid,card,0
9145,991,2026-04-01,58.18,paid,card,0
9146,991,2026-05-01,58.18,paid,card,0
9147,992,2025-04-01,179.46,paid,card,0
9148,992,2025-05-01,179.46,paid,card,0
9149,992,2025-06-01,179.46,paid,card,0
9150,992,2025-07-01,179.46,paid,bank_transfer,0
9151,992,2025-08-01,179.46,paid,card,0
9152,992,2025-09-01,179.46,paid,card,0
9153,992,2025-10-01,179.46,paid,card,0
9154,992,2025-11-01,179.46,paid,card,0
9155,992,2025-12-01,179.46,failed,bank_transfer,1
9156,993,2025-08-01,56.66,paid,card,0
9157,993,2025-09-01,56.66,paid,card,0
9158,993,2025-10-01,56.66,paid,card,0
9159,993,2025-11-01,56.66,failed,card,3
9160,993,2025-12-01,56.66,paid,card,0
9161,993,2026-01-01,56.66,failed,bank_transfer,0
9162,993,2026-02-01,56.66,paid,card,0
9163,994,2025-08-01,59.31,paid,card,0
9164,994,2025-09-01,59.31,failed,bank_transfer,1
9165,994,2025-10-01,59.31,paid,card,0
9166,994,2025-11-01,59.31,failed,card,0
9167,995,2025-04-01,49.94,paid,upi,0
9168,996,2025-02-01,41.86,paid,card,0
9169,996,2025-03-01,41.86,paid,bank_transfer,0
9170,996,2025-04-01,41.86,paid,card,0
9171,996,2025-05-01,41.86,paid,card,0
9172,996,2025-06-01,41.86,paid,card,0
9173,996,2025-07-01,41.86,paid,card,0
9174,996,2025-08-01,41.86,paid,bank_transfer,0
9175,996,2025-09-01,41.86,paid,card,0
9176,996,2025-10-01,41.86,paid,card,0
9177,996,2025-11-01,41.86,paid,card,0
9178,996,2025-12-01,41.86,paid,card,0
9179,996,2026-01-01,41.86,paid,card,0
9180,996,2026-02-01,41.86,paid,upi,0
9181,996,2026-03-01,41.86,paid,card,0
9182,996,2026-04-01,41.86,paid,card,0
9183,996,2026-05-01,41.86,paid,card,0
9184,996,2026-06-01,41.86,failed,bank_transfer,2
9185,997,2025-10-01,47.56,paid,card,0
9186,997,2025-11-01,47.56,paid,card,0
9187,997,2025-12-01,47.56,failed,card,2
9188,997,2026-01-01,47.56,paid,bank_transfer,0
9189,998,2025-07-01,0.0,paid,card,0
9190,998,2025-08-01,0.0,paid,card,0
9191,998,2025-09-01,0.0,paid,card,0
9192,998,2025-10-01,0.0,paid,card,0
9193,998,2025-11-01,0.0,paid,bank_transfer,0
9194,998,2025-12-01,0.0,paid,upi,0
9195,998,2026-01-01,0.0,paid,bank_transfer,0
9196,998,2026-02-01,0.0,paid,card,0
9197,999,2026-01-01,47.51,paid,card,0
9198,999,2026-02-01,47.51,paid,card,0
9199,999,2026-03-01,47.51,paid,card,0
9200,999,2026-04-01,47.51,paid,upi,0
9201,999,2026-05-01,47.51,paid,bank_transfer,0
9202,999,2026-06-01,47.51,paid,card,0
9203,999,2026-07-01,47.51,paid,card,0
9204,1000,2025-04-01,46.04,paid,upi,0
9205,1000,2025-05-01,46.04,paid,card,0
9206,1000,2025-06-01,46.04,paid,bank_transfer,0
9207,1000,2025-07-01,46.04,paid,upi,0
9208,1000,2025-08-01,46.04,paid,card,0
9209,1000,2025-09-01,46.04,paid,card,0
9210,1000,2025-10-01,46.04,paid,card,0
9211,1000,2025-11-01,46.04,paid,card,0
9212,1000,2025-12-01,46.04,paid,card,0
9213,1000,2026-01-01,46.04,paid,card,0
9214,1000,2026-02-01,46.04,paid,card,0
9215,1000,2026-03-01,46.04,paid,card,0
9216,1000,2026-04-01,46.04,paid,card,0
9217,1000,2026-05-01,46.04,paid,bank_transfer,0
9218,1000,2026-06-01,46.04,paid,bank_transfer,0
9219,1000,2026-07-01,46.04,paid,card,0
9220,1001,2025-04-01,46.6,paid,card,0
9221,1002,2025-07-01,243.62,paid,bank_transfer,0
9222,1002,2025-08-01,243.62,paid,card,0
9223,1002,2025-09-01,243.62,paid,card,0
9224,1002,2025-10-01,243.62,paid,bank_transfer,0
9225,1002,2025-11-01,243.62,failed,card,2
9226,1002,2025-12-01,243.62,paid,card,0
9227,1002,2026-01-01,243.62,paid,upi,0
9228,1002,2026-02-01,243.62,paid,upi,0
9229,1002,2026-03-01,243.62,paid,card,0
9230,1003,2025-02-01,186.87,paid,bank_transfer,0
9231,1003,2025-03-01,186.87,paid,bank_transfer,0
9232,1003,2025-04-01,186.87,paid,card,0
9233,1003,2025-05-01,186.87,paid,card,0
9234,1003,2025-06-01,186.87,paid,card,0
9235,1004,2024-10-01,237.1,paid,card,0
9236,1004,2024-11-01,237.1,paid,card,0
9237,1004,2024-12-01,237.1,paid,card,0
9238,1004,2025-01-01,237.1,paid,card,0
9239,1004,2025-02-01,237.1,paid,card,0
9240,1004,2025-03-01,237.1,paid,card,0
9241,1004,2025-04-01,237.1,paid,card,0
9242,1004,2025-05-01,237.1,paid,bank_transfer,0
9243,1004,2025-06-01,237.1,paid,card,0
9244,1004,2025-07-01,237.1,paid,card,0
9245,1004,2025-08-01,237.1,paid,bank_transfer,0
9246,1004,2025-09-01,237.1,paid,card,0
9247,1004,2025-10-01,237.1,paid,upi,0
9248,1004,2025-11-01,237.1,paid,card,0
9249,1004,2025-12-01,237.1,paid,card,0
9250,1004,2026-01-01,237.1,paid,card,0
9251,1004,2026-02-01,237.1,paid,bank_transfer,0
9252,1004,2026-03-01,237.1,paid,card,0
9253,1004,2026-04-01,237.1,paid,card,0
9254,1004,2026-05-01,237.1,paid,upi,0
9255,1004,2026-06-01,237.1,paid,bank_transfer,0
9256,1004,2026-07-01,237.1,paid,bank_transfer,0
9257,1005,2025-07-01,213.56,paid,card,0
9258,1005,2025-08-01,213.56,paid,card,0
9259,1005,2025-09-01,213.56,paid,bank_transfer,0
9260,1005,2025-10-01,213.56,paid,bank_transfer,0
9261,1005,2025-11-01,213.56,paid,card,0
9262,1005,2025-12-01,213.56,paid,card,0
9263,1005,2026-01-01,213.56,paid,card,0
9264,1005,2026-02-01,213.56,paid,card,0
9265,1005,2026-03-01,213.56,paid,bank_transfer,0
9266,1005,2026-04-01,213.56,paid,card,0
9267,1005,2026-05-01,213.56,paid,card,0
9268,1005,2026-06-01,213.56,paid,card,0
9269,1005,2026-07-01,213.56,paid,card,0
9270,1006,2024-09-01,43.3,paid,card,0
9271,1007,2026-02-01,63.46,paid,upi,0
9272,1007,2026-03-01,63.46,paid,card,0
9273,1007,2026-04-01,63.46,paid,bank_transfer,0
9274,1007,2026-05-01,63.46,paid,card,0
9275,1007,2026-06-01,63.46,paid,card,0
9276,1007,2026-07-01,63.46,paid,card,0
9277,1008,2025-12-01,211.4,paid,card,0
9278,1008,2026-01-01,211.4,paid,upi,0
9279,1008,2026-02-01,211.4,paid,bank_transfer,0
9280,1008,2026-03-01,211.4,paid,card,0
9281,1008,2026-04-01,211.4,paid,card,0
9282,1008,2026-05-01,211.4,paid,card,0
9283,1008,2026-06-01,211.4,paid,card,0
9284,1008,2026-07-01,211.4,paid,card,0
9285,1009,2025-02-01,195.06,paid,card,0
9286,1009,2025-03-01,195.06,paid,card,0
9287,1009,2025-04-01,195.06,paid,card,0
9288,1009,2025-05-01,195.06,paid,card,0
9289,1009,2025-06-01,195.06,paid,card,0
9290,1009,2025-07-01,195.06,failed,card,2
9291,1009,2025-08-01,195.06,paid,card,0
9292,1009,2025-09-01,195.06,paid,card,0
9293,1009,2025-10-01,195.06,paid,card,0
9294,1009,2025-11-01,195.06,paid,bank_transfer,0
9295,1009,2025-12-01,195.06,paid,card,0
9296,1009,2026-01-01,195.06,paid,card,0
9297,1009,2026-02-01,195.06,paid,card,0
9298,1009,2026-03-01,195.06,paid,card,0
9299,1009,2026-04-01,195.06,paid,card,0
9300,1009,2026-05-01,195.06,paid,bank_transfer,0
9301,1009,2026-06-01,195.06,paid,card,0
9302,1009,2026-07-01,195.06,paid,upi,0
9303,1010,2026-03-01,239.52,paid,card,0
9304,1010,2026-04-01,239.52,paid,bank_transfer,0
9305,1010,2026-05-01,239.52,paid,upi,0
9306,1010,2026-06-01,239.52,paid,bank_transfer,0
9307,1010,2026-07-01,239.52,paid,card,0
9308,1011,2024-11-01,202.01,failed,card,4
9309,1012,2025-05-01,53.28,paid,card,0
9310,1012,2025-06-01,53.28,paid,card,0
9311,1012,2025-07-01,53.28,paid,card,0
9312,1012,2025-08-01,53.28,paid,card,0
9313,1012,2025-09-01,53.28,paid,card,0
9314,1012,2025-10-01,53.28,paid,bank_transfer,0
9315,1012,2025-11-01,53.28,paid,bank_transfer,0
9316,1012,2025-12-01,53.28,paid,card,0
9317,1012,2026-01-01,53.28,failed,upi,2
9318,1012,2026-02-01,53.28,failed,card,0
9319,1012,2026-03-01,53.28,paid,card,0
9320,1012,2026-04-01,53.28,paid,bank_transfer,0
9321,1012,2026-05-01,53.28,paid,bank_transfer,0
9322,1012,2026-06-01,53.28,paid,card,0
9323,1012,2026-07-01,53.28,paid,card,0
9324,1013,2025-05-01,45.17,paid,card,0
9325,1013,2025-06-01,45.17,paid,bank_transfer,0
9326,1013,2025-07-01,45.17,paid,bank_transfer,0
9327,1013,2025-08-01,45.17,paid,card,0
9328,1013,2025-09-01,45.17,paid,card,0
9329,1013,2025-10-01,45.17,paid,card,0
9330,1013,2025-11-01,45.17,paid,card,0
9331,1013,2025-12-01,45.17,paid,bank_transfer,0
9332,1013,2026-01-01,45.17,paid,card,0
9333,1013,2026-02-01,45.17,paid,card,0
9334,1013,2026-03-01,45.17,paid,card,0
9335,1013,2026-04-01,45.17,paid,card,0
9336,1013,2026-05-01,45.17,paid,bank_transfer,0
9337,1013,2026-06-01,45.17,failed,card,1
9338,1013,2026-07-01,45.17,paid,bank_transfer,0
9339,1016,2027-06-01,53.27,paid,bank_transfer,0
9340,1016,2027-07-01,53.27,paid,bank_transfer,0
9341,1016,2027-08-01,53.27,paid,card,0
9342,1016,2027-09-01,53.27,paid,bank_transfer,0
9343,1016,2027-10-01,53.27,paid,card,0
9344,1016,2027-11-01,53.27,paid,card,0
9345,1016,2027-12-01,53.27,paid,card,0
9346,1016,2028-01-01,53.27,paid,card,0
9347,1016,2028-02-01,53.27,paid,card,0
9348,1016,2028-03-01,53.27,paid,card,0
9349,1016,2028-04-01,53.27,paid,card,0
9350,1016,2028-05-01,53.27,paid,upi,0
9351,1016,2028-06-01,53.27,paid,card,0
9352,1016,2028-07-01,53.27,paid,card,0
9353,1016,2028-08-01,53.27,paid,card,0
9354,1016,2028-09-01,53.27,paid,bank_transfer,0
9355,1017,2025-10-01,204.84,paid,card,0
9356,1017,2025-11-01,204.84,paid,bank_transfer,0
9357,1017,2025-12-01,204.84,paid,card,0
9358,1017,2026-01-01,204.84,paid,card,0
9359,1017,2026-02-01,204.84,paid,upi,0
9360,1017,2026-03-01,204.84,paid,card,0
9361,1017,2026-04-01,204.84,paid,card,0
9362,1017,2026-05-01,204.84,paid,upi,0
9363,1017,2026-06-01,204.84,paid,card,0
9364,1017,2026-07-01,204.84,paid,upi,0
9365,1018,2025-04-01,46.5,failed,card,3
9366,1018,2025-05-01,46.5,paid,card,0
9367,1018,2025-06-01,46.5,paid,upi,0
9368,1018,2025-07-01,46.5,failed,upi,2
9369,1018,2025-08-01,46.5,paid,upi,0
9370,1020,2025-08-01,217.85,paid,bank_transfer,0
9371,1021,2025-06-01,63.42,paid,card,0
9372,1021,2025-07-01,63.42,paid,upi,0
9373,1021,2025-08-01,63.42,paid,card,0
9374,1022,2025-05-01,195.96,paid,card,0
9375,1023,2025-06-01,53.34,paid,upi,0
9376,1023,2025-07-01,53.34,paid,card,0
9377,1023,2025-08-01,53.34,paid,card,0
9378,1023,2025-09-01,53.34,paid,card,0
9379,1023,2025-10-01,53.34,paid,card,0
9380,1023,2025-11-01,53.34,paid,card,0
9381,1023,2025-12-01,53.34,paid,card,0
9382,1023,2026-01-01,53.34,paid,card,0
9383,1023,2026-02-01,53.34,paid,card,0
9384,1023,2026-03-01,53.34,paid,card,0
9385,1023,2026-04-01,53.34,paid,card,0
9386,1023,2026-05-01,53.34,paid,card,0
9387,1023,2026-06-01,53.34,paid,bank_transfer,0
9388,1023,2026-07-01,53.34,paid,bank_transfer,0
9389,1024,2025-01-01,238.86,failed,bank_transfer,4
9390,1024,2025-02-01,238.86,paid,card,0
9391,1024,2025-03-01,238.86,paid,card,0
9392,1024,2025-04-01,238.86,paid,card,0
9393,1024,2025-05-01,238.86,paid,bank_transfer,0
9394,1024,2025-06-01,238.86,paid,card,0
9395,1025,2025-06-01,50.95,paid,card,0
9396,1025,2025-07-01,50.95,paid,bank_transfer,0
9397,1025,2025-08-01,50.95,paid,card,0
9398,1025,2025-09-01,50.95,paid,card,0
9399,1025,2025-10-01,50.95,paid,bank_transfer,0
9400,1025,2025-11-01,50.95,paid,bank_transfer,0
9401,1026,2025-09-01,53.25,paid,bank_transfer,0
9402,1028,2026-03-01,184.79,paid,card,0
9403,1028,2026-04-01,184.79,paid,upi,0
9404,1028,2026-05-01,184.79,paid,card,0
9405,1028,2026-06-01,184.79,paid,card,0
9406,1028,2026-07-01,184.79,paid,bank_transfer,0
9407,1028,2026-08-01,184.79,paid,card,0
9408,1028,2026-09-01,184.79,paid,bank_transfer,0
9409,1028,2026-10-01,184.79,paid,card,0
9410,1028,2026-11-01,184.79,paid,bank_transfer,0
9411,1028,2026-12-01,184.79,paid,upi,0
9412,1028,2027-01-01,184.79,paid,card,0
9413,1028,2027-02-01,184.79,paid,card,0
9414,1028,2027-03-01,184.79,paid,card,0
9415,1028,2027-04-01,184.79,paid,upi,0
9416,1028,2027-05-01,184.79,paid,card,0
9417,1028,2027-06-01,184.79,paid,upi,0
9418,1028,2027-07-01,184.79,paid,card,0
9419,1028,2027-08-01,184.79,paid,upi,0
9420,1028,2027-09-01,184.79,paid,card,0
9421,1028,2027-10-01,184.79,paid,card,0
9422,1029,2025-11-01,49.66,paid,card,0
9423,1029,2025-12-01,49.66,paid,upi,0
9424,1029,2026-01-01,49.66,paid,card,0
9425,1029,2026-02-01,49.66,failed,card,0
9426,1029,2026-03-01,49.66,paid,card,0
9427,1029,2026-04-01,49.66,paid,card,0
9428,1029,2026-05-01,49.66,paid,card,0
9429,1029,2026-06-01,49.66,paid,card,0
9430,1029,2026-07-01,49.66,paid,card,0
9431,1031,2026-08-01,58.25,paid,card,0
9432,1031,2026-09-01,58.25,paid,card,0
9433,1031,2026-10-01,58.25,paid,card,0
9434,1031,2026-11-01,58.25,paid,bank_transfer,0
9435,1031,2026-12-01,58.25,paid,card,0
9436,1031,2027-01-01,58.25,paid,upi,0
9437,1031,2027-02-01,58.25,paid,card,0
9438,1031,2027-03-01,58.25,paid,card,0
9439,1032,2025-02-01,827.82,paid,bank_transfer,0
9440,1032,2025-03-01,827.82,paid,card,0
9441,1032,2025-04-01,827.82,paid,card,0
9442,1032,2025-05-01,827.82,paid,bank_transfer,0
9443,1032,2025-06-01,827.82,paid,bank_transfer,0
9444,1032,2025-07-01,827.82,paid,card,0
9445,1032,2025-08-01,827.82,paid,card,0
9446,1032,2025-09-01,827.82,paid,card,0
9447,1032,2025-10-01,827.82,paid,card,0
9448,1032,2025-11-01,827.82,paid,card,0
9449,1032,2025-12-01,827.82,paid,card,0
9450,1032,2026-01-01,827.82,paid,card,0
9451,1032,2026-02-01,827.82,paid,card,0
9452,1032,2026-03-01,827.82,paid,card,0
9453,1032,2026-04-01,827.82,paid,upi,0
9454,1032,2026-05-01,827.82,paid,card,0
9455,1032,2026-06-01,827.82,paid,card,0
9456,1032,2026-07-01,827.82,paid,card,0
9457,1033,2025-02-01,1153.57,paid,card,0
9458,1033,2025-03-01,1153.57,paid,card,0
9459,1033,2025-04-01,1153.57,paid,card,0
9460,1033,2025-05-01,1153.57,paid,upi,0
9461,1033,2025-06-01,1153.57,paid,bank_transfer,0
9462,1033,2025-07-01,1153.57,paid,card,0
9463,1033,2025-08-01,1153.57,paid,card,0
9464,1033,2025-09-01,1153.57,paid,card,0
9465,1033,2025-10-01,1153.57,paid,card,0
9466,1033,2025-11-01,1153.57,paid,card,0
9467,1033,2025-12-01,1153.57,paid,card,0
9468,1033,2026-01-01,1153.57,paid,card,0
9469,1033,2026-02-01,1153.57,paid,card,0
9470,1033,2026-03-01,1153.57,paid,card,0
9471,1033,2026-04-01,1153.57,paid,card,0
9472,1033,2026-05-01,1153.57,paid,card,0
9473,1033,2026-06-01,1153.57,paid,card,0
9474,1033,2026-07-01,1153.57,paid,bank_transfer,0
9475,1034,2025-06-01,42.05,paid,card,0
9476,1034,2025-07-01,42.05,paid,upi,0
9477,1035,2026-02-01,47.17,paid,card,0
9478,1036,2025-09-01,56.98,paid,card,0
9479,1036,2025-10-01,56.98,paid,bank_transfer,0
9480,1036,2025-11-01,56.98,paid,card,0
9481,1036,2025-12-01,56.98,paid,card,0
9482,1036,2026-01-01,56.98,paid,card,0
9483,1036,2026-02-01,56.98,paid,bank_transfer,0
9484,1036,2026-03-01,56.98,paid,card,0
9485,1036,2026-04-01,56.98,paid,bank_transfer,0
9486,1036,2026-05-01,56.98,paid,card,0
9487,1036,2026-06-01,56.98,paid,card,0
9488,1036,2026-07-01,56.98,paid,card,0
9489,1037,2025-02-01,54.2,paid,card,0
9490,1037,2025-03-01,54.2,paid,card,0
9491,1037,2025-04-01,54.2,paid,card,0
9492,1037,2025-05-01,54.2,paid,card,0
9493,1037,2025-06-01,54.2,paid,bank_transfer,0
9494,1037,2025-07-01,54.2,paid,card,0
9495,1037,2025-08-01,54.2,paid,upi,0
9496,1037,2025-09-01,54.2,paid,card,0
9497,1037,2025-10-01,54.2,paid,upi,0
9498,1037,2025-11-01,54.2,paid,card,0
9499,1037,2025-12-01,54.2,paid,bank_transfer,0
9500,1037,2026-01-01,54.2,paid,card,0
9501,1037,2026-02-01,54.2,paid,card,0
9502,1037,2026-03-01,54.2,paid,bank_transfer,0
9503,1037,2026-04-01,54.2,paid,bank_transfer,0
9504,1037,2026-05-01,54.2,paid,card,0
9505,1037,2026-06-01,54.2,paid,card,0
9506,1037,2026-07-01,54.2,paid,card,0
9507,1038,2025-09-01,189.74,paid,card,0
9508,1038,2025-10-01,189.74,paid,card,0
9509,1038,2025-11-01,189.74,paid,card,0
9510,1038,2025-12-01,189.74,paid,card,0
9511,1038,2026-01-01,189.74,paid,card,0
9512,1038,2026-02-01,189.74,paid,card,0
9513,1038,2026-03-01,189.74,paid,card,0
9514,1038,2026-04-01,189.74,paid,bank_transfer,0
9515,1038,2026-05-01,189.74,failed,card,2
9516,1039,2025-07-01,55.83,paid,card,0
9517,1039,2025-08-01,55.83,failed,card,1
9518,1039,2025-09-01,55.83,paid,card,0
9519,1039,2025-10-01,55.83,paid,card,0
9520,1039,2025-11-01,55.83,paid,bank_transfer,0
9521,1039,2025-12-01,55.83,paid,upi,0
9522,1039,2026-01-01,55.83,paid,card,0
9523,1039,2026-02-01,55.83,paid,card,0
9524,1039,2026-03-01,55.83,failed,card,4
9525,1039,2026-04-01,55.83,paid,card,0
9526,1039,2026-05-01,55.83,paid,card,0
9527,1039,2026-06-01,55.83,paid,card,0
9528,1039,2026-07-01,55.83,paid,card,0
9529,1040,2025-04-01,43.78,paid,bank_transfer,0
9530,1040,2025-05-01,43.78,paid,bank_transfer,0
9531,1040,2025-06-01,43.78,paid,card,0
9532,1040,2025-07-01,43.78,paid,upi,0
9533,1040,2025-08-01,43.78,paid,card,0
9534,1040,2025-09-01,43.78,paid,card,0
9535,1040,2025-10-01,43.78,paid,card,0
9536,1040,2025-11-01,43.78,paid,card,0
9537,1040,2025-12-01,43.78,paid,card,0
9538,1040,2026-01-01,43.78,paid,card,0
9539,1040,2026-02-01,43.78,paid,bank_transfer,0
9540,1040,2026-03-01,43.78,paid,card,0
9541,1040,2026-04-01,43.78,paid,card,0
9542,1040,2026-05-01,43.78,paid,bank_transfer,0
9543,1040,2026-06-01,43.78,paid,bank_transfer,0
9544,1040,2026-07-01,43.78,paid,card,0
9545,1042,2026-02-01,248.49,paid,bank_transfer,0
9546,1042,2026-03-01,248.49,paid,card,0
9547,1042,2026-04-01,248.49,paid,card,0
9548,1042,2026-05-01,248.49,paid,bank_transfer,0
9549,1042,2026-06-01,248.49,paid,bank_transfer,0
9550,1042,2026-07-01,248.49,paid,card,0
9551,1042,2026-08-01,248.49,paid,bank_transfer,0
9552,1042,2026-09-01,248.49,paid,card,0
9553,1042,2026-10-01,248.49,paid,card,0
9554,1042,2026-11-01,248.49,paid,card,0
9555,1042,2026-12-01,248.49,paid,upi,0
9556,1043,2025-06-01,44.31,paid,card,0
9557,1043,2025-07-01,44.31,paid,card,0
9558,1043,2025-08-01,44.31,paid,card,0
9559,1043,2025-09-01,44.31,paid,upi,0
9560,1043,2025-10-01,44.31,paid,card,0
9561,1043,2025-11-01,44.31,paid,bank_transfer,0
9562,1043,2025-12-01,44.31,paid,card,0
9563,1043,2026-01-01,44.31,paid,card,0
9564,1043,2026-02-01,44.31,paid,card,0
9565,1043,2026-03-01,44.31,paid,bank_transfer,0
9566,1043,2026-04-01,44.31,paid,bank_transfer,0
9567,1043,2026-05-01,44.31,paid,card,0
9568,1043,2026-06-01,44.31,paid,card,0
9569,1043,2026-07-01,44.31,paid,card,0
9570,1044,2025-09-01,222.47,paid,card,0
9571,1044,2025-10-01,222.47,paid,card,0
9572,1044,2025-11-01,222.47,paid,card,0
9573,1044,2025-12-01,222.47,paid,card,0
9574,1044,2026-01-01,222.47,paid,card,0
9575,1044,2026-02-01,222.47,paid,card,0
9576,1044,2026-03-01,222.47,paid,bank_transfer,0
9577,1044,2026-04-01,222.47,paid,card,0
9578,1044,2026-05-01,222.47,paid,card,0
9579,1044,2026-06-01,222.47,paid,card,0
9580,1044,2026-07-01,222.47,paid,card,0
9581,1045,2026-01-01,176.03,paid,bank_transfer,0
9582,1045,2026-02-01,176.03,paid,bank_transfer,0
9583,1045,2026-03-01,176.03,paid,upi,0
9584,1045,2026-04-01,176.03,paid,card,0
9585,1046,2026-03-01,42.67,paid,card,0
9586,1046,2026-04-01,42.67,paid,card,0
9587,1046,2026-05-01,42.67,paid,card,0
9588,1046,2026-06-01,42.67,paid,card,0
9589,1046,2026-07-01,42.67,paid,card,0
9590,1047,2025-05-01,839.17,paid,bank_transfer,0
9591,1047,2025-06-01,839.17,paid,card,0
9592,1047,2025-07-01,839.17,paid,card,0
9593,1047,2025-08-01,839.17,paid,upi,0
9594,1047,2025-09-01,839.17,paid,card,0
9595,1047,2025-10-01,839.17,paid,card,0
9596,1047,2025-11-01,839.17,paid,card,0
9597,1047,2025-12-01,839.17,paid,card,0
9598,1047,2026-01-01,839.17,paid,bank_transfer,0
9599,1047,2026-02-01,839.17,paid,card,0
9600,1047,2026-03-01,839.17,paid,bank_transfer,0
9601,1047,2026-04-01,839.17,paid,bank_transfer,0
9602,1047,2026-05-01,839.17,paid,card,0
9603,1047,2026-06-01,839.17,paid,card,0
9604,1047,2026-07-01,839.17,paid,card,0
9605,1048,2025-10-01,54.18,paid,card,0
9606,1049,2024-11-01,1083.58,failed,bank_transfer,1
9607,1049,2024-12-01,1083.58,paid,card,0
9608,1049,2025-01-01,1083.58,paid,upi,0
9609,1049,2025-02-01,1083.58,paid,upi,0
9610,1049,2025-03-01,1083.58,paid,card,0
9611,1049,2025-04-01,1083.58,paid,bank_transfer,0
9612,1049,2025-05-01,1083.58,paid,upi,0
9613,1050,2025-05-01,195.13,paid,card,0
9614,1050,2025-06-01,195.13,paid,card,0
9615,1050,2025-07-01,195.13,paid,card,0
9616,1050,2025-08-01,195.13,paid,card,0
9617,1050,2025-09-01,195.13,paid,card,0
9618,1050,2025-10-01,195.13,paid,upi,0
9619,1050,2025-11-01,195.13,paid,upi,0
9620,1050,2025-12-01,195.13,paid,card,0
9621,1050,2026-01-01,195.13,paid,card,0
9622,1050,2026-02-01,195.13,paid,card,0
9623,1050,2026-03-01,195.13,paid,upi,0
9624,1051,2025-07-01,245.84,paid,card,0
9625,1051,2025-08-01,245.84,paid,card,0
9626,1051,2025-09-01,245.84,paid,bank_transfer,0
9627,1051,2025-10-01,245.84,paid,card,0
9628,1051,2025-11-01,245.84,paid,card,0
9629,1051,2025-12-01,245.84,failed,upi,2
9630,1052,2025-10-01,58.46,paid,card,0
9631,1052,2025-11-01,58.46,paid,card,0
9632,1052,2025-12-01,58.46,paid,card,0
9633,1052,2026-01-01,58.46,paid,bank_transfer,0
9634,1052,2026-02-01,58.46,paid,upi,0
9635,1052,2026-03-01,58.46,paid,card,0
9636,1052,2026-04-01,58.46,paid,card,0
9637,1052,2026-05-01,58.46,paid,card,0
9638,1052,2026-06-01,58.46,paid,card,0
9639,1052,2026-07-01,58.46,paid,upi,0
9640,1053,2025-07-01,49.72,paid,upi,0
9641,1053,2025-08-01,49.72,paid,card,0
9642,1053,2025-09-01,49.72,paid,bank_transfer,0
9643,1053,2025-10-01,49.72,paid,card,0
9644,1053,2025-11-01,49.72,paid,card,0
9645,1053,2025-12-01,49.72,paid,card,0
9646,1053,2026-01-01,49.72,paid,bank_transfer,0
9647,1053,2026-02-01,49.72,paid,bank_transfer,0
9648,1053,2026-03-01,49.72,paid,card,0
9649,1053,2026-04-01,49.72,paid,card,0
9650,1053,2026-05-01,49.72,paid,bank_transfer,0
9651,1054,2025-10-01,908.76,paid,bank_transfer,0
9652,1054,2025-11-01,908.76,paid,bank_transfer,0
9653,1054,2025-12-01,908.76,paid,card,0
9654,1054,2026-01-01,908.76,paid,bank_transfer,0
9655,1054,2026-02-01,908.76,paid,card,0
9656,1054,2026-03-01,908.76,paid,card,0
9657,1054,2026-04-01,908.76,paid,card,0
9658,1054,2026-05-01,908.76,paid,card,0
9659,1054,2026-06-01,908.76,paid,card,0
9660,1054,2026-07-01,908.76,paid,card,0
9661,1055,2024-11-01,51.9,paid,card,0
9662,1055,2024-12-01,51.9,paid,card,0
9663,1055,2025-01-01,51.9,paid,bank_transfer,0
9664,1056,2025-04-01,255.27,paid,card,0
9665,1056,2025-05-01,255.27,paid,card,0
9666,1056,2025-06-01,255.27,paid,card,0
9667,1056,2025-07-01,255.27,paid,bank_transfer,0
9668,1056,2025-08-01,255.27,paid,card,0
9669,1056,2025-09-01,255.27,paid,card,0
9670,1056,2025-10-01,255.27,paid,card,0
9671,1056,2025-11-01,255.27,paid,card,0
9672,1056,2025-12-01,255.27,paid,card,0
9673,1056,2026-01-01,255.27,paid,card,0
9674,1056,2026-02-01,255.27,paid,upi,0
9675,1056,2026-03-01,255.27,paid,bank_transfer,0
9676,1056,2026-04-01,255.27,paid,card,0
9677,1056,2026-05-01,255.27,paid,card,0
9678,1056,2026-06-01,255.27,paid,card,0
9679,1057,2024-12-01,62.85,paid,card,0
9680,1057,2025-01-01,62.85,paid,bank_transfer,0
9681,1057,2025-02-01,62.85,paid,card,0
9682,1057,2025-03-01,62.85,paid,card,0
9683,1058,2025-08-01,227.14,paid,card,0
9684,1058,2025-09-01,227.14,paid,upi,0
9685,1058,2025-10-01,227.14,paid,card,0
9686,1058,2025-11-01,227.14,paid,card,0
9687,1058,2025-12-01,227.14,paid,card,0
9688,1058,2026-01-01,227.14,paid,bank_transfer,0
9689,1058,2026-02-01,227.14,paid,bank_transfer,0
9690,1058,2026-03-01,227.14,paid,card,0
9691,1058,2026-04-01,227.14,paid,bank_transfer,0
9692,1058,2026-05-01,227.14,paid,bank_transfer,0
9693,1058,2026-06-01,227.14,paid,card,0
9694,1058,2026-07-01,227.14,paid,card,0
9695,1059,2025-07-01,51.54,paid,bank_transfer,0
9696,1059,2025-08-01,51.54,paid,upi,0
9697,1059,2025-09-01,51.54,paid,card,0
9698,1059,2025-10-01,51.54,failed,bank_transfer,1
9699,1059,2025-11-01,51.54,failed,card,4
9700,1060,2025-07-01,1128.06,paid,card,0
9701,1060,2025-08-01,1128.06,paid,card,0
9702,1060,2025-09-01,1128.06,paid,bank_transfer,0
9703,1060,2025-10-01,1128.06,paid,card,0
9704,1060,2025-11-01,1128.06,paid,card,0
9705,1060,2025-12-01,1128.06,paid,card,0
9706,1060,2026-01-01,1128.06,paid,bank_transfer,0
9707,1060,2026-02-01,1128.06,paid,card,0
9708,1060,2026-03-01,1128.06,paid,card,0
9709,1060,2026-04-01,1128.06,paid,bank_transfer,0
9710,1060,2026-05-01,1128.06,paid,card,0
9711,1060,2026-06-01,1128.06,paid,upi,0
9712,1060,2026-07-01,1128.06,paid,bank_transfer,0
9713,1061,2026-01-01,221.53,paid,bank_transfer,0
9714,1061,2026-02-01,221.53,paid,card,0
9715,1061,2026-03-01,221.53,paid,card,0
9716,1061,2026-04-01,221.53,paid,card,0
9717,1061,2026-05-01,221.53,paid,card,0
9718,1061,2026-06-01,221.53,paid,bank_transfer,0
9719,1061,2026-07-01,221.53,paid,card,0
9720,1062,2025-05-01,252.31,paid,card,0
9721,1062,2025-06-01,252.31,paid,card,0
9722,1063,2025-04-01,174.97,paid,card,0
9723,1063,2025-05-01,174.97,paid,card,0
9724,1063,2025-06-01,174.97,paid,card,0
9725,1063,2025-07-01,174.97,paid,bank_transfer,0
9726,1063,2025-08-01,174.97,failed,card,0
9727,1064,2025-05-01,41.67,paid,bank_transfer,0
9728,1064,2025-06-01,41.67,paid,card,0
9729,1064,2025-07-01,41.67,paid,card,0
9730,1064,2025-08-01,41.67,paid,bank_transfer,0
9731,1064,2025-09-01,41.67,paid,card,0
9732,1064,2025-10-01,41.67,paid,card,0
9733,1064,2025-11-01,41.67,failed,bank_transfer,0
9734,1064,2025-12-01,41.67,paid,card,0
9735,1064,2026-01-01,41.67,paid,card,0
9736,1064,2026-02-01,41.67,paid,bank_transfer,0
9737,1064,2026-03-01,41.67,paid,card,0
9738,1064,2026-04-01,41.67,paid,card,0
9739,1064,2026-05-01,41.67,paid,card,0
9740,1064,2026-06-01,41.67,paid,bank_transfer,0
9741,1064,2026-07-01,41.67,paid,card,0
9742,1065,2025-05-01,48.79,paid,card,0
9743,1065,2025-06-01,48.79,paid,card,0
9744,1066,2025-04-01,43.48,paid,card,0
9745,1066,2025-05-01,43.48,paid,bank_transfer,0
9746,1066,2025-06-01,43.48,paid,card,0
9747,1066,2025-07-01,43.48,paid,bank_transfer,0
9748,1066,2025-08-01,43.48,paid,card,0
9749,1066,2025-09-01,43.48,paid,card,0
9750,1066,2025-10-01,43.48,paid,card,0
9751,1066,2025-11-01,43.48,failed,card,0
9752,1067,2025-09-01,62.47,paid,card,0
9753,1067,2025-10-01,62.47,paid,card,0
9754,1067,2025-11-01,62.47,paid,card,0
9755,1067,2025-12-01,62.47,paid,bank_transfer,0
9756,1067,2026-01-01,62.47,paid,card,0
9757,1067,2026-02-01,62.47,paid,card,0
9758,1067,2026-03-01,62.47,paid,card,0
9759,1067,2026-04-01,62.47,paid,bank_transfer,0
9760,1067,2026-05-01,62.47,paid,card,0
9761,1067,2026-06-01,62.47,paid,card,0
9762,1067,2026-07-01,62.47,paid,card,0
9763,1068,2025-04-01,206.51,paid,card,0
9764,1068,2025-05-01,206.51,paid,bank_transfer,0
9765,1068,2025-06-01,206.51,paid,card,0
9766,1068,2025-07-01,206.51,paid,card,0
9767,1068,2025-08-01,206.51,paid,card,0
9768,1068,2025-09-01,206.51,paid,bank_transfer,0
9769,1068,2025-10-01,206.51,paid,card,0
9770,1068,2025-11-01,206.51,paid,card,0
9771,1068,2025-12-01,206.51,paid,bank_transfer,0
9772,1068,2026-01-01,206.51,paid,bank_transfer,0
9773,1068,2026-02-01,206.51,paid,bank_transfer,0
9774,1069,2025-02-01,255.97,paid,card,0
9775,1069,2025-03-01,255.97,paid,card,0
9776,1069,2025-04-01,255.97,paid,card,0
9777,1069,2025-05-01,255.97,paid,bank_transfer,0
9778,1069,2025-06-01,255.97,paid,bank_transfer,0
9779,1069,2025-07-01,255.97,paid,upi,0
9780,1069,2025-08-01,255.97,paid,bank_transfer,0
9781,1069,2025-09-01,255.97,paid,card,0
9782,1069,2025-10-01,255.97,paid,card,0
9783,1069,2025-11-01,255.97,paid,bank_transfer,0
9784,1069,2025-12-01,255.97,paid,bank_transfer,0
9785,1069,2026-01-01,255.97,paid,card,0
9786,1069,2026-02-01,255.97,paid,card,0
9787,1069,2026-03-01,255.97,paid,card,0
9788,1069,2026-04-01,255.97,paid,card,0
9789,1069,2026-05-01,255.97,paid,bank_transfer,0
9790,1069,2026-06-01,255.97,paid,card,0
9791,1070,2025-03-01,54.2,paid,card,0
9792,1070,2025-04-01,54.2,paid,card,0
9793,1070,2025-05-01,54.2,paid,card,0
9794,1070,2025-06-01,54.2,paid,card,0
9795,1070,2025-07-01,54.2,paid,card,0
9796,1070,2025-08-01,54.2,paid,bank_transfer,0
9797,1070,2025-09-01,54.2,paid,card,0
9798,1071,2026-04-01,60.45,paid,bank_transfer,0
9799,1071,2026-05-01,60.45,paid,card,0
9800,1071,2026-06-01,60.45,paid,bank_transfer,0
9801,1071,2026-07-01,60.45,paid,card,0
9802,1072,2026-02-01,212.67,paid,card,0
9803,1072,2026-03-01,212.67,paid,bank_transfer,0
9804,1072,2026-04-01,212.67,paid,card,0
9805,1072,2026-05-01,212.67,paid,card,0
9806,1072,2026-06-01,212.67,paid,bank_transfer,0
9807,1072,2026-07-01,212.67,paid,card,0
9808,1073,2025-04-01,58.58,paid,card,0
9809,1073,2025-05-01,58.58,paid,card,0
9810,1073,2025-06-01,58.58,paid,card,0
9811,1073,2025-07-01,58.58,paid,upi,0
9812,1073,2025-08-01,58.58,paid,card,0
9813,1073,2025-09-01,58.58,paid,card,0
9814,1073,2025-10-01,58.58,paid,card,0
9815,1073,2025-11-01,58.58,paid,card,0
9816,1073,2025-12-01,58.58,paid,card,0
9817,1073,2026-01-01,58.58,paid,card,0
9818,1073,2026-02-01,58.58,paid,card,0
9819,1073,2026-03-01,58.58,paid,bank_transfer,0
9820,1073,2026-04-01,58.58,paid,bank_transfer,0
9821,1074,2025-03-01,55.94,paid,card,0
9822,1074,2025-04-01,55.94,paid,card,0
9823,1074,2025-05-01,55.94,paid,upi,0
9824,1074,2025-06-01,55.94,paid,card,0
9825,1074,2025-07-01,55.94,paid,card,0
9826,1075,2025-04-01,43.89,paid,card,0
9827,1075,2025-05-01,43.89,paid,card,0
9828,1075,2025-06-01,43.89,failed,card,0
9829,1075,2025-07-01,43.89,paid,card,0
9830,1076,2025-09-01,47.31,paid,card,0
9831,1076,2025-10-01,47.31,paid,card,0
9832,1076,2025-11-01,47.31,paid,card,0
9833,1076,2025-12-01,47.31,paid,bank_transfer,0
9834,1076,2026-01-01,47.31,paid,card,0
9835,1076,2026-02-01,47.31,failed,upi,1
9836,1077,2025-08-01,55.31,paid,bank_transfer,0
9837,1077,2025-09-01,55.31,paid,card,0
9838,1077,2025-10-01,55.31,failed,bank_transfer,0
9839,1077,2025-11-01,55.31,paid,bank_transfer,0
9840,1077,2025-12-01,55.31,paid,card,0
9841,1077,2026-01-01,55.31,paid,upi,0
9842,1077,2026-02-01,55.31,paid,upi,0
9843,1077,2026-03-01,55.31,paid,bank_transfer,0
9844,1077,2026-04-01,55.31,paid,card,0
9845,1077,2026-05-01,55.31,paid,card,0
9846,1077,2026-06-01,55.31,paid,card,0
9847,1077,2026-07-01,55.31,paid,bank_transfer,0
9848,1079,2026-05-01,47.65,paid,upi,0
9849,1079,2026-06-01,47.65,paid,card,0
9850,1079,2026-07-01,47.65,paid,card,0
9851,1079,2026-08-01,47.65,paid,card,0
9852,1079,2026-09-01,47.65,paid,card,0
9853,1079,2026-10-01,47.65,paid,bank_transfer,0
9854,1079,2026-11-01,47.65,paid,card,0
9855,1079,2026-12-01,47.65,failed,card,1
9856,1079,2027-01-01,47.65,paid,card,0
9857,1079,2027-02-01,47.65,paid,card,0
9858,1079,2027-03-01,47.65,paid,card,0
9859,1079,2027-04-01,47.65,paid,bank_transfer,0
9860,1079,2027-05-01,47.65,paid,card,0
9861,1079,2027-06-01,47.65,paid,card,0
9862,1080,2025-10-01,54.11,paid,upi,0
9863,1080,2025-11-01,54.11,paid,card,0
9864,1080,2025-12-01,54.11,paid,card,0
9865,1080,2026-01-01,54.11,paid,card,0
9866,1080,2026-02-01,54.11,paid,card,0
9867,1080,2026-03-01,54.11,paid,card,0
9868,1080,2026-04-01,54.11,paid,card,0
9869,1080,2026-05-01,54.11,paid,bank_transfer,0
9870,1080,2026-06-01,54.11,paid,upi,0
9871,1080,2026-07-01,54.11,paid,card,0
9872,1081,2025-08-01,58.78,paid,card,0
9873,1081,2025-09-01,58.78,paid,card,0
9874,1081,2025-10-01,58.78,paid,card,0
9875,1081,2025-11-01,58.78,failed,bank_transfer,1
9876,1081,2025-12-01,58.78,paid,bank_transfer,0
9877,1081,2026-01-01,58.78,paid,bank_transfer,0
9878,1081,2026-02-01,58.78,paid,card,0
9879,1081,2026-03-01,58.78,paid,card,0
9880,1081,2026-04-01,58.78,paid,bank_transfer,0
9881,1081,2026-05-01,58.78,paid,card,0
9882,1081,2026-06-01,58.78,paid,card,0
9883,1081,2026-07-01,58.78,paid,card,0
9884,1082,2024-12-01,219.11,paid,card,0
9885,1082,2025-01-01,219.11,paid,card,0
9886,1082,2025-02-01,219.11,paid,card,0
9887,1082,2025-03-01,219.11,paid,card,0
9888,1082,2025-04-01,219.11,paid,bank_transfer,0
9889,1082,2025-05-01,219.11,paid,upi,0
9890,1082,2025-06-01,219.11,paid,card,0
9891,1082,2025-07-01,219.11,paid,card,0
9892,1082,2025-08-01,219.11,paid,card,0
9893,1082,2025-09-01,219.11,paid,card,0
9894,1082,2025-10-01,219.11,paid,bank_transfer,0
9895,1082,2025-11-01,219.11,paid,card,0
9896,1082,2025-12-01,219.11,paid,bank_transfer,0
9897,1082,2026-01-01,219.11,paid,card,0
9898,1082,2026-02-01,219.11,paid,card,0
9899,1082,2026-03-01,219.11,paid,card,0
9900,1082,2026-04-01,219.11,paid,card,0
9901,1084,2026-03-01,41.97,paid,card,0
9902,1084,2026-04-01,41.97,paid,card,0
9903,1084,2026-05-01,41.97,paid,upi,0
9904,1085,2025-03-01,174.87,paid,card,0
9905,1085,2025-04-01,174.87,paid,bank_transfer,0
9906,1085,2025-05-01,174.87,paid,bank_transfer,0
9907,1085,2025-06-01,174.87,paid,card,0
9908,1085,2025-07-01,174.87,paid,card,0
9909,1085,2025-08-01,174.87,paid,card,0
9910,1085,2025-09-01,174.87,paid,card,0
9911,1085,2025-10-01,174.87,paid,bank_transfer,0
9912,1085,2025-11-01,174.87,paid,card,0
9913,1085,2025-12-01,174.87,paid,card,0
9914,1085,2026-01-01,174.87,paid,bank_transfer,0
9915,1085,2026-02-01,174.87,paid,card,0
9916,1085,2026-03-01,174.87,paid,card,0
9917,1085,2026-04-01,174.87,failed,card,1
9918,1085,2026-05-01,174.87,paid,card,0
9919,1085,2026-06-01,174.87,paid,upi,0
9920,1085,2026-07-01,174.87,paid,card,0
9921,1086,2025-03-01,240.12,paid,card,0
9922,1086,2025-04-01,240.12,paid,bank_transfer,0
9923,1086,2025-05-01,240.12,paid,card,0
9924,1086,2025-06-01,240.12,paid,card,0
9925,1086,2025-07-01,240.12,paid,card,0
9926,1086,2025-08-01,240.12,paid,upi,0
9927,1086,2025-09-01,240.12,paid,upi,0
9928,1086,2025-10-01,240.12,paid,card,0
9929,1086,2025-11-01,240.12,paid,card,0
9930,1086,2025-12-01,240.12,paid,card,0
9931,1086,2026-01-01,240.12,paid,card,0
9932,1086,2026-02-01,240.12,paid,card,0
9933,1086,2026-03-01,240.12,paid,card,0
9934,1086,2026-04-01,240.12,paid,card,0
9935,1086,2026-05-01,240.12,paid,card,0
9936,1086,2026-06-01,240.12,paid,card,0
9937,1086,2026-07-01,240.12,paid,upi,0
9938,1087,2025-02-01,232.58,paid,bank_transfer,0
9939,1088,2025-05-01,51.81,paid,card,0
9940,1088,2025-06-01,51.81,paid,card,0
9941,1088,2025-07-01,51.81,paid,upi,0
9942,1088,2025-08-01,51.81,paid,bank_transfer,0
9943,1088,2025-09-01,51.81,paid,bank_transfer,0
9944,1089,2024-12-01,47.01,paid,card,0
9945,1089,2025-01-01,47.01,paid,card,0
9946,1089,2025-02-01,47.01,paid,card,0
9947,1089,2025-03-01,47.01,failed,card,2
9948,1089,2025-04-01,47.01,paid,upi,0
9949,1089,2025-05-01,47.01,paid,bank_transfer,0
9950,1089,2025-06-01,47.01,paid,bank_transfer,0
9951,1089,2025-07-01,47.01,paid,card,0
9952,1089,2025-08-01,47.01,paid,bank_transfer,0
9953,1089,2025-09-01,47.01,paid,card,0
9954,1089,2025-10-01,47.01,paid,card,0
9955,1089,2025-11-01,47.01,paid,upi,0
9956,1089,2025-12-01,47.01,paid,card,0
9957,1089,2026-01-01,47.01,paid,upi,0
9958,1089,2026-02-01,47.01,paid,card,0
9959,1089,2026-03-01,47.01,paid,card,0
9960,1089,2026-04-01,47.01,paid,card,0
9961,1089,2026-05-01,47.01,paid,upi,0
9962,1089,2026-06-01,47.01,paid,card,0
9963,1089,2026-07-01,47.01,paid,card,0
9964,1090,2025-05-01,47.01,paid,card,0
9965,1090,2025-06-01,47.01,paid,card,0
9966,1090,2025-07-01,47.01,paid,card,0
9967,1090,2025-08-01,47.01,paid,card,0
9968,1090,2025-09-01,47.01,paid,bank_transfer,0
9969,1090,2025-10-01,47.01,paid,card,0
9970,1090,2025-11-01,47.01,paid,card,0
9971,1090,2025-12-01,47.01,paid,bank_transfer,0
9972,1090,2026-01-01,47.01,paid,card,0
9973,1090,2026-02-01,47.01,paid,card,0
9974,1090,2026-03-01,47.01,paid,card,0
9975,1091,2025-10-01,246.32,paid,card,0
9976,1091,2025-11-01,246.32,paid,card,0
9977,1091,2025-12-01,246.32,paid,card,0
9978,1091,2026-01-01,246.32,paid,card,0
9979,1091,2026-02-01,246.32,paid,card,0
9980,1091,2026-03-01,246.32,paid,card,0
9981,1091,2026-04-01,246.32,paid,upi,0
9982,1091,2026-05-01,246.32,paid,card,0
9983,1091,2026-06-01,246.32,paid,card,0
9984,1091,2026-07-01,246.32,paid,card,0
9985,1092,2025-12-01,225.46,paid,bank_transfer,0
9986,1092,2026-01-01,225.46,paid,card,0
9987,1092,2026-02-01,225.46,paid,bank_transfer,0
9988,1092,2026-03-01,225.46,paid,card,0
9989,1092,2026-04-01,225.46,paid,card,0
9990,1092,2026-05-01,225.46,paid,card,0
9991,1092,2026-06-01,225.46,paid,card,0
9992,1092,2026-07-01,225.46,paid,card,0
9993,1093,2026-02-01,1115.73,paid,card,0
9994,1093,2026-03-01,1115.73,paid,upi,0
9995,1093,2026-04-01,1115.73,paid,upi,0
9996,1093,2026-05-01,1115.73,paid,bank_transfer,0
9997,1093,2026-06-01,1115.73,paid,card,0
9998,1093,2026-07-01,1115.73,paid,upi,0
9999,1095,2025-11-01,52.02,paid,bank_transfer,0
10000,1095,2025-12-01,52.02,paid,card,0
10001,1095,2026-01-01,52.02,paid,card,0
10002,1095,2026-02-01,52.02,paid,bank_transfer,0
10003,1095,2026-03-01,52.02,paid,upi,0
10004,1095,2026-04-01,52.02,paid,card,0
10005,1095,2026-05-01,52.02,paid,card,0
10006,1095,2026-06-01,52.02,paid,card,0
10007,1095,2026-07-01,52.02,paid,card,0
10008,1095,2026-08-01,52.02,paid,card,0
10009,1095,2026-09-01,52.02,paid,card,0
10010,1096,2025-04-01,200.87,paid,upi,0
10011,1096,2025-05-01,200.87,paid,upi,0
10012,1096,2025-06-01,200.87,paid,card,0
10013,1096,2025-07-01,200.87,paid,bank_transfer,0
10014,1096,2025-08-01,200.87,paid,card,0
10015,1096,2025-09-01,200.87,paid,upi,0
10016,1096,2025-10-01,200.87,paid,card,0
10017,1096,2025-11-01,200.87,paid,card,0
10018,1096,2025-12-01,200.87,paid,card,0
10019,1096,2026-01-01,200.87,paid,card,0
10020,1096,2026-02-01,200.87,paid,card,0
10021,1096,2026-03-01,200.87,paid,card,0
10022,1096,2026-04-01,200.87,failed,card,2
10023,1096,2026-05-01,200.87,paid,card,0
10024,1096,2026-06-01,200.87,paid,card,0
10025,1096,2026-07-01,200.87,paid,bank_transfer,0
10026,1097,2025-05-01,205.63,paid,card,0
10027,1097,2025-06-01,205.63,paid,card,0
10028,1097,2025-07-01,205.63,paid,card,0
10029,1097,2025-08-01,205.63,paid,bank_transfer,0
10030,1098,2024-12-01,219.64,paid,bank_transfer,0
10031,1098,2025-01-01,219.64,paid,card,0
10032,1098,2025-02-01,219.64,paid,card,0
10033,1098,2025-03-01,219.64,paid,card,0
10034,1098,2025-04-01,219.64,paid,bank_transfer,0
10035,1098,2025-05-01,219.64,paid,card,0
10036,1098,2025-06-01,219.64,paid,card,0
10037,1098,2025-07-01,219.64,paid,card,0
10038,1098,2025-08-01,219.64,paid,card,0
10039,1098,2025-09-01,219.64,paid,card,0
10040,1098,2025-10-01,219.64,paid,card,0
10041,1098,2025-11-01,219.64,paid,bank_transfer,0
10042,1098,2025-12-01,219.64,paid,card,0
10043,1098,2026-01-01,219.64,paid,upi,0
10044,1098,2026-02-01,219.64,paid,card,0
10045,1098,2026-03-01,219.64,paid,bank_transfer,0
10046,1098,2026-04-01,219.64,paid,bank_transfer,0
10047,1098,2026-05-01,219.64,paid,card,0
10048,1098,2026-06-01,219.64,paid,card,0
10049,1098,2026-07-01,219.64,paid,card,0
10050,1099,2026-01-01,54.67,paid,card,0
10051,1099,2026-02-01,54.67,paid,card,0
10052,1099,2026-03-01,54.67,paid,card,0
10053,1099,2026-04-01,54.67,paid,card,0
10054,1099,2026-05-01,54.67,paid,upi,0
10055,1099,2026-06-01,54.67,paid,upi,0
10056,1099,2026-07-01,54.67,paid,card,0
10057,1101,2026-01-01,52.83,failed,upi,4
10058,1101,2026-02-01,52.83,paid,card,0
10059,1101,2026-03-01,52.83,paid,bank_transfer,0
10060,1101,2026-04-01,52.83,paid,card,0
10061,1101,2026-05-01,52.83,paid,card,0
10062,1101,2026-06-01,52.83,paid,upi,0
10063,1101,2026-07-01,52.83,paid,bank_transfer,0
10064,1101,2026-08-01,52.83,paid,card,0
10065,1102,2025-05-01,225.57,failed,card,1
10066,1102,2025-06-01,225.57,paid,card,0
10067,1102,2025-07-01,225.57,paid,card,0
10068,1102,2025-08-01,225.57,paid,card,0
10069,1102,2025-09-01,225.57,paid,card,0
10070,1102,2025-10-01,225.57,paid,card,0
10071,1102,2025-11-01,225.57,paid,card,0
10072,1102,2025-12-01,225.57,paid,card,0
10073,1102,2026-01-01,225.57,paid,card,0
10074,1102,2026-02-01,225.57,paid,bank_transfer,0
10075,1102,2026-03-01,225.57,paid,bank_transfer,0
10076,1102,2026-04-01,225.57,paid,card,0
10077,1102,2026-05-01,225.57,paid,card,0
10078,1102,2026-06-01,225.57,paid,card,0
10079,1102,2026-07-01,225.57,paid,card,0
10080,1103,2025-03-01,229.13,paid,card,0
10081,1103,2025-04-01,229.13,paid,card,0
10082,1103,2025-05-01,229.13,paid,card,0
10083,1103,2025-06-01,229.13,paid,card,0
10084,1103,2025-07-01,229.13,paid,card,0
10085,1103,2025-08-01,229.13,paid,card,0
10086,1103,2025-09-01,229.13,paid,bank_transfer,0
10087,1103,2025-10-01,229.13,paid,card,0
10088,1103,2025-11-01,229.13,paid,upi,0
10089,1103,2025-12-01,229.13,paid,card,0
10090,1103,2026-01-01,229.13,paid,bank_transfer,0
10091,1103,2026-02-01,229.13,paid,card,0
10092,1103,2026-03-01,229.13,failed,bank_transfer,0
10093,1103,2026-04-01,229.13,paid,card,0
10094,1103,2026-05-01,229.13,paid,card,0
10095,1103,2026-06-01,229.13,paid,card,0
10096,1103,2026-07-01,229.13,paid,bank_transfer,0
10097,1104,2025-12-01,58.14,paid,card,0
10098,1104,2026-01-01,58.14,paid,card,0
10099,1104,2026-02-01,58.14,paid,card,0
10100,1104,2026-03-01,58.14,failed,bank_transfer,7
10101,1104,2026-04-01,58.14,failed,card,1
10102,1105,2025-06-01,53.94,paid,card,0
10103,1105,2025-07-01,53.94,paid,card,0
10104,1105,2025-08-01,53.94,paid,bank_transfer,0
10105,1105,2025-09-01,53.94,paid,upi,0
10106,1105,2025-10-01,53.94,paid,bank_transfer,0
10107,1105,2025-11-01,53.94,paid,bank_transfer,0
10108,1105,2025-12-01,53.94,paid,card,0
10109,1105,2026-01-01,53.94,paid,card,0
10110,1105,2026-02-01,53.94,paid,card,0
10111,1105,2026-03-01,53.94,paid,bank_transfer,0
10112,1105,2026-04-01,53.94,paid,card,0
10113,1105,2026-05-01,53.94,paid,card,0
10114,1106,2025-04-01,1108.93,paid,bank_transfer,0
10115,1107,2025-05-01,192.76,paid,upi,0
10116,1107,2025-06-01,192.76,paid,bank_transfer,0
10117,1107,2025-07-01,192.76,paid,card,0
10118,1107,2025-08-01,192.76,paid,card,0
10119,1107,2025-09-01,192.76,paid,card,0
10120,1107,2025-10-01,192.76,paid,card,0
10121,1107,2025-11-01,192.76,paid,card,0
10122,1108,2025-02-01,60.44,paid,card,0
10123,1108,2025-03-01,60.44,paid,card,0
10124,1108,2025-04-01,60.44,paid,card,0
10125,1108,2025-05-01,60.44,paid,card,0
10126,1108,2025-06-01,60.44,paid,card,0
10127,1108,2025-07-01,60.44,paid,bank_transfer,0
10128,1108,2025-08-01,60.44,paid,card,0
10129,1108,2025-09-01,60.44,paid,card,0
10130,1108,2025-10-01,60.44,paid,bank_transfer,0
10131,1108,2025-11-01,60.44,paid,card,0
10132,1108,2025-12-01,60.44,paid,bank_transfer,0
10133,1108,2026-01-01,60.44,paid,upi,0
10134,1108,2026-02-01,60.44,paid,upi,0
10135,1108,2026-03-01,60.44,paid,card,0
10136,1108,2026-04-01,60.44,paid,card,0
10137,1108,2026-05-01,60.44,paid,bank_transfer,0
10138,1108,2026-06-01,60.44,paid,card,0
10139,1109,2025-08-01,249.53,paid,upi,0
10140,1109,2025-09-01,249.53,paid,card,0
10141,1109,2025-10-01,249.53,paid,card,0
10142,1109,2025-11-01,249.53,paid,bank_transfer,0
10143,1109,2025-12-01,249.53,paid,card,0
10144,1109,2026-01-01,249.53,paid,bank_transfer,0
10145,1109,2026-02-01,249.53,paid,card,0
10146,1109,2026-03-01,249.53,paid,card,0
10147,1109,2026-04-01,249.53,paid,card,0
10148,1109,2026-05-01,249.53,paid,card,0
10149,1109,2026-06-01,249.53,paid,card,0
10150,1109,2026-07-01,249.53,paid,card,0
10151,1110,2025-01-01,43.27,paid,card,0
10152,1110,2025-02-01,43.27,paid,card,0
10153,1110,2025-03-01,43.27,paid,card,0
10154,1110,2025-04-01,43.27,paid,card,0
10155,1110,2025-05-01,43.27,paid,card,0
10156,1110,2025-06-01,43.27,paid,card,0
10157,1110,2025-07-01,43.27,paid,upi,0
10158,1110,2025-08-01,43.27,paid,card,0
10159,1110,2025-09-01,43.27,paid,bank_transfer,0
10160,1111,2025-09-01,205.58,paid,card,0
10161,1111,2025-10-01,205.58,paid,card,0
10162,1111,2025-11-01,205.58,paid,bank_transfer,0
10163,1113,2026-01-01,1046.7,paid,card,0
10164,1114,2025-04-01,196.35,paid,card,0
10165,1114,2025-05-01,196.35,paid,card,0
10166,1114,2025-06-01,196.35,paid,card,0
10167,1114,2025-07-01,196.35,paid,bank_transfer,0
10168,1114,2025-08-01,196.35,paid,card,0
10169,1114,2025-09-01,196.35,paid,card,0
10170,1114,2025-10-01,196.35,paid,card,0
10171,1114,2025-11-01,196.35,paid,card,0
10172,1114,2025-12-01,196.35,paid,card,0
10173,1114,2026-01-01,196.35,paid,bank_transfer,0
10174,1114,2026-02-01,196.35,paid,card,0
10175,1114,2026-03-01,196.35,paid,card,0
10176,1114,2026-04-01,196.35,paid,card,0
10177,1114,2026-05-01,196.35,paid,bank_transfer,0
10178,1114,2026-06-01,196.35,paid,card,0
10179,1114,2026-07-01,196.35,paid,upi,0
10180,1115,2025-08-01,961.69,paid,card,0
10181,1115,2025-09-01,961.69,failed,card,2
10182,1115,2025-10-01,961.69,paid,card,0
10183,1115,2025-11-01,961.69,paid,card,0
10184,1115,2025-12-01,961.69,paid,bank_transfer,0
10185,1115,2026-01-01,961.69,paid,card,0
10186,1115,2026-02-01,961.69,paid,card,0
10187,1115,2026-03-01,961.69,paid,card,0
10188,1115,2026-04-01,961.69,paid,card,0
10189,1115,2026-05-01,961.69,paid,card,0
10190,1115,2026-06-01,961.69,paid,card,0
10191,1115,2026-07-01,961.69,paid,card,0
10192,1116,2024-11-01,213.31,paid,card,0
10193,1116,2024-12-01,213.31,paid,card,0
10194,1116,2025-01-01,213.31,paid,card,0
10195,1116,2025-02-01,213.31,paid,card,0
10196,1116,2025-03-01,213.31,paid,card,0
10197,1116,2025-04-01,213.31,paid,bank_transfer,0
10198,1116,2025-05-01,213.31,paid,bank_transfer,0
10199,1116,2025-06-01,213.31,paid,bank_transfer,0
10200,1116,2025-07-01,213.31,paid,card,0
10201,1116,2025-08-01,213.31,paid,bank_transfer,0
10202,1116,2025-09-01,213.31,paid,card,0
10203,1117,2025-02-01,46.32,failed,card,0
10204,1117,2025-03-01,46.32,paid,card,0
10205,1118,2025-05-01,242.44,paid,card,0
10206,1118,2025-06-01,242.44,paid,card,0
10207,1118,2025-07-01,242.44,paid,card,0
10208,1118,2025-08-01,242.44,paid,card,0
10209,1118,2025-09-01,242.44,paid,bank_transfer,0
10210,1118,2025-10-01,242.44,paid,bank_transfer,0
10211,1118,2025-11-01,242.44,paid,card,0
10212,1119,2025-07-01,249.49,paid,card,0
10213,1119,2025-08-01,249.49,paid,card,0
10214,1119,2025-09-01,249.49,paid,card,0
10215,1119,2025-10-01,249.49,paid,card,0
10216,1119,2025-11-01,249.49,paid,bank_transfer,0
10217,1119,2025-12-01,249.49,paid,bank_transfer,0
10218,1119,2026-01-01,249.49,paid,card,0
10219,1119,2026-02-01,249.49,paid,card,0
10220,1119,2026-03-01,249.49,paid,card,0
10221,1119,2026-04-01,249.49,paid,bank_transfer,0
10222,1119,2026-05-01,249.49,paid,bank_transfer,0
10223,1119,2026-06-01,249.49,failed,upi,0
10224,1119,2026-07-01,249.49,paid,bank_transfer,0
10225,1121,2026-05-01,60.62,paid,card,0
10226,1121,2026-06-01,60.62,failed,bank_transfer,3
10227,1122,2025-01-01,61.36,paid,card,0
10228,1122,2025-02-01,61.36,paid,card,0
10229,1122,2025-03-01,61.36,paid,card,0
10230,1122,2025-04-01,61.36,paid,card,0
10231,1122,2025-05-01,61.36,paid,card,0
10232,1122,2025-06-01,61.36,paid,bank_transfer,0
10233,1122,2025-07-01,61.36,paid,bank_transfer,0
10234,1122,2025-08-01,61.36,paid,card,0
10235,1122,2025-09-01,61.36,paid,card,0
10236,1122,2025-10-01,61.36,paid,card,0
10237,1122,2025-11-01,61.36,paid,bank_transfer,0
10238,1122,2025-12-01,61.36,paid,card,0
10239,1122,2026-01-01,61.36,paid,card,0
10240,1122,2026-02-01,61.36,paid,card,0
10241,1122,2026-03-01,61.36,paid,card,0
10242,1122,2026-04-01,61.36,paid,card,0
10243,1122,2026-05-01,61.36,paid,card,0
10244,1122,2026-06-01,61.36,paid,bank_transfer,0
10245,1122,2026-07-01,61.36,paid,card,0
10246,1123,2025-04-01,46.98,paid,card,0
10247,1123,2025-05-01,46.98,paid,bank_transfer,0
10248,1123,2025-06-01,46.98,paid,card,0
10249,1123,2025-07-01,46.98,paid,card,0
10250,1123,2025-08-01,46.98,paid,card,0
10251,1123,2025-09-01,46.98,paid,card,0
10252,1123,2025-10-01,46.98,paid,card,0
10253,1123,2025-11-01,46.98,paid,card,0
10254,1123,2025-12-01,46.98,paid,card,0
10255,1123,2026-01-01,46.98,paid,card,0
10256,1123,2026-02-01,46.98,paid,bank_transfer,0
10257,1123,2026-03-01,46.98,paid,card,0
10258,1124,2025-02-01,53.51,paid,bank_transfer,0
10259,1124,2025-03-01,53.51,paid,card,0
10260,1124,2025-04-01,53.51,paid,card,0
10261,1124,2025-05-01,53.51,paid,card,0
10262,1124,2025-06-01,53.51,paid,card,0
10263,1124,2025-07-01,53.51,paid,card,0
10264,1124,2025-08-01,53.51,paid,card,0
10265,1124,2025-09-01,53.51,failed,card,0
10266,1124,2025-10-01,53.51,paid,upi,0
10267,1124,2025-11-01,53.51,paid,card,0
10268,1124,2025-12-01,53.51,paid,card,0
10269,1124,2026-01-01,53.51,paid,bank_transfer,0
10270,1124,2026-02-01,53.51,paid,card,0
10271,1124,2026-03-01,53.51,paid,card,0
10272,1124,2026-04-01,53.51,paid,card,0
10273,1124,2026-05-01,53.51,paid,card,0
10274,1124,2026-06-01,53.51,paid,card,0
10275,1124,2026-07-01,53.51,paid,card,0
10276,1125,2025-04-01,46.45,paid,card,0
10277,1125,2025-05-01,46.45,paid,card,0
10278,1125,2025-06-01,46.45,paid,card,0
10279,1125,2025-07-01,46.45,paid,card,0
10280,1125,2025-08-01,46.45,paid,card,0
10281,1125,2025-09-01,46.45,paid,card,0
10282,1125,2025-10-01,46.45,paid,bank_transfer,0
10283,1125,2025-11-01,46.45,paid,bank_transfer,0
10284,1125,2025-12-01,46.45,paid,bank_transfer,0
10285,1125,2026-01-01,46.45,paid,card,0
10286,1125,2026-02-01,46.45,paid,card,0
10287,1125,2026-03-01,46.45,paid,card,0
10288,1126,2025-10-01,193.49,paid,bank_transfer,0
10289,1126,2025-11-01,193.49,paid,bank_transfer,0
10290,1126,2025-12-01,193.49,paid,card,0
10291,1126,2026-01-01,193.49,paid,upi,0
10292,1126,2026-02-01,193.49,paid,bank_transfer,0
10293,1126,2026-03-01,193.49,paid,card,0
10294,1126,2026-04-01,193.49,paid,card,0
10295,1126,2026-05-01,193.49,paid,card,0
10296,1126,2026-06-01,193.49,paid,bank_transfer,0
10297,1126,2026-07-01,193.49,paid,bank_transfer,0
10298,1127,2025-08-01,56.08,paid,bank_transfer,0
10299,1127,2025-09-01,56.08,paid,card,0
10300,1127,2025-10-01,56.08,paid,card,0
10301,1127,2025-11-01,56.08,paid,card,0
10302,1127,2025-12-01,56.08,paid,card,0
10303,1129,2026-02-01,48.49,paid,card,0
10304,1129,2026-03-01,48.49,paid,upi,0
10305,1129,2026-04-01,48.49,paid,bank_transfer,0
10306,1129,2026-05-01,48.49,paid,bank_transfer,0
10307,1129,2026-06-01,48.49,paid,card,0
10308,1129,2026-07-01,48.49,paid,bank_transfer,0
10309,1130,2025-05-01,208.37,paid,bank_transfer,0
10310,1130,2025-06-01,208.37,paid,card,0
10311,1130,2025-07-01,208.37,paid,bank_transfer,0
10312,1130,2025-08-01,208.37,paid,upi,0
10313,1131,2025-01-01,50.95,paid,card,0
10314,1131,2025-02-01,50.95,paid,bank_transfer,0
10315,1131,2025-03-01,50.95,paid,bank_transfer,0
10316,1131,2025-04-01,50.95,paid,card,0
10317,1131,2025-05-01,50.95,paid,card,0
10318,1131,2025-06-01,50.95,failed,upi,4
10319,1132,2025-05-01,236.55,paid,upi,0
10320,1132,2025-06-01,236.55,paid,upi,0
10321,1132,2025-07-01,236.55,paid,card,0
10322,1132,2025-08-01,236.55,paid,card,0
10323,1132,2025-09-01,236.55,paid,card,0
10324,1132,2025-10-01,236.55,paid,card,0
10325,1132,2025-11-01,236.55,paid,card,0
10326,1132,2025-12-01,236.55,paid,card,0
10327,1132,2026-01-01,236.55,paid,card,0
10328,1132,2026-02-01,236.55,paid,card,0
10329,1132,2026-03-01,236.55,paid,bank_transfer,0
10330,1132,2026-04-01,236.55,paid,card,0
10331,1132,2026-05-01,236.55,paid,bank_transfer,0
10332,1132,2026-06-01,236.55,paid,card,0
10333,1132,2026-07-01,236.55,paid,card,0
10334,1133,2025-06-01,953.8,paid,bank_transfer,0
10335,1133,2025-07-01,953.8,paid,card,0
10336,1133,2025-08-01,953.8,paid,card,0
10337,1133,2025-09-01,953.8,paid,bank_transfer,0
10338,1133,2025-10-01,953.8,paid,card,0
10339,1133,2025-11-01,953.8,paid,card,0
10340,1133,2025-12-01,953.8,paid,card,0
10341,1133,2026-01-01,953.8,paid,card,0
10342,1133,2026-02-01,953.8,paid,card,0
10343,1133,2026-03-01,953.8,paid,card,0
10344,1133,2026-04-01,953.8,paid,card,0
10345,1133,2026-05-01,953.8,paid,card,0
10346,1133,2026-06-01,953.8,paid,card,0
10347,1133,2026-07-01,953.8,paid,card,0
10348,1134,2025-03-01,61.58,paid,bank_transfer,0
10349,1134,2025-04-01,61.58,paid,bank_transfer,0
10350,1134,2025-05-01,61.58,failed,card,2
10351,1135,2025-01-01,52.41,paid,card,0
10352,1135,2025-02-01,52.41,paid,card,0
10353,1135,2025-03-01,52.41,paid,card,0
10354,1135,2025-04-01,52.41,paid,upi,0
10355,1135,2025-05-01,52.41,paid,bank_transfer,0
10356,1135,2025-06-01,52.41,paid,card,0
10357,1135,2025-07-01,52.41,failed,card,0
10358,1136,2025-01-01,60.18,paid,bank_transfer,0
10359,1136,2025-02-01,60.18,paid,card,0
10360,1136,2025-03-01,60.18,paid,upi,0
10361,1136,2025-04-01,60.18,paid,bank_transfer,0
10362,1136,2025-05-01,60.18,paid,card,0
10363,1136,2025-06-01,60.18,paid,card,0
10364,1136,2025-07-01,60.18,paid,card,0
10365,1136,2025-08-01,60.18,paid,bank_transfer,0
10366,1136,2025-09-01,60.18,paid,card,0
10367,1136,2025-10-01,60.18,paid,card,0
10368,1136,2025-11-01,60.18,failed,card,1
10369,1137,2025-11-01,182.39,paid,card,0
10370,1137,2025-12-01,182.39,paid,card,0
10371,1137,2026-01-01,182.39,paid,card,0
10372,1138,2025-06-01,172.27,paid,card,0
10373,1138,2025-07-01,172.27,paid,card,0
10374,1138,2025-08-01,172.27,paid,upi,0
10375,1138,2025-09-01,172.27,paid,card,0
10376,1138,2025-10-01,172.27,paid,card,0
10377,1138,2025-11-01,172.27,paid,card,0
10378,1138,2025-12-01,172.27,paid,upi,0
10379,1138,2026-01-01,172.27,paid,upi,0
10380,1138,2026-02-01,172.27,paid,card,0
10381,1138,2026-03-01,172.27,paid,upi,0
10382,1138,2026-04-01,172.27,paid,bank_transfer,0
10383,1138,2026-05-01,172.27,paid,upi,0
10384,1138,2026-06-01,172.27,paid,bank_transfer,0
10385,1138,2026-07-01,172.27,paid,card,0
10386,1139,2025-06-01,59.37,paid,card,0
10387,1139,2025-07-01,59.37,paid,card,0
10388,1139,2025-08-01,59.37,paid,card,0
10389,1139,2025-09-01,59.37,paid,bank_transfer,0
10390,1139,2025-10-01,59.37,paid,card,0
10391,1139,2025-11-01,59.37,paid,card,0
10392,1139,2025-12-01,59.37,paid,card,0
10393,1139,2026-01-01,59.37,paid,card,0
10394,1139,2026-02-01,59.37,paid,card,0
10395,1139,2026-03-01,59.37,paid,card,0
10396,1139,2026-04-01,59.37,paid,card,0
10397,1139,2026-05-01,59.37,paid,card,0
10398,1139,2026-06-01,59.37,paid,bank_transfer,0
10399,1139,2026-07-01,59.37,paid,upi,0
10400,1140,2025-01-01,199.75,failed,upi,1
10401,1140,2025-02-01,199.75,paid,card,0
10402,1140,2025-03-01,199.75,paid,bank_transfer,0
10403,1140,2025-04-01,199.75,paid,bank_transfer,0
10404,1140,2025-05-01,199.75,paid,bank_transfer,0
10405,1140,2025-06-01,199.75,paid,card,0
10406,1140,2025-07-01,199.75,failed,upi,1
10407,1140,2025-08-01,199.75,paid,card,0
10408,1140,2025-09-01,199.75,paid,card,0
10409,1140,2025-10-01,199.75,paid,card,0
10410,1140,2025-11-01,199.75,paid,bank_transfer,0
10411,1140,2025-12-01,199.75,paid,bank_transfer,0
10412,1140,2026-01-01,199.75,paid,card,0
10413,1140,2026-02-01,199.75,paid,bank_transfer,0
10414,1140,2026-03-01,199.75,paid,bank_transfer,0
10415,1140,2026-04-01,199.75,paid,card,0
10416,1140,2026-05-01,199.75,paid,card,0
10417,1140,2026-06-01,199.75,paid,card,0
10418,1140,2026-07-01,199.75,paid,bank_transfer,0
10419,1141,2025-01-01,59.3,paid,card,0
10420,1141,2025-02-01,59.3,paid,upi,0
10421,1141,2025-03-01,59.3,paid,card,0
10422,1141,2025-04-01,59.3,paid,bank_transfer,0
10423,1141,2025-05-01,59.3,paid,upi,0
10424,1141,2025-06-01,59.3,paid,card,0
10425,1141,2025-07-01,59.3,paid,bank_transfer,0
10426,1141,2025-08-01,59.3,paid,card,0
10427,1141,2025-09-01,59.3,paid,card,0
10428,1141,2025-10-01,59.3,paid,bank_transfer,0
10429,1141,2025-11-01,59.3,paid,card,0
10430,1141,2025-12-01,59.3,paid,card,0
10431,1141,2026-01-01,59.3,paid,card,0
10432,1141,2026-02-01,59.3,paid,card,0
10433,1141,2026-03-01,59.3,paid,card,0
10434,1141,2026-04-01,59.3,failed,upi,1
10435,1141,2026-05-01,59.3,failed,card,2
10436,1141,2026-06-01,59.3,paid,card,0
10437,1142,2025-07-01,61.17,paid,card,0
10438,1142,2025-08-01,61.17,paid,card,0
10439,1142,2025-09-01,61.17,paid,card,0
10440,1142,2025-10-01,61.17,paid,card,0
10441,1142,2025-11-01,61.17,paid,card,0
10442,1142,2025-12-01,61.17,paid,bank_transfer,0
10443,1142,2026-01-01,61.17,paid,card,0
10444,1142,2026-02-01,61.17,paid,card,0
10445,1142,2026-03-01,61.17,paid,card,0
10446,1142,2026-04-01,61.17,paid,card,0
10447,1142,2026-05-01,61.17,paid,bank_transfer,0
10448,1142,2026-06-01,61.17,paid,bank_transfer,0
10449,1142,2026-07-01,61.17,paid,upi,0
10450,1143,2026-02-01,248.99,paid,card,0
10451,1143,2026-03-01,248.99,paid,card,0
10452,1143,2026-04-01,248.99,paid,card,0
10453,1143,2026-05-01,248.99,paid,bank_transfer,0
10454,1143,2026-06-01,248.99,paid,card,0
10455,1143,2026-07-01,248.99,paid,card,0
10456,1145,2025-07-01,59.39,paid,bank_transfer,0
10457,1145,2025-08-01,59.39,paid,card,0
10458,1145,2025-09-01,59.39,paid,card,0
10459,1145,2025-10-01,59.39,paid,card,0
10460,1145,2025-11-01,59.39,paid,card,0
10461,1145,2025-12-01,59.39,paid,card,0
10462,1145,2026-01-01,59.39,paid,card,0
10463,1145,2026-02-01,59.39,paid,bank_transfer,0
10464,1145,2026-03-01,59.39,paid,card,0
10465,1145,2026-04-01,59.39,paid,card,0
10466,1145,2026-05-01,59.39,paid,card,0
10467,1145,2026-06-01,59.39,paid,card,0
10468,1145,2026-07-01,59.39,paid,card,0
10469,1145,2026-08-01,59.39,paid,card,0
10470,1145,2026-09-01,59.39,paid,card,0
10471,1145,2026-10-01,59.39,paid,card,0
10472,1145,2026-11-01,59.39,paid,card,0
10473,1145,2026-12-01,59.39,paid,card,0
10474,1145,2027-01-01,59.39,paid,card,0
10475,1146,2025-03-01,57.08,paid,card,0
10476,1146,2025-04-01,57.08,paid,bank_transfer,0
10477,1146,2025-05-01,57.08,paid,card,0
10478,1146,2025-06-01,57.08,paid,card,0
10479,1146,2025-07-01,57.08,paid,upi,0
10480,1146,2025-08-01,57.08,paid,card,0
10481,1146,2025-09-01,57.08,paid,card,0
10482,1146,2025-10-01,57.08,paid,card,0
10483,1146,2025-11-01,57.08,paid,card,0
10484,1146,2025-12-01,57.08,paid,card,0
10485,1146,2026-01-01,57.08,paid,card,0
10486,1146,2026-02-01,57.08,paid,bank_transfer,0
10487,1146,2026-03-01,57.08,paid,card,0
10488,1146,2026-04-01,57.08,paid,card,0
10489,1146,2026-05-01,57.08,paid,card,0
10490,1146,2026-06-01,57.08,failed,card,2
10491,1146,2026-07-01,57.08,paid,card,0
10492,1147,2025-08-01,258.51,paid,card,0
10493,1147,2025-09-01,258.51,paid,upi,0
10494,1147,2025-10-01,258.51,paid,card,0
10495,1147,2025-11-01,258.51,paid,card,0
10496,1147,2025-12-01,258.51,paid,card,0
10497,1147,2026-01-01,258.51,paid,card,0
10498,1147,2026-02-01,258.51,paid,card,0
10499,1147,2026-03-01,258.51,paid,card,0
10500,1147,2026-04-01,258.51,paid,card,0
10501,1147,2026-05-01,258.51,failed,card,2
10502,1147,2026-06-01,258.51,paid,upi,0
10503,1149,2026-04-01,250.3,paid,card,0
10504,1149,2026-05-01,250.3,paid,upi,0
10505,1149,2026-06-01,250.3,paid,card,0
10506,1149,2026-07-01,250.3,paid,bank_transfer,0
10507,1149,2026-08-01,250.3,paid,upi,0
10508,1149,2026-09-01,250.3,paid,card,0
10509,1149,2026-10-01,250.3,paid,upi,0
10510,1149,2026-11-01,250.3,paid,card,0
10511,1149,2026-12-01,250.3,paid,upi,0
10512,1149,2027-01-01,250.3,paid,bank_transfer,0
10513,1149,2027-02-01,250.3,paid,card,0
10514,1149,2027-03-01,250.3,paid,card,0
10515,1150,2024-11-01,57.62,paid,bank_transfer,0
10516,1151,2025-05-01,49.0,paid,card,0
10517,1151,2025-06-01,49.0,paid,card,0
10518,1151,2025-07-01,49.0,paid,card,0
10519,1151,2025-08-01,49.0,paid,upi,0
10520,1151,2025-09-01,49.0,paid,upi,0
10521,1151,2025-10-01,49.0,paid,bank_transfer,0
10522,1151,2025-11-01,49.0,paid,card,0
10523,1151,2025-12-01,49.0,paid,card,0
10524,1151,2026-01-01,49.0,paid,card,0
10525,1151,2026-02-01,49.0,paid,upi,0
10526,1151,2026-03-01,49.0,paid,card,0
10527,1151,2026-04-01,49.0,failed,bank_transfer,2
10528,1151,2026-05-01,49.0,paid,upi,0
10529,1151,2026-06-01,49.0,paid,upi,0
10530,1151,2026-07-01,49.0,failed,card,0
10531,1153,2025-07-01,210.93,paid,card,0
10532,1153,2025-08-01,210.93,paid,card,0
10533,1153,2025-09-01,210.93,paid,upi,0
10534,1153,2025-10-01,210.93,paid,card,0
10535,1153,2025-11-01,210.93,paid,card,0
10536,1153,2025-12-01,210.93,paid,card,0
10537,1153,2026-01-01,210.93,paid,card,0
10538,1153,2026-02-01,210.93,paid,card,0
10539,1153,2026-03-01,210.93,paid,card,0
10540,1153,2026-04-01,210.93,paid,card,0
10541,1153,2026-05-01,210.93,paid,card,0
10542,1153,2026-06-01,210.93,paid,card,0
10543,1153,2026-07-01,210.93,paid,card,0
10544,1153,2026-08-01,210.93,paid,card,0
10545,1153,2026-09-01,210.93,paid,card,0
10546,1153,2026-10-01,210.93,paid,bank_transfer,0
10547,1153,2026-11-01,210.93,paid,card,0
10548,1154,2025-04-01,55.25,paid,card,0
10549,1154,2025-05-01,55.25,paid,card,0
10550,1154,2025-06-01,55.25,paid,card,0
10551,1154,2025-07-01,55.25,paid,card,0
10552,1154,2025-08-01,55.25,paid,upi,0
10553,1154,2025-09-01,55.25,paid,card,0
10554,1154,2025-10-01,55.25,paid,card,0
10555,1154,2025-11-01,55.25,paid,card,0
10556,1154,2025-12-01,55.25,failed,card,0
10557,1155,2025-03-01,222.76,paid,card,0
10558,1155,2025-04-01,222.76,paid,card,0
10559,1155,2025-05-01,222.76,paid,card,0
10560,1155,2025-06-01,222.76,paid,card,0
10561,1155,2025-07-01,222.76,paid,card,0
10562,1155,2025-08-01,222.76,paid,card,0
10563,1155,2025-09-01,222.76,paid,upi,0
10564,1155,2025-10-01,222.76,paid,bank_transfer,0
10565,1155,2025-11-01,222.76,paid,bank_transfer,0
10566,1156,2025-12-01,248.39,paid,bank_transfer,0
10567,1156,2026-01-01,248.39,paid,card,0
10568,1156,2026-02-01,248.39,paid,card,0
10569,1156,2026-03-01,248.39,paid,card,0
10570,1156,2026-04-01,248.39,paid,bank_transfer,0
10571,1156,2026-05-01,248.39,paid,upi,0
10572,1156,2026-06-01,248.39,paid,bank_transfer,0
10573,1156,2026-07-01,248.39,paid,card,0
10574,1157,2024-12-01,242.61,paid,bank_transfer,0
10575,1157,2025-01-01,242.61,paid,card,0
10576,1157,2025-02-01,242.61,paid,card,0
10577,1157,2025-03-01,242.61,paid,bank_transfer,0
10578,1157,2025-04-01,242.61,paid,card,0
10579,1157,2025-05-01,242.61,failed,bank_transfer,3
10580,1158,2025-12-01,51.57,paid,card,0
10581,1158,2026-01-01,51.57,paid,card,0
10582,1159,2024-12-01,54.88,paid,card,0
10583,1159,2025-01-01,54.88,paid,card,0
10584,1159,2025-02-01,54.88,failed,bank_transfer,3
10585,1159,2025-03-01,54.88,paid,card,0
10586,1159,2025-04-01,54.88,paid,upi,0
10587,1159,2025-05-01,54.88,paid,card,0
10588,1159,2025-06-01,54.88,paid,card,0
10589,1160,2025-06-01,933.86,paid,card,0
10590,1160,2025-07-01,933.86,paid,card,0
10591,1160,2025-08-01,933.86,paid,bank_transfer,0
10592,1160,2025-09-01,933.86,paid,upi,0
10593,1160,2025-10-01,933.86,paid,card,0
10594,1160,2025-11-01,933.86,paid,card,0
10595,1160,2025-12-01,933.86,paid,card,0
10596,1160,2026-01-01,933.86,paid,card,0
10597,1160,2026-02-01,933.86,paid,card,0
10598,1160,2026-03-01,933.86,paid,bank_transfer,0
10599,1160,2026-04-01,933.86,paid,card,0
10600,1160,2026-05-01,933.86,paid,bank_transfer,0
10601,1160,2026-06-01,933.86,paid,card,0
10602,1160,2026-07-01,933.86,paid,bank_transfer,0
10603,1163,2026-09-01,50.55,paid,card,0
10604,1163,2026-10-01,50.55,paid,card,0
10605,1163,2026-11-01,50.55,paid,upi,0
10606,1164,2024-10-01,60.08,paid,card,0
10607,1164,2024-11-01,60.08,paid,card,0
10608,1164,2024-12-01,60.08,paid,card,0
10609,1164,2025-01-01,60.08,paid,upi,0
10610,1164,2025-02-01,60.08,paid,card,0
10611,1164,2025-03-01,60.08,paid,card,0
10612,1164,2025-04-01,60.08,paid,card,0
10613,1164,2025-05-01,60.08,paid,card,0
10614,1164,2025-06-01,60.08,paid,bank_transfer,0
10615,1164,2025-07-01,60.08,paid,card,0
10616,1164,2025-08-01,60.08,paid,card,0
10617,1164,2025-09-01,60.08,paid,card,0
10618,1164,2025-10-01,60.08,paid,card,0
10619,1164,2025-11-01,60.08,paid,bank_transfer,0
10620,1164,2025-12-01,60.08,paid,upi,0
10621,1164,2026-01-01,60.08,paid,card,0
10622,1164,2026-02-01,60.08,paid,card,0
10623,1164,2026-03-01,60.08,paid,card,0
10624,1164,2026-04-01,60.08,paid,card,0
10625,1164,2026-05-01,60.08,paid,card,0
10626,1164,2026-06-01,60.08,paid,card,0
10627,1165,2025-04-01,182.86,paid,card,0
10628,1165,2025-05-01,182.86,paid,card,0
10629,1165,2025-06-01,182.86,paid,bank_transfer,0
10630,1165,2025-07-01,182.86,paid,card,0
10631,1165,2025-08-01,182.86,paid,card,0
10632,1165,2025-09-01,182.86,paid,card,0
10633,1165,2025-10-01,182.86,paid,card,0
10634,1165,2025-11-01,182.86,paid,card,0
10635,1165,2025-12-01,182.86,paid,card,0
10636,1165,2026-01-01,182.86,paid,card,0
10637,1165,2026-02-01,182.86,paid,card,0
10638,1165,2026-03-01,182.86,paid,card,0
10639,1165,2026-04-01,182.86,paid,card,0
10640,1165,2026-05-01,182.86,paid,upi,0
10641,1166,2025-09-01,220.63,paid,bank_transfer,0
10642,1166,2025-10-01,220.63,paid,bank_transfer,0
10643,1166,2025-11-01,220.63,paid,card,0
10644,1166,2025-12-01,220.63,paid,card,0
10645,1166,2026-01-01,220.63,paid,card,0
10646,1166,2026-02-01,220.63,paid,card,0
10647,1166,2026-03-01,220.63,paid,card,0
10648,1166,2026-04-01,220.63,paid,card,0
10649,1166,2026-05-01,220.63,paid,card,0
10650,1166,2026-06-01,220.63,paid,card,0
10651,1166,2026-07-01,220.63,paid,card,0
10652,1167,2025-01-01,54.78,paid,bank_transfer,0
10653,1167,2025-02-01,54.78,paid,card,0
10654,1167,2025-03-01,54.78,paid,bank_transfer,0
10655,1167,2025-04-01,54.78,paid,card,0
10656,1167,2025-05-01,54.78,paid,card,0
10657,1167,2025-06-01,54.78,failed,card,1
10658,1167,2025-07-01,54.78,paid,card,0
10659,1167,2025-08-01,54.78,failed,card,2
10660,1167,2025-09-01,54.78,failed,card,1
10661,1168,2025-11-01,1099.0,paid,card,0
10662,1168,2025-12-01,1099.0,paid,bank_transfer,0
10663,1168,2026-01-01,1099.0,paid,card,0
10664,1168,2026-02-01,1099.0,paid,card,0
10665,1168,2026-03-01,1099.0,paid,card,0
10666,1168,2026-04-01,1099.0,paid,card,0
10667,1168,2026-05-01,1099.0,paid,card,0
10668,1168,2026-06-01,1099.0,paid,bank_transfer,0
10669,1168,2026-07-01,1099.0,paid,card,0
10670,1169,2025-09-01,43.18,paid,card,0
10671,1169,2025-10-01,43.18,paid,upi,0
10672,1169,2025-11-01,43.18,paid,card,0
10673,1169,2025-12-01,43.18,paid,card,0
10674,1169,2026-01-01,43.18,paid,upi,0
10675,1169,2026-02-01,43.18,paid,card,0
10676,1169,2026-03-01,43.18,paid,card,0
10677,1169,2026-04-01,43.18,paid,card,0
10678,1169,2026-05-01,43.18,paid,card,0
10679,1169,2026-06-01,43.18,paid,card,0
10680,1169,2026-07-01,43.18,paid,card,0
10681,1170,2025-08-01,1086.84,paid,card,0
10682,1170,2025-09-01,1086.84,paid,bank_transfer,0
10683,1170,2025-10-01,1086.84,paid,card,0
10684,1170,2025-11-01,1086.84,paid,card,0
10685,1171,2025-07-01,825.07,paid,upi,0
10686,1171,2025-08-01,825.07,paid,card,0
10687,1171,2025-09-01,825.07,paid,card,0
10688,1171,2025-10-01,825.07,failed,card,3
10689,1171,2025-11-01,825.07,paid,bank_transfer,0
10690,1171,2025-12-01,825.07,paid,card,0
10691,1171,2026-01-01,825.07,paid,bank_transfer,0
10692,1171,2026-02-01,825.07,paid,upi,0
10693,1171,2026-03-01,825.07,paid,card,0
10694,1171,2026-04-01,825.07,paid,card,0
10695,1171,2026-05-01,825.07,paid,card,0
10696,1171,2026-06-01,825.07,paid,card,0
10697,1171,2026-07-01,825.07,paid,card,0
10698,1172,2026-01-01,202.38,paid,card,0
10699,1172,2026-02-01,202.38,paid,card,0
10700,1172,2026-03-01,202.38,paid,card,0
10701,1172,2026-04-01,202.38,paid,card,0
10702,1172,2026-05-01,202.38,paid,bank_transfer,0
10703,1172,2026-06-01,202.38,paid,card,0
10704,1172,2026-07-01,202.38,paid,card,0
10705,1173,2025-06-01,256.06,paid,card,0
10706,1173,2025-07-01,256.06,paid,card,0
10707,1174,2025-08-01,41.76,paid,bank_transfer,0
10708,1174,2025-09-01,41.76,paid,bank_transfer,0
10709,1174,2025-10-01,41.76,paid,card,0
10710,1174,2025-11-01,41.76,paid,card,0
10711,1176,2025-08-01,213.56,paid,card,0
10712,1176,2025-09-01,213.56,paid,card,0
10713,1176,2025-10-01,213.56,paid,bank_transfer,0
10714,1176,2025-11-01,213.56,paid,upi,0
10715,1176,2025-12-01,213.56,failed,card,1
10716,1176,2026-01-01,213.56,paid,bank_transfer,0
10717,1176,2026-02-01,213.56,paid,card,0
10718,1176,2026-03-01,213.56,paid,card,0
10719,1176,2026-04-01,213.56,paid,card,0
10720,1176,2026-05-01,213.56,paid,bank_transfer,0
10721,1176,2026-06-01,213.56,paid,card,0
10722,1176,2026-07-01,213.56,paid,bank_transfer,0
10723,1176,2026-08-01,213.56,paid,card,0
10724,1176,2026-09-01,213.56,paid,bank_transfer,0
10725,1176,2026-10-01,213.56,paid,card,0
10726,1177,2025-06-01,59.35,paid,card,0
10727,1177,2025-07-01,59.35,paid,card,0
10728,1177,2025-08-01,59.35,paid,card,0
10729,1177,2025-09-01,59.35,paid,card,0
10730,1177,2025-10-01,59.35,failed,card,1
10731,1177,2025-11-01,59.35,paid,bank_transfer,0
10732,1177,2025-12-01,59.35,paid,bank_transfer,0
10733,1177,2026-01-01,59.35,paid,card,0
10734,1177,2026-02-01,59.35,paid,upi,0
10735,1177,2026-03-01,59.35,paid,card,0
10736,1177,2026-04-01,59.35,paid,card,0
10737,1177,2026-05-01,59.35,paid,card,0
10738,1177,2026-06-01,59.35,paid,card,0
10739,1177,2026-07-01,59.35,paid,card,0
10740,1178,2026-01-01,249.8,paid,card,0
10741,1178,2026-02-01,249.8,paid,bank_transfer,0
10742,1178,2026-03-01,249.8,paid,card,0
10743,1178,2026-04-01,249.8,paid,card,0
10744,1178,2026-05-01,249.8,paid,upi,0
10745,1178,2026-06-01,249.8,paid,bank_transfer,0
10746,1178,2026-07-01,249.8,paid,card,0
10747,1179,2025-08-01,1008.66,paid,card,0
10748,1179,2025-09-01,1008.66,paid,bank_transfer,0
10749,1179,2025-10-01,1008.66,paid,card,0
10750,1179,2025-11-01,1008.66,paid,bank_transfer,0
10751,1179,2025-12-01,1008.66,paid,card,0
10752,1179,2026-01-01,1008.66,paid,bank_transfer,0
10753,1179,2026-02-01,1008.66,paid,card,0
10754,1179,2026-03-01,1008.66,paid,card,0
10755,1179,2026-04-01,1008.66,paid,card,0
10756,1179,2026-05-01,1008.66,paid,card,0
10757,1179,2026-06-01,1008.66,failed,card,0
10758,1179,2026-07-01,1008.66,paid,card,0
10759,1181,2025-03-01,182.85,paid,card,0
10760,1181,2025-04-01,182.85,paid,bank_transfer,0
10761,1181,2025-05-01,182.85,paid,card,0
10762,1181,2025-06-01,182.85,paid,card,0
10763,1181,2025-07-01,182.85,paid,upi,0
10764,1181,2025-08-01,182.85,paid,card,0
10765,1181,2025-09-01,182.85,paid,card,0
10766,1181,2025-10-01,182.85,paid,bank_transfer,0
10767,1181,2025-11-01,182.85,failed,card,0
10768,1181,2025-12-01,182.85,failed,card,4
10769,1182,2025-01-01,202.84,paid,card,0
10770,1183,2025-02-01,63.19,paid,bank_transfer,0
10771,1183,2025-03-01,63.19,paid,card,0
10772,1183,2025-04-01,63.19,paid,card,0
10773,1183,2025-05-01,63.19,paid,card,0
10774,1183,2025-06-01,63.19,paid,bank_transfer,0
10775,1183,2025-07-01,63.19,paid,card,0
10776,1183,2025-08-01,63.19,paid,card,0
10777,1183,2025-09-01,63.19,paid,upi,0
10778,1183,2025-10-01,63.19,paid,bank_transfer,0
10779,1183,2025-11-01,63.19,paid,bank_transfer,0
10780,1183,2025-12-01,63.19,paid,card,0
10781,1183,2026-01-01,63.19,paid,card,0
10782,1183,2026-02-01,63.19,paid,upi,0
10783,1183,2026-03-01,63.19,paid,card,0
10784,1183,2026-04-01,63.19,paid,card,0
10785,1183,2026-05-01,63.19,paid,card,0
10786,1183,2026-06-01,63.19,paid,card,0
10787,1183,2026-07-01,63.19,paid,card,0
10788,1184,2025-08-01,207.53,paid,card,0
10789,1184,2025-09-01,207.53,paid,upi,0
10790,1184,2025-10-01,207.53,paid,bank_transfer,0
10791,1184,2025-11-01,207.53,paid,bank_transfer,0
10792,1184,2025-12-01,207.53,paid,bank_transfer,0
10793,1184,2026-01-01,207.53,paid,bank_transfer,0
10794,1185,2024-11-01,59.39,paid,card,0
10795,1185,2024-12-01,59.39,paid,card,0
10796,1185,2025-01-01,59.39,paid,bank_transfer,0
10797,1185,2025-02-01,59.39,paid,card,0
10798,1185,2025-03-01,59.39,paid,card,0
10799,1185,2025-04-01,59.39,failed,bank_transfer,0
10800,1186,2025-01-01,57.97,paid,bank_transfer,0
10801,1186,2025-02-01,57.97,paid,upi,0
10802,1186,2025-03-01,57.97,paid,card,0
10803,1186,2025-04-01,57.97,paid,card,0
10804,1186,2025-05-01,57.97,paid,card,0
10805,1186,2025-06-01,57.97,paid,card,0
10806,1186,2025-07-01,57.97,paid,upi,0
10807,1186,2025-08-01,57.97,paid,card,0
10808,1186,2025-09-01,57.97,paid,bank_transfer,0
10809,1186,2025-10-01,57.97,paid,card,0
10810,1186,2025-11-01,57.97,paid,card,0
10811,1186,2025-12-01,57.97,paid,card,0
10812,1186,2026-01-01,57.97,paid,card,0
10813,1186,2026-02-01,57.97,failed,card,3
10814,1186,2026-03-01,57.97,failed,card,3
10815,1187,2026-04-01,1133.73,paid,bank_transfer,0
10816,1187,2026-05-01,1133.73,paid,bank_transfer,0
10817,1187,2026-06-01,1133.73,paid,card,0
10818,1187,2026-07-01,1133.73,failed,card,2
10819,1188,2026-01-01,60.64,paid,card,0
10820,1188,2026-02-01,60.64,paid,card,0
10821,1188,2026-03-01,60.64,paid,card,0
10822,1188,2026-04-01,60.64,paid,card,0
10823,1188,2026-05-01,60.64,paid,bank_transfer,0
10824,1188,2026-06-01,60.64,paid,upi,0
10825,1188,2026-07-01,60.64,paid,card,0
10826,1189,2025-05-01,59.53,paid,card,0
10827,1189,2025-06-01,59.53,paid,bank_transfer,0
10828,1189,2025-07-01,59.53,paid,card,0
10829,1189,2025-08-01,59.53,paid,bank_transfer,0
10830,1189,2025-09-01,59.53,paid,card,0
10831,1189,2025-10-01,59.53,paid,card,0
10832,1189,2025-11-01,59.53,paid,card,0
10833,1189,2025-12-01,59.53,paid,bank_transfer,0
10834,1189,2026-01-01,59.53,paid,card,0
10835,1189,2026-02-01,59.53,paid,bank_transfer,0
10836,1189,2026-03-01,59.53,paid,card,0
10837,1189,2026-04-01,59.53,paid,bank_transfer,0
10838,1189,2026-05-01,59.53,paid,card,0
10839,1189,2026-06-01,59.53,paid,bank_transfer,0
10840,1190,2025-03-01,51.17,paid,card,0
10841,1190,2025-04-01,51.17,paid,card,0
10842,1190,2025-05-01,51.17,paid,bank_transfer,0
10843,1190,2025-06-01,51.17,paid,card,0
10844,1190,2025-07-01,51.17,paid,card,0
10845,1190,2025-08-01,51.17,paid,bank_transfer,0
10846,1190,2025-09-01,51.17,paid,card,0
10847,1190,2025-10-01,51.17,paid,card,0
10848,1190,2025-11-01,51.17,paid,card,0
10849,1190,2025-12-01,51.17,paid,bank_transfer,0
10850,1190,2026-01-01,51.17,paid,card,0
10851,1190,2026-02-01,51.17,paid,upi,0
10852,1190,2026-03-01,51.17,paid,bank_transfer,0
10853,1190,2026-04-01,51.17,paid,card,0
10854,1190,2026-05-01,51.17,paid,card,0
10855,1190,2026-06-01,51.17,paid,bank_transfer,0
10856,1190,2026-07-01,51.17,paid,card,0
10857,1191,2025-07-01,43.42,paid,card,0
10858,1191,2025-08-01,43.42,paid,upi,0
10859,1191,2025-09-01,43.42,paid,card,0
10860,1191,2025-10-01,43.42,paid,bank_transfer,0
10861,1191,2025-11-01,43.42,paid,bank_transfer,0
10862,1191,2025-12-01,43.42,paid,upi,0
10863,1191,2026-01-01,43.42,paid,bank_transfer,0
10864,1191,2026-02-01,43.42,paid,bank_transfer,0
10865,1191,2026-03-01,43.42,paid,card,0
10866,1191,2026-04-01,43.42,paid,bank_transfer,0
10867,1191,2026-05-01,43.42,paid,card,0
10868,1191,2026-06-01,43.42,paid,card,0
10869,1191,2026-07-01,43.42,paid,card,0
10870,1192,2025-11-01,210.68,paid,card,0
10871,1192,2025-12-01,210.68,paid,upi,0
10872,1192,2026-01-01,210.68,paid,card,0
10873,1192,2026-02-01,210.68,paid,card,0
10874,1192,2026-03-01,210.68,paid,card,0
10875,1192,2026-04-01,210.68,paid,card,0
10876,1192,2026-05-01,210.68,paid,card,0
10877,1192,2026-06-01,210.68,paid,card,0
10878,1192,2026-07-01,210.68,paid,card,0
10879,1193,2025-07-01,58.43,paid,card,0
10880,1193,2025-08-01,58.43,paid,card,0
10881,1193,2025-09-01,58.43,paid,card,0
10882,1193,2025-10-01,58.43,paid,bank_transfer,0
10883,1194,2026-06-01,186.79,paid,card,0
10884,1194,2026-07-01,186.79,paid,card,0
10885,1195,2026-03-01,1018.31,paid,card,0
10886,1195,2026-04-01,1018.31,paid,upi,0
10887,1195,2026-05-01,1018.31,paid,card,0
10888,1195,2026-06-01,1018.31,paid,card,0
10889,1195,2026-07-01,1018.31,paid,card,0
10890,1196,2026-03-01,52.49,paid,bank_transfer,0
10891,1196,2026-04-01,52.49,paid,card,0
10892,1196,2026-05-01,52.49,paid,card,0
10893,1197,2025-03-01,962.85,paid,card,0
10894,1197,2025-04-01,962.85,paid,card,0
10895,1197,2025-05-01,962.85,paid,bank_transfer,0
10896,1197,2025-06-01,962.85,paid,card,0
10897,1197,2025-07-01,962.85,paid,bank_transfer,0
10898,1197,2025-08-01,962.85,paid,bank_transfer,0
10899,1197,2025-09-01,962.85,paid,bank_transfer,0
10900,1197,2025-10-01,962.85,paid,card,0
10901,1197,2025-11-01,962.85,paid,card,0
10902,1197,2025-12-01,962.85,paid,bank_transfer,0
10903,1197,2026-01-01,962.85,paid,upi,0
10904,1197,2026-02-01,962.85,paid,bank_transfer,0
10905,1197,2026-03-01,962.85,paid,bank_transfer,0
10906,1197,2026-04-01,962.85,paid,card,0
10907,1197,2026-05-01,962.85,paid,card,0
10908,1197,2026-06-01,962.85,paid,bank_transfer,0
10909,1197,2026-07-01,962.85,paid,card,0
10910,1198,2025-07-01,62.38,paid,card,0
10911,1198,2025-08-01,62.38,paid,card,0
10912,1198,2025-09-01,62.38,paid,bank_transfer,0
10913,1199,2025-11-01,62.26,paid,card,0
10914,1199,2025-12-01,62.26,paid,bank_transfer,0
10915,1199,2026-01-01,62.26,paid,card,0
10916,1199,2026-02-01,62.26,paid,card,0
10917,1199,2026-03-01,62.26,paid,card,0
10918,1199,2026-04-01,62.26,paid,upi,0
10919,1199,2026-05-01,62.26,paid,card,0
10920,1199,2026-06-01,62.26,paid,bank_transfer,0
10921,1199,2026-07-01,62.26,paid,card,0
10922,1200,2025-11-01,241.19,paid,card,0
10923,1200,2025-12-01,241.19,failed,card,2
10924,1200,2026-01-01,241.19,paid,upi,0
10925,1200,2026-02-01,241.19,paid,card,0
10926,1200,2026-03-01,241.19,paid,upi,0
10927,1200,2026-04-01,241.19,paid,bank_transfer,0
10928,1200,2026-05-01,241.19,paid,card,0
10929,1200,2026-06-01,241.19,paid,card,0
10930,1200,2026-07-01,241.19,failed,card,1
10931,1201,2025-02-01,171.3,paid,card,0
10932,1201,2025-03-01,171.3,paid,card,0
10933,1201,2025-04-01,171.3,paid,card,0
10934,1201,2025-05-01,171.3,paid,bank_transfer,0
10935,1201,2025-06-01,171.3,paid,card,0
10936,1201,2025-07-01,171.3,paid,card,0
10937,1201,2025-08-01,171.3,paid,card,0
10938,1201,2025-09-01,171.3,paid,bank_transfer,0
10939,1201,2025-10-01,171.3,paid,card,0
10940,1201,2025-11-01,171.3,paid,card,0
10941,1201,2025-12-01,171.3,paid,bank_transfer,0
10942,1202,2026-05-01,47.4,paid,bank_transfer,0
10943,1204,2026-05-01,55.58,paid,card,0
10944,1204,2026-06-01,55.58,paid,bank_transfer,0
10945,1204,2026-07-01,55.58,paid,bank_transfer,0
10946,1204,2026-08-01,55.58,paid,bank_transfer,0
10947,1204,2026-09-01,55.58,paid,card,0
10948,1204,2026-10-01,55.58,failed,card,3
10949,1204,2026-11-01,55.58,paid,card,0
10950,1204,2026-12-01,55.58,paid,bank_transfer,0
10951,1204,2027-01-01,55.58,paid,card,0
10952,1204,2027-02-01,55.58,paid,card,0
10953,1205,2025-05-01,59.41,paid,card,0
10954,1205,2025-06-01,59.41,paid,card,0
10955,1205,2025-07-01,59.41,paid,card,0
10956,1205,2025-08-01,59.41,paid,card,0
10957,1206,2025-12-01,248.77,paid,upi,0
10958,1206,2026-01-01,248.77,paid,card,0
10959,1206,2026-02-01,248.77,paid,card,0
10960,1206,2026-03-01,248.77,paid,card,0
10961,1206,2026-04-01,248.77,paid,card,0
10962,1206,2026-05-01,248.77,paid,card,0
10963,1206,2026-06-01,248.77,paid,card,0
10964,1206,2026-07-01,248.77,paid,upi,0
10965,1207,2025-01-01,179.1,paid,card,0
10966,1207,2025-02-01,179.1,paid,card,0
10967,1207,2025-03-01,179.1,paid,card,0
10968,1207,2025-04-01,179.1,paid,bank_transfer,0
10969,1207,2025-05-01,179.1,paid,card,0
10970,1207,2025-06-01,179.1,paid,card,0
10971,1207,2025-07-01,179.1,paid,card,0
10972,1207,2025-08-01,179.1,paid,card,0
10973,1207,2025-09-01,179.1,paid,upi,0
10974,1207,2025-10-01,179.1,paid,card,0
10975,1207,2025-11-01,179.1,paid,upi,0
10976,1207,2025-12-01,179.1,paid,card,0
10977,1207,2026-01-01,179.1,paid,card,0
10978,1207,2026-02-01,179.1,failed,card,2
10979,1207,2026-03-01,179.1,paid,card,0
10980,1207,2026-04-01,179.1,paid,bank_transfer,0
10981,1207,2026-05-01,179.1,paid,bank_transfer,0
10982,1207,2026-06-01,179.1,paid,card,0
10983,1207,2026-07-01,179.1,paid,card,0
10984,1208,2025-04-01,51.68,paid,card,0
10985,1208,2025-05-01,51.68,failed,card,0
10986,1208,2025-06-01,51.68,paid,bank_transfer,0
10987,1208,2025-07-01,51.68,paid,bank_transfer,0
10988,1208,2025-08-01,51.68,paid,card,0
10989,1208,2025-09-01,51.68,paid,bank_transfer,0
10990,1208,2025-10-01,51.68,paid,upi,0
10991,1208,2025-11-01,51.68,paid,card,0
10992,1208,2025-12-01,51.68,paid,card,0
10993,1208,2026-01-01,51.68,paid,card,0
10994,1208,2026-02-01,51.68,paid,card,0
10995,1208,2026-03-01,51.68,paid,card,0
10996,1208,2026-04-01,51.68,paid,card,0
10997,1208,2026-05-01,51.68,paid,card,0
10998,1208,2026-06-01,51.68,paid,card,0
10999,1208,2026-07-01,51.68,paid,upi,0
11000,1209,2024-10-01,45.1,paid,upi,0
11001,1209,2024-11-01,45.1,paid,upi,0
11002,1209,2024-12-01,45.1,paid,card,0
11003,1209,2025-01-01,45.1,paid,bank_transfer,0
11004,1209,2025-02-01,45.1,paid,upi,0
11005,1209,2025-03-01,45.1,paid,card,0
11006,1209,2025-04-01,45.1,paid,card,0
11007,1209,2025-05-01,45.1,paid,card,0
11008,1209,2025-06-01,45.1,failed,upi,1
11009,1209,2025-07-01,45.1,paid,card,0
11010,1209,2025-08-01,45.1,paid,upi,0
11011,1209,2025-09-01,45.1,paid,card,0
11012,1209,2025-10-01,45.1,paid,card,0
11013,1209,2025-11-01,45.1,paid,card,0
11014,1209,2025-12-01,45.1,paid,card,0
11015,1209,2026-01-01,45.1,paid,bank_transfer,0
11016,1209,2026-02-01,45.1,paid,card,0
11017,1209,2026-03-01,45.1,paid,card,0
11018,1209,2026-04-01,45.1,paid,upi,0
11019,1209,2026-05-01,45.1,paid,card,0
11020,1209,2026-06-01,45.1,paid,card,0
11021,1209,2026-07-01,45.1,paid,card,0
11022,1210,2025-09-01,224.9,paid,card,0
11023,1210,2025-10-01,224.9,paid,card,0
11024,1210,2025-11-01,224.9,paid,upi,0
11025,1210,2025-12-01,224.9,paid,bank_transfer,0
11026,1210,2026-01-01,224.9,paid,card,0
11027,1210,2026-02-01,224.9,paid,upi,0
11028,1210,2026-03-01,224.9,paid,card,0
11029,1210,2026-04-01,224.9,paid,bank_transfer,0
11030,1210,2026-05-01,224.9,paid,card,0
11031,1210,2026-06-01,224.9,paid,upi,0
11032,1210,2026-07-01,224.9,paid,card,0
11033,1211,2025-07-01,221.54,paid,card,0
11034,1211,2025-08-01,221.54,paid,upi,0
11035,1211,2025-09-01,221.54,paid,card,0
11036,1211,2025-10-01,221.54,paid,card,0
11037,1211,2025-11-01,221.54,paid,bank_transfer,0
11038,1211,2025-12-01,221.54,paid,upi,0
11039,1211,2026-01-01,221.54,paid,card,0
11040,1211,2026-02-01,221.54,paid,card,0
11041,1211,2026-03-01,221.54,paid,card,0
11042,1211,2026-04-01,221.54,paid,card,0
11043,1211,2026-05-01,221.54,paid,card,0
11044,1211,2026-06-01,221.54,paid,card,0
11045,1211,2026-07-01,221.54,paid,card,0
11046,1212,2025-12-01,44.09,paid,card,0
11047,1212,2026-01-01,44.09,paid,card,0
11048,1212,2026-02-01,44.09,paid,card,0
11049,1212,2026-03-01,44.09,paid,card,0
11050,1212,2026-04-01,44.09,paid,bank_transfer,0
11051,1212,2026-05-01,44.09,paid,card,0
11052,1212,2026-06-01,44.09,paid,card,0
11053,1212,2026-07-01,44.09,paid,card,0
11054,1213,2025-04-01,42.17,paid,card,0
11055,1213,2025-05-01,42.17,paid,card,0
11056,1213,2025-06-01,42.17,paid,card,0
11057,1213,2025-07-01,42.17,paid,card,0
11058,1213,2025-08-01,42.17,paid,card,0
11059,1213,2025-09-01,42.17,paid,card,0
11060,1213,2025-10-01,42.17,paid,upi,0
11061,1213,2025-11-01,42.17,paid,card,0
11062,1213,2025-12-01,42.17,paid,card,0
11063,1213,2026-01-01,42.17,failed,card,0
11064,1213,2026-02-01,42.17,paid,upi,0
11065,1214,2025-06-01,60.18,failed,card,3
11066,1214,2025-07-01,60.18,failed,card,2
11067,1215,2025-06-01,42.95,paid,card,0
11068,1215,2025-07-01,42.95,paid,card,0
11069,1215,2025-08-01,42.95,failed,card,1
11070,1215,2025-09-01,42.95,paid,card,0
11071,1215,2025-10-01,42.95,paid,card,0
11072,1215,2025-11-01,42.95,paid,bank_transfer,0
11073,1215,2025-12-01,42.95,paid,card,0
11074,1215,2026-01-01,42.95,paid,bank_transfer,0
11075,1215,2026-02-01,42.95,paid,bank_transfer,0
11076,1215,2026-03-01,42.95,failed,card,2
11077,1215,2026-04-01,42.95,paid,upi,0
11078,1215,2026-05-01,42.95,paid,card,0
11079,1215,2026-06-01,42.95,paid,card,0
11080,1215,2026-07-01,42.95,paid,bank_transfer,0
11081,1216,2026-01-01,50.28,paid,bank_transfer,0
11082,1216,2026-02-01,50.28,paid,card,0
11083,1216,2026-03-01,50.28,paid,upi,0
11084,1216,2026-04-01,50.28,paid,card,0
11085,1216,2026-05-01,50.28,paid,card,0
11086,1216,2026-06-01,50.28,paid,bank_transfer,0
11087,1216,2026-07-01,50.28,paid,card,0
11088,1217,2025-01-01,63.08,paid,card,0
11089,1217,2025-02-01,63.08,paid,card,0
11090,1217,2025-03-01,63.08,paid,card,0
11091,1217,2025-04-01,63.08,paid,card,0
11092,1217,2025-05-01,63.08,paid,card,0
11093,1217,2025-06-01,63.08,paid,upi,0
11094,1217,2025-07-01,63.08,paid,card,0
11095,1217,2025-08-01,63.08,paid,card,0
11096,1217,2025-09-01,63.08,paid,card,0
11097,1217,2025-10-01,63.08,paid,card,0
11098,1217,2025-11-01,63.08,paid,upi,0
11099,1217,2025-12-01,63.08,paid,card,0
11100,1217,2026-01-01,63.08,paid,card,0
11101,1217,2026-02-01,63.08,paid,card,0
11102,1217,2026-03-01,63.08,paid,card,0
11103,1217,2026-04-01,63.08,paid,card,0
11104,1217,2026-05-01,63.08,paid,card,0
11105,1217,2026-06-01,63.08,paid,bank_transfer,0
11106,1217,2026-07-01,63.08,paid,card,0
11107,1218,2025-05-01,60.06,paid,card,0
11108,1218,2025-06-01,60.06,paid,card,0
11109,1218,2025-07-01,60.06,paid,card,0
11110,1218,2025-08-01,60.06,paid,bank_transfer,0
11111,1218,2025-09-01,60.06,paid,card,0
11112,1218,2025-10-01,60.06,paid,upi,0
11113,1218,2025-11-01,60.06,failed,card,1
11114,1218,2025-12-01,60.06,paid,card,0
11115,1218,2026-01-01,60.06,paid,upi,0
11116,1218,2026-02-01,60.06,paid,bank_transfer,0
11117,1218,2026-03-01,60.06,paid,card,0
11118,1218,2026-04-01,60.06,paid,card,0
11119,1218,2026-05-01,60.06,paid,card,0
11120,1218,2026-06-01,60.06,paid,card,0
11121,1218,2026-07-01,60.06,paid,bank_transfer,0
11122,1219,2025-09-01,952.49,paid,card,0
11123,1219,2025-10-01,952.49,paid,card,0
11124,1219,2025-11-01,952.49,paid,card,0
11125,1219,2025-12-01,952.49,paid,card,0
11126,1219,2026-01-01,952.49,paid,card,0
11127,1219,2026-02-01,952.49,paid,card,0
11128,1219,2026-03-01,952.49,paid,card,0
11129,1219,2026-04-01,952.49,paid,card,0
11130,1219,2026-05-01,952.49,paid,card,0
11131,1219,2026-06-01,952.49,paid,bank_transfer,0
11132,1220,2026-04-01,177.17,paid,bank_transfer,0
11133,1220,2026-05-01,177.17,paid,card,0
11134,1220,2026-06-01,177.17,paid,bank_transfer,0
11135,1220,2026-07-01,177.17,paid,card,0
11136,1222,2025-05-01,177.27,paid,card,0
11137,1222,2025-06-01,177.27,paid,card,0
11138,1222,2025-07-01,177.27,paid,card,0
11139,1222,2025-08-01,177.27,paid,upi,0
11140,1222,2025-09-01,177.27,paid,card,0
11141,1222,2025-10-01,177.27,failed,card,0
11142,1222,2025-11-01,177.27,paid,card,0
11143,1224,2026-04-01,222.66,paid,card,0
11144,1224,2026-05-01,222.66,paid,card,0
11145,1224,2026-06-01,222.66,paid,card,0
11146,1224,2026-07-01,222.66,paid,upi,0
11147,1224,2026-08-01,222.66,paid,card,0
11148,1224,2026-09-01,222.66,paid,bank_transfer,0
11149,1224,2026-10-01,222.66,paid,card,0
11150,1224,2026-11-01,222.66,paid,card,0
11151,1224,2026-12-01,222.66,paid,card,0
11152,1224,2027-01-01,222.66,paid,upi,0
11153,1225,2025-04-01,253.55,paid,card,0
11154,1225,2025-05-01,253.55,paid,upi,0
11155,1225,2025-06-01,253.55,failed,card,2
11156,1225,2025-07-01,253.55,paid,card,0
11157,1225,2025-08-01,253.55,paid,card,0
11158,1225,2025-09-01,253.55,paid,card,0
11159,1225,2025-10-01,253.55,paid,card,0
11160,1225,2025-11-01,253.55,paid,card,0
11161,1225,2025-12-01,253.55,paid,card,0
11162,1225,2026-01-01,253.55,paid,bank_transfer,0
11163,1225,2026-02-01,253.55,paid,card,0
11164,1225,2026-03-01,253.55,paid,card,0
11165,1225,2026-04-01,253.55,paid,card,0
11166,1226,2025-03-01,52.43,paid,bank_transfer,0
11167,1226,2025-04-01,52.43,paid,card,0
11168,1226,2025-05-01,52.43,paid,bank_transfer,0
11169,1227,2025-08-01,968.83,paid,card,0
11170,1227,2025-09-01,968.83,paid,card,0
11171,1227,2025-10-01,968.83,paid,card,0
11172,1227,2025-11-01,968.83,paid,card,0
11173,1227,2025-12-01,968.83,paid,card,0
11174,1227,2026-01-01,968.83,paid,card,0
11175,1227,2026-02-01,968.83,paid,bank_transfer,0
11176,1227,2026-03-01,968.83,paid,card,0
11177,1227,2026-04-01,968.83,paid,card,0
11178,1227,2026-05-01,968.83,paid,bank_transfer,0
11179,1227,2026-06-01,968.83,paid,bank_transfer,0
11180,1227,2026-07-01,968.83,paid,bank_transfer,0
11181,1228,2025-10-01,200.12,paid,bank_transfer,0
11182,1228,2025-11-01,200.12,paid,card,0
11183,1228,2025-12-01,200.12,paid,card,0
11184,1228,2026-01-01,200.12,paid,bank_transfer,0
11185,1228,2026-02-01,200.12,paid,card,0
11186,1228,2026-03-01,200.12,paid,card,0
11187,1228,2026-04-01,200.12,paid,card,0
11188,1228,2026-05-01,200.12,paid,upi,0
11189,1228,2026-06-01,200.12,paid,card,0
11190,1228,2026-07-01,200.12,paid,card,0
11191,1229,2025-10-01,249.81,paid,card,0
11192,1229,2025-11-01,249.81,paid,card,0
11193,1229,2025-12-01,249.81,paid,card,0
11194,1229,2026-01-01,249.81,paid,card,0
11195,1229,2026-02-01,249.81,paid,card,0
11196,1229,2026-03-01,249.81,paid,bank_transfer,0
11197,1229,2026-04-01,249.81,paid,card,0
11198,1229,2026-05-01,249.81,paid,card,0
11199,1229,2026-06-01,249.81,paid,card,0
11200,1229,2026-07-01,249.81,failed,upi,0
11201,1230,2025-04-01,42.32,paid,card,0
11202,1230,2025-05-01,42.32,paid,card,0
11203,1231,2025-10-01,60.16,paid,card,0
11204,1231,2025-11-01,60.16,paid,card,0
11205,1231,2025-12-01,60.16,paid,card,0
11206,1231,2026-01-01,60.16,paid,card,0
11207,1231,2026-02-01,60.16,paid,card,0
11208,1231,2026-03-01,60.16,paid,card,0
11209,1231,2026-04-01,60.16,paid,card,0
11210,1231,2026-05-01,60.16,paid,card,0
11211,1231,2026-06-01,60.16,paid,card,0
11212,1231,2026-07-01,60.16,paid,card,0
11213,1232,2024-11-01,204.11,paid,bank_transfer,0
11214,1232,2024-12-01,204.11,paid,card,0
11215,1232,2025-01-01,204.11,paid,card,0
11216,1232,2025-02-01,204.11,paid,card,0
11217,1232,2025-03-01,204.11,paid,card,0
11218,1232,2025-04-01,204.11,failed,bank_transfer,1
11219,1232,2025-05-01,204.11,failed,bank_transfer,2
11220,1232,2025-06-01,204.11,paid,bank_transfer,0
11221,1232,2025-07-01,204.11,paid,card,0
11222,1232,2025-08-01,204.11,paid,card,0
11223,1233,2026-03-01,48.99,paid,card,0
11224,1233,2026-04-01,48.99,failed,card,3
11225,1233,2026-05-01,48.99,paid,upi,0
11226,1233,2026-06-01,48.99,paid,card,0
11227,1233,2026-07-01,48.99,paid,card,0
11228,1234,2025-07-01,896.85,paid,card,0
11229,1234,2025-08-01,896.85,paid,card,0
11230,1234,2025-09-01,896.85,paid,card,0
11231,1234,2025-10-01,896.85,paid,bank_transfer,0
11232,1234,2025-11-01,896.85,paid,card,0
11233,1234,2025-12-01,896.85,paid,bank_transfer,0
11234,1234,2026-01-01,896.85,paid,card,0
11235,1234,2026-02-01,896.85,paid,card,0
11236,1234,2026-03-01,896.85,paid,card,0
11237,1234,2026-04-01,896.85,paid,bank_transfer,0
11238,1234,2026-05-01,896.85,paid,bank_transfer,0
11239,1234,2026-06-01,896.85,paid,upi,0
11240,1234,2026-07-01,896.85,paid,card,0
11241,1235,2024-12-01,59.96,paid,bank_transfer,0
11242,1236,2025-05-01,58.36,paid,card,0
11243,1236,2025-06-01,58.36,paid,card,0
11244,1236,2025-07-01,58.36,paid,card,0
11245,1236,2025-08-01,58.36,paid,card,0
11246,1236,2025-09-01,58.36,paid,card,0
11247,1236,2025-10-01,58.36,paid,card,0
11248,1236,2025-11-01,58.36,paid,bank_transfer,0
11249,1236,2025-12-01,58.36,paid,upi,0
11250,1237,2025-01-01,235.7,paid,card,0
11251,1237,2025-02-01,235.7,paid,card,0
11252,1237,2025-03-01,235.7,paid,card,0
11253,1237,2025-04-01,235.7,paid,bank_transfer,0
11254,1237,2025-05-01,235.7,paid,upi,0
11255,1237,2025-06-01,235.7,paid,card,0
11256,1237,2025-07-01,235.7,paid,card,0
11257,1237,2025-08-01,235.7,paid,upi,0
11258,1237,2025-09-01,235.7,paid,upi,0
11259,1237,2025-10-01,235.7,paid,card,0
11260,1238,2025-07-01,41.88,paid,card,0
11261,1238,2025-08-01,41.88,paid,card,0
11262,1238,2025-09-01,41.88,paid,card,0
11263,1238,2025-10-01,41.88,paid,card,0
11264,1238,2025-11-01,41.88,paid,card,0
11265,1238,2025-12-01,41.88,paid,card,0
11266,1238,2026-01-01,41.88,paid,bank_transfer,0
11267,1238,2026-02-01,41.88,paid,card,0
11268,1238,2026-03-01,41.88,paid,card,0
11269,1238,2026-04-01,41.88,paid,bank_transfer,0
11270,1238,2026-05-01,41.88,paid,card,0
11271,1238,2026-06-01,41.88,paid,card,0
11272,1238,2026-07-01,41.88,paid,bank_transfer,0
11273,1239,2025-01-01,232.4,paid,bank_transfer,0
11274,1239,2025-02-01,232.4,paid,card,0
11275,1239,2025-03-01,232.4,paid,card,0
11276,1239,2025-04-01,232.4,paid,card,0
11277,1239,2025-05-01,232.4,paid,card,0
11278,1239,2025-06-01,232.4,paid,card,0
11279,1239,2025-07-01,232.4,paid,card,0
11280,1239,2025-08-01,232.4,paid,bank_transfer,0
11281,1239,2025-09-01,232.4,paid,bank_transfer,0
11282,1239,2025-10-01,232.4,paid,card,0
11283,1239,2025-11-01,232.4,paid,card,0
11284,1239,2025-12-01,232.4,paid,bank_transfer,0
11285,1239,2026-01-01,232.4,paid,card,0
11286,1239,2026-02-01,232.4,paid,card,0
11287,1239,2026-03-01,232.4,paid,card,0
11288,1239,2026-04-01,232.4,paid,card,0
11289,1239,2026-05-01,232.4,paid,upi,0
11290,1239,2026-06-01,232.4,paid,card,0
11291,1239,2026-07-01,232.4,paid,card,0
11292,1240,2025-05-01,53.17,paid,card,0
11293,1240,2025-06-01,53.17,paid,card,0
11294,1240,2025-07-01,53.17,paid,upi,0
11295,1240,2025-08-01,53.17,paid,bank_transfer,0
11296,1240,2025-09-01,53.17,paid,card,0
11297,1240,2025-10-01,53.17,paid,card,0
11298,1240,2025-11-01,53.17,paid,upi,0
11299,1240,2025-12-01,53.17,paid,card,0
11300,1240,2026-01-01,53.17,paid,card,0
11301,1240,2026-02-01,53.17,paid,card,0
11302,1240,2026-03-01,53.17,paid,card,0
11303,1240,2026-04-01,53.17,paid,card,0
11304,1240,2026-05-01,53.17,paid,card,0
11305,1240,2026-06-01,53.17,paid,card,0
11306,1240,2026-07-01,53.17,paid,card,0
11307,1242,2026-03-01,887.97,paid,card,0
11308,1242,2026-04-01,887.97,paid,card,0
11309,1242,2026-05-01,887.97,paid,upi,0
11310,1242,2026-06-01,887.97,paid,card,0
11311,1242,2026-07-01,887.97,paid,card,0
11312,1242,2026-08-01,887.97,paid,upi,0
11313,1242,2026-09-01,887.97,paid,card,0
11314,1242,2026-10-01,887.97,paid,bank_transfer,0
11315,1242,2026-11-01,887.97,paid,upi,0
11316,1242,2026-12-01,887.97,paid,card,0
11317,1242,2027-01-01,887.97,paid,card,0
11318,1243,2025-10-01,214.8,paid,card,0
11319,1243,2025-11-01,214.8,paid,card,0
11320,1243,2025-12-01,214.8,paid,card,0
11321,1243,2026-01-01,214.8,paid,card,0
11322,1243,2026-02-01,214.8,paid,upi,0
11323,1243,2026-03-01,214.8,paid,card,0
11324,1243,2026-04-01,214.8,paid,card,0
11325,1243,2026-05-01,214.8,paid,card,0
11326,1243,2026-06-01,214.8,paid,upi,0
11327,1244,2025-01-01,56.7,paid,card,0
11328,1244,2025-02-01,56.7,paid,card,0
11329,1244,2025-03-01,56.7,paid,card,0
11330,1244,2025-04-01,56.7,paid,card,0
11331,1244,2025-05-01,56.7,paid,bank_transfer,0
11332,1244,2025-06-01,56.7,paid,card,0
11333,1244,2025-07-01,56.7,paid,card,0
11334,1244,2025-08-01,56.7,paid,card,0
11335,1244,2025-09-01,56.7,paid,card,0
11336,1244,2025-10-01,56.7,paid,card,0
11337,1244,2025-11-01,56.7,paid,bank_transfer,0
11338,1244,2025-12-01,56.7,paid,upi,0
11339,1244,2026-01-01,56.7,failed,bank_transfer,2
11340,1244,2026-02-01,56.7,paid,upi,0
11341,1245,2025-05-01,52.43,paid,card,0
11342,1245,2025-06-01,52.43,paid,card,0
11343,1245,2025-07-01,52.43,paid,card,0
11344,1245,2025-08-01,52.43,failed,card,1
11345,1245,2025-09-01,52.43,paid,bank_transfer,0
11346,1245,2025-10-01,52.43,paid,card,0
11347,1245,2025-11-01,52.43,paid,upi,0
11348,1245,2025-12-01,52.43,paid,card,0
11349,1245,2026-01-01,52.43,paid,card,0
11350,1245,2026-02-01,52.43,paid,card,0
11351,1245,2026-03-01,52.43,paid,card,0
11352,1245,2026-04-01,52.43,paid,card,0
11353,1245,2026-05-01,52.43,paid,card,0
11354,1245,2026-06-01,52.43,paid,card,0
11355,1245,2026-07-01,52.43,paid,card,0
11356,1247,2026-08-01,51.73,paid,card,0
11357,1247,2026-09-01,51.73,failed,card,0
11358,1247,2026-10-01,51.73,paid,upi,0
11359,1247,2026-11-01,51.73,paid,bank_transfer,0
11360,1247,2026-12-01,51.73,paid,card,0
11361,1247,2027-01-01,51.73,paid,card,0
11362,1247,2027-02-01,51.73,paid,card,0
11363,1247,2027-03-01,51.73,paid,bank_transfer,0
11364,1247,2027-04-01,51.73,paid,card,0
11365,1248,2025-06-01,1161.91,paid,card,0
11366,1248,2025-07-01,1161.91,paid,bank_transfer,0
11367,1249,2025-11-01,59.74,paid,upi,0
11368,1249,2025-12-01,59.74,paid,card,0
11369,1250,2025-06-01,194.49,paid,card,0
11370,1250,2025-07-01,194.49,paid,card,0
11371,1250,2025-08-01,194.49,paid,card,0
11372,1250,2025-09-01,194.49,paid,card,0
11373,1250,2025-10-01,194.49,paid,upi,0
11374,1250,2025-11-01,194.49,paid,card,0
11375,1250,2025-12-01,194.49,paid,card,0
11376,1250,2026-01-01,194.49,paid,card,0
11377,1250,2026-02-01,194.49,paid,bank_transfer,0
11378,1250,2026-03-01,194.49,paid,upi,0
11379,1250,2026-04-01,194.49,paid,card,0
11380,1250,2026-05-01,194.49,paid,card,0
11381,1250,2026-06-01,194.49,paid,card,0
11382,1250,2026-07-01,194.49,paid,card,0
11383,1251,2025-01-01,61.35,paid,card,0
11384,1251,2025-02-01,61.35,paid,card,0
11385,1251,2025-03-01,61.35,paid,card,0
11386,1251,2025-04-01,61.35,paid,card,0
11387,1251,2025-05-01,61.35,paid,card,0
11388,1251,2025-06-01,61.35,paid,card,0
11389,1251,2025-07-01,61.35,paid,card,0
11390,1251,2025-08-01,61.35,paid,card,0
11391,1251,2025-09-01,61.35,paid,card,0
11392,1251,2025-10-01,61.35,paid,bank_transfer,0
11393,1251,2025-11-01,61.35,paid,upi,0
11394,1251,2025-12-01,61.35,paid,card,0
11395,1251,2026-01-01,61.35,paid,card,0
11396,1251,2026-02-01,61.35,paid,bank_transfer,0
11397,1251,2026-03-01,61.35,paid,card,0
11398,1251,2026-04-01,61.35,paid,card,0
11399,1251,2026-05-01,61.35,paid,card,0
11400,1251,2026-06-01,61.35,paid,card,0
11401,1251,2026-07-01,61.35,paid,card,0
11402,1252,2025-02-01,45.57,paid,card,0
11403,1252,2025-03-01,45.57,paid,bank_transfer,0
11404,1252,2025-04-01,45.57,paid,card,0
11405,1252,2025-05-01,45.57,paid,bank_transfer,0
11406,1252,2025-06-01,45.57,paid,upi,0
11407,1252,2025-07-01,45.57,paid,card,0
11408,1252,2025-08-01,45.57,paid,card,0
11409,1252,2025-09-01,45.57,paid,card,0
11410,1252,2025-10-01,45.57,paid,card,0
11411,1252,2025-11-01,45.57,paid,bank_transfer,0
11412,1252,2025-12-01,45.57,paid,card,0
11413,1252,2026-01-01,45.57,paid,bank_transfer,0
11414,1252,2026-02-01,45.57,paid,card,0
11415,1252,2026-03-01,45.57,paid,card,0
11416,1255,2027-06-01,42.59,paid,card,0
11417,1255,2027-07-01,42.59,paid,card,0
11418,1255,2027-08-01,42.59,paid,card,0
11419,1255,2027-09-01,42.59,paid,card,0
11420,1256,2025-04-01,63.3,paid,bank_transfer,0
11421,1256,2025-05-01,63.3,failed,card,0
11422,1256,2025-06-01,63.3,paid,card,0
11423,1257,2025-09-01,254.57,paid,bank_transfer,0
11424,1257,2025-10-01,254.57,paid,card,0
11425,1257,2025-11-01,254.57,paid,card,0
11426,1257,2025-12-01,254.57,paid,card,0
11427,1257,2026-01-01,254.57,paid,card,0
11428,1257,2026-02-01,254.57,paid,card,0
11429,1257,2026-03-01,254.57,paid,card,0
11430,1257,2026-04-01,254.57,paid,upi,0
11431,1257,2026-05-01,254.57,paid,card,0
11432,1257,2026-06-01,254.57,paid,card,0
11433,1257,2026-07-01,254.57,paid,bank_transfer,0
11434,1260,2026-12-01,60.72,paid,bank_transfer,0
11435,1260,2027-01-01,60.72,paid,card,0
11436,1260,2027-02-01,60.72,paid,card,0
11437,1260,2027-03-01,60.72,paid,bank_transfer,0
11438,1260,2027-04-01,60.72,paid,card,0
11439,1260,2027-05-01,60.72,paid,bank_transfer,0
11440,1260,2027-06-01,60.72,paid,card,0
11441,1260,2027-07-01,60.72,paid,card,0
11442,1260,2027-08-01,60.72,paid,card,0
11443,1260,2027-09-01,60.72,paid,card,0
11444,1260,2027-10-01,60.72,paid,card,0
11445,1260,2027-11-01,60.72,paid,card,0
11446,1260,2027-12-01,60.72,paid,card,0
11447,1260,2028-01-01,60.72,paid,card,0
11448,1260,2028-02-01,60.72,paid,card,0
11449,1260,2028-03-01,60.72,paid,card,0
11450,1261,2025-04-01,61.36,paid,card,0
11451,1261,2025-05-01,61.36,paid,card,0
11452,1261,2025-06-01,61.36,paid,bank_transfer,0
11453,1261,2025-07-01,61.36,paid,card,0
11454,1261,2025-08-01,61.36,paid,card,0
11455,1261,2025-09-01,61.36,paid,card,0
11456,1261,2025-10-01,61.36,paid,card,0
11457,1261,2025-11-01,61.36,paid,card,0
11458,1261,2025-12-01,61.36,paid,card,0
11459,1261,2026-01-01,61.36,paid,bank_transfer,0
11460,1261,2026-02-01,61.36,paid,card,0
11461,1261,2026-03-01,61.36,paid,card,0
11462,1261,2026-04-01,61.36,paid,card,0
11463,1261,2026-05-01,61.36,paid,upi,0
11464,1261,2026-06-01,61.36,paid,bank_transfer,0
11465,1261,2026-07-01,61.36,paid,bank_transfer,0
11466,1262,2025-01-01,54.68,paid,card,0
11467,1262,2025-02-01,54.68,paid,card,0
11468,1262,2025-03-01,54.68,paid,bank_transfer,0
11469,1262,2025-04-01,54.68,paid,card,0
11470,1262,2025-05-01,54.68,paid,card,0
11471,1262,2025-06-01,54.68,paid,upi,0
11472,1262,2025-07-01,54.68,paid,bank_transfer,0
11473,1262,2025-08-01,54.68,paid,card,0
11474,1262,2025-09-01,54.68,paid,upi,0
11475,1262,2025-10-01,54.68,paid,card,0
11476,1262,2025-11-01,54.68,paid,card,0
11477,1262,2025-12-01,54.68,paid,upi,0
11478,1262,2026-01-01,54.68,paid,card,0
11479,1262,2026-02-01,54.68,paid,card,0
11480,1262,2026-03-01,54.68,paid,card,0
11481,1262,2026-04-01,54.68,paid,card,0
11482,1262,2026-05-01,54.68,paid,card,0
11483,1262,2026-06-01,54.68,paid,card,0
11484,1262,2026-07-01,54.68,paid,card,0
11485,1263,2025-03-01,1124.16,paid,card,0
11486,1263,2025-04-01,1124.16,paid,card,0
11487,1263,2025-05-01,1124.16,paid,card,0
11488,1263,2025-06-01,1124.16,paid,bank_transfer,0
11489,1263,2025-07-01,1124.16,paid,card,0
11490,1263,2025-08-01,1124.16,paid,card,0
11491,1263,2025-09-01,1124.16,paid,card,0
11492,1263,2025-10-01,1124.16,paid,bank_transfer,0
11493,1263,2025-11-01,1124.16,failed,bank_transfer,0
11494,1263,2025-12-01,1124.16,failed,card,5
11495,1264,2025-03-01,171.48,paid,card,0
11496,1264,2025-04-01,171.48,paid,card,0
11497,1264,2025-05-01,171.48,paid,card,0
11498,1264,2025-06-01,171.48,paid,upi,0
11499,1264,2025-07-01,171.48,paid,card,0
11500,1264,2025-08-01,171.48,paid,bank_transfer,0
11501,1264,2025-09-01,171.48,paid,bank_transfer,0
11502,1264,2025-10-01,171.48,paid,card,0
11503,1264,2025-11-01,171.48,failed,card,0
11504,1264,2025-12-01,171.48,failed,card,4
11505,1264,2026-01-01,171.48,paid,card,0
11506,1264,2026-02-01,171.48,paid,card,0
11507,1264,2026-03-01,171.48,paid,card,0
11508,1264,2026-04-01,171.48,paid,card,0
11509,1264,2026-05-01,171.48,paid,card,0
11510,1264,2026-06-01,171.48,paid,card,0
11511,1264,2026-07-01,171.48,paid,card,0
11512,1265,2025-01-01,236.2,paid,card,0
11513,1265,2025-02-01,236.2,paid,card,0
11514,1265,2025-03-01,236.2,paid,card,0
11515,1265,2025-04-01,236.2,paid,upi,0
11516,1265,2025-05-01,236.2,paid,bank_transfer,0
11517,1265,2025-06-01,236.2,paid,card,0
11518,1265,2025-07-01,236.2,paid,card,0
11519,1265,2025-08-01,236.2,paid,card,0
11520,1265,2025-09-01,236.2,paid,card,0
11521,1265,2025-10-01,236.2,paid,bank_transfer,0
11522,1265,2025-11-01,236.2,paid,card,0
11523,1265,2025-12-01,236.2,paid,card,0
11524,1265,2026-01-01,236.2,paid,card,0
11525,1265,2026-02-01,236.2,paid,card,0
11526,1265,2026-03-01,236.2,paid,card,0
11527,1265,2026-04-01,236.2,paid,card,0
11528,1265,2026-05-01,236.2,paid,card,0
11529,1265,2026-06-01,236.2,paid,card,0
11530,1265,2026-07-01,236.2,paid,card,0
11531,1266,2025-06-01,244.85,paid,card,0
11532,1266,2025-07-01,244.85,paid,card,0
11533,1266,2025-08-01,244.85,paid,bank_transfer,0
11534,1266,2025-09-01,244.85,paid,upi,0
11535,1266,2025-10-01,244.85,paid,card,0
11536,1266,2025-11-01,244.85,paid,bank_transfer,0
11537,1266,2025-12-01,244.85,paid,card,0
11538,1266,2026-01-01,244.85,paid,card,0
11539,1266,2026-02-01,244.85,paid,card,0
11540,1266,2026-03-01,244.85,paid,card,0
11541,1266,2026-04-01,244.85,paid,card,0
11542,1266,2026-05-01,244.85,paid,card,0
11543,1266,2026-06-01,244.85,paid,card,0
11544,1266,2026-07-01,244.85,paid,card,0
11545,1267,2025-08-01,52.35,paid,card,0
11546,1267,2025-09-01,52.35,paid,card,0
11547,1268,2025-01-01,55.36,paid,card,0
11548,1269,2025-07-01,60.93,paid,card,0
11549,1269,2025-08-01,60.93,paid,card,0
11550,1269,2025-09-01,60.93,paid,bank_transfer,0
11551,1269,2025-10-01,60.93,paid,bank_transfer,0
11552,1269,2025-11-01,60.93,paid,card,0
11553,1269,2025-12-01,60.93,paid,card,0
11554,1269,2026-01-01,60.93,paid,card,0
11555,1269,2026-02-01,60.93,paid,card,0
11556,1269,2026-03-01,60.93,paid,card,0
11557,1269,2026-04-01,60.93,paid,card,0
11558,1269,2026-05-01,60.93,paid,card,0
11559,1269,2026-06-01,60.93,paid,card,0
11560,1269,2026-07-01,60.93,paid,card,0
11561,1270,2024-11-01,43.76,failed,card,3
11562,1270,2024-12-01,43.76,paid,upi,0
11563,1271,2025-01-01,47.74,paid,card,0
11564,1271,2025-02-01,47.74,paid,card,0
11565,1271,2025-03-01,47.74,paid,upi,0
11566,1272,2025-03-01,217.83,paid,upi,0
11567,1272,2025-04-01,217.83,paid,card,0
11568,1272,2025-05-01,217.83,paid,card,0
11569,1272,2025-06-01,217.83,paid,card,0
11570,1272,2025-07-01,217.83,paid,card,0
11571,1272,2025-08-01,217.83,paid,bank_transfer,0
11572,1272,2025-09-01,217.83,paid,card,0
11573,1272,2025-10-01,217.83,failed,card,0
11574,1272,2025-11-01,217.83,failed,card,4
11575,1273,2025-06-01,61.49,paid,bank_transfer,0
11576,1273,2025-07-01,61.49,paid,bank_transfer,0
11577,1273,2025-08-01,61.49,paid,upi,0
11578,1273,2025-09-01,61.49,paid,card,0
11579,1273,2025-10-01,61.49,paid,card,0
11580,1273,2025-11-01,61.49,paid,bank_transfer,0
11581,1273,2025-12-01,61.49,paid,card,0
11582,1273,2026-01-01,61.49,paid,card,0
11583,1273,2026-02-01,61.49,paid,card,0
11584,1273,2026-03-01,61.49,paid,upi,0
11585,1273,2026-04-01,61.49,paid,card,0
11586,1273,2026-05-01,61.49,paid,bank_transfer,0
11587,1273,2026-06-01,61.49,paid,card,0
11588,1273,2026-07-01,61.49,paid,card,0
11589,1274,2025-02-01,61.15,paid,card,0
11590,1274,2025-03-01,61.15,paid,card,0
11591,1274,2025-04-01,61.15,paid,card,0
11592,1274,2025-05-01,61.15,paid,card,0
11593,1274,2025-06-01,61.15,paid,card,0
11594,1274,2025-07-01,61.15,paid,bank_transfer,0
11595,1274,2025-08-01,61.15,paid,card,0
11596,1274,2025-09-01,61.15,paid,card,0
11597,1274,2025-10-01,61.15,paid,card,0
11598,1274,2025-11-01,61.15,paid,card,0
11599,1275,2024-10-01,51.08,paid,card,0
11600,1275,2024-11-01,51.08,paid,card,0
11601,1275,2024-12-01,51.08,paid,card,0
11602,1276,2025-01-01,236.25,paid,bank_transfer,0
11603,1276,2025-02-01,236.25,paid,card,0
11604,1277,2025-08-01,57.52,paid,bank_transfer,0
11605,1277,2025-09-01,57.52,paid,card,0
11606,1277,2025-10-01,57.52,paid,card,0
11607,1277,2025-11-01,57.52,failed,upi,0
11608,1277,2025-12-01,57.52,paid,card,0
11609,1278,2025-02-01,60.71,paid,bank_transfer,0
11610,1278,2025-03-01,60.71,paid,card,0
11611,1278,2025-04-01,60.71,paid,card,0
11612,1278,2025-05-01,60.71,paid,card,0
11613,1278,2025-06-01,60.71,paid,card,0
11614,1278,2025-07-01,60.71,paid,card,0
11615,1278,2025-08-01,60.71,paid,card,0
11616,1278,2025-09-01,60.71,paid,card,0
11617,1278,2025-10-01,60.71,paid,card,0
11618,1278,2025-11-01,60.71,paid,card,0
11619,1278,2025-12-01,60.71,paid,card,0
11620,1278,2026-01-01,60.71,paid,upi,0
11621,1278,2026-02-01,60.71,paid,card,0
11622,1278,2026-03-01,60.71,paid,card,0
11623,1278,2026-04-01,60.71,paid,card,0
11624,1278,2026-05-01,60.71,paid,card,0
11625,1278,2026-06-01,60.71,paid,card,0
11626,1278,2026-07-01,60.71,paid,card,0
11627,1279,2024-12-01,211.42,paid,card,0
11628,1279,2025-01-01,211.42,paid,bank_transfer,0
11629,1279,2025-02-01,211.42,paid,card,0
11630,1279,2025-03-01,211.42,paid,card,0
11631,1279,2025-04-01,211.42,paid,bank_transfer,0
11632,1279,2025-05-01,211.42,paid,card,0
11633,1280,2025-04-01,56.78,paid,card,0
11634,1280,2025-05-01,56.78,failed,card,0
11635,1280,2025-06-01,56.78,paid,bank_transfer,0
11636,1280,2025-07-01,56.78,paid,card,0
11637,1280,2025-08-01,56.78,paid,bank_transfer,0
11638,1280,2025-09-01,56.78,paid,card,0
11639,1280,2025-10-01,56.78,paid,card,0
11640,1280,2025-11-01,56.78,paid,card,0
11641,1281,2025-10-01,228.46,paid,upi,0
11642,1281,2025-11-01,228.46,paid,bank_transfer,0
11643,1281,2025-12-01,228.46,paid,card,0
11644,1281,2026-01-01,228.46,paid,card,0
11645,1281,2026-02-01,228.46,paid,bank_transfer,0
11646,1281,2026-03-01,228.46,paid,card,0
11647,1281,2026-04-01,228.46,paid,card,0
11648,1281,2026-05-01,228.46,paid,card,0
11649,1281,2026-06-01,228.46,paid,bank_transfer,0
11650,1281,2026-07-01,228.46,paid,card,0
11651,1283,2026-07-01,48.97,paid,card,0
11652,1283,2026-08-01,48.97,paid,card,0
11653,1283,2026-09-01,48.97,paid,card,0
11654,1283,2026-10-01,48.97,paid,upi,0
11655,1283,2026-11-01,48.97,paid,bank_transfer,0
11656,1283,2026-12-01,48.97,failed,card,4
11657,1283,2027-01-01,48.97,failed,card,3
11658,1284,2025-01-01,57.2,paid,card,0
11659,1284,2025-02-01,57.2,paid,card,0
11660,1284,2025-03-01,57.2,paid,bank_transfer,0
11661,1284,2025-04-01,57.2,paid,upi,0
11662,1284,2025-05-01,57.2,paid,bank_transfer,0
11663,1284,2025-06-01,57.2,paid,upi,0
11664,1284,2025-07-01,57.2,paid,bank_transfer,0
11665,1284,2025-08-01,57.2,paid,bank_transfer,0
11666,1284,2025-09-01,57.2,paid,card,0
11667,1284,2025-10-01,57.2,paid,card,0
11668,1284,2025-11-01,57.2,paid,bank_transfer,0
11669,1284,2025-12-01,57.2,paid,card,0
11670,1284,2026-01-01,57.2,paid,upi,0
11671,1284,2026-02-01,57.2,paid,bank_transfer,0
11672,1284,2026-03-01,57.2,failed,card,2
11673,1284,2026-04-01,57.2,failed,card,4
11674,1285,2025-10-01,240.39,paid,card,0
11675,1285,2025-11-01,240.39,paid,card,0
11676,1285,2025-12-01,240.39,paid,bank_transfer,0
11677,1285,2026-01-01,240.39,paid,card,0
11678,1285,2026-02-01,240.39,paid,bank_transfer,0
11679,1285,2026-03-01,240.39,paid,card,0
11680,1285,2026-04-01,240.39,paid,card,0
11681,1285,2026-05-01,240.39,paid,card,0
11682,1285,2026-06-01,240.39,paid,card,0
11683,1285,2026-07-01,240.39,paid,bank_transfer,0
11684,1287,2025-09-01,205.5,paid,card,0
11685,1287,2025-10-01,205.5,paid,upi,0
11686,1287,2025-11-01,205.5,paid,card,0
11687,1287,2025-12-01,205.5,paid,bank_transfer,0
11688,1287,2026-01-01,205.5,paid,card,0
11689,1287,2026-02-01,205.5,paid,card,0
11690,1287,2026-03-01,205.5,paid,card,0
11691,1287,2026-04-01,205.5,paid,card,0
11692,1287,2026-05-01,205.5,paid,bank_transfer,0
11693,1288,2025-12-01,172.47,paid,bank_transfer,0
11694,1288,2026-01-01,172.47,paid,upi,0
11695,1288,2026-02-01,172.47,paid,card,0
11696,1288,2026-03-01,172.47,paid,card,0
11697,1288,2026-04-01,172.47,failed,card,2
11698,1288,2026-05-01,172.47,failed,upi,2
11699,1288,2026-06-01,172.47,paid,card,0
11700,1288,2026-07-01,172.47,paid,card,0
11701,1289,2025-10-01,55.81,paid,bank_transfer,0
11702,1289,2025-11-01,55.81,failed,card,1
11703,1289,2025-12-01,55.81,paid,bank_transfer,0
11704,1289,2026-01-01,55.81,paid,card,0
11705,1289,2026-02-01,55.81,failed,card,2
11706,1289,2026-03-01,55.81,failed,card,2
11707,1290,2025-09-01,239.08,paid,bank_transfer,0
11708,1290,2025-10-01,239.08,paid,card,0
11709,1290,2025-11-01,239.08,paid,card,0
11710,1290,2025-12-01,239.08,paid,card,0
11711,1290,2026-01-01,239.08,paid,card,0
11712,1290,2026-02-01,239.08,paid,bank_transfer,0
11713,1290,2026-03-01,239.08,paid,upi,0
11714,1290,2026-04-01,239.08,paid,card,0
11715,1290,2026-05-01,239.08,paid,bank_transfer,0
11716,1290,2026-06-01,239.08,paid,card,0
11717,1290,2026-07-01,239.08,paid,card,0
11718,1292,2025-08-01,50.83,paid,card,0
11719,1292,2025-09-01,50.83,paid,card,0
11720,1292,2025-10-01,50.83,paid,card,0
11721,1292,2025-11-01,50.83,paid,card,0
11722,1292,2025-12-01,50.83,paid,bank_transfer,0
11723,1292,2026-01-01,50.83,paid,card,0
11724,1293,2025-11-01,184.46,paid,card,0
11725,1293,2025-12-01,184.46,paid,card,0
11726,1293,2026-01-01,184.46,paid,card,0
11727,1293,2026-02-01,184.46,paid,upi,0
11728,1293,2026-03-01,184.46,paid,card,0
11729,1293,2026-04-01,184.46,paid,card,0
11730,1293,2026-05-01,184.46,paid,card,0
11731,1293,2026-06-01,184.46,failed,card,0
11732,1293,2026-07-01,184.46,paid,bank_transfer,0
11733,1294,2025-11-01,235.79,paid,card,0
11734,1294,2025-12-01,235.79,paid,card,0
11735,1294,2026-01-01,235.79,paid,card,0
11736,1294,2026-02-01,235.79,paid,upi,0
11737,1294,2026-03-01,235.79,paid,card,0
11738,1294,2026-04-01,235.79,paid,card,0
11739,1294,2026-05-01,235.79,paid,card,0
11740,1294,2026-06-01,235.79,paid,card,0
11741,1294,2026-07-01,235.79,paid,card,0
11742,1295,2025-03-01,239.72,paid,card,0
11743,1295,2025-04-01,239.72,paid,card,0
11744,1295,2025-05-01,239.72,paid,card,0
11745,1295,2025-06-01,239.72,paid,card,0
11746,1295,2025-07-01,239.72,paid,card,0
11747,1295,2025-08-01,239.72,paid,bank_transfer,0
11748,1295,2025-09-01,239.72,paid,card,0
11749,1295,2025-10-01,239.72,paid,bank_transfer,0
11750,1295,2025-11-01,239.72,paid,card,0
11751,1296,2025-03-01,53.9,paid,card,0
11752,1296,2025-04-01,53.9,paid,card,0
11753,1296,2025-05-01,53.9,paid,card,0
11754,1296,2025-06-01,53.9,paid,upi,0
11755,1296,2025-07-01,53.9,paid,card,0
11756,1296,2025-08-01,53.9,paid,card,0
11757,1296,2025-09-01,53.9,paid,card,0
11758,1296,2025-10-01,53.9,failed,card,3
11759,1296,2025-11-01,53.9,failed,upi,0
11760,1297,2025-11-01,53.15,paid,bank_transfer,0
11761,1297,2025-12-01,53.15,paid,card,0
11762,1297,2026-01-01,53.15,paid,bank_transfer,0
11763,1297,2026-02-01,53.15,paid,card,0
11764,1297,2026-03-01,53.15,paid,bank_transfer,0
11765,1297,2026-04-01,53.15,paid,bank_transfer,0
11766,1297,2026-05-01,53.15,paid,bank_transfer,0
11767,1297,2026-06-01,53.15,paid,bank_transfer,0
11768,1297,2026-07-01,53.15,paid,card,0
11769,1298,2025-12-01,51.04,paid,card,0
11770,1298,2026-01-01,51.04,paid,card,0
11771,1298,2026-02-01,51.04,paid,bank_transfer,0
11772,1298,2026-03-01,51.04,paid,card,0
11773,1298,2026-04-01,51.04,paid,bank_transfer,0
11774,1298,2026-05-01,51.04,paid,upi,0
11775,1298,2026-06-01,51.04,paid,bank_transfer,0
11776,1298,2026-07-01,51.04,paid,card,0
11777,1299,2025-01-01,54.76,paid,card,0
11778,1299,2025-02-01,54.76,paid,card,0
11779,1299,2025-03-01,54.76,paid,card,0
11780,1299,2025-04-01,54.76,paid,card,0
11781,1299,2025-05-01,54.76,paid,upi,0
11782,1299,2025-06-01,54.76,paid,card,0
11783,1299,2025-07-01,54.76,paid,card,0
11784,1299,2025-08-01,54.76,paid,card,0
11785,1299,2025-09-01,54.76,paid,card,0
11786,1299,2025-10-01,54.76,paid,card,0
11787,1299,2025-11-01,54.76,paid,card,0
11788,1299,2025-12-01,54.76,paid,card,0
11789,1299,2026-01-01,54.76,paid,card,0
11790,1299,2026-02-01,54.76,paid,upi,0
11791,1299,2026-03-01,54.76,paid,card,0
11792,1299,2026-04-01,54.76,paid,bank_transfer,0
11793,1299,2026-05-01,54.76,paid,upi,0
11794,1299,2026-06-01,54.76,paid,card,0
11795,1299,2026-07-01,54.76,paid,card,0
11796,1301,2025-07-01,204.18,paid,card,0
11797,1301,2025-08-01,204.18,paid,card,0
11798,1301,2025-09-01,204.18,paid,card,0
11799,1301,2025-10-01,204.18,paid,card,0
11800,1301,2025-11-01,204.18,paid,card,0
11801,1301,2025-12-01,204.18,paid,card,0
11802,1302,2025-10-01,51.44,paid,card,0
11803,1302,2025-11-01,51.44,paid,bank_transfer,0
11804,1302,2025-12-01,51.44,paid,card,0
11805,1302,2026-01-01,51.44,paid,card,0
11806,1302,2026-02-01,51.44,paid,card,0
11807,1302,2026-03-01,51.44,paid,bank_transfer,0
11808,1302,2026-04-01,51.44,paid,card,0
11809,1302,2026-05-01,51.44,paid,card,0
11810,1302,2026-06-01,51.44,paid,upi,0
11811,1302,2026-07-01,51.44,failed,card,1
11812,1303,2025-04-01,62.45,paid,bank_transfer,0
11813,1303,2025-05-01,62.45,paid,card,0
11814,1303,2025-06-01,62.45,paid,bank_transfer,0
11815,1303,2025-07-01,62.45,paid,card,0
11816,1303,2025-08-01,62.45,paid,bank_transfer,0
11817,1303,2025-09-01,62.45,paid,bank_transfer,0
11818,1303,2025-10-01,62.45,paid,upi,0
11819,1303,2025-11-01,62.45,paid,card,0
11820,1303,2025-12-01,62.45,paid,bank_transfer,0
11821,1303,2026-01-01,62.45,paid,card,0
11822,1303,2026-02-01,62.45,paid,card,0
11823,1303,2026-03-01,62.45,paid,card,0
11824,1305,2025-11-01,48.56,paid,card,0
11825,1305,2025-12-01,48.56,failed,card,0
11826,1305,2026-01-01,48.56,paid,card,0
11827,1305,2026-02-01,48.56,paid,bank_transfer,0
11828,1305,2026-03-01,48.56,paid,upi,0
11829,1305,2026-04-01,48.56,paid,card,0
11830,1305,2026-05-01,48.56,paid,card,0
11831,1305,2026-06-01,48.56,paid,card,0
11832,1305,2026-07-01,48.56,failed,card,1
11833,1305,2026-08-01,48.56,paid,card,0
11834,1305,2026-09-01,48.56,paid,bank_transfer,0
11835,1305,2026-10-01,48.56,paid,card,0
11836,1305,2026-11-01,48.56,paid,card,0
11837,1305,2026-12-01,48.56,paid,upi,0
11838,1305,2027-01-01,48.56,paid,card,0
11839,1305,2027-02-01,48.56,paid,bank_transfer,0
11840,1306,2025-09-01,172.93,paid,card,0
11841,1306,2025-10-01,172.93,paid,bank_transfer,0
11842,1306,2025-11-01,172.93,paid,card,0
11843,1306,2025-12-01,172.93,paid,card,0
11844,1306,2026-01-01,172.93,paid,card,0
11845,1306,2026-02-01,172.93,paid,card,0
11846,1306,2026-03-01,172.93,paid,bank_transfer,0
11847,1306,2026-04-01,172.93,paid,card,0
11848,1306,2026-05-01,172.93,failed,card,0
11849,1306,2026-06-01,172.93,paid,card,0
11850,1306,2026-07-01,172.93,paid,card,0
11851,1307,2025-07-01,250.55,paid,card,0
11852,1307,2025-08-01,250.55,paid,card,0
11853,1307,2025-09-01,250.55,paid,bank_transfer,0
11854,1307,2025-10-01,250.55,paid,card,0
11855,1307,2025-11-01,250.55,paid,card,0
11856,1307,2025-12-01,250.55,paid,bank_transfer,0
11857,1307,2026-01-01,250.55,paid,card,0
11858,1307,2026-02-01,250.55,paid,bank_transfer,0
11859,1307,2026-03-01,250.55,paid,upi,0
11860,1307,2026-04-01,250.55,paid,card,0
11861,1307,2026-05-01,250.55,paid,card,0
11862,1307,2026-06-01,250.55,paid,card,0
11863,1307,2026-07-01,250.55,paid,card,0
11864,1308,2026-02-01,200.6,paid,upi,0
11865,1308,2026-03-01,200.6,paid,card,0
11866,1308,2026-04-01,200.6,paid,card,0
11867,1308,2026-05-01,200.6,paid,card,0
11868,1308,2026-06-01,200.6,paid,card,0
11869,1308,2026-07-01,200.6,paid,card,0
11870,1309,2024-11-01,42.24,paid,bank_transfer,0
11871,1309,2024-12-01,42.24,paid,card,0
11872,1309,2025-01-01,42.24,paid,card,0
11873,1309,2025-02-01,42.24,paid,bank_transfer,0
11874,1309,2025-03-01,42.24,paid,card,0
11875,1309,2025-04-01,42.24,paid,card,0
11876,1309,2025-05-01,42.24,paid,card,0
11877,1309,2025-06-01,42.24,paid,card,0
11878,1309,2025-07-01,42.24,paid,card,0
11879,1309,2025-08-01,42.24,paid,card,0
11880,1309,2025-09-01,42.24,paid,card,0
11881,1309,2025-10-01,42.24,paid,card,0
11882,1309,2025-11-01,42.24,paid,card,0
11883,1309,2025-12-01,42.24,paid,upi,0
11884,1309,2026-01-01,42.24,paid,card,0
11885,1309,2026-02-01,42.24,paid,card,0
11886,1309,2026-03-01,42.24,paid,card,0
11887,1309,2026-04-01,42.24,paid,card,0
11888,1309,2026-05-01,42.24,paid,card,0
11889,1309,2026-06-01,42.24,paid,card,0
11890,1309,2026-07-01,42.24,paid,card,0
11891,1310,2025-02-01,46.79,paid,bank_transfer,0
11892,1310,2025-03-01,46.79,paid,card,0
11893,1310,2025-04-01,46.79,paid,bank_transfer,0
11894,1310,2025-05-01,46.79,paid,card,0
11895,1310,2025-06-01,46.79,paid,card,0
11896,1310,2025-07-01,46.79,paid,card,0
11897,1310,2025-08-01,46.79,paid,bank_transfer,0
11898,1310,2025-09-01,46.79,paid,bank_transfer,0
11899,1310,2025-10-01,46.79,paid,bank_transfer,0
11900,1310,2025-11-01,46.79,paid,card,0
11901,1310,2025-12-01,46.79,paid,card,0
11902,1310,2026-01-01,46.79,paid,upi,0
11903,1310,2026-02-01,46.79,paid,card,0
11904,1310,2026-03-01,46.79,paid,card,0
11905,1310,2026-04-01,46.79,paid,bank_transfer,0
11906,1310,2026-05-01,46.79,paid,card,0
11907,1310,2026-06-01,46.79,paid,card,0
11908,1310,2026-07-01,46.79,failed,card,1
11909,1311,2025-03-01,50.88,paid,card,0
11910,1311,2025-04-01,50.88,paid,upi,0
11911,1311,2025-05-01,50.88,paid,card,0
11912,1311,2025-06-01,50.88,paid,card,0
11913,1311,2025-07-01,50.88,paid,card,0
11914,1311,2025-08-01,50.88,paid,card,0
11915,1311,2025-09-01,50.88,paid,card,0
11916,1311,2025-10-01,50.88,paid,upi,0
11917,1311,2025-11-01,50.88,paid,card,0
11918,1311,2025-12-01,50.88,paid,card,0
11919,1311,2026-01-01,50.88,paid,card,0
11920,1311,2026-02-01,50.88,paid,upi,0
11921,1311,2026-03-01,50.88,paid,card,0
11922,1311,2026-04-01,50.88,paid,card,0
11923,1311,2026-05-01,50.88,paid,upi,0
11924,1311,2026-06-01,50.88,paid,card,0
11925,1311,2026-07-01,50.88,paid,card,0
11926,1312,2025-03-01,207.13,paid,bank_transfer,0
11927,1312,2025-04-01,207.13,paid,card,0
11928,1312,2025-05-01,207.13,paid,bank_transfer,0
11929,1312,2025-06-01,207.13,paid,upi,0
11930,1312,2025-07-01,207.13,paid,card,0
11931,1312,2025-08-01,207.13,paid,bank_transfer,0
11932,1312,2025-09-01,207.13,paid,card,0
11933,1312,2025-10-01,207.13,paid,upi,0
11934,1312,2025-11-01,207.13,paid,bank_transfer,0
11935,1312,2025-12-01,207.13,paid,card,0
11936,1312,2026-01-01,207.13,paid,upi,0
11937,1312,2026-02-01,207.13,paid,card,0
11938,1312,2026-03-01,207.13,paid,card,0
11939,1312,2026-04-01,207.13,paid,bank_transfer,0
11940,1312,2026-05-01,207.13,paid,card,0
11941,1312,2026-06-01,207.13,paid,upi,0
11942,1312,2026-07-01,207.13,paid,bank_transfer,0
11943,1313,2024-10-01,47.2,paid,card,0
11944,1313,2024-11-01,47.2,paid,card,0
11945,1313,2024-12-01,47.2,paid,bank_transfer,0
11946,1313,2025-01-01,47.2,paid,card,0
11947,1313,2025-02-01,47.2,failed,card,1
11948,1313,2025-03-01,47.2,failed,card,0
11949,1314,2025-06-01,42.06,paid,card,0
11950,1314,2025-07-01,42.06,paid,card,0
11951,1314,2025-08-01,42.06,paid,bank_transfer,0
11952,1314,2025-09-01,42.06,paid,bank_transfer,0
11953,1314,2025-10-01,42.06,paid,bank_transfer,0
11954,1314,2025-11-01,42.06,paid,card,0
