ticket_id,customer_id,created_date,category,priority,resolved_date,csat_score,is_resolved
1,1,2025-04-01,Onboarding,Low,2025-04-03,5.0,True
2,1,2026-03-01,Feature Request,Low,2026-03-02,3.0,True
3,1,2026-04-01,Billing,Medium,2026-04-07,2.0,True
4,2,2025-10-01,Billing,Low,2025-10-09,4.0,True
5,2,2026-03-01,Onboarding,Low,2026-03-09,3.0,True
6,2,2026-04-01,Feature Request,Critical,2026-04-04,3.0,True
7,2,2026-07-01,Onboarding,High,2026-07-11,5.0,True
8,3,2024-11-01,Onboarding,Low,,,False
9,3,2025-01-01,Bug,Medium,2025-01-07,3.0,True
10,3,2025-05-01,Onboarding,High,2025-05-09,1.0,True
11,3,2025-06-01,Billing,High,2025-06-02,2.0,True
12,4,2026-05-01,Bug,Medium,2026-05-06,3.0,True
13,4,2026-06-01,Feature Request,Low,2026-06-04,3.0,True
14,5,2025-08-01,Feature Request,High,2025-08-05,3.0,True
15,5,2026-06-01,Feature Request,Medium,2026-06-07,5.0,True
16,6,2025-04-01,Billing,Low,2025-04-08,4.0,True
17,6,2025-08-01,Billing,Low,2025-08-07,4.0,True
18,7,2025-10-01,Feature Request,Medium,,,False
19,8,2026-02-01,Billing,Medium,2026-02-05,3.0,True
20,8,2026-04-01,Billing,Low,2026-04-05,4.0,True
21,8,2026-05-01,Bug,High,2026-05-04,5.0,True
22,9,2026-02-01,Billing,Low,2026-02-05,4.0,True
23,9,2026-06-01,Billing,Critical,2026-06-11,1.0,True
24,10,2025-06-01,Bug,High,2025-06-04,4.0,True
25,10,2025-11-01,Billing,Low,2025-11-02,5.0,True
26,10,2026-04-01,Feature Request,Low,2026-04-03,5.0,True
27,10,2026-05-01,Bug,Low,2026-05-11,3.0,True
28,12,2026-03-01,Billing,High,,,False
29,12,2026-07-01,Bug,Low,2026-07-04,5.0,True
30,13,2026-10-01,Billing,Medium,,,False
31,13,2027-07-01,Bug,Low,2027-07-08,4.0,True
32,14,2025-11-01,Billing,Low,2025-11-03,5.0,True
33,14,2026-05-01,General,Medium,2026-05-08,4.0,True
34,16,2026-05-01,General,Low,2026-05-08,3.0,True
35,16,2026-06-01,General,Medium,2026-06-02,3.0,True
36,16,2026-07-01,Bug,Medium,2026-07-02,3.0,True
37,17,2026-02-01,General,Medium,2026-02-05,5.0,True
38,18,2025-07-01,Billing,Medium,2025-07-04,3.0,True
39,18,2026-01-01,Feature Request,Medium,2026-01-02,4.0,True
40,18,2026-05-01,Bug,Critical,,,False
41,18,2026-06-01,Feature Request,Medium,2026-06-04,2.0,True
42,18,2026-07-01,Feature Request,Medium,2026-07-04,2.0,True
43,19,2024-11-01,Feature Request,High,2024-11-05,2.0,True
44,19,2024-12-01,Onboarding,Medium,2024-12-02,2.0,True
45,20,2025-06-01,Feature Request,High,2025-06-05,4.0,True
46,20,2025-10-01,Billing,Medium,2025-10-06,5.0,True
47,20,2026-02-01,Billing,Low,2026-02-02,3.0,True
48,20,2026-05-01,Onboarding,Low,2026-05-11,5.0,True
49,21,2025-06-01,General,High,2025-06-09,3.0,True
50,21,2025-07-01,Feature Request,High,2025-07-03,3.0,True
51,21,2025-10-01,Billing,High,2025-10-10,3.0,True
52,21,2026-07-01,Billing,Medium,2026-07-05,1.0,True
53,22,2025-10-01,Bug,High,2025-10-09,5.0,True
54,22,2026-03-01,General,High,2026-03-03,1.0,True
55,24,2026-01-01,Onboarding,Low,,,False
56,24,2026-02-01,Bug,Low,2026-02-06,5.0,True
57,24,2026-04-01,Feature Request,High,2026-04-04,4.0,True
58,25,2025-05-01,Feature Request,Low,2025-05-02,2.0,True
59,28,2025-08-01,Bug,Medium,2025-08-07,1.0,True
60,28,2025-09-01,General,Medium,2025-09-10,1.0,True
61,29,2026-02-01,General,High,,,False
62,30,2026-07-01,Bug,Low,2026-07-03,5.0,True
63,31,2025-04-01,Feature Request,Medium,2025-04-05,1.0,True
64,32,2025-07-01,General,Medium,2025-07-06,4.0,True
65,32,2025-08-01,Billing,Low,2025-08-08,5.0,True
66,32,2025-10-01,General,Low,2025-10-04,3.0,True
67,32,2025-12-01,General,Low,2025-12-11,3.0,True
68,33,2025-11-01,Billing,Low,2025-11-05,3.0,True
69,33,2025-12-01,Bug,Medium,2025-12-04,5.0,True
70,33,2026-02-01,Billing,Medium,2026-02-04,4.0,True
71,34,2025-08-01,Onboarding,Medium,2025-08-09,2.0,True
72,35,2025-07-01,Billing,Medium,2025-07-11,4.0,True
73,35,2026-02-01,General,Medium,2026-02-06,5.0,True
74,35,2026-03-01,General,Low,2026-03-07,2.0,True
75,36,2025-12-01,Onboarding,Critical,,,False
76,36,2026-06-01,Bug,Low,2026-06-09,5.0,True
77,40,2025-03-01,Feature Request,Low,2025-03-07,3.0,True
78,40,2025-04-01,Feature Request,High,2025-04-07,1.0,True
79,40,2025-05-01,General,High,2025-05-05,2.0,True
80,41,2025-06-01,Onboarding,Medium,2025-06-06,3.0,True
81,41,2025-10-01,Bug,Medium,2025-10-02,4.0,True
82,41,2025-11-01,Feature Request,High,2025-11-09,3.0,True
83,41,2026-04-01,General,Medium,2026-04-04,5.0,True
84,43,2025-11-01,Bug,Low,2025-11-08,5.0,True
85,43,2026-03-01,Billing,Low,2026-03-10,5.0,True
86,44,2026-04-01,General,High,2026-04-03,4.0,True
87,45,2026-03-01,Feature Request,Medium,2026-03-06,4.0,True
88,46,2025-05-01,General,Low,2025-05-03,3.0,True
89,46,2025-06-01,Onboarding,Medium,2025-06-05,3.0,True
90,48,2026-03-01,Feature Request,High,,,False
91,48,2026-04-01,General,Medium,2026-04-05,4.0,True
92,48,2026-07-01,Bug,Low,2026-07-03,3.0,True
93,49,2025-11-01,Onboarding,High,2025-11-09,4.0,True
94,49,2026-02-01,Onboarding,Low,2026-02-04,4.0,True
95,49,2026-03-01,General,Medium,,,False
96,50,2026-06-01,General,Low,2026-06-06,4.0,True
97,50,2026-07-01,Billing,High,2026-07-03,4.0,True
98,51,2025-01-01,Onboarding,Low,2025-01-10,3.0,True
99,51,2025-03-01,General,High,2025-03-06,2.0,True
100,51,2025-04-01,Bug,Critical,2025-04-02,1.0,True
101,52,2025-08-01,Bug,High,2025-08-04,3.0,True
102,52,2025-09-01,General,Medium,2025-09-04,1.0,True
103,52,2025-10-01,Bug,High,2025-10-11,2.0,True
104,53,2025-12-01,Bug,High,2025-12-10,3.0,True
105,53,2026-07-01,Onboarding,Low,2026-07-02,4.0,True
106,54,2025-12-01,Bug,High,2025-12-09,5.0,True
107,54,2026-04-01,General,Medium,2026-04-04,5.0,True
108,54,2026-07-01,Bug,Low,2026-07-09,3.0,True
109,55,2025-05-01,Bug,High,2025-05-04,5.0,True
110,55,2025-11-01,General,Medium,2025-11-07,3.0,True
111,55,2026-01-01,Feature Request,Low,2026-01-08,3.0,True
112,55,2026-05-01,Billing,High,2026-05-06,3.0,True
113,56,2025-06-01,Feature Request,Low,2025-06-07,4.0,True
114,56,2025-07-01,Billing,High,2025-07-07,4.0,True
115,56,2026-06-01,Onboarding,Low,2026-06-05,3.0,True
116,57,2025-11-01,Feature Request,Low,2025-11-02,4.0,True
117,58,2025-08-01,Feature Request,High,2025-08-10,1.0,True
118,58,2025-09-01,Onboarding,Low,2025-09-02,2.0,True
119,59,2025-06-01,Bug,Medium,2025-06-10,2.0,True
120,59,2025-07-01,Onboarding,Medium,2025-07-11,1.0,True
121,60,2025-12-01,Billing,Low,2025-12-07,4.0,True
122,61,2026-02-01,Billing,Low,2026-02-04,5.0,True
123,62,2025-01-01,General,Low,2025-01-02,4.0,True
124,62,2025-03-01,Feature Request,Low,2025-03-06,3.0,True
125,62,2025-04-01,Feature Request,Medium,2025-04-02,5.0,True
126,63,2025-10-01,Billing,Low,2025-10-02,4.0,True
127,63,2025-11-01,Feature Request,Medium,2025-11-09,2.0,True
128,64,2025-09-01,Bug,Medium,2025-09-11,1.0,True
129,65,2024-10-01,General,High,,,False
130,66,2025-06-01,Onboarding,Low,2025-06-11,3.0,True
131,66,2025-07-01,Onboarding,Medium,2025-07-09,5.0,True
132,66,2026-01-01,Onboarding,Low,2026-01-03,4.0,True
133,67,2025-08-01,Onboarding,Critical,2025-08-02,2.0,True
134,67,2025-09-01,Billing,High,,,False
135,68,2026-02-01,General,Low,2026-02-05,4.0,True
136,68,2026-03-01,Feature Request,Critical,2026-03-08,1.0,True
137,68,2026-04-01,General,High,2026-04-10,2.0,True
138,70,2025-08-01,Bug,Medium,,,False
139,73,2025-06-01,Billing,Low,2025-06-09,2.0,True
140,75,2026-07-01,General,Medium,2026-07-03,3.0,True
141,76,2025-12-01,Bug,High,2025-12-06,5.0,True
142,76,2026-02-01,Billing,Medium,2026-02-04,4.0,True
143,77,2025-04-01,Bug,Low,,,False
144,77,2025-09-01,Onboarding,Medium,2025-09-03,3.0,True
145,77,2026-03-01,Onboarding,Low,2026-03-04,4.0,True
146,77,2026-07-01,Feature Request,High,2026-07-09,3.0,True
147,78,2025-06-01,General,Low,2025-06-02,4.0,True
148,78,2025-07-01,Bug,Medium,2025-07-07,4.0,True
149,78,2025-08-01,Onboarding,Critical,2025-08-07,3.0,True
150,78,2025-09-01,Billing,Medium,2025-09-10,4.0,True
151,78,2026-02-01,Feature Request,High,2026-02-06,3.0,True
152,79,2025-03-01,Feature Request,Low,2025-03-11,4.0,True
153,79,2025-05-01,General,Medium,2025-05-05,4.0,True
154,79,2025-07-01,Billing,Low,2025-07-10,5.0,True
155,79,2026-02-01,General,Low,2026-02-09,3.0,True
156,80,2025-05-01,Billing,Low,,,False
157,80,2025-08-01,General,Low,2025-08-07,3.0,True
158,80,2025-09-01,Billing,Medium,2025-09-03,3.0,True
159,81,2025-10-01,Onboarding,High,2025-10-09,2.0,True
160,82,2025-05-01,Onboarding,High,2025-05-03,2.0,True
161,83,2026-04-01,Bug,High,2026-04-11,4.0,True
162,84,2025-10-01,Billing,Low,2025-10-02,3.0,True
163,84,2025-12-01,Billing,Medium,2025-12-08,4.0,True
164,85,2025-08-01,Bug,Medium,2025-08-06,4.0,True
165,85,2026-03-01,Billing,Medium,,,False
166,87,2025-01-01,Onboarding,Low,2025-01-07,4.0,True
167,87,2025-03-01,General,Low,2025-03-08,5.0,True
168,87,2025-04-01,Billing,Low,,,False
169,87,2026-05-01,Onboarding,Medium,2026-05-04,3.0,True
170,88,2026-07-01,Bug,Medium,2026-07-08,3.0,True
171,88,2026-08-01,Bug,High,2026-08-08,5.0,True
172,89,2026-05-01,Onboarding,High,2026-05-05,5.0,True
173,90,2025-10-01,Billing,Critical,,,False
174,91,2025-09-01,Bug,Low,2025-09-09,3.0,True
175,91,2026-06-01,Onboarding,Low,2026-06-08,4.0,True
176,92,2025-12-01,General,Medium,,,False
177,92,2026-03-01,General,Low,2026-03-03,5.0,True
178,92,2026-04-01,Bug,Low,,,False
179,94,2025-04-01,Onboarding,Medium,2025-04-03,3.0,True
180,94,2025-05-01,Bug,Low,2025-05-09,4.0,True
181,94,2025-07-01,Onboarding,Low,2025-07-11,4.0,True
182,94,2026-06-01,Onboarding,Medium,2026-06-09,5.0,True
183,94,2026-07-01,General,Low,2026-07-03,3.0,True
184,95,2026-06-01,Bug,Medium,2026-06-11,4.0,True
185,96,2025-10-01,Billing,Critical,2025-10-07,2.0,True
186,96,2025-11-01,General,High,2025-11-07,2.0,True
187,98,2025-02-01,General,Medium,2025-02-09,1.0,True
188,98,2025-03-01,General,Low,2025-03-06,2.0,True
189,99,2026-07-01,General,Low,2026-07-06,3.0,True
190,100,2025-12-01,Billing,High,2025-12-03,3.0,True
191,100,2026-05-01,Feature Request,Low,2026-05-05,4.0,True
192,100,2026-06-01,Feature Request,High,2026-06-05,4.0,True
193,101,2024-11-01,Onboarding,High,2024-11-07,4.0,True
194,101,2025-01-01,Billing,High,2025-01-06,3.0,True
195,102,2026-02-01,General,Medium,,,False
196,103,2026-05-01,Bug,Low,2026-05-11,4.0,True
197,104,2025-04-01,Billing,Medium,2025-04-04,2.0,True
198,104,2025-05-01,Feature Request,High,2025-05-06,2.0,True
199,105,2026-03-01,Bug,Low,2026-03-04,4.0,True
200,105,2026-05-01,Billing,Low,2026-05-02,4.0,True
201,105,2026-07-01,Billing,Medium,2026-07-07,4.0,True
202,106,2025-01-01,Feature Request,Medium,2025-01-08,3.0,True
203,106,2025-07-01,Feature Request,Low,2025-07-03,3.0,True
204,106,2025-09-01,General,Medium,2025-09-10,3.0,True
205,106,2026-01-01,Billing,Low,,,False
206,107,2026-01-01,Billing,Low,2026-01-09,5.0,True
207,107,2026-04-01,Onboarding,Critical,2026-04-10,2.0,True
208,107,2026-05-01,General,High,2026-05-02,2.0,True
209,109,2025-04-01,Billing,Medium,2025-04-08,2.0,True
210,111,2025-08-01,Billing,Low,2025-08-06,4.0,True
211,111,2025-09-01,Bug,Low,2025-09-02,4.0,True
212,111,2026-01-01,General,High,2026-01-03,4.0,True
213,111,2026-04-01,Onboarding,Medium,,,False
214,112,2026-01-01,Feature Request,Medium,2026-01-02,5.0,True
215,112,2026-04-01,General,High,2026-04-07,3.0,True
216,112,2026-05-01,Onboarding,Medium,2026-05-06,5.0,True
217,113,2025-07-01,Billing,Low,2025-07-10,3.0,True
218,113,2025-12-01,Feature Request,Low,2025-12-05,1.0,True
219,114,2025-04-01,Billing,High,2025-04-08,3.0,True
220,114,2025-06-01,Feature Request,Low,2025-06-07,3.0,True
221,114,2026-03-01,Billing,Low,2026-03-04,5.0,True
222,115,2025-07-01,Feature Request,Medium,2025-07-10,1.0,True
223,116,2026-01-01,Bug,Medium,2026-01-04,5.0,True
224,117,2026-08-01,Feature Request,Low,2026-08-02,5.0,True
225,118,2026-04-01,Billing,Medium,,,False
226,119,2026-03-01,Onboarding,Critical,2026-03-06,5.0,True
227,119,2027-04-01,Billing,Medium,2027-04-03,1.0,True
228,119,2027-05-01,General,Medium,2027-05-05,2.0,True
229,121,2025-11-01,Feature Request,Medium,2025-11-08,3.0,True
230,121,2026-01-01,Feature Request,Low,2026-01-05,3.0,True
231,121,2026-06-01,Feature Request,Medium,2026-06-08,5.0,True
232,122,2025-02-01,Feature Request,Low,2025-02-03,5.0,True
233,122,2025-04-01,Billing,Medium,2025-04-04,5.0,True
234,122,2025-06-01,Onboarding,Low,2025-06-02,3.0,True
235,122,2026-04-01,Billing,Critical,2026-04-08,2.0,True
236,123,2026-01-01,Onboarding,Low,,,False
237,123,2026-04-01,Bug,High,2026-04-08,5.0,True
238,123,2026-06-01,Billing,Critical,2026-06-10,3.0,True
239,124,2025-05-01,General,Medium,2025-05-04,5.0,True
240,124,2025-09-01,Bug,Medium,2025-09-08,5.0,True
241,125,2025-08-01,Bug,Medium,2025-08-05,1.0,True
242,125,2025-09-01,General,Critical,2025-09-08,1.0,True
243,126,2025-01-01,General,Low,,,False
244,126,2025-03-01,Feature Request,High,2025-03-11,4.0,True
245,127,2025-05-01,General,Low,2025-05-08,4.0,True
246,127,2025-10-01,General,Low,2025-10-02,3.0,True
247,128,2025-05-01,Feature Request,Low,2025-05-07,5.0,True
248,130,2025-12-01,General,Medium,2025-12-07,4.0,True
249,130,2026-02-01,General,Low,2026-02-09,3.0,True
250,131,2025-10-01,Feature Request,Medium,2025-10-04,3.0,True
251,131,2025-11-01,Bug,High,2025-11-08,3.0,True
252,131,2026-06-01,Bug,Low,2026-06-08,4.0,True
253,132,2025-06-01,Bug,Low,2025-06-08,3.0,True
254,132,2025-09-01,Billing,Medium,,,False
255,133,2025-09-01,Onboarding,Medium,2025-09-05,4.0,True
256,133,2025-11-01,Feature Request,Low,2025-11-02,5.0,True
257,133,2026-01-01,Bug,High,,,False
258,134,2025-11-01,Onboarding,Medium,2025-11-09,3.0,True
259,134,2026-02-01,Onboarding,Medium,2026-02-03,1.0,True
260,135,2026-03-01,Feature Request,Medium,2026-03-08,4.0,True
261,135,2026-04-01,Billing,Low,2026-04-05,5.0,True
262,135,2026-07-01,General,Low,2026-07-09,4.0,True
263,136,2025-02-01,General,Low,2025-02-04,5.0,True
264,136,2025-09-01,Bug,Low,2025-09-09,3.0,True
265,136,2025-11-01,Onboarding,Medium,2025-11-06,4.0,True
266,136,2026-01-01,Bug,High,2026-01-09,2.0,True
267,137,2025-01-01,Bug,High,2025-01-11,1.0,True
268,138,2025-09-01,Billing,Medium,2025-09-07,4.0,True
269,138,2026-04-01,Bug,Low,2026-04-10,4.0,True
270,139,2025-10-01,General,Low,2025-10-03,5.0,True
271,139,2025-11-01,Bug,Critical,2025-11-03,4.0,True
272,139,2025-12-01,Bug,Medium,2025-12-08,3.0,True
273,139,2026-01-01,Onboarding,Low,2026-01-03,4.0,True
274,141,2025-05-01,Feature Request,Low,2025-05-11,3.0,True
275,141,2026-06-01,Billing,Low,2026-06-09,3.0,True
276,141,2026-07-01,Feature Request,Low,2026-07-06,5.0,True
277,142,2026-01-01,Billing,Critical,2026-01-07,3.0,True
278,142,2026-07-01,Billing,Medium,2026-07-05,3.0,True
279,144,2025-07-01,Feature Request,Medium,,,False
280,144,2026-03-01,Feature Request,Critical,2026-03-09,2.0,True
281,144,2026-04-01,Feature Request,High,2026-04-06,1.0,True
282,145,2026-03-01,Feature Request,Medium,2026-03-09,3.0,True
283,145,2026-08-01,Feature Request,Medium,2026-08-06,2.0,True
284,146,2025-04-01,Feature Request,Low,2025-04-10,3.0,True
285,146,2025-07-01,Feature Request,Low,,,False
286,146,2025-08-01,Onboarding,Medium,2025-08-11,4.0,True
287,146,2025-11-01,Bug,Low,2025-11-08,3.0,True
288,146,2026-02-01,Feature Request,Low,2026-02-11,5.0,True
289,147,2025-08-01,Onboarding,Low,2025-08-07,5.0,True
290,147,2025-10-01,General,Medium,2025-10-02,4.0,True
291,147,2026-03-01,Bug,Low,2026-03-06,3.0,True
292,148,2025-10-01,Onboarding,Low,2025-10-06,4.0,True
293,148,2025-11-01,General,Low,2025-11-10,5.0,True
294,148,2026-04-01,General,Low,2026-04-07,4.0,True
295,148,2026-07-01,Feature Request,Medium,2026-07-08,3.0,True
296,149,2025-10-01,Billing,Medium,2025-10-03,5.0,True
297,149,2025-12-01,Billing,Medium,2025-12-05,3.0,True
298,149,2026-07-01,General,Low,2026-07-11,5.0,True
299,150,2026-05-01,Onboarding,Critical,2026-05-11,3.0,True
300,151,2026-01-01,Onboarding,Low,,,False
301,153,2026-04-01,General,High,2026-04-05,1.0,True
302,154,2025-01-01,Onboarding,Low,2025-01-09,4.0,True
303,154,2025-02-01,Onboarding,Low,2025-02-02,3.0,True
304,155,2025-04-01,General,Low,2025-04-05,5.0,True
305,155,2025-07-01,General,Low,2025-07-07,5.0,True
306,155,2026-03-01,Billing,Critical,2026-03-05,4.0,True
307,155,2026-04-01,General,Medium,,,False
308,155,2026-07-01,Billing,Medium,2026-07-06,5.0,True
309,156,2025-09-01,Billing,Medium,2025-09-10,2.0,True
310,156,2025-10-01,General,Critical,2025-10-07,1.0,True
311,157,2025-03-01,Billing,Low,2025-03-11,2.0,True
312,157,2025-04-01,General,High,2025-04-11,2.0,True
313,158,2025-12-01,General,Critical,2025-12-04,4.0,True
314,158,2026-06-01,Feature Request,Low,2026-06-10,5.0,True
315,159,2025-11-01,General,Medium,2025-11-04,5.0,True
316,159,2025-12-01,General,High,2025-12-10,3.0,True
317,159,2026-02-01,Billing,Medium,2026-02-07,4.0,True
318,160,2025-07-01,Feature Request,Low,2025-07-11,4.0,True
319,161,2025-05-01,General,Low,,,False
320,161,2025-06-01,Onboarding,Low,2025-06-02,4.0,True
321,161,2025-07-01,Bug,High,2025-07-05,5.0,True
322,161,2025-08-01,Onboarding,Low,2025-08-08,4.0,True
323,161,2025-09-01,Feature Request,High,2025-09-03,5.0,True
324,161,2025-10-01,Onboarding,Low,2025-10-02,4.0,True
325,161,2025-11-01,General,Low,2025-11-04,4.0,True
326,161,2025-12-01,Onboarding,Medium,2025-12-05,5.0,True
327,162,2026-05-01,General,Low,2026-05-11,4.0,True
328,162,2026-07-01,General,Medium,2026-07-09,4.0,True
329,163,2025-06-01,Bug,High,2025-06-03,3.0,True
330,164,2025-10-01,Billing,Medium,2025-10-05,4.0,True
331,164,2026-01-01,Billing,Medium,2026-01-07,3.0,True
332,164,2026-04-01,Feature Request,Low,2026-04-09,4.0,True
333,165,2024-10-01,General,Critical,2024-10-03,1.0,True
334,165,2024-11-01,Bug,High,,,False
335,167,2025-10-01,Feature Request,Low,2025-10-11,5.0,True
336,167,2026-04-01,Billing,High,2026-04-03,3.0,True
337,168,2026-04-01,Bug,Low,2026-04-06,4.0,True
338,169,2025-09-01,Onboarding,Low,2025-09-02,1.0,True
339,170,2025-12-01,Feature Request,High,2025-12-02,4.0,True
340,173,2026-06-01,Bug,Low,2026-06-11,5.0,True
341,174,2025-06-01,Onboarding,Medium,2025-06-10,3.0,True
342,174,2026-04-01,Billing,Medium,,,False
343,175,2026-09-01,General,Low,2026-09-06,4.0,True
344,175,2026-10-01,General,Low,2026-10-07,4.0,True
345,176,2025-07-01,General,Medium,2025-07-11,4.0,True
346,176,2025-09-01,Billing,Medium,2025-09-07,3.0,True
347,176,2025-11-01,Onboarding,Low,2025-11-03,4.0,True
348,176,2026-01-01,General,Low,2026-01-09,4.0,True
349,176,2026-03-01,Billing,Low,2026-03-09,3.0,True
350,176,2026-08-01,Onboarding,Medium,,,False
351,177,2025-03-01,Bug,Medium,2025-03-09,5.0,True
352,177,2025-05-01,Bug,Low,2025-05-06,4.0,True
353,177,2026-04-01,Feature Request,Medium,2026-04-09,4.0,True
354,178,2025-04-01,General,Low,2025-04-05,3.0,True
355,178,2026-01-01,Feature Request,Low,2026-01-09,3.0,True
356,178,2026-06-01,Billing,Medium,2026-06-11,4.0,True
357,180,2025-12-01,General,Low,2025-12-10,4.0,True
358,180,2026-01-01,Billing,Medium,2026-01-09,5.0,True
359,181,2025-04-01,General,Critical,2025-04-02,2.0,True
360,181,2025-05-01,Onboarding,High,2025-05-02,2.0,True
361,182,2025-12-01,Billing,Low,2025-12-06,5.0,True
362,184,2025-11-01,Feature Request,Low,,,False
363,185,2025-04-01,Feature Request,Medium,2025-04-04,3.0,True
364,185,2025-06-01,Bug,Critical,2025-06-05,5.0,True
365,185,2025-10-01,Feature Request,Low,,,False
366,185,2025-11-01,General,Low,2025-11-09,1.0,True
367,185,2025-12-01,Billing,Critical,2025-12-10,2.0,True
368,186,2025-05-01,Onboarding,Low,2025-05-09,5.0,True
369,186,2026-01-01,Billing,Medium,2026-01-07,3.0,True
370,186,2026-02-01,Billing,Medium,2026-02-09,4.0,True
371,187,2025-05-01,Billing,Medium,2025-05-09,3.0,True
372,187,2025-12-01,Billing,Low,2025-12-11,3.0,True
373,188,2026-07-01,Billing,Low,2026-07-10,3.0,True
374,189,2025-10-01,Feature Request,Critical,2025-10-07,2.0,True
375,189,2025-11-01,General,Critical,2025-11-08,1.0,True
376,190,2026-06-01,Billing,Medium,2026-06-06,3.0,True
377,191,2025-05-01,General,High,2025-05-09,1.0,True
378,191,2025-06-01,Feature Request,High,2025-06-03,2.0,True
379,192,2026-02-01,Bug,Medium,,,False
380,193,2025-05-01,Onboarding,Low,2025-05-04,3.0,True
381,193,2025-08-01,Bug,Medium,2025-08-11,3.0,True
382,193,2025-10-01,Bug,High,2025-10-03,5.0,True
383,193,2025-12-01,Feature Request,Low,2025-12-04,3.0,True
384,193,2026-05-01,Bug,High,2026-05-11,5.0,True
385,194,2025-04-01,Bug,Medium,2025-04-11,4.0,True
386,194,2025-07-01,Billing,High,2025-07-03,3.0,True
387,194,2025-12-01,Feature Request,High,2025-12-02,3.0,True
388,194,2026-01-01,Bug,Medium,,,False
389,194,2026-02-01,Billing,Medium,,,False
390,194,2026-05-01,Billing,Low,2026-05-11,3.0,True
391,194,2026-07-01,Onboarding,Medium,2026-07-11,4.0,True
392,195,2025-10-01,General,High,2025-10-09,2.0,True
393,195,2025-11-01,General,High,2025-11-08,1.0,True
394,197,2026-03-01,Billing,High,2026-03-07,4.0,True
395,199,2026-04-01,Bug,Medium,2026-04-10,4.0,True
396,201,2026-05-01,Feature Request,High,2026-05-04,5.0,True
397,202,2026-11-01,Onboarding,Low,2026-11-11,3.0,True
398,202,2027-05-01,Bug,Medium,2027-05-07,3.0,True
399,205,2026-01-01,Feature Request,High,,,False
400,206,2025-10-01,Bug,Medium,2025-10-09,5.0,True
401,206,2025-11-01,Bug,Medium,2025-11-04,3.0,True
402,206,2026-01-01,Onboarding,Medium,2026-01-08,5.0,True
403,206,2026-02-01,Onboarding,Low,2026-02-02,3.0,True
404,206,2026-06-01,Bug,Low,2026-06-05,4.0,True
405,207,2025-12-01,Billing,High,2025-12-11,2.0,True
406,208,2026-03-01,Billing,Medium,,,False
407,209,2025-09-01,General,Medium,2025-09-07,5.0,True
408,209,2025-12-01,Feature Request,Low,2025-12-10,4.0,True
409,210,2025-07-01,Billing,Low,2025-07-02,5.0,True
410,210,2025-08-01,Bug,Medium,2025-08-03,3.0,True
411,210,2025-09-01,Billing,Medium,2025-09-08,5.0,True
412,210,2025-12-01,Feature Request,Low,2025-12-08,3.0,True
413,211,2026-05-01,General,Critical,2026-05-02,3.0,True
414,212,2026-04-01,General,Medium,2026-04-11,3.0,True
415,212,2026-05-01,Onboarding,Medium,2026-05-02,5.0,True
416,213,2025-04-01,General,Medium,2025-04-08,5.0,True
417,213,2025-07-01,Feature Request,Low,2025-07-09,3.0,True
418,213,2025-10-01,Billing,High,,,False
419,213,2026-02-01,Feature Request,Medium,2026-02-09,4.0,True
420,213,2026-05-01,General,Medium,2026-05-07,1.0,True
421,215,2025-08-01,Bug,Medium,2025-08-04,3.0,True
422,215,2026-02-01,Feature Request,Medium,2026-02-09,5.0,True
423,215,2026-03-01,Onboarding,Low,2026-03-05,3.0,True
424,216,2025-09-01,Onboarding,High,2025-09-09,2.0,True
425,216,2025-10-01,Onboarding,Medium,2025-10-11,2.0,True
426,217,2025-07-01,General,Medium,2025-07-08,1.0,True
427,218,2025-01-01,General,Low,2025-01-10,5.0,True
428,218,2025-08-01,Billing,High,2025-08-11,1.0,True
429,219,2025-10-01,Bug,Low,2025-10-09,5.0,True
430,219,2026-03-01,Billing,Low,2026-03-05,1.0,True
431,220,2025-07-01,General,Low,2025-07-10,4.0,True
432,220,2025-08-01,Onboarding,Medium,2025-08-07,3.0,True
433,220,2026-01-01,Billing,Low,2026-01-11,3.0,True
434,220,2026-04-01,Bug,Medium,2026-04-05,5.0,True
435,222,2025-05-01,Onboarding,Low,2025-05-04,5.0,True
436,222,2025-08-01,Feature Request,Medium,2025-08-05,2.0,True
437,222,2025-09-01,Onboarding,Low,2025-09-11,2.0,True
438,223,2025-05-01,Bug,Low,2025-05-03,4.0,True
439,223,2025-08-01,General,Medium,2025-08-03,4.0,True
440,223,2025-12-01,Bug,High,2025-12-09,2.0,True
441,224,2024-11-01,Feature Request,Medium,,,False
442,224,2025-03-01,General,Low,2025-03-05,5.0,True
443,225,2026-01-01,Onboarding,Low,2026-01-10,3.0,True
444,225,2026-03-01,Billing,Low,2026-03-08,3.0,True
445,225,2026-04-01,Onboarding,High,2026-04-02,4.0,True
446,225,2026-05-01,Feature Request,Low,2026-05-04,4.0,True
447,227,2025-10-01,Feature Request,Low,,,False
448,228,2025-09-01,General,Low,2025-09-09,4.0,True
449,228,2025-10-01,General,Medium,,,False
450,228,2026-01-01,General,Low,2026-01-03,4.0,True
451,228,2026-07-01,Onboarding,Medium,,,False
452,229,2026-04-01,Bug,Medium,2026-04-05,5.0,True
453,230,2026-05-01,Bug,High,2026-05-05,5.0,True
454,231,2026-06-01,General,Medium,2026-06-03,3.0,True
455,231,2026-07-01,General,Medium,2026-07-10,4.0,True
456,232,2026-04-01,Onboarding,Medium,2026-04-05,5.0,True
457,232,2026-06-01,Bug,Medium,2026-06-07,4.0,True
458,233,2026-01-01,General,Critical,2026-01-10,5.0,True
459,234,2025-01-01,General,High,2025-01-03,4.0,True
460,234,2025-02-01,Billing,Critical,2025-02-09,4.0,True
461,234,2026-05-01,Bug,Critical,2026-05-11,4.0,True
462,235,2025-11-01,Billing,Low,2025-11-10,3.0,True
463,235,2026-02-01,Onboarding,Medium,2026-02-11,3.0,True
464,236,2025-02-01,Billing,Medium,2025-02-03,1.0,True
465,237,2025-09-01,Billing,Low,2025-09-07,4.0,True
466,237,2026-04-01,Billing,Low,2026-04-07,5.0,True
467,237,2026-05-01,Billing,Critical,2026-05-06,1.0,True
468,237,2026-06-01,Bug,Critical,2026-06-07,1.0,True
469,238,2025-10-01,Billing,High,2025-10-10,5.0,True
470,238,2026-01-01,Bug,High,2026-01-08,4.0,True
471,238,2026-04-01,Onboarding,High,2026-04-05,3.0,True
472,238,2026-05-01,Bug,Medium,2026-05-11,3.0,True
473,238,2026-07-01,Feature Request,High,2026-07-07,4.0,True
474,239,2025-09-01,Onboarding,Medium,2025-09-08,1.0,True
475,239,2025-10-01,Billing,High,2025-10-10,1.0,True
476,240,2025-08-01,General,Medium,2025-08-11,3.0,True
477,240,2026-10-01,Bug,Low,2026-10-10,3.0,True
478,241,2025-11-01,Bug,Low,2025-11-08,4.0,True
479,243,2025-08-01,General,Low,2025-08-07,3.0,True
480,243,2025-11-01,Onboarding,Low,2025-11-10,5.0,True
481,243,2025-12-01,Billing,Low,2025-12-06,4.0,True
482,244,2025-10-01,Billing,High,2025-10-08,4.0,True
483,244,2026-03-01,Billing,Critical,2026-03-04,1.0,True
484,246,2025-09-01,General,Low,2025-09-08,5.0,True
485,246,2025-10-01,Onboarding,High,2025-10-11,1.0,True
486,246,2025-11-01,Bug,High,2025-11-10,2.0,True
487,247,2026-05-01,Feature Request,Critical,2026-05-02,5.0,True
488,248,2025-06-01,General,Medium,2025-06-06,5.0,True
489,250,2025-09-01,Onboarding,High,2025-09-04,2.0,True
490,252,2024-12-01,Feature Request,Low,2024-12-10,5.0,True
491,252,2025-04-01,General,High,2025-04-10,5.0,True
492,252,2025-07-01,Bug,Medium,2025-07-04,1.0,True
493,252,2025-08-01,Feature Request,Medium,2025-08-06,1.0,True
494,254,2026-05-01,Feature Request,Medium,,,False
495,255,2025-06-01,Bug,Low,2025-06-05,3.0,True
496,255,2026-02-01,Bug,Critical,2026-02-11,5.0,True
497,255,2026-07-01,Onboarding,Medium,,,False
498,257,2026-06-01,Billing,Low,2026-06-05,4.0,True
499,257,2026-07-01,Bug,High,2026-07-08,3.0,True
500,258,2025-06-01,Feature Request,Low,,,False
501,259,2025-06-01,Billing,Medium,2025-06-11,3.0,True
502,259,2025-09-01,Bug,Low,2025-09-02,5.0,True
503,259,2026-05-01,Billing,Medium,2026-05-05,5.0,True
504,260,2025-12-01,Onboarding,Low,2025-12-09,3.0,True
505,261,2026-03-01,Onboarding,Low,2026-03-10,3.0,True
506,262,2025-07-01,Bug,Medium,2025-07-02,4.0,True
507,263,2025-03-01,Bug,Critical,2025-03-07,2.0,True
508,263,2025-04-01,Feature Request,Low,2025-04-09,2.0,True
509,265,2026-03-01,Billing,Low,2026-03-03,5.0,True
510,265,2026-06-01,Bug,Medium,2026-06-02,3.0,True
511,266,2024-11-01,Bug,High,,,False
512,267,2025-03-01,General,High,,,False
513,267,2025-04-01,Onboarding,Low,2025-04-03,4.0,True
514,267,2025-06-01,General,Medium,2025-06-03,3.0,True
515,267,2026-01-01,Feature Request,Medium,2026-01-04,2.0,True
516,269,2025-05-01,Onboarding,Low,2025-05-04,4.0,True
517,269,2025-10-01,Billing,High,2025-10-03,2.0,True
518,271,2026-06-01,Feature Request,Medium,,,False
519,272,2025-12-01,Onboarding,Low,2025-12-07,3.0,True
520,272,2026-04-01,Onboarding,Medium,,,False
521,272,2026-05-01,Billing,Medium,2026-05-05,5.0,True
522,273,2026-05-01,Onboarding,Medium,2026-05-07,3.0,True
523,273,2026-07-01,Feature Request,Low,2026-07-11,5.0,True
524,274,2025-04-01,General,Low,2025-04-04,5.0,True
525,274,2025-06-01,Bug,Low,2025-06-10,3.0,True
526,274,2025-12-01,Feature Request,Medium,2025-12-06,5.0,True
527,277,2025-11-01,Feature Request,Critical,2025-11-05,5.0,True
528,277,2026-01-01,General,Medium,2026-01-10,3.0,True
529,279,2025-09-01,Onboarding,Medium,2025-09-11,4.0,True
530,279,2025-12-01,Billing,Critical,,,False
531,279,2026-04-01,Feature Request,Low,2026-04-07,3.0,True
532,280,2025-02-01,Onboarding,Critical,,,False
533,281,2026-10-01,Feature Request,Low,2026-10-03,5.0,True
534,281,2026-12-01,General,Critical,2026-12-04,5.0,True
535,281,2027-02-01,General,Low,2027-02-04,4.0,True
536,282,2025-02-01,Feature Request,Low,,,False
537,282,2025-06-01,Feature Request,Low,,,False
538,282,2025-11-01,Billing,High,2025-11-07,4.0,True
539,282,2025-12-01,Billing,Critical,,,False
540,283,2026-05-01,General,Medium,2026-05-08,3.0,True
541,283,2026-06-01,Bug,Low,2026-06-11,3.0,True
542,284,2026-03-01,Bug,Low,2026-03-05,4.0,True
543,284,2026-06-01,Feature Request,Medium,,,False
544,285,2026-06-01,Onboarding,Medium,2026-06-03,4.0,True
545,287,2026-05-01,Onboarding,High,2026-05-04,5.0,True
546,287,2026-07-01,Feature Request,Low,2026-07-02,3.0,True
547,288,2025-11-01,Bug,Medium,,,False
548,290,2026-06-01,General,Low,2026-06-04,5.0,True
549,291,2024-12-01,Billing,Low,,,False
550,291,2025-03-01,Billing,Medium,2025-03-09,4.0,True
551,291,2025-06-01,General,Low,2025-06-10,4.0,True
552,291,2025-09-01,General,Medium,2025-09-06,4.0,True
553,291,2025-10-01,Bug,Low,2025-10-04,4.0,True
554,291,2026-02-01,General,Medium,2026-02-02,4.0,True
555,292,2026-02-01,Billing,Medium,2026-02-03,5.0,True
556,292,2026-07-01,Feature Request,Low,2026-07-07,5.0,True
557,293,2025-11-01,Billing,Medium,2025-11-11,3.0,True
558,294,2026-04-01,Billing,Low,2026-04-09,4.0,True
559,295,2025-09-01,Feature Request,Medium,2025-09-04,3.0,True
560,295,2025-12-01,Feature Request,Medium,2025-12-07,5.0,True
561,295,2026-03-01,Bug,Low,,,False
562,295,2026-04-01,Bug,Medium,2026-04-03,2.0,True
563,295,2026-05-01,Bug,Medium,2026-05-03,2.0,True
564,296,2025-02-01,Billing,Low,,,False
565,296,2025-03-01,General,Low,,,False
566,296,2025-09-01,Onboarding,High,2025-09-06,4.0,True
567,296,2026-04-01,Bug,High,2026-04-04,5.0,True
568,296,2026-05-01,General,Medium,2026-05-02,4.0,True
569,297,2025-11-01,Onboarding,Medium,2025-11-02,5.0,True
570,297,2026-02-01,Billing,Medium,2026-02-07,5.0,True
571,297,2026-03-01,Feature Request,Medium,2026-03-03,3.0,True
572,297,2026-04-01,Feature Request,Medium,2026-04-07,3.0,True
573,297,2026-06-01,Billing,Medium,2026-06-11,3.0,True
574,298,2026-06-01,Bug,High,2026-06-06,4.0,True
575,298,2026-07-01,Bug,Low,2026-07-08,4.0,True
576,299,2025-07-01,General,High,2025-07-10,2.0,True
577,299,2025-08-01,General,High,2025-08-08,1.0,True
578,300,2025-07-01,Onboarding,Low,2025-07-07,4.0,True
579,300,2025-12-01,Feature Request,Low,2025-12-05,4.0,True
580,301,2026-03-01,General,High,,,False
581,301,2026-05-01,Onboarding,Critical,2026-05-02,3.0,True
582,303,2026-05-01,Onboarding,Low,2026-05-11,5.0,True
583,303,2026-12-01,Feature Request,Critical,2026-12-04,3.0,True
584,304,2026-05-01,Billing,Medium,2026-05-06,4.0,True
585,305,2025-07-01,Bug,Medium,2025-07-02,5.0,True
586,305,2025-08-01,Bug,High,2025-08-11,3.0,True
587,306,2024-12-01,Billing,Medium,2024-12-09,5.0,True
588,306,2026-04-01,Bug,Low,,,False
589,306,2026-05-01,Onboarding,Low,2026-05-06,4.0,True
590,309,2025-10-01,Onboarding,High,2025-10-09,1.0,True
591,310,2026-01-01,General,Medium,2026-01-06,3.0,True
592,310,2026-04-01,Feature Request,Medium,2026-04-06,3.0,True
593,310,2026-06-01,Feature Request,Low,2026-06-03,3.0,True
594,311,2025-05-01,General,Low,2025-05-06,4.0,True
595,311,2025-08-01,General,Low,2025-08-11,4.0,True
596,311,2025-11-01,General,Low,2025-11-09,4.0,True
597,311,2025-12-01,General,Medium,2025-12-11,4.0,True
598,312,2025-04-01,Bug,High,2025-04-04,5.0,True
599,313,2026-03-01,General,High,2026-03-04,2.0,True
600,314,2025-03-01,Billing,Medium,2025-03-07,3.0,True
601,314,2025-11-01,Bug,Medium,2025-11-08,4.0,True
602,316,2025-09-01,Feature Request,Medium,2025-09-08,3.0,True
603,317,2025-10-01,Feature Request,Low,2025-10-06,3.0,True
604,318,2025-11-01,Bug,Medium,2025-11-07,3.0,True
605,318,2025-12-01,General,Medium,,,False
606,318,2026-03-01,Feature Request,High,,,False
607,319,2025-07-01,Onboarding,Low,2025-07-06,3.0,True
608,319,2026-03-01,Billing,Low,2026-03-07,3.0,True
609,320,2025-03-01,General,Low,2025-03-09,5.0,True
610,320,2026-03-01,Feature Request,High,,,False
611,321,2026-02-01,Billing,Medium,2026-02-07,4.0,True
612,321,2026-05-01,Billing,Medium,2026-05-11,5.0,True
613,322,2025-10-01,Feature Request,High,2025-10-07,2.0,True
614,323,2025-08-01,General,Medium,2025-08-02,4.0,True
615,323,2025-09-01,Billing,Medium,2025-09-06,5.0,True
616,323,2025-10-01,Onboarding,Low,2025-10-04,4.0,True
617,323,2026-01-01,Feature Request,Low,2026-01-09,5.0,True
618,323,2026-02-01,Bug,Medium,2026-02-11,3.0,True
619,323,2026-05-01,Billing,Low,2026-05-08,3.0,True
620,325,2025-08-01,Feature Request,Low,,,False
621,325,2025-10-01,Feature Request,Low,2025-10-03,3.0,True
622,325,2025-11-01,Onboarding,Low,2025-11-11,3.0,True
623,325,2026-03-01,Bug,Medium,2026-03-10,5.0,True
624,325,2026-05-01,General,High,2026-05-06,5.0,True
625,325,2026-06-01,Bug,Medium,2026-06-04,3.0,True
626,326,2025-09-01,Bug,Low,2025-09-07,4.0,True
627,326,2025-12-01,Bug,Medium,2025-12-11,4.0,True
628,326,2026-05-01,Bug,Low,,,False
629,327,2026-09-01,Onboarding,Low,2026-09-08,4.0,True
630,327,2026-10-01,Feature Request,Medium,2026-10-10,1.0,True
631,327,2026-11-01,Bug,Critical,2026-11-06,2.0,True
632,329,2024-10-01,Billing,Low,2024-10-08,4.0,True
633,330,2025-07-01,General,Medium,2025-07-10,3.0,True
634,330,2026-01-01,Billing,Low,2026-01-10,1.0,True
635,331,2026-04-01,General,Low,2026-04-11,3.0,True
636,332,2025-02-01,Billing,Low,2025-02-10,3.0,True
637,332,2025-03-01,Billing,Low,2025-03-04,4.0,True
638,332,2025-07-01,Onboarding,Low,2025-07-03,5.0,True
639,332,2025-09-01,Bug,High,2025-09-02,2.0,True
640,332,2025-10-01,Billing,Critical,2025-10-03,1.0,True
641,333,2025-09-01,Bug,Medium,2025-09-06,3.0,True
642,333,2025-11-01,General,Low,2025-11-08,5.0,True
643,333,2025-12-01,General,Medium,2025-12-04,4.0,True
644,333,2026-01-01,Billing,Medium,2026-01-04,3.0,True
645,333,2026-06-01,Onboarding,Low,2026-06-08,3.0,True
646,334,2026-04-01,Feature Request,Low,2026-04-05,4.0,True
647,335,2025-09-01,Billing,High,,,False
648,335,2025-11-01,Feature Request,High,2025-11-05,3.0,True
649,335,2026-05-01,Feature Request,Low,2026-05-11,4.0,True
650,336,2025-08-01,Bug,High,2025-08-04,2.0,True
651,337,2025-04-01,General,Critical,2025-04-03,5.0,True
652,337,2025-06-01,General,Medium,2025-06-02,3.0,True
653,337,2026-01-01,Feature Request,High,2026-01-05,4.0,True
654,337,2026-03-01,Bug,Medium,2026-03-04,3.0,True
655,337,2026-05-01,Onboarding,Medium,2026-05-11,3.0,True
656,338,2025-04-01,Billing,Critical,2025-04-09,4.0,True
657,338,2025-07-01,Feature Request,Low,2025-07-11,3.0,True
658,338,2025-09-01,Bug,High,2025-09-08,4.0,True
659,338,2026-05-01,Onboarding,Medium,2026-05-07,4.0,True
660,339,2024-12-01,General,Medium,2024-12-11,5.0,True
661,339,2025-10-01,Feature Request,Medium,2025-10-08,3.0,True
662,339,2026-07-01,Billing,Medium,2026-07-05,3.0,True
663,340,2025-07-01,Billing,Medium,2025-07-02,3.0,True
664,340,2026-04-01,Bug,Low,2026-04-11,5.0,True
665,341,2025-02-01,General,Low,2025-02-11,4.0,True
666,342,2027-02-01,Onboarding,Low,2027-02-08,5.0,True
667,342,2027-07-01,Onboarding,Medium,2027-07-04,3.0,True
668,343,2025-09-01,Feature Request,High,2025-09-04,3.0,True
669,343,2025-10-01,General,Medium,,,False
670,343,2026-05-01,Billing,Low,2026-05-06,3.0,True
671,343,2026-07-01,Onboarding,High,,,False
672,344,2025-08-01,Feature Request,Low,2025-08-02,3.0,True
673,345,2025-12-01,Onboarding,Medium,2025-12-03,5.0,True
674,345,2026-01-01,Onboarding,Medium,2026-01-02,3.0,True
675,345,2026-04-01,Onboarding,Low,2026-04-09,5.0,True
676,346,2026-04-01,Feature Request,Medium,2026-04-03,1.0,True
677,347,2026-03-01,Onboarding,High,,,False
678,347,2026-06-01,Billing,Medium,2026-06-04,4.0,True
679,350,2026-05-01,General,Medium,2026-05-09,1.0,True
680,351,2026-03-01,Onboarding,Low,2026-03-06,4.0,True
681,351,2026-07-01,Onboarding,Medium,2026-07-05,5.0,True
682,352,2026-04-01,Bug,Low,2026-04-08,1.0,True
683,353,2025-09-01,General,Low,2025-09-10,5.0,True
684,353,2026-01-01,Feature Request,Medium,2026-01-06,5.0,True
685,353,2026-05-01,General,Low,2026-05-11,3.0,True
686,354,2025-09-01,Billing,Medium,2025-09-03,4.0,True
687,354,2026-04-01,General,Critical,,,False
688,354,2026-05-01,Billing,High,2026-05-09,4.0,True
689,354,2026-06-01,Bug,Low,2026-06-11,3.0,True
690,355,2025-11-01,Feature Request,High,2025-11-05,5.0,True
691,355,2026-01-01,Bug,Medium,,,False
692,356,2025-07-01,Bug,Medium,2025-07-04,2.0,True
693,356,2025-08-01,Onboarding,Critical,,,False
694,357,2026-03-01,Feature Request,High,2026-03-10,3.0,True
695,357,2026-04-01,Feature Request,Low,2026-04-11,5.0,True
696,357,2026-06-01,General,Low,2026-06-05,5.0,True
697,359,2025-05-01,Bug,High,2025-05-02,4.0,True
698,359,2025-09-01,Onboarding,Medium,2025-09-08,2.0,True
699,360,2025-05-01,Bug,Low,2025-05-06,5.0,True
700,360,2026-01-01,General,Medium,2026-01-08,3.0,True
701,360,2026-05-01,Billing,Medium,2026-05-09,3.0,True
702,360,2026-07-01,Billing,Low,2026-07-09,5.0,True
703,361,2026-03-01,Bug,Critical,2026-03-11,5.0,True
704,361,2026-05-01,Feature Request,Low,2026-05-08,5.0,True
705,362,2025-08-01,Bug,Medium,2025-08-08,5.0,True
706,362,2025-10-01,General,Medium,2025-10-07,3.0,True
707,362,2026-02-01,Billing,Medium,2026-02-11,1.0,True
708,363,2025-10-01,Billing,High,2025-10-09,2.0,True
709,363,2025-11-01,Feature Request,Medium,2025-11-06,1.0,True
710,364,2025-08-01,Billing,Low,2025-08-08,3.0,True
711,364,2025-10-01,Billing,Low,2025-10-02,4.0,True
712,364,2026-03-01,Billing,Medium,2026-03-04,5.0,True
713,364,2026-05-01,Bug,Critical,2026-05-05,3.0,True
714,365,2025-08-01,Onboarding,Low,2025-08-02,3.0,True
715,365,2025-11-01,Onboarding,Low,2025-11-03,3.0,True
716,365,2026-07-01,Onboarding,Low,2026-07-02,3.0,True
717,366,2025-03-01,Onboarding,High,2025-03-06,4.0,True
718,366,2025-07-01,Bug,Low,2025-07-08,4.0,True
719,366,2026-02-01,Bug,Low,2026-02-11,5.0,True
720,366,2026-04-01,Feature Request,Medium,2026-04-04,5.0,True
721,366,2026-05-01,Bug,Low,2026-05-02,4.0,True
722,367,2025-10-01,Onboarding,Low,,,False
723,367,2026-02-01,Onboarding,Medium,2026-02-04,3.0,True
724,367,2026-04-01,Bug,Medium,2026-04-05,2.0,True
725,368,2025-01-01,Feature Request,High,2025-01-11,2.0,True
726,368,2025-02-01,Feature Request,High,2025-02-04,2.0,True
727,369,2026-06-01,Billing,Medium,2026-06-08,5.0,True
728,370,2025-07-01,General,Low,2025-07-10,4.0,True
729,370,2025-11-01,Bug,Medium,2025-11-07,5.0,True
730,372,2025-12-01,Feature Request,Low,2025-12-03,5.0,True
731,372,2026-03-01,Billing,Medium,2026-03-11,5.0,True
732,373,2025-10-01,General,Low,2025-10-08,3.0,True
733,373,2026-03-01,Bug,Critical,2026-03-11,2.0,True
734,373,2026-04-01,Onboarding,Low,2026-04-10,1.0,True
735,374,2025-03-01,Onboarding,Medium,2025-03-09,4.0,True
736,374,2025-11-01,Bug,Low,2025-11-09,3.0,True
737,374,2026-02-01,Billing,Low,2026-02-10,3.0,True
738,375,2025-07-01,Billing,Medium,2025-07-07,5.0,True
739,375,2026-07-01,General,High,2026-07-10,4.0,True
740,376,2025-11-01,Onboarding,Low,2025-11-10,4.0,True
741,377,2026-01-01,Feature Request,Medium,2026-01-10,5.0,True
742,377,2026-05-01,Bug,Low,2026-05-04,5.0,True
743,378,2026-05-01,Onboarding,Medium,2026-05-11,3.0,True
744,379,2025-05-01,Onboarding,Low,2025-05-08,5.0,True
745,379,2025-10-01,Onboarding,Medium,2025-10-11,3.0,True
746,379,2025-11-01,Feature Request,Low,2025-11-06,4.0,True
747,379,2026-01-01,General,Low,2026-01-04,4.0,True
748,380,2026-01-01,General,Low,2026-01-07,5.0,True
749,380,2026-02-01,Feature Request,High,2026-02-07,4.0,True
750,380,2026-03-01,Bug,Medium,2026-03-06,5.0,True
751,381,2027-02-01,Billing,Critical,2027-02-04,3.0,True
752,381,2027-08-01,Bug,Low,2027-08-05,5.0,True
753,381,2027-09-01,Bug,Low,,,False
754,382,2026-07-01,Bug,High,2026-07-06,4.0,True
755,383,2025-09-01,Feature Request,Critical,2025-09-08,2.0,True
756,384,2025-05-01,Bug,Critical,2025-05-11,2.0,True
757,384,2025-06-01,Bug,Medium,2025-06-07,2.0,True
758,385,2025-04-01,Onboarding,Medium,2025-04-07,5.0,True
759,385,2025-07-01,Onboarding,Medium,2025-07-04,5.0,True
760,386,2025-06-01,Onboarding,Medium,2025-06-10,5.0,True
761,386,2025-07-01,General,Low,2025-07-05,3.0,True
762,386,2025-12-01,Bug,Low,,,False
763,386,2026-03-01,General,High,2026-03-05,5.0,True
764,386,2026-05-01,Onboarding,Medium,2026-05-05,3.0,True
765,388,2025-03-01,General,Low,,,False
766,388,2025-06-01,Billing,Medium,,,False
767,388,2025-10-01,General,Medium,2025-10-03,4.0,True
768,388,2025-11-01,Feature Request,Low,,,False
769,388,2026-03-01,Feature Request,Low,,,False
770,388,2026-07-01,Onboarding,Low,2026-07-08,5.0,True
771,389,2025-07-01,Bug,High,2025-07-02,1.0,True
772,390,2026-01-01,Bug,High,2026-01-08,5.0,True
773,391,2025-10-01,General,Medium,2025-10-07,3.0,True
774,391,2025-11-01,Onboarding,Medium,2025-11-05,1.0,True
775,391,2025-12-01,Feature Request,High,2025-12-04,1.0,True
776,392,2025-05-01,General,Low,,,False
777,392,2025-08-01,Billing,Medium,2025-08-03,4.0,True
778,392,2025-11-01,Feature Request,Low,2025-11-05,3.0,True
779,392,2026-03-01,General,Low,2026-03-11,5.0,True
780,392,2026-04-01,Onboarding,Medium,2026-04-06,1.0,True
781,392,2026-05-01,Feature Request,Critical,2026-05-09,2.0,True
782,393,2025-09-01,General,High,2025-09-08,3.0,True
783,393,2025-10-01,Billing,Low,,,False
784,393,2026-05-01,Bug,Low,2026-05-09,5.0,True
785,393,2026-12-01,Billing,Medium,2026-12-10,5.0,True
786,394,2025-11-01,Onboarding,High,2025-11-11,5.0,True
787,394,2026-01-01,Feature Request,Low,2026-01-09,5.0,True
788,395,2025-12-01,Bug,Medium,,,False
789,396,2025-12-01,Feature Request,Medium,2025-12-09,5.0,True
790,396,2026-05-01,Feature Request,Critical,2026-05-05,4.0,True
791,398,2025-12-01,General,High,2025-12-10,5.0,True
792,399,2025-08-01,Feature Request,Critical,2025-08-11,2.0,True
793,400,2025-05-01,Feature Request,Medium,2025-05-02,3.0,True
794,400,2025-10-01,Bug,High,2025-10-11,1.0,True
795,401,2026-02-01,Bug,Low,2026-02-04,4.0,True
796,401,2026-07-01,Bug,Medium,,,False
797,401,2026-10-01,Billing,Low,2026-10-10,5.0,True
798,402,2026-12-01,Bug,Medium,2026-12-09,3.0,True
799,402,2027-06-01,General,Medium,2027-06-07,4.0,True
800,403,2025-01-01,Feature Request,Low,2025-01-05,4.0,True
801,403,2025-02-01,Bug,High,2025-02-09,3.0,True
802,403,2025-08-01,Billing,Low,2025-08-04,5.0,True
803,403,2026-01-01,General,Low,2026-01-09,5.0,True
804,403,2026-04-01,Onboarding,Medium,2026-04-04,5.0,True
805,404,2025-10-01,Billing,Low,2025-10-03,3.0,True
806,404,2025-11-01,Bug,Low,2025-11-08,4.0,True
807,404,2025-12-01,Bug,Low,2025-12-08,3.0,True
808,405,2026-05-01,Billing,High,,,False
809,406,2025-05-01,Feature Request,Medium,,,False
810,406,2025-06-01,Onboarding,Low,2025-06-03,1.0,True
811,408,2026-02-01,General,Medium,2026-02-05,1.0,True
812,409,2025-10-01,Onboarding,High,2025-10-09,5.0,True
813,409,2026-04-01,General,Medium,2026-04-07,5.0,True
814,410,2025-12-01,Billing,High,2025-12-08,4.0,True
815,410,2026-03-01,Bug,Medium,2026-03-05,4.0,True
816,410,2026-06-01,Onboarding,Critical,2026-06-04,3.0,True
817,412,2026-02-01,Onboarding,Medium,2026-02-05,3.0,True
818,412,2026-07-01,Onboarding,Medium,2026-07-09,4.0,True
819,413,2025-06-01,General,Low,2025-06-07,5.0,True
820,413,2025-07-01,Bug,Low,,,False
821,414,2025-10-01,Feature Request,Low,,,False
822,414,2026-04-01,Billing,Critical,2026-04-04,3.0,True
823,414,2026-06-01,Billing,Medium,2026-06-10,4.0,True
824,415,2025-09-01,Bug,Medium,2025-09-08,3.0,True
825,415,2025-10-01,Bug,Low,,,False
826,416,2026-05-01,Bug,High,2026-05-06,4.0,True
827,417,2025-11-01,Onboarding,Medium,2025-11-11,2.0,True
828,418,2025-10-01,Onboarding,Medium,2025-10-10,4.0,True
829,418,2026-06-01,General,Medium,2026-06-08,5.0,True
830,419,2025-09-01,Onboarding,High,2025-09-05,5.0,True
831,419,2025-11-01,Billing,Medium,2025-11-09,4.0,True
832,420,2025-10-01,Feature Request,High,2025-10-10,1.0,True
833,421,2025-08-01,General,Low,2025-08-05,5.0,True
834,421,2025-09-01,Bug,Medium,2025-09-09,5.0,True
835,421,2026-03-01,Bug,Low,2026-03-04,3.0,True
836,421,2026-07-01,Onboarding,Medium,2026-07-02,5.0,True
837,422,2025-09-01,Onboarding,Medium,2025-09-03,3.0,True
838,422,2025-11-01,Onboarding,Low,2025-11-11,3.0,True
839,423,2025-09-01,Onboarding,Medium,2025-09-03,3.0,True
840,423,2026-03-01,Bug,Medium,2026-03-10,3.0,True
841,426,2026-03-01,Feature Request,Medium,2026-03-03,4.0,True
842,427,2025-05-01,Bug,Medium,2025-05-06,5.0,True
843,427,2025-09-01,Bug,Medium,2025-09-06,5.0,True
844,427,2025-10-01,Bug,High,2025-10-02,3.0,True
845,427,2026-05-01,Feature Request,Low,2026-05-06,5.0,True
846,428,2025-12-01,Billing,Medium,2025-12-07,1.0,True
847,429,2025-06-01,Feature Request,Medium,2025-06-06,4.0,True
848,429,2025-07-01,General,High,2025-07-04,4.0,True
849,429,2025-10-01,Billing,Medium,2025-10-09,4.0,True
850,430,2026-03-01,General,Medium,2026-03-07,4.0,True
851,431,2026-05-01,Onboarding,High,2026-05-08,5.0,True
852,432,2025-12-01,Onboarding,Medium,2025-12-08,4.0,True
853,432,2026-01-01,Billing,Low,2026-01-09,3.0,True
854,435,2025-07-01,Billing,Medium,,,False
855,435,2025-09-01,Billing,Low,2025-09-06,5.0,True
856,437,2025-03-01,Feature Request,Low,,,False
857,437,2025-04-01,Feature Request,Critical,2025-04-03,5.0,True
858,437,2025-09-01,Feature Request,Medium,2025-09-07,3.0,True
859,437,2025-11-01,Bug,Low,,,False
860,437,2025-12-01,Feature Request,High,,,False
861,437,2026-05-01,Onboarding,Low,,,False
862,439,2025-05-01,Bug,Medium,2025-05-02,5.0,True
863,439,2025-06-01,Onboarding,Medium,2025-06-06,4.0,True
864,439,2026-01-01,Billing,Medium,2026-01-06,4.0,True
865,440,2025-11-01,Bug,Medium,,,False
866,440,2025-12-01,Feature Request,Critical,2025-12-06,1.0,True
867,441,2026-05-01,Feature Request,Low,2026-05-10,5.0,True
868,442,2025-10-01,Feature Request,Low,2025-10-07,3.0,True
869,443,2025-06-01,General,Low,,,False
870,443,2025-12-01,Feature Request,Medium,2025-12-05,3.0,True
871,443,2026-07-01,Feature Request,Medium,2026-07-06,3.0,True
872,445,2026-05-01,General,Medium,2026-05-11,4.0,True
873,446,2026-02-01,Feature Request,Medium,,,False
874,447,2024-10-01,General,Low,2024-10-09,4.0,True
875,447,2024-12-01,Onboarding,High,2024-12-11,3.0,True
876,447,2026-03-01,Bug,High,2026-03-11,5.0,True
877,447,2026-05-01,Feature Request,Low,,,False
878,447,2026-07-01,Billing,Low,2026-07-09,5.0,True
879,448,2025-03-01,General,Critical,2025-03-08,2.0,True
880,448,2025-04-01,Feature Request,High,2025-04-05,2.0,True
881,449,2026-08-01,Bug,Medium,2026-08-05,3.0,True
882,449,2026-10-01,Bug,Low,2026-10-07,5.0,True
883,449,2027-01-01,Onboarding,Medium,,,False
884,449,2027-05-01,General,Low,2027-05-06,4.0,True
891,451,2026-04-01,Bug,Low,2026-04-07,3.0,True
892,452,2026-06-01,Onboarding,Low,2026-06-09,4.0,True
893,453,2026-01-01,General,Medium,2026-01-09,5.0,True
894,453,2026-02-01,Onboarding,Medium,2026-02-09,4.0,True
895,453,2026-06-01,General,Medium,2026-06-11,5.0,True
896,454,2025-10-01,General,Low,2025-10-08,4.0,True
897,454,2025-12-01,Bug,Low,2025-12-10,5.0,True
898,454,2026-04-01,Feature Request,Low,2026-04-06,2.0,True
899,454,2026-05-01,Feature Request,Medium,2026-05-06,1.0,True
900,455,2025-12-01,Feature Request,Low,2025-12-11,3.0,True
901,455,2026-04-01,General,Low,2026-04-08,3.0,True
902,455,2026-06-01,Bug,Medium,,,False
903,455,2026-08-01,Onboarding,Low,2026-08-02,2.0,True
904,457,2025-06-01,General,High,2025-06-07,4.0,True
905,457,2025-08-01,Billing,Medium,2025-08-03,4.0,True
906,457,2026-04-01,Billing,Low,2026-04-11,4.0,True
907,457,2026-05-01,General,Low,,,False
908,457,2026-06-01,Feature Request,Medium,2026-06-04,5.0,True
909,459,2025-10-01,General,Low,2025-10-03,3.0,True
910,459,2026-02-01,Onboarding,Medium,2026-02-09,1.0,True
911,459,2026-03-01,Onboarding,Medium,2026-03-09,1.0,True
912,460,2025-08-01,Onboarding,High,,,False
913,460,2025-12-01,Billing,High,2025-12-03,3.0,True
914,460,2026-02-01,Billing,High,2026-02-09,3.0,True
915,460,2026-06-01,Feature Request,Low,2026-06-08,3.0,True
916,462,2025-06-01,General,Medium,2025-06-04,5.0,True
917,463,2025-07-01,General,Medium,2025-07-03,2.0,True
918,464,2025-08-01,General,Medium,2025-08-03,4.0,True
919,465,2025-11-01,Billing,Low,2025-11-06,3.0,True
920,466,2026-02-01,Feature Request,Medium,2026-02-11,4.0,True
921,466,2026-03-01,Billing,High,2026-03-06,1.0,True
922,466,2026-04-01,Billing,High,2026-04-08,1.0,True
923,467,2025-06-01,Billing,High,2025-06-11,4.0,True
924,467,2026-04-01,Bug,High,2026-04-06,4.0,True
925,468,2025-01-01,Billing,Critical,2025-01-09,1.0,True
926,469,2026-06-01,Billing,Medium,2026-06-11,3.0,True
927,469,2026-11-01,Billing,Critical,2026-11-10,4.0,True
928,470,2025-05-01,Onboarding,High,2025-05-06,4.0,True
929,470,2026-06-01,Onboarding,Low,2026-06-06,4.0,True
930,470,2026-07-01,Billing,Medium,2026-07-05,5.0,True
931,472,2025-08-01,Bug,Medium,2025-08-09,2.0,True
932,472,2025-09-01,General,Medium,2025-09-05,2.0,True
933,473,2026-03-01,Billing,Medium,2026-03-09,4.0,True
934,473,2026-05-01,Bug,Critical,2026-05-07,2.0,True
935,474,2024-12-01,Feature Request,Medium,2024-12-05,2.0,True
936,475,2025-07-01,Billing,Low,2025-07-08,3.0,True
937,475,2025-08-01,General,Low,,,False
938,475,2026-06-01,Feature Request,Medium,2026-06-07,5.0,True
939,476,2026-07-01,Bug,Low,2026-07-03,5.0,True
940,478,2026-03-01,Bug,Low,2026-03-08,5.0,True
941,478,2026-06-01,Bug,Low,2026-06-09,3.0,True
942,479,2025-12-01,Onboarding,Low,2025-12-05,3.0,True
943,479,2026-02-01,Onboarding,Medium,2026-02-08,4.0,True
944,479,2026-07-01,Bug,Medium,2026-07-11,3.0,True
945,480,2024-12-01,General,Medium,2024-12-10,5.0,True
946,480,2025-02-01,Onboarding,Low,2025-02-07,5.0,True
947,480,2025-08-01,Billing,Medium,2025-08-10,5.0,True
948,480,2026-01-01,Onboarding,High,2026-01-11,1.0,True
949,481,2025-11-01,General,Low,2025-11-04,4.0,True
950,481,2026-03-01,Onboarding,Medium,2026-03-05,3.0,True
951,481,2026-04-01,Onboarding,Medium,2026-04-11,1.0,True
952,481,2026-05-01,Feature Request,High,2026-05-02,1.0,True
953,482,2025-08-01,Bug,High,2025-08-11,5.0,True
954,482,2025-11-01,Bug,Low,2025-11-07,4.0,True
955,483,2025-04-01,Onboarding,Medium,2025-04-11,3.0,True
956,483,2025-09-01,Onboarding,Critical,2025-09-06,1.0,True
957,484,2025-12-01,General,Medium,2025-12-02,4.0,True
958,486,2025-05-01,Billing,High,,,False
959,487,2025-04-01,Feature Request,Medium,2025-04-09,3.0,True
960,487,2025-09-01,Feature Request,Low,2025-09-07,5.0,True
961,488,2025-07-01,Feature Request,High,2025-07-06,1.0,True
962,489,2025-05-01,Feature Request,Medium,2025-05-07,3.0,True
963,489,2026-02-01,Billing,Low,2026-02-04,3.0,True
964,489,2026-03-01,Bug,Low,2026-03-06,5.0,True
965,489,2026-05-01,Onboarding,Medium,2026-05-04,4.0,True
966,490,2025-05-01,General,Medium,,,False
967,490,2025-10-01,Bug,High,2025-10-11,4.0,True
968,490,2026-02-01,Onboarding,High,2026-02-10,3.0,True
969,490,2026-03-01,General,Low,2026-03-04,3.0,True
970,490,2026-06-01,Onboarding,Low,2026-06-06,4.0,True
971,490,2026-07-01,Feature Request,Low,,,False
972,491,2025-09-01,General,Medium,2025-09-02,4.0,True
973,491,2025-10-01,Billing,High,2025-10-09,5.0,True
974,491,2026-02-01,Feature Request,Medium,,,False
975,491,2026-05-01,Bug,Low,2026-05-11,4.0,True
976,491,2026-06-01,Bug,Low,,,False
977,492,2026-01-01,Feature Request,Low,2026-01-09,4.0,True
978,492,2026-06-01,Feature Request,Low,2026-06-11,5.0,True
979,493,2025-11-01,Feature Request,Low,,,False
980,494,2026-01-01,Bug,Low,2026-01-11,5.0,True
981,494,2026-06-01,General,Medium,2026-06-08,4.0,True
982,495,2026-01-01,Billing,Low,2026-01-07,5.0,True
983,496,2025-09-01,General,Low,2025-09-09,3.0,True
984,496,2025-10-01,Bug,Medium,2025-10-05,4.0,True
985,496,2026-02-01,Onboarding,Low,2026-02-06,2.0,True
986,496,2026-03-01,Onboarding,High,2026-03-10,1.0,True
987,497,2027-05-01,Onboarding,Medium,,,False
988,498,2026-04-01,General,Medium,2026-04-11,5.0,True
989,498,2026-06-01,Billing,Medium,2026-06-05,5.0,True
990,500,2025-05-01,General,Low,2025-05-07,2.0,True
991,501,2026-02-01,Feature Request,Low,2026-02-04,4.0,True
992,501,2026-04-01,General,High,2026-04-10,2.0,True
993,502,2025-06-01,Feature Request,Low,2025-06-11,3.0,True
994,502,2025-12-01,Bug,Critical,2025-12-04,2.0,True
995,502,2026-01-01,Billing,High,2026-01-10,1.0,True
996,503,2025-04-01,Billing,Low,2025-04-03,4.0,True
997,503,2025-07-01,Bug,Low,2025-07-06,5.0,True
998,503,2025-11-01,Feature Request,Low,2025-11-10,4.0,True
999,503,2026-02-01,Onboarding,Low,2026-02-07,4.0,True
1000,503,2026-04-01,Onboarding,Low,2026-04-04,4.0,True
1001,504,2025-12-01,General,Low,2025-12-08,3.0,True
1002,505,2025-04-01,Billing,Medium,2025-04-09,4.0,True
1003,505,2025-09-01,General,Medium,2025-09-06,3.0,True
1004,505,2025-10-01,Feature Request,Medium,,,False
1005,505,2025-12-01,General,Medium,2025-12-03,5.0,True
1006,505,2026-05-01,Billing,Low,2026-05-03,3.0,True
1007,506,2024-10-01,Feature Request,Low,2024-10-02,3.0,True
1008,506,2025-07-01,Onboarding,Low,2025-07-11,5.0,True
1009,506,2026-03-01,Onboarding,Medium,2026-03-08,2.0,True
1010,507,2025-04-01,Feature Request,High,2025-04-08,3.0,True
1011,507,2025-08-01,General,Low,,,False
1012,507,2025-12-01,Onboarding,Low,2025-12-02,3.0,True
1013,507,2026-04-01,Billing,Low,2026-04-09,4.0,True
1014,507,2026-06-01,Billing,Low,2026-06-03,4.0,True
1015,508,2025-03-01,Onboarding,Low,2025-03-09,4.0,True
1016,508,2025-08-01,Billing,Low,2025-08-09,5.0,True
1017,508,2026-02-01,Feature Request,Medium,2026-02-06,3.0,True
1018,508,2026-03-01,Bug,Medium,2026-03-10,4.0,True
1019,508,2026-04-01,Feature Request,Medium,2026-04-09,4.0,True
1020,508,2026-06-01,Billing,Medium,2026-06-05,2.0,True
1021,508,2026-07-01,Bug,Medium,2026-07-02,1.0,True
1022,509,2026-07-01,Onboarding,Medium,2026-07-02,4.0,True
1023,509,2026-08-01,Feature Request,Medium,2026-08-04,3.0,True
1024,510,2025-03-01,General,Medium,2025-03-05,4.0,True
1025,510,2025-07-01,Bug,Low,2025-07-09,2.0,True
1026,510,2025-08-01,General,Low,2025-08-08,2.0,True
1027,511,2027-01-01,Onboarding,Low,,,False
1028,511,2027-03-01,Billing,High,2027-03-02,2.0,True
1029,512,2025-07-01,Billing,Low,2025-07-08,4.0,True
1030,512,2026-02-01,Onboarding,Medium,2026-02-05,4.0,True
1031,513,2025-08-01,General,Low,2025-08-08,4.0,True
1032,513,2025-12-01,Feature Request,High,2025-12-05,3.0,True
1033,513,2026-04-01,Billing,Low,,,False
1034,514,2025-05-01,Onboarding,Low,2025-05-08,2.0,True
1035,515,2025-03-01,General,Medium,,,False
1036,515,2026-03-01,Bug,Low,2026-03-10,5.0,True
1037,516,2026-02-01,Bug,Medium,2026-02-04,2.0,True
1038,517,2026-04-01,General,Low,2026-04-02,5.0,True
1039,517,2026-06-01,Bug,Medium,2026-06-08,4.0,True
1040,518,2025-10-01,Bug,Low,2025-10-03,5.0,True
1041,518,2026-01-01,General,Low,2026-01-11,1.0,True
1042,519,2025-11-01,Bug,Low,2025-11-06,4.0,True
1043,519,2026-04-01,General,Low,2026-04-07,3.0,True
1044,520,2026-01-01,Bug,Critical,2026-01-11,1.0,True
1045,521,2027-02-01,Bug,Low,2027-02-09,5.0,True
1046,522,2025-06-01,General,Low,2025-06-05,4.0,True
1047,522,2025-08-01,Billing,Medium,2025-08-02,3.0,True
1048,522,2026-03-01,Feature Request,Critical,,,False
1049,523,2024-12-01,General,High,2024-12-10,5.0,True
1050,523,2025-11-01,Onboarding,Low,2025-11-09,3.0,True
1051,524,2024-11-01,Bug,Low,,,False
1052,524,2025-10-01,General,High,2025-10-03,5.0,True
1053,524,2025-12-01,Bug,High,2025-12-03,1.0,True
1054,524,2026-01-01,Onboarding,High,2026-01-11,1.0,True
1055,525,2025-05-01,Onboarding,Low,2025-05-02,5.0,True
1056,525,2025-09-01,Feature Request,Low,2025-09-05,3.0,True
1057,525,2026-03-01,Feature Request,High,2026-03-08,2.0,True
1058,527,2025-09-01,Onboarding,Low,2025-09-03,3.0,True
1059,527,2025-11-01,Billing,Low,,,False
1060,527,2026-01-01,Billing,Medium,2026-01-06,5.0,True
1061,528,2025-06-01,Feature Request,High,2025-06-11,3.0,True
1062,528,2025-08-01,Feature Request,Low,2025-08-07,4.0,True
1063,528,2026-02-01,Feature Request,Low,,,False
1064,530,2026-03-01,Bug,High,,,False
1065,530,2026-04-01,General,Critical,2026-04-07,1.0,True
1066,532,2025-07-01,Feature Request,Low,2025-07-04,4.0,True
1067,533,2026-02-01,General,High,2026-02-02,3.0,True
1068,533,2026-04-01,Onboarding,Medium,,,False
1069,534,2026-05-01,Billing,Low,2026-05-09,4.0,True
1070,537,2025-05-01,General,Medium,2025-05-07,3.0,True
1071,538,2025-11-01,Feature Request,Low,2025-11-10,5.0,True
1072,539,2025-12-01,General,Critical,2025-12-07,4.0,True
1073,540,2025-01-01,Bug,Medium,2025-01-04,5.0,True
1074,540,2025-06-01,Feature Request,Low,2025-06-03,5.0,True
1075,540,2025-09-01,Billing,High,2025-09-02,3.0,True
1076,541,2026-03-01,Feature Request,Low,,,False
1077,541,2026-07-01,Onboarding,Medium,2026-07-11,3.0,True
1078,542,2025-10-01,Bug,Low,2025-10-10,3.0,True
1079,542,2025-11-01,Onboarding,Critical,2025-11-10,1.0,True
1080,542,2025-12-01,Onboarding,High,2025-12-08,2.0,True
1081,543,2026-04-01,General,Medium,2026-04-05,5.0,True
1082,544,2026-01-01,Onboarding,Low,2026-01-04,5.0,True
1083,544,2026-03-01,Bug,Low,2026-03-09,3.0,True
1084,544,2026-06-01,Billing,Medium,2026-06-05,3.0,True
1085,545,2026-06-01,Billing,High,2026-06-02,3.0,True
1086,546,2026-02-01,Billing,Medium,,,False
1087,546,2026-03-01,Bug,Low,2026-03-03,4.0,True
1088,547,2026-06-01,Billing,Medium,2026-06-03,3.0,True
1089,548,2025-05-01,Bug,High,2025-05-07,1.0,True
1090,549,2024-11-01,General,Medium,2024-11-05,2.0,True
1091,549,2024-12-01,Onboarding,High,2024-12-06,2.0,True
1092,550,2027-07-01,Bug,Low,2027-07-02,5.0,True
1093,551,2025-06-01,General,Medium,2025-06-06,4.0,True
1094,554,2025-07-01,Onboarding,High,2025-07-07,3.0,True
1095,554,2025-08-01,Onboarding,Critical,2025-08-04,3.0,True
1096,554,2025-09-01,Billing,Low,2025-09-05,3.0,True
1097,555,2025-11-01,Billing,High,2025-11-06,1.0,True
1098,555,2025-12-01,General,High,2025-12-09,1.0,True
1099,556,2026-04-01,Billing,Critical,2026-04-05,4.0,True
1100,557,2026-03-01,General,Medium,2026-03-04,3.0,True
1101,557,2026-04-01,Billing,Medium,2026-04-03,4.0,True
1102,557,2026-06-01,General,High,2026-06-06,5.0,True
1103,559,2025-03-01,Bug,Medium,2025-03-06,4.0,True
1104,559,2025-04-01,Onboarding,Low,2025-04-02,3.0,True
1105,559,2025-07-01,General,Critical,2025-07-05,5.0,True
1106,562,2026-01-01,Feature Request,Medium,2026-01-11,1.0,True
1107,563,2026-04-01,Bug,Low,2026-04-05,1.0,True
1108,564,2025-07-01,Feature Request,Low,2025-07-03,3.0,True
1109,564,2025-09-01,Billing,Medium,,,False
1110,564,2025-10-01,Onboarding,Medium,2025-10-03,4.0,True
1111,564,2026-05-01,General,High,2026-05-09,3.0,True
1112,565,2025-09-01,Onboarding,Medium,,,False
1113,565,2025-11-01,General,High,2025-11-10,4.0,True
1114,566,2025-02-01,Onboarding,Low,2025-02-10,3.0,True
1115,566,2026-02-01,General,High,2026-02-11,5.0,True
1116,567,2026-04-01,Bug,Medium,2026-04-10,5.0,True
1117,568,2025-10-01,Billing,High,2025-10-04,5.0,True
1118,568,2025-11-01,Billing,High,,,False
1119,568,2026-03-01,Bug,High,,,False
1120,568,2026-04-01,Feature Request,Low,2026-04-06,4.0,True
1121,568,2026-05-01,Onboarding,Critical,2026-05-05,5.0,True
1122,569,2025-09-01,Onboarding,Low,,,False
1123,570,2025-07-01,General,High,2025-07-11,3.0,True
1124,570,2025-10-01,Feature Request,Low,2025-10-09,4.0,True
1125,570,2025-11-01,Onboarding,High,2025-11-04,3.0,True
1126,570,2026-05-01,Billing,Medium,2026-05-05,4.0,True
1127,570,2026-06-01,Bug,High,,,False
1128,571,2026-07-01,Bug,Low,2026-07-11,4.0,True
1129,574,2025-11-01,Bug,Critical,2025-11-04,2.0,True
1130,574,2025-12-01,General,High,2025-12-10,2.0,True
1131,575,2026-02-01,General,Low,2026-02-08,4.0,True
1132,575,2026-09-01,Billing,Critical,2026-09-03,2.0,True
1133,575,2026-10-01,Onboarding,Medium,2026-10-09,1.0,True
1134,576,2025-06-01,Feature Request,Low,2025-06-09,4.0,True
1135,576,2025-12-01,Feature Request,Medium,2025-12-08,4.0,True
1136,576,2026-02-01,Billing,Medium,2026-02-07,5.0,True
1137,576,2026-05-01,Billing,High,2026-05-05,2.0,True
1138,576,2026-06-01,Feature Request,Medium,2026-06-03,1.0,True
1139,577,2025-03-01,Onboarding,Critical,2025-03-09,3.0,True
1140,577,2025-11-01,General,Critical,2025-11-09,2.0,True
1141,577,2025-12-01,Onboarding,High,2025-12-10,2.0,True
1142,578,2028-05-01,Bug,Medium,2028-05-06,5.0,True
1143,580,2024-10-01,Bug,Low,2024-10-09,3.0,True
1144,580,2025-01-01,General,High,2025-01-07,4.0,True
1145,580,2025-09-01,Feature Request,Medium,2025-09-03,5.0,True
1146,581,2025-09-01,Billing,Low,2025-09-06,4.0,True
1147,581,2025-12-01,Onboarding,Low,2025-12-09,3.0,True
1148,581,2026-01-01,Bug,Low,2026-01-07,3.0,True
1149,582,2026-04-01,Billing,High,2026-04-07,5.0,True
1150,582,2026-05-01,Bug,High,2026-05-06,4.0,True
1151,584,2025-07-01,Bug,Low,2025-07-10,4.0,True
1152,584,2025-10-01,Billing,Medium,2025-10-08,4.0,True
1153,585,2025-05-01,Bug,Low,2025-05-07,3.0,True
1154,585,2025-06-01,Feature Request,Low,2025-06-09,3.0,True
1155,585,2026-02-01,Bug,Medium,,,False
1156,585,2026-05-01,Onboarding,Medium,2026-05-02,3.0,True
1157,586,2026-04-01,Feature Request,High,2026-04-11,3.0,True
1158,586,2026-06-01,Onboarding,Critical,2026-06-08,5.0,True
1159,587,2025-03-01,Feature Request,Low,2025-03-09,5.0,True
1160,587,2025-04-01,Bug,Low,2025-04-06,5.0,True
1161,587,2025-09-01,Feature Request,Medium,2025-09-11,4.0,True
1162,587,2025-11-01,Onboarding,High,2025-11-10,1.0,True
1163,587,2025-12-01,General,Medium,2025-12-08,1.0,True
1164,588,2026-02-01,Bug,Low,2026-02-04,5.0,True
1165,588,2026-04-01,Billing,Low,2026-04-10,5.0,True
1166,588,2026-07-01,General,Critical,2026-07-03,4.0,True
1167,589,2025-10-01,Onboarding,High,2025-10-07,3.0,True
1168,591,2025-01-01,Onboarding,Medium,2025-01-10,3.0,True
1169,591,2025-03-01,Bug,Low,2025-03-07,4.0,True
1170,591,2025-04-01,Onboarding,Medium,2025-04-06,3.0,True
1171,591,2025-08-01,General,Medium,2025-08-11,5.0,True
1172,592,2026-03-01,Feature Request,Medium,2026-03-08,1.0,True
1173,592,2026-04-01,Billing,Medium,2026-04-10,2.0,True
1174,593,2026-05-01,Bug,Low,,,False
1175,593,2026-06-01,Billing,Critical,2026-06-08,4.0,True
1176,594,2025-08-01,General,Medium,2025-08-04,3.0,True
1177,594,2025-12-01,Onboarding,Medium,2025-12-02,3.0,True
1178,594,2026-01-01,Bug,Low,2026-01-10,5.0,True
1179,594,2026-02-01,Feature Request,Low,2026-02-05,3.0,True
1180,594,2026-05-01,Bug,Low,2026-05-07,5.0,True
1181,596,2025-11-01,Bug,High,2025-11-07,4.0,True
1182,597,2026-03-01,Billing,Medium,2026-03-10,5.0,True
1183,597,2026-07-01,Onboarding,Medium,2026-07-03,4.0,True
1184,598,2026-06-01,Billing,Low,2026-06-06,4.0,True
1185,598,2026-07-01,Bug,Medium,2026-07-06,4.0,True
1186,599,2025-03-01,Billing,Low,2025-03-04,5.0,True
1187,599,2025-04-01,Feature Request,Medium,,,False
1188,599,2025-05-01,Bug,High,2025-05-08,3.0,True
1189,599,2025-11-01,General,Medium,2025-11-06,5.0,True
1190,599,2025-12-01,General,Low,2025-12-05,5.0,True
1191,600,2026-06-01,General,Low,2026-06-07,4.0,True
1192,601,2025-03-01,Billing,Low,2025-03-02,5.0,True
1193,602,2025-11-01,Onboarding,Medium,2025-11-02,3.0,True
1194,602,2026-02-01,Billing,Medium,2026-02-06,4.0,True
1195,602,2026-06-01,Onboarding,Low,2026-06-06,4.0,True
1196,603,2025-09-01,Onboarding,Low,2025-09-09,3.0,True
1197,603,2026-03-01,Feature Request,Low,2026-03-02,3.0,True
1198,603,2026-07-01,Billing,Low,2026-07-09,5.0,True
1199,604,2026-05-01,Onboarding,Low,2026-05-08,5.0,True
1200,604,2026-06-01,General,Medium,2026-06-11,3.0,True
1201,606,2025-01-01,Feature Request,Critical,2025-01-10,5.0,True
1202,606,2025-02-01,Onboarding,Low,2025-02-05,3.0,True
1203,606,2025-09-01,Bug,Medium,2025-09-02,3.0,True
1204,607,2025-07-01,Feature Request,High,2025-07-05,3.0,True
1205,608,2025-06-01,Bug,Medium,2025-06-11,3.0,True
1206,608,2026-07-01,General,Low,2026-07-10,4.0,True
1207,610,2025-01-01,Onboarding,High,2025-01-05,2.0,True
1208,611,2025-06-01,Billing,Medium,2025-06-05,3.0,True
1209,611,2025-09-01,Feature Request,Medium,2025-09-04,3.0,True
1210,611,2025-11-01,General,Medium,,,False
1211,611,2026-06-01,Billing,Low,2026-06-04,4.0,True
1212,612,2026-01-01,Onboarding,Medium,2026-01-07,4.0,True
1213,613,2026-07-01,Onboarding,High,2026-07-02,3.0,True
1214,614,2025-10-01,Feature Request,High,2025-10-07,4.0,True
1215,614,2025-12-01,Bug,Low,2025-12-07,3.0,True
1216,614,2026-06-01,Feature Request,Low,2026-06-08,3.0,True
1217,615,2025-09-01,General,Medium,2025-09-08,1.0,True
1218,616,2025-12-01,Bug,Low,2025-12-10,5.0,True
1219,616,2026-05-01,Onboarding,Low,2026-05-11,3.0,True
1220,617,2026-02-01,Billing,Low,,,False
1221,617,2026-04-01,Bug,Medium,2026-04-11,4.0,True
1222,617,2026-06-01,Billing,Medium,2026-06-07,4.0,True
1223,618,2027-09-01,General,Low,2027-09-04,5.0,True
1224,618,2027-12-01,Billing,Medium,,,False
1225,619,2026-02-01,General,Medium,2026-02-03,5.0,True
1226,620,2026-05-01,Bug,Low,2026-05-06,4.0,True
1227,620,2026-06-01,Onboarding,High,2026-06-10,5.0,True
1228,621,2025-11-01,Feature Request,Low,2025-11-09,4.0,True
1229,621,2026-04-01,Feature Request,High,2026-04-09,4.0,True
1230,621,2026-07-01,General,Low,2026-07-03,4.0,True
1231,622,2026-02-01,Onboarding,Low,2026-02-11,3.0,True
1232,623,2025-04-01,Billing,High,2025-04-02,1.0,True
1233,624,2026-05-01,Billing,Low,2026-05-11,4.0,True
1234,625,2025-04-01,Billing,Low,2025-04-06,5.0,True
1235,625,2025-07-01,Onboarding,Medium,2025-07-09,4.0,True
1236,625,2025-10-01,Billing,Medium,2025-10-04,3.0,True
1237,625,2026-05-01,Onboarding,Medium,2026-05-06,4.0,True
1238,625,2026-07-01,Feature Request,High,2026-07-08,1.0,True
1239,626,2025-09-01,Feature Request,Medium,,,False
1240,626,2025-12-01,Bug,Medium,2025-12-11,4.0,True
1241,626,2026-02-01,Onboarding,Low,2026-02-06,5.0,True
1242,626,2026-04-01,General,Low,2026-04-11,5.0,True
1243,627,2025-11-01,Onboarding,High,2025-11-07,5.0,True
1244,627,2026-02-01,Feature Request,Low,2026-02-09,5.0,True
1245,627,2026-03-01,Billing,High,2026-03-02,3.0,True
1246,627,2026-04-01,Billing,High,2026-04-04,4.0,True
1247,629,2026-02-01,Billing,Low,2026-02-02,5.0,True
1248,630,2025-05-01,General,Low,2025-05-07,4.0,True
1249,630,2025-10-01,Feature Request,High,2025-10-10,3.0,True
1250,630,2026-01-01,Billing,High,2026-01-05,5.0,True
1251,631,2026-03-01,Billing,Low,2026-03-06,5.0,True
1252,631,2026-04-01,Feature Request,High,2026-04-05,5.0,True
1253,631,2026-07-01,Billing,Low,,,False
1254,631,2027-05-01,General,Low,2027-05-05,4.0,True
1255,631,2027-07-01,Feature Request,Low,2027-07-09,4.0,True
1256,632,2025-07-01,Feature Request,High,2025-07-06,4.0,True
1257,633,2025-10-01,Billing,Low,2025-10-07,3.0,True
1258,633,2026-01-01,Billing,High,2026-01-11,5.0,True
1259,633,2026-07-01,Billing,Medium,2026-07-06,5.0,True
1260,634,2025-12-01,Feature Request,Low,2025-12-08,4.0,True
1261,634,2026-05-01,Bug,High,2026-05-08,3.0,True
1262,635,2026-06-01,Bug,Medium,2026-06-09,3.0,True
1263,636,2025-12-01,Feature Request,Medium,2025-12-03,3.0,True
1264,636,2026-01-01,General,Critical,,,False
1265,636,2026-02-01,Billing,High,2026-02-06,1.0,True
1266,637,2025-11-01,Bug,High,2025-11-09,3.0,True
1267,637,2026-02-01,General,Low,2026-02-10,5.0,True
1268,638,2025-04-01,Billing,Low,2025-04-02,5.0,True
1269,638,2025-06-01,Feature Request,Medium,2025-06-02,5.0,True
1270,638,2025-08-01,Feature Request,Medium,2025-08-08,4.0,True
1271,638,2026-02-01,Billing,Critical,,,False
1272,640,2025-07-01,General,Medium,,,False
1273,641,2025-11-01,Billing,High,2025-11-11,2.0,True
1274,642,2024-11-01,Onboarding,Medium,2024-11-05,1.0,True
1275,642,2024-12-01,Bug,Critical,2024-12-02,1.0,True
1276,643,2026-04-01,Feature Request,Low,2026-04-06,3.0,True
1277,643,2026-06-01,Billing,Low,2026-06-07,4.0,True
1278,644,2025-08-01,Onboarding,Medium,2025-08-07,3.0,True
1279,644,2025-10-01,Onboarding,Low,2025-10-07,3.0,True
1280,644,2026-06-01,Onboarding,Low,,,False
1281,645,2025-10-01,Billing,Low,2025-10-06,5.0,True
1282,645,2026-01-01,Feature Request,High,,,False
1283,645,2026-06-01,Billing,Medium,2026-06-08,5.0,True
1284,646,2024-10-01,General,High,,,False
1285,646,2025-01-01,Onboarding,Medium,2025-01-05,4.0,True
1286,646,2025-02-01,General,High,2025-02-10,4.0,True
1287,646,2025-08-01,Bug,High,2025-08-10,4.0,True
1288,647,2025-04-01,Onboarding,Medium,2025-04-10,5.0,True
1289,647,2025-05-01,Onboarding,Medium,2025-05-08,3.0,True
1290,647,2025-06-01,General,Medium,2025-06-05,3.0,True
1291,647,2025-12-01,Onboarding,Medium,2025-12-02,4.0,True
1292,647,2026-04-01,Feature Request,Medium,2026-04-02,3.0,True
1293,647,2026-07-01,Feature Request,Low,2026-07-04,3.0,True
1294,648,2025-12-01,Feature Request,Low,2025-12-02,5.0,True
1295,649,2026-03-01,Onboarding,Low,2026-03-08,3.0,True
1296,650,2025-05-01,Billing,Low,2025-05-10,4.0,True
1297,650,2025-06-01,Feature Request,High,2025-06-10,3.0,True
1298,651,2025-04-01,Billing,Low,2025-04-07,3.0,True
1299,651,2026-01-01,General,High,2026-01-09,3.0,True
1300,651,2026-05-01,Feature Request,Critical,2026-05-02,2.0,True
1301,652,2025-08-01,Bug,Low,2025-08-10,3.0,True
1302,652,2025-09-01,Bug,Low,2025-09-04,3.0,True
1303,652,2025-12-01,Bug,High,2025-12-07,4.0,True
1304,652,2026-02-01,Bug,Low,2026-02-10,4.0,True
1305,653,2025-08-01,Bug,Medium,2025-08-03,4.0,True
1306,653,2026-01-01,Feature Request,Low,,,False
1307,653,2026-03-01,Bug,High,2026-03-05,5.0,True
1308,653,2026-05-01,Bug,Low,2026-05-04,3.0,True
1309,654,2025-12-01,General,Medium,2025-12-08,4.0,True
1310,654,2026-02-01,Feature Request,Medium,2026-02-08,4.0,True
1311,654,2026-03-01,Bug,Low,2026-03-05,4.0,True
1312,654,2026-07-01,Billing,Low,2026-07-07,5.0,True
1313,655,2026-03-01,Billing,Low,2026-03-05,4.0,True
1314,656,2025-11-01,Feature Request,Medium,2025-11-05,3.0,True
1315,656,2026-05-01,Onboarding,Medium,2026-05-07,5.0,True
1316,657,2025-10-01,Onboarding,Low,2025-10-11,4.0,True
1317,657,2026-03-01,General,High,2026-03-05,5.0,True
1318,658,2025-03-01,Billing,Critical,2025-03-09,4.0,True
1319,658,2025-06-01,Bug,Medium,2025-06-05,3.0,True
1320,658,2025-08-01,Onboarding,High,2025-08-09,3.0,True
1321,658,2025-09-01,Bug,High,,,False
1322,660,2026-04-01,Bug,Low,2026-04-04,5.0,True
1323,660,2026-06-01,Onboarding,Low,,,False
1324,661,2026-05-01,General,Medium,2026-05-06,3.0,True
1325,665,2025-01-01,Bug,Low,2025-01-03,4.0,True
1326,665,2025-04-01,General,Medium,2025-04-03,4.0,True
1327,665,2025-06-01,Onboarding,High,2025-06-11,1.0,True
1328,666,2026-04-01,Onboarding,High,,,False
1329,667,2026-04-01,Feature Request,Medium,2026-04-08,4.0,True
1330,667,2026-07-01,Billing,Low,,,False
1331,669,2025-03-01,Onboarding,Low,2025-03-03,3.0,True
1332,670,2026-02-01,Bug,Medium,,,False
1333,672,2025-02-01,General,High,2025-02-11,5.0,True
1334,672,2025-06-01,Bug,Low,2025-06-09,5.0,True
1335,672,2026-03-01,Onboarding,Medium,2026-03-05,2.0,True
1336,672,2026-04-01,Feature Request,Medium,2026-04-04,2.0,True
1337,674,2025-09-01,General,High,2025-09-03,5.0,True
1338,674,2026-07-01,Onboarding,Low,,,False
1339,675,2026-11-01,Bug,Medium,2026-11-09,5.0,True
1340,675,2027-01-01,Onboarding,Medium,2027-01-11,5.0,True
1341,675,2027-03-01,Billing,High,2027-03-07,5.0,True
1342,675,2027-05-01,General,Low,2027-05-04,4.0,True
1343,676,2025-11-01,Billing,Medium,,,False
1344,676,2026-02-01,General,High,2026-02-03,5.0,True
1345,676,2026-03-01,Feature Request,Low,2026-03-05,5.0,True
1346,676,2026-06-01,Onboarding,Critical,2026-06-07,4.0,True
1347,677,2025-09-01,Feature Request,Medium,2025-09-03,5.0,True
1348,677,2026-04-01,Billing,Medium,2026-04-02,4.0,True
1349,677,2026-07-01,Bug,High,2026-07-03,5.0,True
1350,678,2025-01-01,General,Medium,2025-01-07,3.0,True
1351,678,2025-04-01,Bug,Critical,2025-04-04,2.0,True
1352,678,2025-05-01,Billing,High,2025-05-08,1.0,True
1353,679,2026-05-01,Billing,Medium,2026-05-08,3.0,True
1354,680,2025-05-01,Bug,High,2025-05-11,1.0,True
1355,681,2026-05-01,Feature Request,Medium,2026-05-11,3.0,True
1356,681,2026-08-01,Onboarding,Medium,2026-08-08,4.0,True
1357,682,2026-07-01,Bug,Medium,2026-07-06,3.0,True
1358,683,2025-06-01,Feature Request,High,2025-06-10,5.0,True
1359,683,2025-08-01,Bug,Low,2025-08-09,5.0,True
1360,683,2025-11-01,Feature Request,Medium,2025-11-07,2.0,True
1361,683,2025-12-01,Billing,Low,2025-12-07,1.0,True
1362,684,2026-01-01,Bug,Medium,2026-01-11,3.0,True
1363,684,2026-03-01,Feature Request,Medium,2026-03-03,3.0,True
1364,684,2026-06-01,Bug,Low,2026-06-02,4.0,True
1365,687,2025-02-01,Bug,Low,2025-02-08,5.0,True
1366,687,2025-03-01,Feature Request,Medium,2025-03-09,5.0,True
1367,688,2025-10-01,Bug,High,2025-10-10,2.0,True
1368,689,2025-07-01,Feature Request,High,2025-07-08,2.0,True
1369,689,2025-08-01,Onboarding,Low,2025-08-10,2.0,True
1370,690,2024-11-01,Feature Request,Low,2024-11-10,4.0,True
1371,691,2025-08-01,Feature Request,High,2025-08-08,3.0,True
1372,691,2026-05-01,Billing,Medium,2026-05-07,2.0,True
1373,692,2026-02-01,Feature Request,Low,2026-02-09,3.0,True
1374,693,2024-10-01,Onboarding,High,2024-10-02,1.0,True
1375,694,2025-10-01,Bug,Medium,2025-10-06,3.0,True
1376,694,2026-02-01,Billing,Medium,2026-02-04,5.0,True
1377,695,2025-12-01,Onboarding,Medium,2025-12-09,4.0,True
1378,695,2026-01-01,Onboarding,Critical,2026-01-06,3.0,True
1379,696,2026-02-01,Feature Request,Low,2026-02-10,4.0,True
1380,696,2026-06-01,Bug,Low,2026-06-06,2.0,True
1381,698,2026-04-01,Feature Request,High,,,False
1382,699,2025-07-01,Feature Request,Medium,2025-07-03,4.0,True
1383,699,2026-05-01,Bug,High,2026-05-05,4.0,True
1384,699,2026-07-01,General,Critical,2026-07-05,5.0,True
1385,700,2025-10-01,General,Low,2025-10-05,4.0,True
1386,701,2025-09-01,Feature Request,High,2025-09-08,3.0,True
1387,701,2026-07-01,Feature Request,Low,2026-07-02,4.0,True
1388,703,2026-02-01,Billing,High,2026-02-08,3.0,True
1389,704,2025-07-01,General,Medium,2025-07-08,5.0,True
1390,707,2025-11-01,Onboarding,Critical,2025-11-04,3.0,True
1391,707,2026-05-01,Feature Request,Low,2026-05-10,4.0,True
1392,709,2026-06-01,General,Medium,2026-06-11,5.0,True
1393,709,2026-08-01,Feature Request,Medium,,,False
1394,710,2026-03-01,General,Medium,2026-03-10,5.0,True
1395,710,2026-07-01,General,Low,2026-07-10,4.0,True
1396,710,2026-11-01,Billing,Medium,,,False
1397,711,2025-05-01,Feature Request,High,,,False
1398,711,2025-07-01,Billing,Medium,2025-07-06,5.0,True
1399,711,2025-08-01,Onboarding,Low,2025-08-04,4.0,True
1400,711,2025-10-01,Billing,Low,2025-10-02,5.0,True
1401,711,2026-02-01,Billing,Low,2026-02-09,3.0,True
1402,711,2026-06-01,Bug,Low,2026-06-04,5.0,True
1403,712,2025-11-01,Billing,Low,2025-11-07,5.0,True
1404,712,2025-12-01,Bug,Low,2025-12-02,4.0,True
1405,712,2026-03-01,General,Medium,2026-03-04,4.0,True
1406,712,2026-05-01,Bug,Low,2026-05-07,3.0,True
1407,714,2025-07-01,Billing,Medium,2025-07-11,5.0,True
1408,716,2025-06-01,Billing,Low,2025-06-08,3.0,True
1409,717,2026-02-01,Feature Request,Medium,2026-02-03,5.0,True
1410,717,2026-05-01,Onboarding,Low,2026-05-11,3.0,True
1411,717,2026-06-01,Feature Request,Low,2026-06-10,4.0,True
1412,717,2026-07-01,Bug,High,,,False
1413,718,2025-02-01,General,High,2025-02-05,3.0,True
1414,718,2025-08-01,Bug,Low,2025-08-02,5.0,True
1415,718,2026-02-01,Onboarding,Low,,,False
1416,719,2025-04-01,General,Low,2025-04-09,4.0,True
1417,720,2025-11-01,General,Medium,2025-11-05,4.0,True
1418,720,2025-12-01,General,High,2025-12-09,3.0,True
1419,720,2026-03-01,Onboarding,High,2026-03-02,4.0,True
1420,721,2025-11-01,Billing,Medium,2025-11-03,2.0,True
1421,722,2026-04-01,General,Medium,2026-04-11,5.0,True
1422,722,2026-07-01,Feature Request,Low,2026-07-09,3.0,True
1423,723,2026-06-01,Bug,Medium,2026-06-02,4.0,True
1424,724,2026-02-01,Bug,Medium,2026-02-11,5.0,True
1425,724,2026-06-01,Bug,Low,2026-06-08,5.0,True
1426,727,2026-01-01,Bug,Medium,2026-01-09,3.0,True
1427,728,2025-07-01,Billing,High,2025-07-02,5.0,True
1428,728,2026-01-01,General,Low,2026-01-02,3.0,True
1429,728,2026-04-01,General,Medium,2026-04-10,3.0,True
1430,729,2025-08-01,Bug,Low,,,False
1431,729,2026-07-01,Feature Request,High,2026-07-04,4.0,True
1432,730,2026-01-01,Bug,Low,,,False
1433,730,2026-06-01,Billing,Critical,2026-06-08,2.0,True
1434,731,2025-01-01,Feature Request,Low,2025-01-11,5.0,True
1435,731,2025-02-01,General,Low,2025-02-06,4.0,True
1436,731,2026-03-01,Onboarding,Low,2026-03-04,4.0,True
1437,731,2026-04-01,Billing,Medium,2026-04-09,2.0,True
1438,731,2026-05-01,General,Medium,,,False
1439,732,2026-05-01,Bug,Low,2026-05-06,3.0,True
1440,734,2025-11-01,Onboarding,High,2025-11-07,5.0,True
1441,734,2026-06-01,Onboarding,Medium,2026-06-09,4.0,True
1442,735,2025-11-01,Onboarding,Medium,2025-11-05,5.0,True
1443,735,2026-02-01,Feature Request,Medium,2026-02-08,1.0,True
1444,735,2026-03-01,Feature Request,Medium,2026-03-06,2.0,True
1445,736,2025-05-01,Feature Request,Critical,2025-05-06,1.0,True
1446,737,2026-01-01,Feature Request,Low,2026-01-02,4.0,True
1447,737,2026-05-01,Feature Request,Low,2026-05-07,5.0,True
1448,738,2024-12-01,Billing,High,2024-12-05,2.0,True
1449,738,2025-01-01,Onboarding,Medium,2025-01-06,2.0,True
1450,740,2026-04-01,Billing,Low,2026-04-10,3.0,True
1451,742,2026-02-01,General,High,2026-02-09,5.0,True
1452,743,2025-03-01,General,Medium,2025-03-02,5.0,True
1453,744,2025-10-01,Feature Request,High,2025-10-06,4.0,True
1454,744,2025-11-01,Billing,High,2025-11-11,2.0,True
1455,744,2025-12-01,General,High,2025-12-02,2.0,True
1456,745,2024-12-01,Feature Request,Medium,2024-12-08,3.0,True
1457,745,2025-04-01,Onboarding,Medium,2025-04-02,4.0,True
1458,745,2025-11-01,General,High,2025-11-03,5.0,True
1459,745,2025-12-01,General,High,2025-12-02,3.0,True
1460,748,2025-09-01,Bug,Medium,2025-09-08,4.0,True
1461,749,2024-10-01,Billing,High,2024-10-09,3.0,True
1462,749,2025-03-01,Onboarding,Critical,2025-03-09,1.0,True
1463,750,2026-06-01,Feature Request,Medium,2026-06-08,1.0,True
1464,751,2025-03-01,General,High,2025-03-02,4.0,True
1465,751,2025-07-01,Onboarding,High,2025-07-08,4.0,True
1466,751,2025-08-01,Bug,Medium,2025-08-02,3.0,True
1467,751,2025-11-01,General,High,2025-11-05,3.0,True
1468,751,2026-04-01,Billing,Low,2026-04-10,1.0,True
1469,751,2026-05-01,Bug,Low,2026-05-06,1.0,True
1470,752,2025-11-01,Bug,Low,2025-11-05,3.0,True
1471,752,2025-12-01,Feature Request,Medium,2025-12-10,5.0,True
1472,752,2026-01-01,General,Medium,2026-01-09,4.0,True
1473,752,2026-06-01,Feature Request,Low,2026-06-06,3.0,True
1474,753,2026-03-01,Billing,Low,2026-03-09,4.0,True
1475,754,2025-03-01,Onboarding,Low,2025-03-06,3.0,True
1476,754,2025-07-01,Bug,Critical,2025-07-02,3.0,True
1477,754,2025-12-01,Billing,Low,2025-12-08,4.0,True
1478,755,2025-08-01,General,Medium,2025-08-09,4.0,True
1479,755,2026-01-01,Bug,High,2026-01-02,3.0,True
1480,756,2025-09-01,Bug,Low,2025-09-05,4.0,True
1481,756,2026-05-01,General,Medium,2026-05-11,2.0,True
1482,757,2025-01-01,General,Low,2025-01-02,3.0,True
1483,758,2025-01-01,General,Medium,2025-01-06,3.0,True
1484,758,2025-02-01,General,Critical,2025-02-06,1.0,True
1485,758,2025-03-01,Bug,High,,,False
1486,759,2026-02-01,Feature Request,High,2026-02-03,5.0,True
1487,759,2026-04-01,Onboarding,Medium,2026-04-04,5.0,True
1488,760,2025-05-01,Bug,Medium,2025-05-02,3.0,True
1489,760,2025-07-01,General,High,,,False
1490,760,2025-10-01,Onboarding,Critical,2025-10-10,1.0,True
1491,761,2025-10-01,Feature Request,Medium,2025-10-03,3.0,True
1492,763,2025-04-01,Bug,Low,2025-04-07,5.0,True
1493,763,2025-07-01,Feature Request,High,2025-07-07,5.0,True
1494,763,2025-09-01,Feature Request,Low,2025-09-10,5.0,True
1495,763,2025-10-01,Feature Request,High,2025-10-07,3.0,True
1496,763,2025-12-01,Onboarding,Critical,2025-12-04,2.0,True
1497,764,2026-02-01,Bug,Medium,2026-02-11,4.0,True
1498,765,2025-05-01,Billing,Critical,2025-05-03,4.0,True
1499,765,2025-08-01,General,Low,2025-08-11,5.0,True
1500,765,2025-09-01,Bug,Medium,2025-09-05,4.0,True
1501,765,2025-11-01,Feature Request,Low,,,False
1502,765,2025-12-01,Bug,Medium,2025-12-05,1.0,True
1503,766,2026-04-01,Billing,Medium,2026-04-11,3.0,True
1504,766,2026-06-01,Feature Request,Low,2026-06-02,5.0,True
1505,766,2026-07-01,Billing,Low,2026-07-07,4.0,True
1506,767,2025-11-01,Bug,Low,2025-11-04,4.0,True
1507,767,2026-07-01,Feature Request,Low,2026-07-06,4.0,True
1508,768,2026-01-01,Onboarding,Low,2026-01-03,3.0,True
1509,769,2026-05-01,Billing,Medium,2026-05-06,2.0,True
1510,770,2025-10-01,Feature Request,Low,2025-10-10,4.0,True
1511,771,2025-10-01,Bug,Medium,2025-10-07,4.0,True
1512,772,2025-03-01,Feature Request,Critical,2025-03-04,1.0,True
1513,774,2025-06-01,Billing,Medium,2025-06-03,4.0,True
1514,774,2025-08-01,Feature Request,Critical,2025-08-10,5.0,True
1515,774,2026-01-01,General,Low,,,False
1516,774,2026-05-01,Billing,Medium,2026-05-02,4.0,True
1517,775,2025-04-01,Billing,Medium,2025-04-03,5.0,True
1518,775,2025-05-01,Bug,Medium,2025-05-09,5.0,True
1519,775,2025-11-01,Onboarding,Low,,,False
1520,775,2026-01-01,Onboarding,Low,2026-01-04,5.0,True
1521,776,2025-03-01,General,High,2025-03-09,4.0,True
1522,776,2025-05-01,Bug,Medium,2025-05-04,3.0,True
1523,777,2026-05-01,Bug,Critical,,,False
1524,777,2026-07-01,Bug,Medium,2026-07-07,3.0,True
1525,778,2026-01-01,Feature Request,Low,2026-01-02,5.0,True
1526,778,2026-03-01,Billing,Low,,,False
1527,778,2026-05-01,Onboarding,Low,2026-05-11,5.0,True
1528,778,2026-07-01,General,Low,2026-07-02,3.0,True
1529,779,2026-10-01,General,Medium,2026-10-02,1.0,True
1530,779,2026-11-01,General,Medium,2026-11-08,1.0,True
1531,780,2025-11-01,Onboarding,Critical,2025-11-10,3.0,True
1532,780,2026-02-01,Billing,Medium,2026-02-11,5.0,True
1533,780,2026-03-01,Feature Request,Low,2026-03-06,3.0,True
1534,781,2025-05-01,Feature Request,Low,2025-05-04,5.0,True
1535,781,2025-07-01,General,Medium,2025-07-04,3.0,True
1536,781,2025-11-01,Onboarding,Medium,2025-11-03,5.0,True
1537,781,2026-03-01,Onboarding,Low,2026-03-09,5.0,True
1538,781,2026-05-01,General,Low,2026-05-08,5.0,True
1539,781,2026-06-01,Onboarding,High,,,False
1540,782,2025-12-01,Bug,Low,,,False
1541,782,2026-05-01,Bug,High,2026-05-11,4.0,True
1542,783,2025-09-01,Feature Request,Low,2025-09-09,5.0,True
1543,784,2025-11-01,General,High,2025-11-04,5.0,True
1544,788,2025-05-01,Bug,Medium,2025-05-11,4.0,True
1545,788,2025-08-01,Feature Request,Low,2025-08-03,5.0,True
1546,789,2025-07-01,Bug,Low,2025-07-07,5.0,True
1547,790,2025-06-01,Bug,Low,2025-06-03,5.0,True
1548,790,2025-07-01,Feature Request,Medium,2025-07-09,1.0,True
1549,790,2025-08-01,Feature Request,High,2025-08-02,2.0,True
1550,791,2025-11-01,Onboarding,Medium,,,False
1551,791,2026-08-01,Billing,Low,2026-08-09,2.0,True
1552,792,2027-03-01,Onboarding,Low,2027-03-06,3.0,True
1553,792,2027-04-01,General,High,2027-04-05,4.0,True
1554,793,2025-07-01,General,Low,,,False
1555,793,2025-11-01,General,Critical,2025-11-07,2.0,True
1556,793,2025-12-01,General,Critical,2025-12-10,2.0,True
1557,794,2026-03-01,Bug,Medium,2026-03-05,3.0,True
1558,794,2026-06-01,General,Medium,2026-06-06,3.0,True
1559,795,2025-03-01,Onboarding,Medium,2025-03-11,3.0,True
1560,795,2025-05-01,Billing,Medium,2025-05-02,5.0,True
1561,795,2025-06-01,Bug,Low,2025-06-05,5.0,True
1562,795,2025-08-01,General,High,2025-08-08,2.0,True
1563,795,2025-09-01,Onboarding,High,2025-09-09,2.0,True
1564,796,2025-04-01,Bug,Medium,2025-04-11,3.0,True
1565,796,2025-05-01,Bug,Low,2025-05-08,5.0,True
1566,796,2025-07-01,Feature Request,Low,2025-07-04,4.0,True
1567,796,2025-08-01,Onboarding,High,2025-08-10,5.0,True
1568,796,2026-03-01,Billing,Low,2026-03-05,3.0,True
1569,796,2026-04-01,Billing,Low,2026-04-05,3.0,True
1570,796,2026-05-01,Bug,Medium,,,False
1571,796,2026-06-01,Feature Request,Low,2026-06-04,3.0,True
1572,796,2026-07-01,Onboarding,Low,2026-07-10,3.0,True
1573,797,2025-10-01,Billing,Low,2025-10-09,3.0,True
1574,798,2026-09-01,Onboarding,Low,2026-09-06,5.0,True
1575,798,2026-12-01,Bug,Medium,2026-12-09,5.0,True
1576,799,2025-07-01,Billing,Low,2025-07-04,5.0,True
1577,799,2025-11-01,General,Low,2025-11-07,4.0,True
1578,800,2025-12-01,Bug,High,2025-12-03,5.0,True
1579,802,2025-12-01,General,Critical,2025-12-08,1.0,True
1580,802,2026-01-01,Feature Request,High,2026-01-05,1.0,True
1581,804,2025-04-01,Billing,High,2025-04-06,5.0,True
1582,804,2025-07-01,Onboarding,Medium,2025-07-07,3.0,True
1583,804,2025-09-01,Feature Request,Medium,2025-09-05,3.0,True
1584,804,2025-12-01,Onboarding,High,2025-12-02,3.0,True
1585,804,2026-05-01,Bug,Medium,2026-05-06,3.0,True
1586,805,2025-01-01,Onboarding,Medium,2025-01-11,3.0,True
1587,805,2025-04-01,Bug,Medium,,,False
1588,805,2025-10-01,Billing,Low,2025-10-11,3.0,True
1589,805,2025-11-01,Bug,Low,,,False
1590,805,2026-01-01,Billing,Medium,2026-01-05,4.0,True
1591,806,2025-06-01,General,Low,2025-06-06,5.0,True
1592,806,2025-07-01,Bug,Medium,2025-07-09,5.0,True
1593,806,2025-08-01,Billing,Medium,2025-08-07,4.0,True
1594,806,2025-10-01,Billing,Low,2025-10-08,1.0,True
1595,807,2026-05-01,Onboarding,Medium,2026-05-07,4.0,True
1596,808,2025-11-01,Feature Request,Low,2025-11-05,3.0,True
1597,808,2026-05-01,General,Low,2026-05-11,5.0,True
1598,809,2025-11-01,Onboarding,Low,2025-11-04,3.0,True
1599,809,2026-03-01,General,Medium,2026-03-03,5.0,True
1600,810,2025-09-01,Billing,Low,2025-09-08,3.0,True
1601,811,2026-03-01,Feature Request,Medium,,,False
1602,811,2026-04-01,Onboarding,Low,2026-04-09,4.0,True
1603,813,2025-11-01,General,Medium,2025-11-05,5.0,True
1604,814,2025-09-01,Onboarding,High,2025-09-10,5.0,True
1605,814,2025-10-01,Billing,Low,,,False
1606,814,2026-01-01,Bug,Low,2026-01-10,5.0,True
1607,815,2025-05-01,Onboarding,Low,2025-05-05,5.0,True
1608,816,2025-01-01,Billing,Low,2025-01-07,3.0,True
1609,816,2025-02-01,General,Medium,2025-02-09,3.0,True
1610,816,2025-03-01,Bug,Medium,2025-03-04,4.0,True
1611,816,2025-04-01,Onboarding,Low,2025-04-07,4.0,True
1612,816,2025-06-01,Feature Request,Medium,2025-06-11,5.0,True
1613,817,2025-10-01,General,High,2025-10-09,2.0,True
1614,817,2025-11-01,Onboarding,Critical,2025-11-07,1.0,True
1615,818,2026-04-01,Feature Request,High,2026-04-10,4.0,True
1616,819,2025-05-01,Onboarding,Low,2025-05-05,5.0,True
1617,819,2025-09-01,Feature Request,Low,,,False
1618,821,2025-08-01,Onboarding,Low,2025-08-06,4.0,True
1619,821,2025-12-01,General,Medium,2025-12-08,5.0,True
1620,821,2026-03-01,Billing,Low,2026-03-02,4.0,True
1621,821,2026-05-01,Feature Request,Medium,2026-05-11,4.0,True
1622,822,2025-11-01,Billing,Low,2025-11-11,3.0,True
1623,822,2025-12-01,Feature Request,Low,2025-12-09,3.0,True
1624,823,2025-11-01,Bug,Low,,,False
1625,823,2026-01-01,General,Low,2026-01-06,4.0,True
1626,824,2027-04-01,Onboarding,Low,2027-04-11,4.0,True
1627,824,2027-05-01,Billing,Medium,2027-05-09,5.0,True
1628,824,2027-09-01,Bug,Low,2027-09-04,4.0,True
1629,824,2027-10-01,Feature Request,High,2027-10-04,3.0,True
1630,826,2025-09-01,General,Low,2025-09-03,5.0,True
1631,827,2025-01-01,General,Low,2025-01-05,3.0,True
1632,827,2025-04-01,Bug,Critical,2025-04-11,5.0,True
1633,827,2026-01-01,Bug,Medium,2026-01-02,3.0,True
1634,828,2025-08-01,General,Low,2025-08-09,5.0,True
1635,828,2025-11-01,Billing,Critical,2025-11-03,5.0,True
1636,828,2026-01-01,Feature Request,Medium,2026-01-02,3.0,True
1637,828,2026-05-01,Bug,Low,2026-05-03,3.0,True
1639,830,2025-12-01,General,High,2025-12-02,5.0,True
1640,831,2025-02-01,Feature Request,Low,,,False
1641,831,2025-09-01,Feature Request,Low,2025-09-06,4.0,True
1642,831,2025-12-01,Feature Request,Medium,,,False
1643,832,2026-03-01,Feature Request,Low,2026-03-05,5.0,True
1644,832,2026-05-01,Onboarding,Low,2026-05-10,3.0,True
1645,833,2025-05-01,Bug,Low,2025-05-04,5.0,True
1646,833,2025-11-01,Billing,High,,,False
1647,833,2026-06-01,Onboarding,Medium,2026-06-11,3.0,True
1648,833,2026-07-01,Bug,Medium,2026-07-09,4.0,True
1649,834,2026-05-01,General,High,2026-05-09,3.0,True
1650,834,2026-07-01,Onboarding,Medium,2026-07-02,5.0,True
1651,836,2025-07-01,Onboarding,Critical,,,False
1652,837,2025-01-01,Onboarding,High,,,False
1653,837,2025-08-01,Onboarding,High,2025-08-03,5.0,True
1654,837,2025-12-01,General,Medium,,,False
1655,837,2026-07-01,Onboarding,Medium,2026-07-10,4.0,True
1656,840,2026-06-01,Feature Request,Low,,,False
1657,841,2025-02-01,General,Low,2025-02-04,3.0,True
1658,841,2025-03-01,Billing,Medium,2025-03-02,4.0,True
1659,841,2025-07-01,Feature Request,Medium,2025-07-06,5.0,True
1660,841,2025-09-01,Bug,Low,2025-09-04,5.0,True
1661,841,2026-02-01,Bug,High,2026-02-10,3.0,True
1662,841,2026-03-01,Bug,Medium,2026-03-08,3.0,True
1663,842,2025-11-01,Feature Request,High,2025-11-04,4.0,True
1664,842,2025-12-01,Feature Request,Medium,,,False
1665,842,2026-03-01,Onboarding,Medium,2026-03-09,5.0,True
1666,845,2026-03-01,Bug,Low,2026-03-10,4.0,True
1667,846,2025-05-01,Billing,High,2025-05-09,3.0,True
1668,846,2025-10-01,General,Medium,2025-10-06,3.0,True
1669,846,2026-03-01,Feature Request,Medium,2026-03-07,4.0,True
1670,847,2025-01-01,General,Low,2025-01-10,5.0,True
1671,847,2025-02-01,General,Low,2025-02-04,3.0,True
1672,847,2025-09-01,Onboarding,Low,2025-09-11,3.0,True
1673,847,2025-10-01,Billing,Medium,2025-10-03,4.0,True
1674,847,2026-04-01,General,Low,2026-04-08,4.0,True
1675,848,2025-01-01,Billing,High,2025-01-05,5.0,True
1676,848,2025-07-01,Onboarding,Low,2025-07-07,3.0,True
1677,848,2026-06-01,Bug,Low,2026-06-10,4.0,True
1678,849,2026-06-01,General,Medium,2026-06-03,3.0,True
1679,850,2025-06-01,Feature Request,Low,,,False
1680,850,2025-10-01,Onboarding,Low,2025-10-02,5.0,True
1681,850,2026-04-01,General,Low,2026-04-09,3.0,True
1682,850,2026-07-01,Bug,High,2026-07-07,5.0,True
1683,851,2025-07-01,Onboarding,High,,,False
1684,851,2026-05-01,Billing,High,,,False
1685,852,2025-12-01,Onboarding,High,2025-12-04,1.0,True
1686,852,2026-01-01,Onboarding,High,2026-01-02,1.0,True
1687,853,2026-01-01,Bug,Low,2026-01-04,3.0,True
1688,853,2026-02-01,Onboarding,Medium,2026-02-10,2.0,True
1689,853,2026-03-01,Bug,High,2026-03-09,2.0,True
1690,854,2025-10-01,Feature Request,Low,2025-10-09,3.0,True
1691,854,2025-12-01,Bug,Medium,2025-12-10,3.0,True
1692,854,2026-01-01,Billing,High,2026-01-02,2.0,True
1693,854,2026-02-01,General,Low,2026-02-08,2.0,True
1694,855,2026-06-01,Onboarding,Low,2026-06-11,4.0,True
1695,857,2026-05-01,Onboarding,Low,2026-05-06,3.0,True
1696,858,2025-07-01,Feature Request,High,,,False
1697,858,2025-08-01,General,High,2025-08-08,2.0,True
1698,859,2025-08-01,Bug,Medium,2025-08-10,3.0,True
1699,859,2026-03-01,Bug,High,2026-03-02,5.0,True
1700,860,2025-10-01,Billing,Low,2025-10-10,4.0,True
1701,862,2025-10-01,Feature Request,Medium,2025-10-10,3.0,True
1702,862,2025-11-01,Feature Request,Low,,,False
1703,862,2026-05-01,Feature Request,Medium,2026-05-02,2.0,True
1704,864,2025-09-01,Feature Request,Medium,2025-09-09,3.0,True
1705,864,2026-03-01,General,Medium,2026-03-08,1.0,True
1706,865,2025-06-01,Bug,Critical,2025-06-06,3.0,True
1707,865,2025-07-01,Billing,High,2025-07-02,3.0,True
1708,865,2025-12-01,Feature Request,High,2025-12-03,5.0,True
1709,865,2026-03-01,Feature Request,High,2026-03-07,1.0,True
1710,865,2026-04-01,Onboarding,High,2026-04-05,1.0,True
1711,866,2026-04-01,General,Medium,2026-04-10,2.0,True
1712,867,2026-01-01,Billing,Low,2026-01-10,1.0,True
1713,867,2026-02-01,Bug,High,2026-02-05,1.0,True
1714,868,2026-05-01,Bug,Medium,2026-05-03,5.0,True
1715,869,2025-10-01,Billing,Medium,2025-10-05,3.0,True
1716,869,2026-07-01,General,Low,2026-07-05,3.0,True
1717,870,2025-04-01,Bug,Low,2025-04-05,4.0,True
1718,870,2025-07-01,Onboarding,High,,,False
1719,870,2026-01-01,Bug,Low,2026-01-08,3.0,True
1720,872,2025-05-01,Feature Request,Low,2025-05-07,3.0,True
1721,872,2025-06-01,Feature Request,Low,2025-06-10,3.0,True
1722,872,2026-01-01,Bug,Medium,2026-01-10,4.0,True
1723,874,2026-06-01,Billing,Low,,,False
1724,876,2025-04-01,Feature Request,High,2025-04-05,5.0,True
1725,876,2025-11-01,Billing,High,2025-11-07,5.0,True
1726,876,2026-02-01,Bug,Medium,2026-02-07,4.0,True
1727,877,2025-09-01,Bug,High,2025-09-05,3.0,True
1728,877,2025-10-01,Bug,Medium,2025-10-06,5.0,True
1729,878,2025-10-01,Billing,High,2025-10-04,5.0,True
1730,879,2026-02-01,Billing,Low,2026-02-06,5.0,True
1731,880,2025-07-01,General,Medium,2025-07-11,4.0,True
1732,880,2025-09-01,Bug,High,2025-09-11,3.0,True
1733,881,2026-03-01,Feature Request,Medium,2026-03-03,4.0,True
1734,881,2026-07-01,Bug,High,2026-07-09,3.0,True
1735,882,2025-11-01,Onboarding,Medium,2025-11-04,2.0,True
1736,883,2025-08-01,Feature Request,High,2025-08-05,3.0,True
1737,883,2026-01-01,Billing,Medium,2026-01-06,5.0,True
1738,884,2025-05-01,Onboarding,Low,2025-05-03,1.0,True
1739,884,2025-06-01,Bug,Low,2025-06-10,1.0,True
1740,885,2025-09-01,Feature Request,Critical,,,False
1741,885,2025-10-01,Billing,Low,,,False
1742,886,2026-02-01,Billing,Medium,2026-02-03,3.0,True
1743,887,2025-05-01,Feature Request,Low,2025-05-02,5.0,True
1744,887,2025-06-01,General,Medium,2025-06-09,4.0,True
1745,887,2025-07-01,General,High,2025-07-02,5.0,True
1746,887,2025-10-01,General,Low,2025-10-11,3.0,True
1747,887,2025-11-01,Onboarding,Low,2025-11-11,4.0,True
1748,888,2025-09-01,General,Low,2025-09-03,4.0,True
1749,888,2026-05-01,Feature Request,Low,,,False
1750,889,2025-03-01,Billing,Low,2025-03-05,4.0,True
1751,889,2025-08-01,Bug,High,2025-08-03,1.0,True
1752,890,2025-12-01,General,Medium,,,False
1753,890,2026-01-01,Feature Request,Medium,2026-01-09,3.0,True
1754,890,2026-06-01,Feature Request,Medium,2026-06-06,5.0,True
1755,892,2026-01-01,Onboarding,Critical,2026-01-05,4.0,True
1756,892,2026-03-01,General,High,2026-03-08,2.0,True
1757,892,2026-04-01,Billing,Medium,2026-04-06,2.0,True
1758,893,2025-11-01,Feature Request,Low,,,False
1759,893,2026-03-01,Feature Request,Low,2026-03-07,3.0,True
1760,893,2026-05-01,Billing,Low,2026-05-04,4.0,True
1761,894,2026-02-01,General,Low,2026-02-06,3.0,True
1762,895,2025-06-01,Bug,Medium,,,False
1763,895,2025-07-01,Billing,Low,2025-07-07,5.0,True
1764,895,2025-12-01,Feature Request,Low,2025-12-02,3.0,True
1765,895,2026-05-01,Billing,High,2026-05-02,3.0,True
1766,896,2025-09-01,Onboarding,High,2025-09-10,3.0,True
1767,896,2025-10-01,Feature Request,Medium,,,False
1768,896,2026-02-01,General,Medium,2026-02-04,5.0,True
1769,897,2025-12-01,Bug,High,2025-12-09,3.0,True
1770,897,2026-04-01,Feature Request,Medium,2026-04-04,4.0,True
1771,898,2025-04-01,Onboarding,High,2025-04-06,4.0,True
1772,899,2026-02-01,Billing,High,,,False
1773,900,2025-07-01,Billing,Low,2025-07-07,3.0,True
1774,900,2025-08-01,Billing,High,2025-08-08,3.0,True
1775,901,2025-09-01,Feature Request,Critical,2025-09-10,2.0,True
1776,902,2025-06-01,General,High,2025-06-09,1.0,True
1777,902,2025-07-01,Onboarding,Medium,2025-07-07,1.0,True
1778,903,2026-08-01,General,Critical,2026-08-04,5.0,True
1779,903,2026-10-01,Billing,Low,,,False
1780,904,2024-12-01,Onboarding,Medium,2024-12-03,5.0,True
1781,904,2025-01-01,Billing,Low,2025-01-04,3.0,True
1782,904,2025-02-01,Bug,Medium,2025-02-08,4.0,True
1783,904,2025-03-01,Onboarding,Low,2025-03-06,4.0,True
1784,904,2025-04-01,Billing,Low,2025-04-10,3.0,True
1785,904,2025-07-01,Billing,Low,,,False
1786,904,2025-09-01,Bug,Low,2025-09-03,4.0,True
1787,904,2025-12-01,Billing,Low,2025-12-03,4.0,True
1788,904,2026-06-01,General,Medium,2026-06-03,4.0,True
1789,906,2025-04-01,Bug,High,2025-04-06,4.0,True
1790,906,2025-06-01,Feature Request,Low,2025-06-09,4.0,True
1791,906,2025-07-01,Feature Request,Low,2025-07-10,4.0,True
1792,906,2025-10-01,Bug,Low,2025-10-06,3.0,True
1793,907,2025-05-01,Feature Request,Medium,2025-05-07,3.0,True
1794,907,2025-07-01,Bug,Medium,2025-07-05,3.0,True
1795,907,2026-03-01,Bug,High,2026-03-02,2.0,True
1796,908,2025-03-01,Onboarding,High,,,False
1797,909,2025-11-01,Bug,High,2025-11-09,5.0,True
1798,909,2025-12-01,General,Low,,,False
1799,909,2026-02-01,Feature Request,Critical,2026-02-05,4.0,True
1800,909,2026-06-01,Billing,Low,2026-06-11,3.0,True
1801,910,2024-12-01,Onboarding,Low,2024-12-05,4.0,True
1802,910,2025-03-01,Feature Request,High,2025-03-09,4.0,True
1803,910,2025-05-01,Bug,Medium,2025-05-04,3.0,True
1804,910,2026-02-01,Billing,Medium,2026-02-06,3.0,True
1805,910,2026-04-01,Onboarding,Medium,2026-04-10,3.0,True
1806,910,2026-07-01,Feature Request,Low,2026-07-03,5.0,True
1807,911,2026-01-01,Feature Request,High,2026-01-07,5.0,True
1808,912,2025-04-01,General,Low,,,False
1809,912,2025-07-01,General,Low,2025-07-02,3.0,True
1810,914,2025-09-01,Feature Request,Low,,,False
1811,914,2025-10-01,Feature Request,Medium,2025-10-04,4.0,True
1812,916,2025-10-01,Onboarding,Low,2025-10-04,4.0,True
1813,916,2025-12-01,Billing,Medium,2025-12-07,4.0,True
1814,918,2025-07-01,General,Low,2025-07-03,5.0,True
1815,919,2026-05-01,Bug,Low,2026-05-08,4.0,True
1816,920,2025-11-01,General,Medium,2025-11-03,3.0,True
1817,920,2025-12-01,Onboarding,High,2025-12-03,5.0,True
1818,920,2026-07-01,Onboarding,Low,2026-07-02,3.0,True
1819,922,2026-02-01,Onboarding,High,2026-02-08,1.0,True
1820,922,2026-03-01,Feature Request,Medium,2026-03-06,1.0,True
1821,923,2025-03-01,Onboarding,Medium,2025-03-10,5.0,True
1822,923,2025-04-01,Bug,Low,,,False
1823,923,2025-06-01,Onboarding,Medium,2025-06-08,2.0,True
1824,924,2025-01-01,General,High,,,False
1825,924,2025-02-01,Feature Request,Low,2025-02-07,5.0,True
1826,924,2025-06-01,Feature Request,Low,2025-06-03,4.0,True
1827,924,2025-07-01,Bug,Low,2025-07-05,4.0,True
1828,924,2025-10-01,Billing,Medium,2025-10-11,3.0,True
1829,925,2026-01-01,Billing,Medium,2026-01-03,4.0,True
1830,925,2026-06-01,General,High,,,False
1831,926,2024-09-01,Feature Request,Medium,2024-09-11,2.0,True
1832,928,2026-01-01,Feature Request,Low,2026-01-06,3.0,True
1833,929,2025-06-01,General,High,2025-06-06,4.0,True
1834,929,2025-12-01,Billing,High,,,False
1835,929,2026-02-01,Feature Request,Low,2026-02-08,5.0,True
1836,929,2026-05-01,Onboarding,Medium,2026-05-04,4.0,True
1837,932,2025-05-01,Bug,Low,2025-05-06,5.0,True
1838,932,2026-04-01,Feature Request,Low,2026-04-10,4.0,True
1839,932,2026-05-01,General,Medium,,,False
1840,933,2025-09-01,Onboarding,Low,2025-09-06,5.0,True
1841,933,2025-12-01,Feature Request,Medium,2025-12-02,5.0,True
1842,933,2026-04-01,General,Medium,2026-04-11,3.0,True
1843,934,2027-07-01,Bug,Low,,,False
1844,934,2027-08-01,Onboarding,Low,,,False
1845,934,2027-12-01,Onboarding,Low,2027-12-11,3.0,True
1846,934,2028-05-01,Billing,Low,2028-05-04,3.0,True
1847,934,2028-07-01,General,Low,2028-07-04,4.0,True
1848,936,2025-04-01,Feature Request,Medium,2025-04-09,4.0,True
1849,936,2025-08-01,Onboarding,Low,2025-08-11,4.0,True
1850,937,2025-08-01,Billing,High,2025-08-02,1.0,True
1851,938,2025-07-01,Billing,High,2025-07-04,2.0,True
1852,938,2025-08-01,General,Medium,,,False
1853,940,2026-02-01,Feature Request,Low,2026-02-11,4.0,True
1854,940,2026-05-01,General,Medium,2026-05-07,4.0,True
1855,941,2025-05-01,Bug,Critical,2025-05-05,1.0,True
1856,941,2025-06-01,Bug,High,2025-06-09,1.0,True
1857,942,2025-07-01,General,Medium,2025-07-11,4.0,True
1858,942,2025-09-01,Onboarding,Low,2025-09-07,3.0,True
1859,942,2025-10-01,Bug,Medium,2025-10-09,2.0,True
1860,942,2025-11-01,Billing,High,,,False
1861,943,2025-09-01,Onboarding,Low,2025-09-05,2.0,True
1862,944,2026-08-01,Billing,Low,2026-08-02,4.0,True
1863,944,2026-09-01,Bug,Medium,2026-09-09,4.0,True
1864,944,2026-11-01,Onboarding,Medium,2026-11-05,3.0,True
1865,944,2026-12-01,General,Low,,,False
1866,944,2027-03-01,Bug,High,2027-03-05,5.0,True
1867,944,2027-04-01,Onboarding,Medium,2027-04-04,5.0,True
1868,944,2027-08-01,Bug,Low,2027-08-09,4.0,True
1869,946,2026-10-01,General,Medium,2026-10-04,4.0,True
1870,946,2026-11-01,Feature Request,Medium,2026-11-06,3.0,True
1871,947,2025-09-01,Bug,Medium,2025-09-02,5.0,True
1872,947,2025-10-01,Billing,Medium,2025-10-11,4.0,True
1873,947,2026-03-01,General,Low,2026-03-08,3.0,True
1874,948,2025-07-01,Onboarding,Low,2025-07-11,4.0,True
1875,948,2025-09-01,Onboarding,Medium,2025-09-09,5.0,True
1876,948,2025-11-01,Onboarding,Critical,2025-11-09,3.0,True
1877,948,2026-04-01,Billing,Medium,2026-04-08,3.0,True
1878,949,2025-06-01,Billing,Medium,2025-06-09,2.0,True
1879,949,2025-07-01,Bug,High,2025-07-08,2.0,True
1880,951,2025-10-01,Billing,Low,2025-10-02,4.0,True
1881,952,2025-03-01,Feature Request,Low,,,False
1882,952,2025-04-01,General,Low,2025-04-04,5.0,True
1883,952,2025-05-01,Feature Request,Low,2025-05-08,5.0,True
1884,952,2025-07-01,Feature Request,Medium,2025-07-08,4.0,True
1885,952,2025-08-01,Onboarding,Low,2025-08-06,5.0,True
1886,952,2025-11-01,Feature Request,Low,2025-11-10,5.0,True
1887,952,2026-07-01,General,Medium,2026-07-07,3.0,True
1888,953,2026-01-01,Feature Request,Medium,2026-01-04,4.0,True
1889,953,2026-04-01,General,Medium,2026-04-03,3.0,True
1890,954,2025-07-01,Bug,Medium,,,False
1891,954,2025-09-01,Feature Request,Medium,,,False
1892,955,2025-07-01,Billing,Low,,,False
1893,955,2025-11-01,Feature Request,Low,2025-11-08,3.0,True
1894,956,2026-05-01,Billing,Low,2026-05-03,4.0,True
1895,956,2026-12-01,General,Critical,,,False
1896,957,2025-06-01,Onboarding,Low,2025-06-06,4.0,True
1897,957,2025-08-01,Bug,Medium,2025-08-03,3.0,True
1898,957,2025-10-01,Feature Request,Medium,2025-10-04,4.0,True
1899,957,2026-06-01,Bug,Medium,2026-06-07,2.0,True
1900,957,2026-07-01,General,Medium,2026-07-05,2.0,True
1901,959,2026-04-01,General,Medium,2026-04-08,2.0,True
1902,960,2026-07-01,General,Medium,,,False
1903,961,2025-12-01,Billing,Critical,,,False
1904,961,2026-01-01,Onboarding,Low,2026-01-02,3.0,True
1905,961,2026-06-01,Billing,Medium,2026-06-07,3.0,True
1906,962,2025-10-01,Onboarding,High,2025-10-04,1.0,True
1907,963,2024-11-01,Onboarding,Medium,2024-11-02,5.0,True
1908,963,2024-12-01,Billing,Medium,2024-12-08,3.0,True
1909,963,2025-03-01,General,Medium,2025-03-05,3.0,True
1910,964,2025-12-01,Feature Request,Low,2025-12-09,3.0,True
1911,964,2026-02-01,Billing,High,2026-02-07,2.0,True
1912,964,2026-03-01,Onboarding,Medium,2026-03-07,1.0,True
1913,965,2025-09-01,Onboarding,Medium,2025-09-05,5.0,True
1914,966,2026-01-01,Billing,Low,2026-01-08,4.0,True
1915,967,2026-01-01,General,Low,2026-01-05,5.0,True
1916,967,2026-04-01,Onboarding,Low,2026-04-11,1.0,True
1917,968,2025-12-01,Bug,Medium,2025-12-08,3.0,True
1918,968,2026-04-01,Onboarding,Medium,2026-04-02,3.0,True
1919,969,2024-12-01,Billing,Critical,2024-12-09,1.0,True
1920,969,2025-01-01,Feature Request,High,2025-01-04,1.0,True
1921,970,2026-03-01,Onboarding,Medium,2026-03-06,4.0,True
1922,971,2025-02-01,Bug,Medium,,,False
1923,972,2026-02-01,Onboarding,Critical,2026-02-03,3.0,True
1924,974,2025-08-01,Billing,Medium,2025-08-06,3.0,True
1925,974,2025-12-01,Feature Request,Medium,2025-12-02,5.0,True
1926,974,2026-05-01,Bug,Low,2026-05-11,5.0,True
1927,974,2026-06-01,Onboarding,Medium,2026-06-11,5.0,True
1928,976,2025-05-01,General,High,2025-05-09,2.0,True
1929,977,2025-08-01,Feature Request,High,2025-08-06,2.0,True
1930,978,2025-11-01,Feature Request,Low,2025-11-04,3.0,True
1931,978,2026-04-01,Feature Request,Medium,2026-04-03,4.0,True
1932,978,2026-05-01,Bug,Medium,,,False
1933,979,2025-05-01,General,Critical,2025-05-10,1.0,True
1934,979,2025-06-01,General,Medium,,,False
1935,980,2025-04-01,Bug,Low,2025-04-07,3.0,True
1936,980,2025-06-01,Billing,Low,2025-06-02,3.0,True
1937,980,2025-09-01,Bug,Medium,2025-09-07,3.0,True
1938,981,2025-10-01,General,High,,,False
1939,981,2026-01-01,Bug,Low,2026-01-11,4.0,True
1940,981,2026-02-01,General,Low,2026-02-02,4.0,True
1941,982,2025-04-01,Billing,Low,2025-04-06,5.0,True
1942,982,2025-05-01,General,Medium,2025-05-05,3.0,True
1943,982,2025-07-01,Billing,Low,2025-07-08,3.0,True
1944,982,2025-09-01,Bug,Low,,,False
1945,982,2026-01-01,General,Critical,2026-01-08,1.0,True
1946,982,2026-02-01,Feature Request,High,,,False
1947,983,2025-04-01,Billing,Medium,2025-04-07,5.0,True
1948,983,2025-12-01,General,Low,2025-12-06,3.0,True
1949,984,2025-09-01,Feature Request,High,2025-09-09,1.0,True
1950,986,2026-06-01,Feature Request,Low,2026-06-02,5.0,True
1951,986,2026-07-01,General,Medium,2026-07-07,5.0,True
1952,987,2025-11-01,Feature Request,Medium,2025-11-09,4.0,True
1953,987,2026-03-01,Feature Request,Medium,2026-03-11,1.0,True
1954,987,2026-04-01,Bug,Low,2026-04-11,1.0,True
1955,988,2025-03-01,Bug,Low,2025-03-05,3.0,True
1956,988,2025-06-01,Bug,High,2025-06-07,1.0,True
1957,989,2025-05-01,Feature Request,Medium,2025-05-09,3.0,True
1958,989,2025-06-01,Feature Request,High,2025-06-11,2.0,True
1959,989,2025-07-01,Bug,Critical,2025-07-07,1.0,True
1960,990,2025-10-01,Feature Request,Medium,,,False
1961,991,2025-08-01,General,Low,2025-08-10,4.0,True
1962,991,2025-10-01,General,Medium,2025-10-11,3.0,True
1963,991,2026-07-01,General,Low,2026-07-03,4.0,True
1964,992,2026-08-01,General,Low,2026-08-10,5.0,True
1965,992,2027-01-01,Billing,Medium,2027-01-08,3.0,True
1966,992,2027-03-01,Billing,Medium,2027-03-04,3.0,True
1967,992,2027-06-01,Bug,High,2027-06-06,3.0,True
1968,993,2026-05-01,Feature Request,High,2026-05-06,3.0,True
1969,993,2026-07-01,Onboarding,Low,2026-07-06,4.0,True
1970,994,2025-08-01,Billing,Low,2025-08-04,5.0,True
1971,994,2025-12-01,Billing,Low,2025-12-05,5.0,True
1972,994,2026-04-01,Billing,Medium,2026-04-09,5.0,True
1973,995,2026-04-01,General,Critical,2026-04-02,2.0,True
1974,996,2026-04-01,Billing,Medium,2026-04-11,1.0,True
1975,996,2026-05-01,Billing,High,2026-05-03,1.0,True
1976,997,2025-03-01,Billing,High,2025-03-05,3.0,True
1977,997,2026-02-01,Billing,Low,2026-02-11,4.0,True
1978,997,2026-05-01,Feature Request,Low,2026-05-10,4.0,True
1979,998,2025-10-01,General,Medium,2025-10-09,4.0,True
1980,1000,2025-08-01,Onboarding,Critical,2025-08-02,2.0,True
1981,1000,2025-09-01,General,High,2025-09-04,2.0,True
1982,1001,2024-12-01,Billing,Medium,2024-12-03,4.0,True
1983,1001,2025-01-01,Bug,Low,,,False
1984,1001,2025-02-01,Onboarding,Low,2025-02-10,4.0,True
1985,1001,2026-03-01,Billing,Medium,2026-03-08,5.0,True
1986,1001,2026-06-01,General,Low,2026-06-11,5.0,True
1987,1001,2026-07-01,Billing,High,2026-07-03,4.0,True
1988,1002,2025-06-01,Onboarding,Medium,2025-06-03,4.0,True
1989,1002,2026-03-01,Feature Request,High,2026-03-08,1.0,True
1990,1003,2026-03-01,Bug,High,2026-03-03,5.0,True
1991,1004,2026-06-01,Billing,Medium,2026-06-08,4.0,True
1992,1006,2025-12-01,General,Medium,2025-12-10,4.0,True
1993,1006,2026-01-01,General,Low,2026-01-05,5.0,True
1994,1006,2026-02-01,Onboarding,Medium,2026-02-02,5.0,True
1995,1006,2026-03-01,General,Low,,,False
1996,1006,2026-07-01,General,Medium,2026-07-04,3.0,True
1997,1006,2026-08-01,Feature Request,Low,2026-08-11,1.0,True
1998,1006,2026-09-01,Feature Request,High,2026-09-08,2.0,True
1999,1007,2025-04-01,General,High,2025-04-02,5.0,True
2000,1007,2025-05-01,Bug,Low,2025-05-09,5.0,True
2001,1007,2025-07-01,General,Low,2025-07-08,4.0,True
2002,1007,2026-02-01,Feature Request,Low,2026-02-08,4.0,True
2003,1008,2025-07-01,General,High,2025-07-09,2.0,True
2004,1009,2025-03-01,General,Low,2025-03-09,5.0,True
2005,1009,2025-04-01,Feature Request,Low,2025-04-08,3.0,True
2006,1009,2025-10-01,General,Low,2025-10-05,3.0,True
2007,1009,2026-04-01,Feature Request,Medium,2026-04-08,3.0,True
2008,1009,2026-05-01,Feature Request,Low,2026-05-02,4.0,True
2009,1009,2026-06-01,Onboarding,Medium,2026-06-07,4.0,True
2010,1010,2026-01-01,Billing,Medium,2026-01-05,4.0,True
2011,1010,2026-04-01,General,Low,2026-04-09,5.0,True
2012,1010,2026-06-01,Billing,Low,2026-06-06,3.0,True
2013,1011,2026-07-01,Billing,Medium,2026-07-09,1.0,True
2014,1012,2025-06-01,Onboarding,Low,2025-06-05,5.0,True
2015,1012,2025-07-01,Onboarding,Medium,2025-07-08,3.0,True
2016,1012,2025-12-01,Feature Request,Low,2025-12-02,3.0,True
2017,1012,2026-04-01,General,Medium,,,False
2018,1013,2025-04-01,Onboarding,Medium,2025-04-11,5.0,True
2019,1013,2025-05-01,Feature Request,Low,,,False
2020,1013,2025-12-01,Billing,Critical,2025-12-09,4.0,True
2021,1013,2026-01-01,Bug,High,,,False
2022,1013,2026-05-01,Onboarding,Medium,2026-05-09,3.0,True
2023,1014,2026-04-01,General,Low,,,False
2024,1015,2026-01-01,Feature Request,Low,2026-01-06,3.0,True
2025,1015,2026-02-01,General,Low,2026-02-10,5.0,True
2026,1016,2025-04-01,General,Critical,,,False
2027,1017,2025-10-01,Billing,High,2025-10-08,1.0,True
2028,1017,2025-11-01,General,Medium,2025-11-11,2.0,True
2029,1018,2025-04-01,Billing,High,2025-04-08,5.0,True
2030,1018,2025-08-01,Onboarding,Low,2025-08-11,3.0,True
2031,1018,2026-05-01,Billing,High,2026-05-06,1.0,True
2032,1018,2026-06-01,Onboarding,High,2026-06-03,2.0,True
2033,1019,2025-09-01,Feature Request,Medium,,,False
2034,1019,2026-02-01,Onboarding,Medium,2026-02-03,3.0,True
2035,1019,2026-04-01,Onboarding,Medium,2026-04-03,4.0,True
2036,1020,2025-03-01,Bug,Low,2025-03-05,3.0,True
2037,1020,2025-07-01,Bug,Medium,2025-07-03,5.0,True
2038,1020,2025-08-01,General,Critical,2025-08-11,1.0,True
2039,1020,2025-09-01,Feature Request,High,,,False
2040,1021,2025-10-01,Billing,Medium,2025-10-11,2.0,True
2041,1021,2025-11-01,Onboarding,High,2025-11-08,2.0,True
2042,1022,2026-01-01,Bug,Low,2026-01-07,2.0,True
2043,1023,2025-04-01,Feature Request,Medium,2025-04-11,5.0,True
2044,1023,2025-07-01,General,Low,2025-07-08,3.0,True
2045,1023,2025-09-01,General,Low,2025-09-07,4.0,True
2046,1025,2025-03-01,Bug,Medium,2025-03-11,5.0,True
2047,1025,2025-06-01,Feature Request,Medium,2025-06-09,5.0,True
2048,1025,2025-08-01,General,Critical,,,False
2049,1025,2025-09-01,General,High,2025-09-05,2.0,True
2050,1027,2025-10-01,Onboarding,High,2025-10-02,2.0,True
2051,1027,2025-11-01,Onboarding,Medium,2025-11-05,2.0,True
2052,1028,2025-09-01,Bug,Low,2025-09-06,4.0,True
2053,1028,2025-11-01,Feature Request,High,2025-11-02,5.0,True
2054,1029,2026-05-01,Bug,High,,,False
2055,1030,2025-02-01,Feature Request,Medium,2025-02-09,4.0,True
2056,1030,2025-05-01,General,Low,2025-05-06,4.0,True
2057,1030,2025-07-01,Bug,Low,2025-07-09,5.0,True
2058,1030,2025-11-01,Feature Request,High,2025-11-02,4.0,True
2059,1031,2025-10-01,Feature Request,Critical,,,False
2060,1031,2025-11-01,Billing,Medium,2025-11-10,3.0,True
2061,1031,2025-12-01,General,High,2025-12-07,4.0,True
2062,1031,2026-02-01,Onboarding,Critical,2026-02-10,1.0,True
2063,1031,2026-03-01,General,High,2026-03-10,2.0,True
2064,1032,2025-04-01,Bug,Medium,2025-04-11,4.0,True
2065,1032,2026-04-01,Feature Request,Medium,2026-04-06,3.0,True
2066,1032,2026-06-01,Bug,High,2026-06-10,3.0,True
2067,1033,2025-04-01,Feature Request,Low,2025-04-04,3.0,True
2068,1033,2025-09-01,Feature Request,Medium,2025-09-03,4.0,True
2069,1033,2026-03-01,Billing,Medium,2026-03-03,2.0,True
2070,1034,2025-10-01,General,Medium,,,False
2071,1034,2026-02-01,Billing,Low,2026-02-04,3.0,True
2072,1035,2025-09-01,General,Medium,,,False
2073,1035,2025-11-01,Onboarding,High,2025-11-04,2.0,True
2074,1035,2025-12-01,Billing,Low,2025-12-08,2.0,True
2075,1036,2026-02-01,Onboarding,Low,2026-02-11,5.0,True
2076,1036,2026-06-01,Bug,Medium,2026-06-09,2.0,True
2077,1037,2025-07-01,Bug,Low,,,False
2078,1038,2025-04-01,Bug,High,2025-04-06,3.0,True
2079,1039,2025-06-01,Billing,Low,2025-06-10,5.0,True
2080,1039,2025-07-01,Billing,Medium,2025-07-09,4.0,True
2081,1039,2025-10-01,Onboarding,Medium,2025-10-11,4.0,True
2082,1039,2026-06-01,Bug,Critical,,,False
2083,1039,2026-07-01,Billing,Low,2026-07-11,5.0,True
2084,1040,2025-08-01,General,High,,,False
2085,1040,2026-05-01,Feature Request,Medium,2026-05-11,3.0,True
2086,1040,2026-06-01,Feature Request,High,2026-06-09,4.0,True
2087,1042,2025-06-01,General,Medium,2025-06-03,5.0,True
2088,1043,2025-03-01,General,Low,2025-03-05,4.0,True
2089,1043,2025-05-01,Onboarding,Medium,2025-05-07,5.0,True
2090,1043,2025-06-01,Feature Request,Low,2025-06-02,4.0,True
2091,1044,2025-12-01,Billing,Medium,2025-12-04,2.0,True
2092,1045,2025-06-01,Feature Request,Medium,2025-06-07,4.0,True
2093,1045,2025-07-01,Feature Request,Medium,2025-07-11,3.0,True
2094,1045,2025-12-01,Billing,Medium,,,False
2095,1046,2025-10-01,Feature Request,Low,2025-10-10,4.0,True
2096,1046,2025-12-01,Onboarding,High,2025-12-05,3.0,True
2097,1046,2026-01-01,Billing,Low,2026-01-09,4.0,True
2098,1047,2025-03-01,Feature Request,Low,2025-03-09,3.0,True
2099,1047,2026-01-01,Billing,High,2026-01-10,5.0,True
2100,1048,2025-01-01,Onboarding,High,2025-01-02,5.0,True
2101,1048,2025-03-01,Onboarding,Medium,2025-03-03,4.0,True
2102,1048,2025-05-01,General,Medium,,,False
2103,1048,2025-08-01,Bug,Low,2025-08-07,3.0,True
2104,1048,2026-05-01,Onboarding,Medium,2026-05-04,5.0,True
2105,1049,2025-07-01,Billing,Low,,,False
2106,1049,2026-04-01,Billing,Low,2026-04-08,4.0,True
2107,1049,2026-06-01,Onboarding,High,2026-06-09,5.0,True
2108,1051,2025-08-01,Feature Request,Low,,,False
2109,1051,2025-10-01,Billing,Low,2025-10-07,3.0,True
2110,1051,2025-11-01,Bug,Medium,2025-11-10,4.0,True
2111,1051,2026-01-01,Billing,Low,2026-01-06,4.0,True
2112,1051,2026-03-01,Feature Request,High,2026-03-05,3.0,True
2113,1051,2026-09-01,Bug,High,2026-09-06,3.0,True
2114,1051,2027-01-01,Billing,Low,2027-01-03,5.0,True
2115,1052,2025-05-01,Bug,Low,2025-05-10,3.0,True
2116,1052,2026-01-01,General,Medium,,,False
2117,1052,2026-07-01,Feature Request,High,,,False
2118,1053,2025-11-01,Feature Request,Low,2025-11-08,5.0,True
2119,1053,2026-03-01,General,High,2026-03-05,3.0,True
2120,1053,2026-06-01,Onboarding,High,,,False
2121,1054,2026-10-01,Feature Request,Medium,2026-10-11,5.0,True
2122,1054,2026-12-01,Onboarding,Medium,2026-12-02,5.0,True
2123,1054,2027-01-01,Bug,Medium,2027-01-09,5.0,True
2124,1055,2024-11-01,Onboarding,High,2024-11-10,1.0,True
2125,1056,2025-11-01,Billing,High,2025-11-08,3.0,True
2126,1056,2026-02-01,General,High,2026-02-02,3.0,True
2127,1056,2026-07-01,General,Low,2026-07-11,5.0,True
2128,1057,2025-09-01,Billing,Medium,,,False
2129,1057,2026-02-01,Onboarding,Low,2026-02-11,5.0,True
2130,1057,2026-03-01,General,Low,2026-03-05,4.0,True
2131,1057,2026-04-01,Billing,Medium,2026-04-10,4.0,True
2132,1057,2026-08-01,Onboarding,Low,2026-08-03,4.0,True
2133,1057,2026-09-01,Onboarding,Low,,,False
2134,1058,2025-07-01,General,Low,,,False
2135,1058,2025-12-01,Bug,Low,2025-12-04,4.0,True
2136,1059,2025-03-01,Feature Request,Low,2025-03-07,3.0,True
2137,1059,2025-08-01,Billing,Low,2025-08-06,3.0,True
2138,1059,2025-09-01,Onboarding,Low,2025-09-05,3.0,True
2139,1059,2025-10-01,General,High,2025-10-08,2.0,True
2140,1060,2026-04-01,General,Low,2026-04-05,3.0,True
2141,1061,2025-05-01,Feature Request,Medium,2025-05-10,3.0,True
2142,1062,2025-12-01,General,Medium,2025-12-09,1.0,True
2143,1063,2024-12-01,General,Low,2024-12-11,3.0,True
2144,1064,2025-10-01,General,Low,2025-10-07,3.0,True
2145,1064,2025-12-01,General,Medium,2025-12-07,5.0,True
2146,1064,2026-01-01,Feature Request,High,2026-01-05,4.0,True
2147,1065,2026-10-01,Onboarding,High,2026-10-06,1.0,True
2148,1066,2024-11-01,Onboarding,Medium,2024-11-04,5.0,True
2149,1066,2025-08-01,Bug,Low,,,False
2150,1066,2025-11-01,Billing,Medium,2025-11-07,3.0,True
2151,1067,2025-04-01,Onboarding,Medium,2025-04-10,3.0,True
2152,1067,2026-04-01,Onboarding,High,2026-04-04,3.0,True
2153,1068,2025-11-01,Bug,Low,2025-11-06,5.0,True
2154,1068,2026-07-01,Bug,Low,2026-07-10,5.0,True
2155,1069,2025-01-01,Billing,Critical,2025-01-11,4.0,True
2156,1070,2026-02-01,Feature Request,Low,2026-02-02,4.0,True
2157,1070,2026-03-01,Bug,Low,2026-03-05,3.0,True
2158,1070,2026-05-01,Billing,Low,2026-05-05,3.0,True
2159,1071,2026-06-01,Bug,Medium,2026-06-03,3.0,True
2160,1072,2025-10-01,General,Critical,,,False
2161,1072,2025-11-01,Onboarding,Medium,2025-11-05,2.0,True
2162,1073,2025-09-01,Bug,Medium,2025-09-04,5.0,True
2163,1073,2025-12-01,Onboarding,Critical,,,False
2164,1073,2026-07-01,Onboarding,Low,2026-07-04,5.0,True
2165,1075,2025-06-01,Bug,Medium,2025-06-02,1.0,True
2166,1075,2025-07-01,Billing,Medium,2025-07-07,1.0,True
2167,1076,2025-10-01,Feature Request,High,2025-10-11,1.0,True
2168,1077,2025-08-01,Billing,Low,2025-08-08,5.0,True
2169,1077,2026-05-01,Bug,Medium,2026-05-05,4.0,True
2170,1077,2026-08-01,Feature Request,High,2026-08-02,3.0,True
2171,1078,2025-07-01,Billing,Low,2025-07-07,3.0,True
2172,1078,2026-03-01,Bug,Low,2026-03-05,5.0,True
2173,1078,2026-06-01,General,Medium,2026-06-08,3.0,True
2174,1079,2026-01-01,Feature Request,High,2026-01-09,3.0,True
2175,1079,2026-05-01,Bug,Medium,2026-05-04,5.0,True
2176,1079,2026-07-01,Onboarding,Medium,2026-07-04,4.0,True
2177,1080,2025-09-01,General,Low,2025-09-04,5.0,True
2178,1080,2026-01-01,Feature Request,Critical,2026-01-09,5.0,True
2179,1080,2026-03-01,Bug,Low,2026-03-10,4.0,True
2180,1080,2026-05-01,Bug,Medium,2026-05-05,4.0,True
2181,1081,2025-11-01,Billing,Low,2025-11-10,3.0,True
2182,1082,2025-01-01,Feature Request,Low,2025-01-10,1.0,True
2183,1083,2025-02-01,Bug,Medium,2025-02-11,3.0,True
2184,1083,2025-03-01,Onboarding,Low,2025-03-04,5.0,True
2185,1083,2025-04-01,Bug,High,2025-04-05,4.0,True
2186,1083,2025-08-01,Feature Request,Low,2025-08-09,3.0,True
2187,1083,2025-10-01,General,Low,,,False
2188,1083,2026-07-01,Onboarding,Critical,2026-07-06,5.0,True
2189,1085,2024-11-01,Feature Request,High,2024-11-04,3.0,True
2190,1085,2024-12-01,General,Low,2024-12-07,3.0,True
2191,1086,2025-03-01,Onboarding,Low,2025-03-11,5.0,True
2192,1086,2025-08-01,Onboarding,Low,,,False
2193,1086,2025-11-01,Feature Request,High,2025-11-05,3.0,True
2194,1088,2026-05-01,General,Critical,2026-05-09,3.0,True
2195,1089,2025-09-01,Onboarding,Medium,2025-09-11,4.0,True
2196,1089,2026-03-01,Billing,Low,2026-03-11,5.0,True
2197,1089,2026-05-01,Onboarding,Low,2026-05-08,2.0,True
2198,1091,2025-08-01,General,Critical,2025-08-08,4.0,True
2199,1091,2026-05-01,Bug,Low,2026-05-10,3.0,True
2200,1091,2026-07-01,Onboarding,Medium,2026-07-04,4.0,True
2201,1093,2025-07-01,Feature Request,Critical,2025-07-10,4.0,True
2202,1093,2025-09-01,Billing,High,2025-09-10,2.0,True
2203,1095,2026-06-01,Onboarding,Medium,2026-06-03,3.0,True
2204,1096,2026-04-01,Billing,Low,2026-04-06,2.0,True
2205,1096,2026-05-01,Bug,High,2026-05-08,2.0,True
2206,1097,2025-03-01,General,Medium,2025-03-09,4.0,True
2207,1097,2025-04-01,Feature Request,Low,2025-04-06,4.0,True
2208,1097,2025-05-01,Feature Request,Low,2025-05-09,5.0,True
2209,1097,2025-09-01,General,Medium,2025-09-02,3.0,True
2210,1097,2025-11-01,Feature Request,Low,2025-11-11,5.0,True
2211,1097,2026-01-01,Billing,High,2026-01-09,4.0,True
2212,1098,2025-08-01,Bug,Medium,2025-08-04,1.0,True
2213,1099,2026-05-01,Onboarding,High,2026-05-06,4.0,True
2214,1100,2025-11-01,Billing,High,2025-11-11,3.0,True
2215,1100,2025-12-01,General,High,2025-12-07,3.0,True
2216,1100,2026-02-01,Onboarding,Medium,2026-02-09,4.0,True
2217,1101,2025-10-01,General,Low,2025-10-05,5.0,True
2218,1101,2025-12-01,Onboarding,High,2025-12-04,1.0,True
2219,1102,2026-05-01,General,Medium,2026-05-06,1.0,True
2220,1103,2026-10-01,Billing,Medium,2026-10-04,3.0,True
2221,1104,2025-05-01,Onboarding,Low,2025-05-03,4.0,True
2222,1104,2025-07-01,Billing,Medium,2025-07-03,2.0,True
2223,1105,2026-02-01,Feature Request,Low,,,False
2224,1106,2025-02-01,Onboarding,Medium,2025-02-10,3.0,True
2225,1106,2025-03-01,General,Low,2025-03-08,4.0,True
2226,1106,2025-07-01,Feature Request,High,2025-07-05,5.0,True
2227,1107,2025-08-01,Feature Request,Critical,2025-08-08,4.0,True
2228,1107,2025-11-01,Billing,Medium,2025-11-08,4.0,True
2229,1107,2026-01-01,Bug,High,2026-01-07,4.0,True
2230,1108,2025-08-01,Billing,Low,2025-08-02,5.0,True
2231,1108,2026-02-01,Onboarding,Critical,2026-02-03,4.0,True
2232,1108,2026-04-01,Onboarding,Critical,2026-04-08,4.0,True
2233,1109,2025-09-01,Onboarding,Medium,2025-09-08,4.0,True
2234,1109,2026-01-01,General,Low,2026-01-03,4.0,True
2235,1109,2026-05-01,Bug,Medium,2026-05-10,3.0,True
2236,1110,2025-07-01,Onboarding,Low,,,False
2237,1110,2026-02-01,Bug,Critical,,,False
2238,1112,2025-12-01,Onboarding,High,,,False
2239,1114,2025-06-01,Feature Request,Low,2025-06-11,3.0,True
2240,1114,2025-10-01,Feature Request,Medium,,,False
2241,1114,2026-01-01,Billing,Low,2026-01-09,4.0,True
2242,1114,2026-03-01,Bug,High,2026-03-07,5.0,True
2243,1114,2026-05-01,Onboarding,Low,,,False
2244,1114,2026-07-01,Feature Request,High,2026-07-05,3.0,True
2245,1116,2025-02-01,Feature Request,Medium,2025-02-06,3.0,True
2246,1116,2025-07-01,Onboarding,Medium,2025-07-05,3.0,True
2247,1117,2025-06-01,General,Medium,2025-06-08,5.0,True
2248,1117,2026-02-01,Onboarding,Low,2026-02-06,3.0,True
2249,1118,2026-06-01,Billing,High,,,False
2250,1119,2026-05-01,Billing,Medium,2026-05-06,4.0,True
2251,1120,2025-07-01,Onboarding,Medium,2025-07-04,5.0,True
2252,1121,2026-11-01,Feature Request,Medium,2026-11-06,4.0,True
2253,1121,2027-01-01,Feature Request,Low,2027-01-11,5.0,True
2254,1122,2025-05-01,Feature Request,Medium,2025-05-04,5.0,True
2255,1122,2025-07-01,Onboarding,Medium,2025-07-07,5.0,True
2256,1122,2025-10-01,Billing,Medium,2025-10-04,4.0,True
2257,1122,2025-12-01,Feature Request,Medium,2025-12-04,5.0,True
2258,1122,2026-01-01,Bug,Medium,2026-01-11,5.0,True
2259,1122,2026-03-01,Bug,High,2026-03-11,1.0,True
2260,1122,2026-04-01,Onboarding,Critical,2026-04-11,1.0,True
2261,1123,2025-03-01,Onboarding,Critical,2025-03-08,5.0,True
2262,1124,2025-08-01,Feature Request,Low,2025-08-04,3.0,True
2263,1124,2025-10-01,Feature Request,High,2025-10-05,3.0,True
2264,1124,2026-01-01,Billing,Medium,2026-01-07,3.0,True
2265,1124,2026-04-01,Onboarding,Critical,2026-04-11,3.0,True
2266,1125,2025-10-01,Billing,Low,2025-10-08,5.0,True
2267,1125,2026-01-01,Feature Request,Critical,2026-01-06,5.0,True
2268,1125,2026-07-01,Feature Request,High,2026-07-04,3.0,True
2269,1126,2026-01-01,General,Low,,,False
2270,1128,2026-07-01,Feature Request,Medium,2026-07-06,5.0,True
2271,1129,2025-05-01,Feature Request,Low,2025-05-11,3.0,True
2272,1129,2025-07-01,Billing,High,2025-07-02,1.0,True
2273,1129,2025-08-01,General,Critical,,,False
2274,1130,2026-05-01,Onboarding,Medium,2026-05-04,5.0,True
2275,1131,2025-11-01,General,Medium,2025-11-04,4.0,True
2276,1131,2026-03-01,Bug,Low,2026-03-10,3.0,True
2277,1131,2026-05-01,General,Medium,2026-05-05,5.0,True
2278,1131,2026-06-01,Bug,Medium,,,False
2279,1133,2025-07-01,General,Low,2025-07-03,5.0,True
2280,1133,2025-12-01,Billing,High,2025-12-11,2.0,True
2281,1134,2025-03-01,Feature Request,Medium,2025-03-07,3.0,True
2282,1134,2025-07-01,Onboarding,Low,2025-07-03,3.0,True
2283,1134,2025-09-01,Onboarding,Medium,2025-09-07,1.0,True
2284,1134,2025-10-01,General,Low,2025-10-07,2.0,True
2285,1135,2025-10-01,Onboarding,Low,2025-10-07,3.0,True
2286,1135,2025-11-01,Onboarding,Medium,2025-11-05,3.0,True
2287,1135,2026-01-01,Feature Request,Low,2026-01-11,3.0,True
2288,1135,2026-03-01,Feature Request,Low,2026-03-11,5.0,True
2289,1135,2026-05-01,Feature Request,Medium,2026-05-03,5.0,True
2290,1135,2026-07-01,General,Medium,2026-07-03,4.0,True
2291,1136,2025-01-01,Bug,Low,,,False
2292,1136,2026-01-01,Feature Request,Low,2026-01-04,4.0,True
2293,1137,2025-08-01,Onboarding,Low,,,False
2294,1137,2026-01-01,Billing,High,2026-01-03,3.0,True
2295,1138,2026-03-01,Feature Request,Medium,2026-03-08,5.0,True
2296,1138,2026-04-01,Bug,Low,2026-04-05,5.0,True
2297,1138,2026-09-01,Onboarding,Medium,2026-09-02,3.0,True
2298,1139,2026-04-01,Billing,Medium,2026-04-11,3.0,True
2299,1139,2026-06-01,Billing,Critical,2026-06-03,1.0,True
2300,1140,2025-11-01,Bug,Low,2025-11-08,4.0,True
2301,1140,2026-01-01,Billing,Critical,2026-01-03,1.0,True
2302,1140,2026-02-01,General,Low,2026-02-09,2.0,True
2303,1141,2025-06-01,Bug,Low,2025-06-09,4.0,True
2304,1141,2025-10-01,Billing,High,2025-10-08,3.0,True
2305,1141,2025-11-01,Onboarding,High,2025-11-08,5.0,True
2306,1143,2025-06-01,Billing,Medium,2025-06-07,1.0,True
2307,1143,2025-07-01,Feature Request,High,2025-07-04,1.0,True
2308,1144,2025-11-01,Onboarding,Medium,2025-11-06,1.0,True
2309,1144,2025-12-01,Bug,Medium,2025-12-11,1.0,True
2310,1145,2025-09-01,General,Low,2025-09-09,4.0,True
2311,1145,2025-11-01,Feature Request,Medium,2025-11-09,5.0,True
2312,1146,2025-03-01,Billing,High,,,False
2313,1146,2026-03-01,Billing,Low,2026-03-06,4.0,True
2314,1146,2026-07-01,Bug,Medium,2026-07-11,2.0,True
2315,1147,2025-04-01,Onboarding,Medium,2025-04-09,4.0,True
2316,1147,2025-11-01,General,High,2025-11-06,5.0,True
2317,1147,2026-02-01,General,Low,2026-02-03,2.0,True
2318,1148,2027-08-01,Bug,Critical,2027-08-06,1.0,True
2319,1150,2025-12-01,Onboarding,High,2025-12-05,3.0,True
2320,1150,2026-03-01,Bug,Low,2026-03-04,4.0,True
2321,1150,2026-06-01,Feature Request,Low,2026-06-07,5.0,True
2322,1151,2027-03-01,General,Low,2027-03-05,3.0,True
2323,1151,2027-07-01,Feature Request,Medium,2027-07-03,5.0,True
2324,1151,2028-03-01,Feature Request,Low,,,False
2325,1152,2025-12-01,Billing,Low,2025-12-05,4.0,True
2326,1152,2026-04-01,Billing,Medium,2026-04-04,4.0,True
2327,1152,2026-05-01,Onboarding,Medium,2026-05-03,4.0,True
2328,1153,2025-05-01,Onboarding,Medium,2025-05-04,4.0,True
2329,1153,2025-07-01,Bug,Low,2025-07-02,5.0,True
2330,1153,2026-01-01,Onboarding,Medium,2026-01-02,4.0,True
2331,1153,2026-02-01,Billing,High,2026-02-10,5.0,True
2332,1153,2026-07-01,Bug,Low,2026-07-06,5.0,True
2333,1154,2025-05-01,General,Medium,2025-05-06,4.0,True
2334,1154,2025-09-01,Feature Request,Medium,2025-09-02,4.0,True
2335,1155,2025-05-01,General,Medium,2025-05-08,3.0,True
2336,1155,2026-05-01,Feature Request,Medium,2026-05-02,3.0,True
2337,1156,2025-01-01,Feature Request,Medium,2025-01-03,3.0,True
2338,1156,2025-05-01,Billing,High,2025-05-05,4.0,True
2339,1156,2026-05-01,Billing,Low,2026-05-05,3.0,True
2340,1156,2026-06-01,Bug,Medium,2026-06-09,5.0,True
2341,1156,2026-07-01,Feature Request,Low,2026-07-04,4.0,True
2342,1157,2025-09-01,Feature Request,Critical,,,False
2343,1157,2026-03-01,Billing,Low,2026-03-06,5.0,True
2344,1157,2026-07-01,Feature Request,Medium,2026-07-04,4.0,True
2345,1158,2025-09-01,Bug,Medium,2025-09-02,2.0,True
2346,1159,2025-01-01,Billing,High,2025-01-11,1.0,True
2347,1160,2025-11-01,Billing,Low,2025-11-04,5.0,True
2348,1160,2026-01-01,Billing,Low,2026-01-08,5.0,True
2349,1160,2026-03-01,General,Medium,2026-03-08,4.0,True
2350,1162,2025-03-01,Bug,Medium,2025-03-06,2.0,True
2351,1163,2025-03-01,Feature Request,Medium,2025-03-10,4.0,True
2352,1164,2025-06-01,Feature Request,High,2025-06-05,4.0,True
2353,1164,2025-11-01,Onboarding,Low,,,False
2354,1164,2026-02-01,General,Medium,2026-02-06,3.0,True
2355,1165,2025-04-01,Feature Request,High,2025-04-07,4.0,True
2356,1165,2025-11-01,Bug,Medium,2025-11-10,2.0,True
2357,1166,2024-11-01,Bug,High,2024-11-05,1.0,True
2358,1167,2025-01-01,General,Critical,2025-01-05,1.0,True
2359,1167,2025-02-01,Feature Request,High,2025-02-06,1.0,True
2360,1168,2025-11-01,Feature Request,High,2025-11-03,3.0,True
2361,1169,2025-05-01,Onboarding,High,2025-05-02,4.0,True
2362,1169,2025-06-01,Bug,Medium,2025-06-09,5.0,True
2363,1169,2025-08-01,Billing,Medium,2025-08-11,5.0,True
2364,1169,2026-06-01,Bug,High,,,False
2365,1171,2025-08-01,Billing,Low,2025-08-09,3.0,True
2366,1171,2025-10-01,Feature Request,High,2025-10-07,2.0,True
2367,1172,2026-05-01,Bug,High,,,False
2368,1173,2027-01-01,Bug,Medium,2027-01-08,3.0,True
2369,1174,2025-03-01,Onboarding,Low,2025-03-07,5.0,True
2370,1174,2025-08-01,General,Low,2025-08-07,4.0,True
2371,1174,2025-12-01,Bug,Low,2025-12-02,5.0,True
2372,1174,2026-02-01,General,Medium,2026-02-06,5.0,True
2373,1175,2026-01-01,Billing,Low,2026-01-09,4.0,True
2374,1175,2026-05-01,Bug,Medium,2026-05-02,5.0,True
2375,1176,2025-10-01,Feature Request,Low,2025-10-09,5.0,True
2376,1176,2025-11-01,Billing,Critical,2025-11-06,5.0,True
2377,1177,2026-01-01,Bug,Medium,2026-01-09,3.0,True
2378,1177,2026-03-01,General,Critical,2026-03-05,3.0,True
2379,1177,2026-05-01,Onboarding,Medium,2026-05-06,3.0,True
2380,1178,2026-02-01,Onboarding,Low,2026-02-11,5.0,True
2381,1179,2025-10-01,General,Low,2025-10-04,3.0,True
2382,1180,2025-10-01,Onboarding,Medium,,,False
2383,1180,2026-01-01,Onboarding,Medium,,,False
2384,1181,2026-01-01,General,Low,2026-01-04,3.0,True
2385,1181,2026-03-01,Billing,High,2026-03-03,4.0,True
2386,1182,2026-01-01,Bug,Medium,2026-01-02,3.0,True
2387,1182,2026-03-01,Billing,High,2026-03-08,4.0,True
2388,1183,2025-06-01,Feature Request,Medium,2025-06-09,4.0,True
2389,1183,2025-09-01,Onboarding,Low,2025-09-05,4.0,True
2390,1183,2025-11-01,Feature Request,High,2025-11-03,1.0,True
2391,1184,2025-03-01,Billing,Medium,2025-03-08,4.0,True
2392,1184,2025-06-01,Bug,Medium,,,False
2393,1184,2025-07-01,Feature Request,Low,2025-07-04,4.0,True
2394,1184,2025-11-01,Onboarding,Low,2025-11-02,5.0,True
2395,1185,2025-12-01,General,Low,2025-12-08,5.0,True
2396,1185,2026-04-01,General,Medium,2026-04-10,3.0,True
2397,1186,2026-04-01,Onboarding,Critical,2026-04-06,3.0,True
2398,1186,2026-05-01,Bug,Low,,,False
2399,1186,2026-07-01,Feature Request,Low,2026-07-11,3.0,True
2400,1188,2025-09-01,Bug,Medium,2025-09-05,3.0,True
2401,1188,2025-11-01,Feature Request,Medium,2025-11-11,1.0,True
2402,1189,2025-12-01,Billing,Low,2025-12-04,3.0,True
2403,1189,2026-02-01,General,Low,2026-02-11,5.0,True
2404,1189,2026-07-01,Billing,Low,2026-07-02,4.0,True
2405,1190,2025-04-01,Bug,Medium,2025-04-09,3.0,True
2406,1190,2025-10-01,Billing,Medium,2025-10-07,3.0,True
2407,1190,2026-02-01,Bug,High,2026-02-08,2.0,True
2408,1190,2026-03-01,Feature Request,Low,2026-03-04,1.0,True
2409,1191,2026-03-01,General,Low,2026-03-03,4.0,True
2410,1191,2026-11-01,Onboarding,Critical,2026-11-07,5.0,True
2411,1191,2027-02-01,Bug,Medium,2027-02-04,3.0,True
2412,1192,2026-07-01,Onboarding,High,2026-07-03,3.0,True
2413,1193,2025-11-01,Billing,Medium,2025-11-08,5.0,True
2414,1193,2026-06-01,Onboarding,Low,2026-06-04,4.0,True
2415,1194,2026-04-01,Bug,Low,2026-04-10,4.0,True
2416,1194,2026-06-01,Onboarding,Medium,2026-06-06,3.0,True
2417,1195,2025-02-01,Feature Request,Low,,,False
2418,1195,2026-04-01,General,Medium,,,False
2419,1196,2025-04-01,General,High,2025-04-04,3.0,True
2420,1196,2025-08-01,Onboarding,High,2025-08-10,4.0,True
2421,1196,2025-10-01,Feature Request,Low,2025-10-02,3.0,True
2422,1197,2025-05-01,Bug,High,2025-05-05,5.0,True
2423,1198,2025-08-01,Billing,Low,2025-08-11,3.0,True
2424,1198,2026-04-01,General,Medium,2026-04-02,5.0,True
2425,1198,2026-06-01,Billing,Low,2026-06-07,5.0,True
2426,1199,2024-10-01,General,High,2024-10-02,5.0,True
2427,1199,2024-11-01,General,Medium,2024-11-06,3.0,True
2428,1200,2025-08-01,Onboarding,High,2025-08-03,3.0,True
2429,1200,2025-10-01,Bug,Medium,2025-10-02,2.0,True
