event_id,customer_id,event_date,feature_used,login_count,active_users
1,1,2025-04-01,Automation,10,3
2,1,2025-05-01,Integrations,15,4
3,1,2025-06-01,API,14,2
4,1,2025-07-01,Dashboard,6,1
5,1,2025-08-01,Dashboard,9,2
6,1,2025-09-01,API,3,1
7,1,2025-10-01,Automation,10,1
8,1,2025-11-01,Automation,11,2
9,1,2025-12-01,Dashboard,2,1
10,1,2026-01-01,Reports,8,1
11,1,2026-02-01,API,10,2
12,1,2026-03-01,Dashboard,7,1
13,1,2026-04-01,Reports,0,1
14,1,2026-05-01,Automation,0,1
15,2,2024-11-01,Dashboard,5,1
16,2,2024-12-01,Integrations,9,2
17,2,2025-01-01,API,3,1
18,2,2025-02-01,Automation,0,1
19,2,2025-03-01,Integrations,0,1
20,2,2025-04-01,API,0,1
21,2,2025-05-01,Integrations,0,1
22,2,2025-06-01,API,7,1
23,2,2025-07-01,Integrations,5,1
24,2,2025-08-01,Automation,0,1
25,2,2025-09-01,Reports,0,1
26,2,2025-10-01,API,2,1
27,2,2025-11-01,API,5,1
28,2,2025-12-01,Automation,4,1
29,2,2026-01-01,Reports,3,1
30,2,2026-02-01,Integrations,3,1
31,2,2026-03-01,API,0,1
32,2,2026-04-01,Reports,3,1
33,2,2026-05-01,Integrations,2,1
34,2,2026-06-01,API,0,1
35,2,2026-07-01,API,7,1
36,3,2024-10-01,Automation,4,1
37,3,2024-11-01,Reports,3,1
38,3,2024-12-01,Integrations,2,1
39,3,2025-01-01,API,3,1
40,3,2025-02-01,Integrations,7,1
41,3,2025-03-01,Integrations,6,1
42,3,2025-04-01,Automation,0,1
43,3,2025-05-01,Automation,0,1
44,3,2025-06-01,Reports,1,1
45,4,2025-03-01,Automation,19,3
46,4,2025-04-01,Integrations,22,3
47,4,2025-05-01,Integrations,24,5
48,4,2025-06-01,Automation,22,4
49,4,2025-07-01,Reports,14,3
50,4,2025-08-01,Automation,23,4
51,4,2025-09-01,Integrations,20,4
52,4,2025-10-01,Integrations,20,5
53,4,2025-11-01,Reports,25,5
54,4,2025-12-01,Integrations,27,6
55,4,2026-01-01,Automation,23,5
56,4,2026-02-01,Reports,23,4
57,4,2026-03-01,Automation,15,3
58,4,2026-04-01,Reports,29,5
59,4,2026-05-01,Integrations,23,6
60,4,2026-06-01,API,23,7
61,4,2026-07-01,Reports,21,4
62,5,2025-07-01,Reports,3,1
63,5,2025-08-01,API,0,1
64,5,2025-09-01,API,0,1
65,5,2025-10-01,API,7,2
66,5,2025-11-01,Automation,4,1
67,5,2025-12-01,API,5,1
68,5,2026-01-01,Automation,0,1
69,5,2026-02-01,Dashboard,0,1
70,5,2026-03-01,Reports,1,1
71,5,2026-04-01,Integrations,8,1
72,5,2026-05-01,Dashboard,0,1
73,5,2026-06-01,API,2,1
74,5,2026-07-01,Reports,1,1
75,6,2025-02-01,Dashboard,0,1
76,6,2025-03-01,Integrations,5,1
77,6,2025-04-01,API,5,1
78,6,2025-05-01,Reports,1,1
79,6,2025-06-01,Integrations,0,1
80,6,2025-07-01,Dashboard,0,1
81,6,2025-08-01,Dashboard,7,1
82,6,2025-09-01,Dashboard,0,1
83,6,2025-10-01,Reports,2,1
84,6,2025-11-01,Integrations,0,1
85,6,2025-12-01,Dashboard,0,1
86,6,2026-01-01,Reports,0,1
87,6,2026-02-01,Automation,0,1
88,6,2026-03-01,Reports,0,1
89,7,2025-07-01,Automation,5,1
90,7,2025-08-01,Dashboard,9,1
91,7,2025-09-01,Automation,8,1
92,7,2025-10-01,Dashboard,10,1
93,7,2025-11-01,API,5,1
94,7,2025-12-01,API,9,1
95,7,2026-01-01,Reports,4,1
96,7,2026-02-01,Integrations,7,1
97,7,2026-03-01,Automation,5,1
98,7,2026-04-01,Integrations,5,1
99,7,2026-05-01,API,6,1
100,7,2026-06-01,Automation,4,1
101,7,2026-07-01,Reports,6,1
102,8,2025-08-01,API,9,1
103,8,2025-09-01,Dashboard,4,1
104,8,2025-10-01,Dashboard,6,1
105,8,2025-11-01,API,5,1
106,8,2025-12-01,Integrations,11,1
107,8,2026-01-01,API,8,2
108,8,2026-02-01,Automation,8,1
109,8,2026-03-01,Dashboard,4,1
110,8,2026-04-01,API,13,2
111,8,2026-05-01,Automation,10,2
112,8,2026-06-01,Dashboard,13,3
113,8,2026-07-01,Integrations,9,1
114,9,2025-12-01,API,1,1
115,9,2026-01-01,Dashboard,0,1
116,9,2026-02-01,Reports,0,1
117,9,2026-03-01,Automation,3,1
118,9,2026-04-01,Reports,2,1
119,9,2026-05-01,Integrations,0,1
120,9,2026-06-01,Integrations,2,1
121,10,2025-06-01,API,9,1
122,10,2025-07-01,Reports,7,1
123,10,2025-08-01,Dashboard,4,1
124,10,2025-09-01,Integrations,6,1
125,10,2025-10-01,Integrations,6,1
126,10,2025-11-01,Automation,0,1
127,10,2025-12-01,Automation,2,1
128,10,2026-01-01,Reports,5,1
129,10,2026-02-01,Dashboard,3,1
130,10,2026-03-01,Integrations,9,2
131,10,2026-04-01,Dashboard,8,1
132,10,2026-05-01,Reports,8,1
133,10,2026-06-01,Dashboard,5,1
134,10,2026-07-01,Dashboard,4,1
135,11,2026-02-01,Automation,3,1
136,11,2026-03-01,Reports,8,1
137,11,2026-04-01,Automation,7,2
138,11,2026-05-01,Dashboard,4,1
139,11,2026-06-01,Integrations,6,1
140,11,2026-07-01,API,5,1
141,12,2025-11-01,API,20,3
142,12,2025-12-01,Automation,17,4
143,12,2026-01-01,Dashboard,13,3
144,12,2026-02-01,API,11,3
145,12,2026-03-01,Automation,15,2
146,12,2026-04-01,Automation,21,5
147,12,2026-05-01,Reports,13,2
148,12,2026-06-01,Automation,8,2
149,12,2026-07-01,Reports,13,2
150,13,2026-08-01,Automation,15,4
151,13,2026-09-01,Reports,14,2
152,13,2026-10-01,Reports,13,2
153,13,2026-11-01,Integrations,16,3
154,13,2026-12-01,Dashboard,19,6
155,13,2027-01-01,Dashboard,15,4
156,13,2027-02-01,API,15,2
157,13,2027-03-01,Dashboard,17,3
158,13,2027-04-01,API,10,2
159,13,2027-05-01,API,9,2
160,13,2027-06-01,Dashboard,8,1
161,13,2027-07-01,Dashboard,5,1
162,14,2025-10-01,API,8,2
163,14,2025-11-01,Reports,5,1
164,14,2025-12-01,Integrations,2,1
165,14,2026-01-01,Dashboard,3,1
166,14,2026-02-01,API,2,1
167,14,2026-03-01,Integrations,6,1
168,14,2026-04-01,Integrations,7,1
169,14,2026-05-01,API,9,2
170,14,2026-06-01,Reports,5,1
171,14,2026-07-01,API,7,2
172,15,2025-12-01,Reports,26,7
173,15,2026-01-01,Automation,19,5
174,15,2026-02-01,API,25,8
175,15,2026-03-01,API,24,5
176,15,2026-04-01,Dashboard,22,4
177,15,2026-05-01,Dashboard,22,6
178,15,2026-06-01,Integrations,25,5
179,15,2026-07-01,Automation,23,4
180,16,2025-09-01,Integrations,29,5
181,16,2025-10-01,Dashboard,28,7
182,16,2025-11-01,Reports,25,4
183,16,2025-12-01,Reports,29,7
184,16,2026-01-01,API,29,6
185,16,2026-02-01,Integrations,30,9
186,16,2026-03-01,API,28,4
187,16,2026-04-01,API,26,4
188,16,2026-05-01,Integrations,28,6
189,16,2026-06-01,Automation,21,4
190,16,2026-07-01,Dashboard,25,4
191,17,2025-01-01,API,24,4
192,17,2025-02-01,Automation,28,6
193,17,2025-03-01,Automation,29,5
194,17,2025-04-01,Automation,26,4
195,17,2025-05-01,API,25,5
196,17,2025-06-01,API,27,8
197,17,2025-07-01,Dashboard,26,6
198,17,2025-08-01,Integrations,23,4
199,17,2025-09-01,Dashboard,24,6
200,17,2025-10-01,API,27,5
201,17,2025-11-01,API,29,6
202,17,2025-12-01,API,25,4
203,17,2026-01-01,API,27,4
204,17,2026-02-01,API,26,4
205,17,2026-03-01,API,27,8
206,17,2026-04-01,Reports,22,5
207,17,2026-05-01,Reports,12,2
208,17,2026-06-01,Automation,2,1
209,18,2025-06-01,Reports,3,1
210,18,2025-07-01,API,9,2
211,18,2025-08-01,Reports,9,2
212,18,2025-09-01,Dashboard,3,1
213,18,2025-10-01,Integrations,0,1
214,18,2025-11-01,API,0,1
215,18,2025-12-01,Reports,3,1
216,18,2026-01-01,API,11,1
217,18,2026-02-01,Dashboard,4,1
218,18,2026-03-01,Dashboard,6,1
219,18,2026-04-01,Integrations,9,1
220,18,2026-05-01,API,4,1
221,18,2026-06-01,Reports,2,1
222,18,2026-07-01,Reports,2,1
223,19,2024-11-01,Integrations,5,1
224,19,2024-12-01,Reports,0,1
225,20,2025-05-01,Dashboard,7,1
226,20,2025-06-01,Automation,12,2
227,20,2025-07-01,Integrations,5,1
228,20,2025-08-01,Reports,11,2
229,20,2025-09-01,Integrations,1,1
230,20,2025-10-01,API,0,1
231,20,2025-11-01,Reports,5,1
232,20,2025-12-01,Dashboard,5,1
233,20,2026-01-01,Dashboard,7,1
234,20,2026-02-01,Dashboard,4,1
235,20,2026-03-01,Dashboard,6,1
236,20,2026-04-01,Automation,5,1
237,20,2026-05-01,Integrations,9,2
238,20,2026-06-01,Reports,6,1
239,20,2026-07-01,Dashboard,14,3
240,21,2025-03-01,Automation,6,1
241,21,2025-04-01,Dashboard,5,1
242,21,2025-05-01,Dashboard,0,1
243,21,2025-06-01,Reports,10,2
244,21,2025-07-01,Automation,3,1
245,21,2025-08-01,Integrations,1,1
246,21,2025-09-01,Integrations,2,1
247,21,2025-10-01,Reports,3,1
248,21,2025-11-01,Dashboard,0,1
249,21,2025-12-01,Integrations,1,1
250,21,2026-01-01,API,5,1
251,21,2026-02-01,Reports,0,1
252,21,2026-03-01,API,9,1
253,21,2026-04-01,API,3,1
254,21,2026-05-01,Dashboard,0,1
255,21,2026-06-01,Automation,0,1
256,21,2026-07-01,Reports,2,1
257,22,2025-10-01,Integrations,51,11
258,22,2025-11-01,Dashboard,44,13
259,22,2025-12-01,API,45,7
260,22,2026-01-01,Automation,33,5
261,22,2026-02-01,Reports,18,3
262,22,2026-03-01,Reports,7,1
263,23,2025-11-01,Reports,0,1
264,23,2025-12-01,Dashboard,0,1
265,23,2026-01-01,Integrations,1,1
266,23,2026-02-01,Automation,0,1
267,23,2026-03-01,Automation,0,1
268,24,2025-11-01,Dashboard,2,1
269,24,2025-12-01,API,6,1
270,24,2026-01-01,Automation,3,1
271,24,2026-02-01,Integrations,8,2
272,24,2026-03-01,Automation,3,1
273,24,2026-04-01,Automation,14,2
274,24,2026-05-01,Integrations,6,1
275,24,2026-06-01,Automation,9,1
276,24,2026-07-01,API,11,2
277,25,2025-05-01,Reports,6,1
278,25,2025-06-01,Automation,0,1
279,26,2025-06-01,API,0,1
280,26,2025-07-01,Automation,2,1
281,26,2025-08-01,Automation,1,1
282,26,2025-09-01,Automation,0,1
283,27,2026-03-01,Reports,6,1
284,27,2026-04-01,Dashboard,4,1
285,27,2026-05-01,Reports,4,1
286,27,2026-06-01,API,3,1
287,28,2025-07-01,Reports,0,1
288,28,2025-08-01,Integrations,3,1
289,28,2025-09-01,Automation,0,1
290,29,2026-01-01,Automation,12,2
291,29,2026-02-01,Automation,9,2
292,29,2026-03-01,Integrations,6,1
293,29,2026-04-01,Integrations,5,1
294,29,2026-05-01,Dashboard,7,2
295,29,2026-06-01,API,6,1
296,29,2026-07-01,Reports,8,1
297,30,2025-08-01,Automation,34,6
298,30,2025-09-01,Dashboard,38,7
299,30,2025-10-01,API,35,8
300,30,2025-11-01,Integrations,39,7
301,30,2025-12-01,Integrations,36,6
302,30,2026-01-01,Integrations,40,11
303,30,2026-02-01,Dashboard,37,6
304,30,2026-03-01,Integrations,38,8
305,30,2026-04-01,Reports,34,5
306,30,2026-05-01,Automation,34,9
307,30,2026-06-01,Reports,41,7
308,30,2026-07-01,Reports,43,9
309,31,2025-04-01,Dashboard,5,1
310,32,2025-03-01,API,4,1
311,32,2025-04-01,Reports,1,1
312,32,2025-05-01,Automation,0,1
313,32,2025-06-01,Reports,0,1
314,32,2025-07-01,API,3,1
315,32,2025-08-01,Dashboard,4,1
316,32,2025-09-01,Dashboard,1,1
317,32,2025-10-01,Dashboard,3,1
318,32,2025-11-01,Automation,6,1
319,32,2025-12-01,Dashboard,2,1
320,32,2026-01-01,Automation,1,1
321,32,2026-02-01,Automation,0,1
322,32,2026-03-01,Integrations,1,1
323,32,2026-04-01,Automation,1,1
324,32,2026-05-01,Reports,0,1
325,32,2026-06-01,Dashboard,10,1
326,32,2026-07-01,Automation,4,1
327,33,2025-08-01,API,17,4
328,33,2025-09-01,Reports,19,3
329,33,2025-10-01,Reports,17,3
330,33,2025-11-01,Reports,16,4
331,33,2025-12-01,Reports,23,4
332,33,2026-01-01,API,14,4
333,33,2026-02-01,Automation,15,4
334,33,2026-03-01,Dashboard,14,4
335,33,2026-04-01,Reports,19,5
336,33,2026-05-01,Integrations,18,5
337,33,2026-06-01,API,16,4
338,33,2026-07-01,Dashboard,14,3
339,34,2025-08-01,Dashboard,0,1
340,35,2025-04-01,Integrations,9,1
341,35,2025-05-01,Integrations,6,1
342,35,2025-06-01,API,2,1
343,35,2025-07-01,Automation,4,1
344,35,2025-08-01,Automation,8,2
345,35,2025-09-01,Dashboard,0,1
346,35,2025-10-01,Integrations,9,2
347,35,2025-11-01,Reports,6,1
348,35,2025-12-01,API,5,1
349,35,2026-01-01,Integrations,7,1
350,35,2026-02-01,Reports,6,1
351,35,2026-03-01,Dashboard,0,1
352,35,2026-04-01,API,0,1
353,36,2025-11-01,Dashboard,13,2
354,36,2025-12-01,Dashboard,7,1
355,36,2026-01-01,Reports,9,2
356,36,2026-02-01,Integrations,9,1
357,36,2026-03-01,Automation,13,3
358,36,2026-04-01,Integrations,12,2
359,36,2026-05-01,Dashboard,13,2
360,36,2026-06-01,Dashboard,11,2
361,36,2026-07-01,API,7,1
362,37,2024-12-01,Dashboard,29,7
363,37,2025-01-01,Automation,30,8
364,37,2025-02-01,API,29,6
365,37,2025-03-01,Automation,29,5
366,37,2025-04-01,Automation,17,2
367,37,2025-05-01,API,12,3
368,37,2025-06-01,API,2,1
369,38,2025-09-01,API,7,1
370,38,2025-10-01,Dashboard,12,2
371,38,2025-11-01,Automation,9,1
372,38,2025-12-01,Reports,14,2
373,38,2026-01-01,Integrations,6,1
374,38,2026-02-01,API,12,3
375,38,2026-03-01,API,9,2
376,38,2026-04-01,Reports,8,1
377,38,2026-05-01,Automation,10,3
378,38,2026-06-01,API,7,1
379,38,2026-07-01,Reports,0,1
380,39,2025-08-01,Automation,10,2
381,39,2025-09-01,Dashboard,11,2
382,39,2025-10-01,API,7,1
383,39,2025-11-01,API,5,1
384,39,2025-12-01,Automation,6,1
385,39,2026-01-01,API,9,2
386,39,2026-02-01,Reports,5,1
387,39,2026-03-01,Automation,4,1
388,39,2026-04-01,API,6,1
389,39,2026-05-01,Reports,6,1
390,39,2026-06-01,API,6,1
391,39,2026-07-01,Integrations,5,1
392,40,2024-12-01,Automation,11,2
393,40,2025-01-01,Dashboard,3,1
394,40,2025-02-01,Integrations,4,1
395,40,2025-03-01,Dashboard,5,1
396,40,2025-04-01,Reports,6,1
397,40,2025-05-01,Dashboard,0,1
398,41,2025-06-01,Integrations,9,1
399,41,2025-07-01,Dashboard,12,2
400,41,2025-08-01,Dashboard,14,4
401,41,2025-09-01,Dashboard,12,2
402,41,2025-10-01,Integrations,16,4
403,41,2025-11-01,Automation,10,1
404,41,2025-12-01,Dashboard,17,2
405,41,2026-01-01,Dashboard,14,2
406,41,2026-02-01,Integrations,10,2
407,41,2026-03-01,Automation,12,2
408,41,2026-04-01,Dashboard,13,2
409,41,2026-05-01,Dashboard,11,2
410,41,2026-06-01,API,17,4
411,41,2026-07-01,Automation,12,3
412,42,2025-04-01,Integrations,6,1
413,42,2025-05-01,API,3,1
414,42,2025-06-01,Automation,1,1
415,42,2025-07-01,Reports,11,2
416,42,2025-08-01,Dashboard,6,1
417,42,2025-09-01,Automation,5,1
418,42,2025-10-01,API,2,1
419,43,2025-08-01,Dashboard,8,1
420,43,2025-09-01,API,8,1
421,43,2025-10-01,Dashboard,11,3
422,43,2025-11-01,Reports,10,2
423,43,2025-12-01,Dashboard,5,1
424,43,2026-01-01,API,9,1
425,43,2026-02-01,Integrations,6,1
426,43,2026-03-01,Dashboard,4,1
427,43,2026-04-01,Automation,10,1
428,43,2026-05-01,Integrations,5,1
429,43,2026-06-01,Reports,4,1
430,43,2026-07-01,Reports,7,1
431,44,2026-04-01,Dashboard,7,2
432,44,2026-05-01,Reports,1,1
433,44,2026-06-01,Integrations,3,1
434,44,2026-07-01,API,8,1
435,45,2025-10-01,Automation,8,1
436,45,2025-11-01,API,8,1
437,45,2025-12-01,Automation,14,3
438,45,2026-01-01,Integrations,0,1
439,45,2026-02-01,Reports,2,1
440,45,2026-03-01,Automation,9,1
441,45,2026-04-01,Reports,1,1
442,45,2026-05-01,Automation,7,1
443,45,2026-06-01,API,6,1
444,45,2026-07-01,API,8,1
445,46,2025-03-01,Dashboard,0,1
446,46,2025-04-01,Integrations,3,1
447,46,2025-05-01,Dashboard,0,1
448,46,2025-06-01,API,2,1
449,46,2025-07-01,Automation,5,1
450,46,2025-08-01,Integrations,1,1
451,46,2025-09-01,API,6,1
452,46,2025-10-01,Dashboard,2,1
453,46,2025-11-01,Automation,4,1
454,46,2025-12-01,API,2,1
455,46,2026-01-01,Automation,4,1
456,46,2026-02-01,Dashboard,6,1
457,47,2026-02-01,Integrations,5,1
458,47,2026-03-01,API,7,2
459,47,2026-04-01,Automation,9,2
460,47,2026-05-01,Reports,0,1
461,47,2026-06-01,Automation,1,1
462,47,2026-07-01,Automation,2,1
463,48,2026-03-01,Automation,5,1
464,48,2026-04-01,Automation,11,2
465,48,2026-05-01,Automation,10,2
466,48,2026-06-01,Automation,12,2
467,48,2026-07-01,Automation,8,1
468,49,2025-11-01,Dashboard,7,2
469,49,2025-12-01,API,6,1
470,49,2026-01-01,Automation,6,1
471,49,2026-02-01,Automation,7,1
472,49,2026-03-01,Reports,7,1
473,49,2026-04-01,API,8,1
474,49,2026-05-01,Automation,6,1
475,49,2026-06-01,Reports,6,1
476,49,2026-07-01,Reports,10,2
477,50,2025-07-01,API,10,2
478,50,2025-08-01,Dashboard,6,1
479,50,2025-09-01,API,5,1
480,50,2025-10-01,Dashboard,10,1
481,50,2025-11-01,API,9,2
482,50,2025-12-01,Integrations,6,1
483,50,2026-01-01,Integrations,5,1
484,50,2026-02-01,Dashboard,5,1
485,50,2026-03-01,API,6,1
486,50,2026-04-01,Reports,7,2
487,50,2026-05-01,Automation,4,1
488,50,2026-06-01,Reports,2,1
489,50,2026-07-01,Reports,6,1
490,51,2025-01-01,API,7,1
491,51,2025-02-01,Integrations,2,1
492,51,2025-03-01,Automation,0,1
493,51,2025-04-01,Automation,0,1
494,52,2025-04-01,Reports,4,1
495,52,2025-05-01,Integrations,0,1
496,52,2025-06-01,Reports,0,1
497,52,2025-07-01,Automation,2,1
498,52,2025-08-01,Reports,0,1
499,52,2025-09-01,Integrations,6,1
500,52,2025-10-01,API,0,1
501,53,2025-12-01,Automation,21,4
502,53,2026-01-01,Automation,18,5
503,53,2026-02-01,Reports,19,4
504,53,2026-03-01,Automation,20,3
505,53,2026-04-01,Reports,22,4
506,53,2026-05-01,Reports,15,4
507,53,2026-06-01,Dashboard,22,4
508,53,2026-07-01,API,26,8
509,54,2025-09-01,Dashboard,7,1
510,54,2025-10-01,Automation,6,1
511,54,2025-11-01,Integrations,10,3
512,54,2025-12-01,Automation,6,1
513,54,2026-01-01,Dashboard,9,1
514,54,2026-02-01,Reports,7,1
515,54,2026-03-01,API,7,1
516,54,2026-04-01,Integrations,2,1
517,54,2026-05-01,Integrations,0,1
518,54,2026-06-01,API,7,1
519,54,2026-07-01,API,5,1
520,55,2025-04-01,API,13,2
521,55,2025-05-01,Automation,7,1
522,55,2025-06-01,Automation,5,1
523,55,2025-07-01,Reports,13,3
524,55,2025-08-01,Dashboard,5,1
525,55,2025-09-01,Reports,11,2
526,55,2025-10-01,Reports,3,1
527,55,2025-11-01,Dashboard,6,1
528,55,2025-12-01,API,8,1
529,55,2026-01-01,Dashboard,2,1
530,55,2026-02-01,Reports,6,1
531,55,2026-03-01,Dashboard,12,2
532,55,2026-04-01,Automation,10,1
533,55,2026-05-01,Automation,5,1
534,55,2026-06-01,API,10,2
535,55,2026-07-01,API,10,1
536,56,2025-03-01,Reports,16,5
537,56,2025-04-01,API,17,3
538,56,2025-05-01,API,15,2
539,56,2025-06-01,Integrations,16,4
540,56,2025-07-01,Integrations,16,3
541,56,2025-08-01,Dashboard,12,3
542,56,2025-09-01,Reports,16,3
543,56,2025-10-01,Integrations,11,2
544,56,2025-11-01,Reports,18,5
545,56,2025-12-01,Integrations,11,2
546,56,2026-01-01,Automation,15,3
547,56,2026-02-01,API,14,2
548,56,2026-03-01,Integrations,8,1
549,56,2026-04-01,Integrations,11,2
550,56,2026-05-01,Dashboard,13,2
551,56,2026-06-01,Automation,11,2
552,56,2026-07-01,API,12,2
553,57,2025-11-01,Dashboard,24,6
554,57,2025-12-01,Dashboard,19,4
555,57,2026-01-01,API,18,3
556,57,2026-02-01,Dashboard,23,7
557,57,2026-03-01,Automation,18,4
558,57,2026-04-01,Dashboard,18,3
559,57,2026-05-01,API,23,4
560,57,2026-06-01,Integrations,15,3
561,57,2026-07-01,Dashboard,22,5
562,58,2025-07-01,Reports,0,1
563,58,2025-08-01,API,2,1
564,58,2025-09-01,Automation,3,1
565,59,2025-06-01,Integrations,0,1
566,59,2025-07-01,Automation,11,1
567,60,2025-10-01,Dashboard,5,1
568,60,2025-11-01,API,7,1
569,60,2025-12-01,Automation,0,1
570,60,2026-01-01,Dashboard,7,2
571,60,2026-02-01,API,0,1
572,60,2026-03-01,Automation,1,1
573,60,2026-04-01,Integrations,6,1
574,60,2026-05-01,Integrations,4,1
575,60,2026-06-01,Automation,3,1
576,60,2026-07-01,Integrations,5,1
577,61,2024-10-01,API,20,3
578,61,2024-11-01,Integrations,20,4
579,61,2024-12-01,Reports,19,3
580,61,2025-01-01,API,22,5
581,61,2025-02-01,Reports,20,4
582,61,2025-03-01,Reports,16,2
583,61,2025-04-01,Dashboard,21,3
584,61,2025-05-01,Dashboard,23,4
585,61,2025-06-01,Dashboard,17,3
586,61,2025-07-01,Reports,23,7
587,61,2025-08-01,Integrations,16,4
588,61,2025-09-01,Integrations,24,4
589,61,2025-10-01,Reports,22,3
590,61,2025-11-01,Dashboard,25,6
591,61,2025-12-01,Reports,13,4
592,61,2026-01-01,Integrations,25,5
593,61,2026-02-01,Integrations,24,4
594,61,2026-03-01,Automation,27,5
595,61,2026-04-01,Integrations,17,5
596,61,2026-05-01,Automation,23,5
597,61,2026-06-01,Reports,16,3
598,61,2026-07-01,Integrations,23,4
599,62,2025-01-01,API,21,4
600,62,2025-02-01,Automation,26,8
601,62,2025-03-01,API,25,5
602,62,2025-04-01,Dashboard,24,5
603,62,2025-05-01,Integrations,19,5
604,62,2025-06-01,Automation,15,2
605,62,2025-07-01,Reports,9,1
606,62,2025-08-01,Automation,6,1
607,63,2025-08-01,Integrations,12,2
608,63,2025-09-01,Reports,5,1
609,63,2025-10-01,Integrations,11,3
610,63,2025-11-01,Reports,2,1
611,63,2025-12-01,Reports,0,1
612,64,2025-05-01,API,5,1
613,64,2025-06-01,Integrations,4,1
614,64,2025-07-01,Automation,5,1
615,64,2025-08-01,API,0,1
616,64,2025-09-01,API,4,1
617,65,2024-10-01,API,20,3
618,65,2024-11-01,API,15,2
619,65,2024-12-01,Reports,12,2
620,65,2025-01-01,Dashboard,1,1
621,66,2025-06-01,Dashboard,9,2
622,66,2025-07-01,Dashboard,8,2
623,66,2025-08-01,Dashboard,9,2
624,66,2025-09-01,Dashboard,12,2
625,66,2025-10-01,Automation,1,1
626,66,2025-11-01,API,7,1
627,66,2025-12-01,Integrations,7,1
628,66,2026-01-01,Dashboard,8,1
629,66,2026-02-01,Integrations,12,2
630,66,2026-03-01,Reports,7,1
631,66,2026-04-01,Dashboard,10,2
632,66,2026-05-01,Dashboard,7,1
633,66,2026-06-01,Integrations,8,1
634,66,2026-07-01,API,5,1
635,67,2025-04-01,Reports,7,1
636,67,2025-05-01,Reports,4,1
637,67,2025-06-01,Dashboard,6,1
638,67,2025-07-01,Reports,3,1
639,67,2025-08-01,Dashboard,0,1
640,67,2025-09-01,Automation,0,1
641,68,2026-02-01,Automation,4,1
642,68,2026-03-01,Dashboard,11,1
643,68,2026-04-01,Dashboard,0,1
644,69,2025-11-01,API,3,1
645,70,2025-04-01,Dashboard,0,1
646,70,2025-05-01,Automation,9,2
647,70,2025-06-01,Dashboard,3,1
648,70,2025-07-01,Automation,3,1
649,70,2025-08-01,API,0,1
650,70,2025-09-01,Automation,4,1
651,71,2026-02-01,Dashboard,42,11
652,71,2026-03-01,Dashboard,44,10
653,71,2026-04-01,Reports,46,10
654,71,2026-05-01,Integrations,48,8
655,71,2026-06-01,Automation,49,15
656,71,2026-07-01,Automation,42,12
657,72,2025-11-01,Automation,10,1
658,72,2025-12-01,Reports,7,1
659,72,2026-01-01,Automation,10,2
660,72,2026-02-01,Reports,5,1
661,72,2026-03-01,Automation,1,1
662,72,2026-04-01,Automation,7,1
663,72,2026-05-01,Reports,5,1
664,72,2026-06-01,Dashboard,4,1
665,72,2026-07-01,Integrations,4,1
666,73,2025-06-01,Automation,0,1
667,74,2025-03-01,Integrations,11,1
668,74,2025-04-01,Reports,12,2
669,74,2025-05-01,API,11,2
670,74,2025-06-01,Integrations,10,1
671,74,2025-07-01,Dashboard,4,1
672,74,2025-08-01,Dashboard,7,1
673,75,2026-05-01,API,20,4
674,75,2026-06-01,Dashboard,18,3
675,75,2026-07-01,Dashboard,23,5
676,76,2025-12-01,Automation,9,2
677,76,2026-01-01,API,13,2
678,76,2026-02-01,Integrations,10,1
679,76,2026-03-01,Automation,10,2
680,76,2026-04-01,API,10,3
681,76,2026-05-01,Dashboard,13,3
682,76,2026-06-01,Reports,5,1
683,76,2026-07-01,Integrations,14,2
684,77,2024-12-01,API,4,1
685,77,2025-01-01,Reports,0,1
686,77,2025-02-01,Dashboard,10,2
687,77,2025-03-01,Automation,8,1
688,77,2025-04-01,Automation,2,1
689,77,2025-05-01,API,7,1
690,77,2025-06-01,API,5,1
691,77,2025-07-01,Integrations,5,1
692,77,2025-08-01,API,1,1
693,77,2025-09-01,Automation,1,1
694,77,2025-10-01,Reports,1,1
695,77,2025-11-01,Automation,5,1
696,77,2025-12-01,Integrations,2,1
697,77,2026-01-01,API,0,1
698,77,2026-02-01,Dashboard,1,1
699,77,2026-03-01,Integrations,7,1
700,77,2026-04-01,Dashboard,1,1
701,77,2026-05-01,Reports,5,1
702,77,2026-06-01,Automation,2,1
703,77,2026-07-01,Dashboard,0,1
704,78,2025-04-01,Integrations,16,2
705,78,2025-05-01,Reports,20,4
706,78,2025-06-01,Dashboard,14,4
707,78,2025-07-01,Dashboard,20,4
708,78,2025-08-01,API,16,2
709,78,2025-09-01,Integrations,19,3
710,78,2025-10-01,Dashboard,20,5
711,78,2025-11-01,Automation,19,6
712,78,2025-12-01,API,19,5
713,78,2026-01-01,Automation,17,2
714,78,2026-02-01,Integrations,17,3
715,78,2026-03-01,Automation,16,4
716,78,2026-04-01,Integrations,21,5
717,78,2026-05-01,API,15,4
718,78,2026-06-01,Integrations,18,3
719,78,2026-07-01,Dashboard,13,2
720,79,2025-03-01,Integrations,10,1
721,79,2025-04-01,Dashboard,5,1
722,79,2025-05-01,API,1,1
723,79,2025-06-01,Dashboard,7,1
724,79,2025-07-01,Dashboard,5,1
725,79,2025-08-01,API,5,1
726,79,2025-09-01,Dashboard,8,2
727,79,2025-10-01,Dashboard,4,1
728,79,2025-11-01,Dashboard,2,1
729,79,2025-12-01,Automation,9,2
730,79,2026-01-01,Reports,3,1
731,79,2026-02-01,Automation,4,1
732,79,2026-03-01,Reports,5,1
733,79,2026-04-01,Reports,2,1
734,79,2026-05-01,API,10,2
735,79,2026-06-01,Dashboard,5,1
736,79,2026-07-01,Dashboard,8,1
737,80,2025-03-01,Automation,12,2
738,80,2025-04-01,Automation,9,2
739,80,2025-05-01,API,10,2
740,80,2025-06-01,Integrations,11,1
741,80,2025-07-01,API,11,1
742,80,2025-08-01,Integrations,6,1
743,80,2025-09-01,Automation,10,2
744,80,2025-10-01,Integrations,10,1
745,80,2025-11-01,Integrations,8,2
746,80,2025-12-01,Automation,6,1
747,80,2026-01-01,API,9,1
748,80,2026-02-01,Reports,2,1
749,80,2026-03-01,Integrations,14,2
750,80,2026-04-01,Dashboard,8,1
751,80,2026-05-01,Dashboard,8,1
752,80,2026-06-01,API,9,1
753,80,2026-07-01,Integrations,12,3
754,81,2025-10-01,Dashboard,6,1
755,82,2025-05-01,Integrations,0,1
756,82,2025-06-01,Integrations,0,1
757,83,2025-01-01,Dashboard,2,1
758,83,2025-02-01,Automation,6,1
759,83,2025-03-01,Reports,6,1
760,83,2025-04-01,API,11,2
761,83,2025-05-01,API,3,1
762,83,2025-06-01,Dashboard,12,2
763,83,2025-07-01,API,11,2
764,83,2025-08-01,Automation,0,1
765,83,2025-09-01,Integrations,11,2
766,83,2025-10-01,Reports,4,1
767,83,2025-11-01,Automation,8,1
768,83,2025-12-01,Dashboard,10,1
769,83,2026-01-01,Automation,8,2
770,83,2026-02-01,Dashboard,7,2
771,83,2026-03-01,Automation,8,1
772,83,2026-04-01,API,5,1
773,83,2026-05-01,API,8,1
774,83,2026-06-01,Dashboard,7,1
775,83,2026-07-01,Automation,0,1
776,84,2025-09-01,Integrations,17,2
777,84,2025-10-01,Dashboard,11,2
778,84,2025-11-01,Reports,11,2
779,84,2025-12-01,Reports,9,2
780,84,2026-01-01,API,11,2
781,84,2026-02-01,Reports,7,1
782,84,2026-03-01,Dashboard,12,2
783,84,2026-04-01,API,14,3
784,84,2026-05-01,API,12,2
785,84,2026-06-01,Automation,7,1
786,84,2026-07-01,Reports,6,1
787,85,2025-04-01,Dashboard,5,1
788,85,2025-05-01,Reports,6,1
789,85,2025-06-01,API,4,1
790,85,2025-07-01,Automation,1,1
791,85,2025-08-01,Integrations,4,1
792,85,2025-09-01,API,6,1
793,85,2025-10-01,API,0,1
794,85,2025-11-01,Dashboard,3,1
795,85,2025-12-01,Automation,6,1
796,85,2026-01-01,Reports,0,1
797,85,2026-02-01,Integrations,5,1
798,85,2026-03-01,Integrations,5,1
799,85,2026-04-01,Dashboard,3,1
800,86,2025-10-01,Reports,1,1
801,86,2025-11-01,Automation,2,1
802,86,2025-12-01,Integrations,5,1
803,86,2026-01-01,API,4,1
804,86,2026-02-01,Integrations,3,1
805,86,2026-03-01,Integrations,3,1
806,86,2026-04-01,Reports,5,1
807,86,2026-05-01,API,3,1
808,86,2026-06-01,Reports,0,1
809,87,2025-01-01,API,1,1
810,87,2025-02-01,Reports,8,2
811,87,2025-03-01,Integrations,5,1
812,87,2025-04-01,API,0,1
813,87,2025-05-01,Automation,2,1
814,87,2025-06-01,Automation,10,2
815,87,2025-07-01,Dashboard,9,1
816,87,2025-08-01,Dashboard,3,1
817,87,2025-09-01,API,6,1
818,87,2025-10-01,Automation,1,1
819,87,2025-11-01,Automation,3,1
820,87,2025-12-01,Integrations,14,2
821,87,2026-01-01,API,6,1
822,87,2026-02-01,Integrations,3,1
823,87,2026-03-01,API,5,1
824,87,2026-04-01,Reports,3,1
825,87,2026-05-01,Automation,1,1
826,87,2026-06-01,Dashboard,9,2
827,87,2026-07-01,Automation,0,1
828,88,2026-05-01,Automation,23,4
829,88,2026-06-01,Reports,20,4
830,88,2026-07-01,Reports,23,7
831,88,2026-08-01,Dashboard,14,2
832,88,2026-09-01,API,23,5
833,88,2026-10-01,API,13,2
834,88,2026-11-01,Dashboard,9,1
835,88,2026-12-01,Dashboard,2,1
836,89,2026-03-01,Integrations,5,1
837,89,2026-04-01,Dashboard,7,1
838,89,2026-05-01,Integrations,0,1
839,89,2026-06-01,API,4,1
840,89,2026-07-01,Automation,4,1
841,90,2024-10-01,Dashboard,0,1
842,90,2024-11-01,Automation,3,1
843,90,2024-12-01,API,0,1
844,90,2025-01-01,Dashboard,0,1
845,90,2025-02-01,Integrations,5,1
846,90,2025-03-01,Automation,7,1
847,90,2025-04-01,Dashboard,1,1
848,90,2025-05-01,Dashboard,0,1
849,90,2025-06-01,Integrations,0,1
850,90,2025-07-01,Dashboard,3,1
851,90,2025-08-01,Dashboard,4,1
852,90,2025-09-01,Reports,0,1
853,90,2025-10-01,Integrations,5,1
854,90,2025-11-01,Integrations,2,1
855,91,2025-06-01,Dashboard,23,7
856,91,2025-07-01,Automation,23,4
857,91,2025-08-01,Dashboard,25,5
858,91,2025-09-01,Integrations,22,4
859,91,2025-10-01,Automation,20,6
860,91,2025-11-01,API,28,9
861,91,2025-12-01,Automation,23,4
862,91,2026-01-01,Dashboard,19,4
863,91,2026-02-01,API,22,3
864,91,2026-03-01,Integrations,20,4
865,91,2026-04-01,Integrations,25,4
866,91,2026-05-01,Dashboard,23,5
867,91,2026-06-01,Integrations,21,3
868,91,2026-07-01,Automation,25,6
869,92,2025-07-01,API,2,1
870,92,2025-08-01,API,8,1
871,92,2025-09-01,API,2,1
872,92,2025-10-01,Dashboard,9,2
873,92,2025-11-01,Automation,3,1
874,92,2025-12-01,API,10,1
875,92,2026-01-01,Reports,2,1
876,92,2026-02-01,Automation,1,1
877,92,2026-03-01,Automation,4,1
878,92,2026-04-01,Dashboard,2,1
879,93,2025-07-01,Dashboard,1,1
880,93,2025-08-01,Dashboard,4,1
881,93,2025-09-01,API,5,1
882,93,2025-10-01,API,2,1
883,93,2025-11-01,Integrations,7,1
884,93,2025-12-01,Reports,4,1
885,93,2026-01-01,Integrations,4,1
886,93,2026-02-01,Dashboard,0,1
887,93,2026-03-01,Integrations,0,1
888,93,2026-04-01,Dashboard,0,1
889,93,2026-05-01,Reports,5,1
890,93,2026-06-01,Automation,2,1
891,93,2026-07-01,Dashboard,6,1
892,94,2025-03-01,Automation,11,3
893,94,2025-04-01,Automation,10,2
894,94,2025-05-01,Reports,14,4
895,94,2025-06-01,API,16,3
896,94,2025-07-01,API,9,1
897,94,2025-08-01,API,12,3
898,94,2025-09-01,Automation,15,2
899,94,2025-10-01,Reports,15,2
900,94,2025-11-01,Integrations,10,2
901,94,2025-12-01,Automation,12,2
902,94,2026-01-01,Reports,14,3
903,94,2026-02-01,Dashboard,14,3
904,94,2026-03-01,API,18,4
905,94,2026-04-01,Automation,10,2
906,94,2026-05-01,Automation,15,3
907,94,2026-06-01,Reports,11,2
908,94,2026-07-01,API,11,2
909,95,2025-07-01,Integrations,5,1
910,95,2025-08-01,Integrations,11,2
911,95,2025-09-01,Integrations,6,1
912,95,2025-10-01,Reports,10,2
913,95,2025-11-01,API,9,1
914,95,2025-12-01,Dashboard,6,1
915,95,2026-01-01,Automation,7,1
916,95,2026-02-01,Automation,7,1
917,95,2026-03-01,Integrations,9,1
918,95,2026-04-01,Integrations,9,1
919,95,2026-05-01,Reports,9,1
920,95,2026-06-01,Integrations,6,1
921,95,2026-07-01,API,7,1
922,96,2025-08-01,Automation,13,2
923,96,2025-09-01,Integrations,4,1
924,96,2025-10-01,Dashboard,7,1
925,96,2025-11-01,Automation,3,1
926,97,2026-02-01,API,1,1
927,97,2026-03-01,API,2,1
928,97,2026-04-01,Integrations,4,1
929,97,2026-05-01,Dashboard,1,1
930,97,2026-06-01,Dashboard,0,1
931,97,2026-07-01,Reports,2,1
932,98,2024-11-01,Integrations,3,1
933,98,2024-12-01,Dashboard,8,1
934,98,2025-01-01,Automation,3,1
935,98,2025-02-01,Reports,0,1
936,98,2025-03-01,Reports,0,1
937,99,2026-04-01,API,3,1
938,99,2026-05-01,Dashboard,8,2
939,99,2026-06-01,Reports,8,2
940,99,2026-07-01,Automation,6,1
941,100,2025-11-01,Dashboard,2,1
942,100,2025-12-01,Dashboard,4,1
943,100,2026-01-01,Automation,0,1
944,100,2026-02-01,Dashboard,8,1
945,100,2026-03-01,Integrations,12,2
946,100,2026-04-01,Dashboard,11,1
947,100,2026-05-01,API,7,1
948,100,2026-06-01,Integrations,10,2
949,100,2026-07-01,Automation,4,1
950,101,2024-11-01,API,6,1
951,101,2024-12-01,Automation,0,1
952,101,2025-01-01,Integrations,0,1
953,101,2025-02-01,Dashboard,2,1
954,101,2025-03-01,Integrations,4,1
955,101,2025-04-01,Dashboard,3,1
956,101,2025-05-01,API,7,1
957,101,2025-06-01,Integrations,5,1
958,101,2025-07-01,Integrations,3,1
959,101,2025-08-01,API,0,1
960,102,2025-11-01,Reports,4,1
961,102,2025-12-01,Dashboard,0,1
962,102,2026-01-01,Integrations,0,1
963,102,2026-02-01,Reports,0,1
964,102,2026-03-01,API,3,1
965,103,2026-03-01,Dashboard,29,9
966,103,2026-04-01,Dashboard,25,4
967,103,2026-05-01,Dashboard,28,8
968,103,2026-06-01,Automation,38,7
969,103,2026-07-01,Dashboard,29,6
970,104,2025-01-01,Automation,9,1
971,104,2025-02-01,Reports,8,1
972,104,2025-03-01,Automation,0,1
973,104,2025-04-01,API,7,1
974,104,2025-05-01,API,0,1
975,105,2025-06-01,Integrations,9,2
976,105,2025-07-01,Reports,6,1
977,105,2025-08-01,Integrations,8,2
978,105,2025-09-01,Reports,7,1
979,105,2025-10-01,Dashboard,9,2
980,105,2025-11-01,API,9,1
981,105,2025-12-01,Dashboard,9,2
982,105,2026-01-01,Dashboard,6,1
983,105,2026-02-01,API,12,2
984,105,2026-03-01,Dashboard,9,1
985,105,2026-04-01,Automation,6,1
986,105,2026-05-01,Dashboard,6,1
987,105,2026-06-01,Reports,9,2
988,105,2026-07-01,API,5,1
989,106,2025-01-01,Integrations,8,1
990,106,2025-02-01,Reports,6,1
991,106,2025-03-01,API,0,1
992,106,2025-04-01,Integrations,6,1
993,106,2025-05-01,Integrations,1,1
994,106,2025-06-01,Automation,1,1
995,106,2025-07-01,Reports,3,1
996,106,2025-08-01,API,0,1
997,106,2025-09-01,API,0,1
998,106,2025-10-01,Automation,3,1
999,106,2025-11-01,Dashboard,3,1
1000,106,2025-12-01,Reports,2,1
1001,106,2026-01-01,Dashboard,5,1
1002,106,2026-02-01,API,2,1
1003,106,2026-03-01,Integrations,0,1
1004,106,2026-04-01,Automation,0,1
1005,106,2026-05-01,API,2,1
1006,106,2026-06-01,Reports,0,1
1007,106,2026-07-01,Automation,5,1
1008,107,2025-09-01,Integrations,12,3
1009,107,2025-10-01,API,10,1
1010,107,2025-11-01,Dashboard,10,1
1011,107,2025-12-01,API,13,2
1012,107,2026-01-01,Reports,7,1
1013,107,2026-02-01,Integrations,4,1
1014,107,2026-03-01,Integrations,6,1
1015,107,2026-04-01,Reports,9,1
1016,107,2026-05-01,Integrations,1,1
1017,108,2026-01-01,Dashboard,3,1
1018,108,2026-02-01,Automation,0,1
1019,108,2026-03-01,Integrations,3,1
1020,108,2026-04-01,Dashboard,13,3
1021,108,2026-05-01,Reports,6,1
1022,108,2026-06-01,Reports,6,1
1023,108,2026-07-01,Dashboard,2,1
1024,109,2025-04-01,Dashboard,0,1
1025,110,2025-05-01,API,18,4
1026,110,2025-06-01,Integrations,20,6
1027,110,2025-07-01,API,24,6
1028,110,2025-08-01,API,22,4
1029,110,2025-09-01,Integrations,21,4
1030,110,2025-10-01,Automation,18,3
1031,110,2025-11-01,Reports,13,3
1032,110,2025-12-01,Integrations,0,1
1033,111,2025-07-01,Integrations,2,1
1034,111,2025-08-01,Reports,0,1
1035,111,2025-09-01,Integrations,1,1
1036,111,2025-10-01,API,3,1
1037,111,2025-11-01,Reports,2,1
1038,111,2025-12-01,Reports,0,1
1039,111,2026-01-01,Dashboard,0,1
1040,111,2026-02-01,Automation,1,1
1041,111,2026-03-01,Dashboard,5,1
1042,111,2026-04-01,Reports,2,1
1043,111,2026-05-01,API,6,1
1044,111,2026-06-01,Dashboard,1,1
1045,111,2026-07-01,Automation,5,1
1046,112,2026-01-01,Integrations,2,1
1047,112,2026-02-01,Dashboard,3,1
1048,112,2026-03-01,Reports,6,1
1049,112,2026-04-01,Reports,8,1
1050,112,2026-05-01,Dashboard,5,1
1051,112,2026-06-01,API,9,2
1052,112,2026-07-01,API,6,1
1053,113,2025-02-01,Dashboard,7,1
1054,113,2025-03-01,Dashboard,2,1
1055,113,2025-04-01,Reports,5,1
1056,113,2025-05-01,API,2,1
1057,113,2025-06-01,Integrations,4,1
1058,113,2025-07-01,API,6,1
1059,113,2025-08-01,Reports,12,2
1060,113,2025-09-01,Reports,4,1
1061,113,2025-10-01,Integrations,5,1
1062,113,2025-11-01,Reports,0,1
1063,113,2025-12-01,Dashboard,0,1
1064,114,2025-01-01,Automation,24,6
1065,114,2025-02-01,Automation,20,6
1066,114,2025-03-01,Integrations,18,3
1067,114,2025-04-01,Dashboard,15,3
1068,114,2025-05-01,API,15,2
1069,114,2025-06-01,Reports,11,3
1070,114,2025-07-01,Integrations,21,4
1071,114,2025-08-01,Reports,22,4
1072,114,2025-09-01,Reports,15,3
1073,114,2025-10-01,Reports,19,3
1074,114,2025-11-01,Dashboard,19,5
1075,114,2025-12-01,Dashboard,19,3
1076,114,2026-01-01,Automation,20,5
1077,114,2026-02-01,API,19,4
1078,114,2026-03-01,Integrations,18,3
1079,114,2026-04-01,Integrations,19,4
1080,114,2026-05-01,Integrations,22,3
1081,114,2026-06-01,Integrations,19,4
1082,114,2026-07-01,API,20,4
1083,115,2025-06-01,Dashboard,8,1
1084,115,2025-07-01,Automation,0,1
1085,115,2025-08-01,Reports,0,1
1086,116,2025-12-01,Reports,21,4
1087,116,2026-01-01,Reports,16,4
1088,116,2026-02-01,API,22,4
1089,116,2026-03-01,Reports,17,4
1090,116,2026-04-01,Reports,17,4
1091,116,2026-05-01,Reports,19,4
1092,116,2026-06-01,Integrations,20,3
1093,116,2026-07-01,Reports,19,3
1094,117,2026-06-01,Dashboard,13,2
1095,117,2026-07-01,Automation,18,3
1096,117,2026-08-01,Dashboard,17,2
1097,117,2026-09-01,Automation,17,5
1098,117,2026-10-01,API,10,2
1099,117,2026-11-01,Reports,14,2
1100,117,2026-12-01,API,14,4
1101,117,2027-01-01,Integrations,18,5
1102,117,2027-02-01,Automation,17,4
1103,117,2027-03-01,Integrations,15,3
1104,118,2025-07-01,API,48,11
1105,118,2025-08-01,Integrations,53,12
1106,118,2025-09-01,Dashboard,49,9
1107,118,2025-10-01,Reports,52,9
1108,118,2025-11-01,Automation,48,8
1109,118,2025-12-01,Integrations,51,16
1110,118,2026-01-01,Dashboard,51,13
1111,118,2026-02-01,API,48,12
1112,118,2026-03-01,Reports,51,11
1113,118,2026-04-01,Automation,44,8
1114,118,2026-05-01,Automation,49,13
1115,118,2026-06-01,Dashboard,51,8
1116,118,2026-07-01,API,46,14
1117,119,2025-10-01,Reports,2,1
1118,119,2025-11-01,Reports,4,1
1119,119,2025-12-01,Reports,7,2
1120,119,2026-01-01,Reports,6,1
1121,119,2026-02-01,Dashboard,8,1
1122,119,2026-03-01,API,9,1
1123,119,2026-04-01,Automation,7,1
1124,119,2026-05-01,Dashboard,4,1
1125,119,2026-06-01,Reports,14,2
1126,119,2026-07-01,Integrations,11,2
1127,119,2026-08-01,Integrations,13,4
1128,119,2026-09-01,Reports,7,1
1129,119,2026-10-01,Dashboard,8,2
1130,119,2026-11-01,Dashboard,6,1
1131,119,2026-12-01,API,8,1
1132,119,2027-01-01,Integrations,8,2
1133,119,2027-02-01,Reports,3,1
1134,119,2027-03-01,Dashboard,4,1
1135,119,2027-04-01,Dashboard,6,1
1136,119,2027-05-01,Automation,4,1
1137,120,2025-01-01,Dashboard,0,1
1138,121,2025-03-01,API,28,5
1139,121,2025-04-01,Automation,28,6
1140,121,2025-05-01,API,27,4
1141,121,2025-06-01,Automation,35,8
1142,121,2025-07-01,Automation,29,5
1143,121,2025-08-01,Automation,33,8
1144,121,2025-09-01,Reports,35,5
1145,121,2025-10-01,Dashboard,31,7
1146,121,2025-11-01,Dashboard,33,7
1147,121,2025-12-01,Reports,35,6
1148,121,2026-01-01,Dashboard,30,5
1149,121,2026-02-01,Reports,34,10
1150,121,2026-03-01,Reports,33,10
1151,121,2026-04-01,API,35,6
1152,121,2026-05-01,Reports,37,9
1153,121,2026-06-01,Reports,36,9
1154,121,2026-07-01,Automation,29,6
1155,122,2025-01-01,API,6,1
1156,122,2025-02-01,Reports,5,1
1157,122,2025-03-01,Automation,6,1
1158,122,2025-04-01,Integrations,5,1
1159,122,2025-05-01,Integrations,3,1
1160,122,2025-06-01,Reports,5,1
1161,122,2025-07-01,Integrations,7,1
1162,122,2025-08-01,API,10,3
1163,122,2025-09-01,Integrations,2,1
1164,122,2025-10-01,Automation,3,1
1165,122,2025-11-01,API,8,2
1166,122,2025-12-01,API,11,3
1167,122,2026-01-01,Integrations,4,1
1168,122,2026-02-01,Automation,1,1
1169,122,2026-03-01,Reports,6,1
1170,122,2026-04-01,API,4,1
1171,123,2025-10-01,API,8,1
1172,123,2025-11-01,API,3,1
1173,123,2025-12-01,Reports,1,1
1174,123,2026-01-01,Dashboard,7,1
1175,123,2026-02-01,Automation,5,1
1176,123,2026-03-01,Integrations,0,1
1177,123,2026-04-01,Reports,8,1
1178,123,2026-05-01,API,5,1
1179,123,2026-06-01,Automation,6,1
1180,123,2026-07-01,Dashboard,4,1
1181,124,2025-05-01,Reports,20,3
1182,124,2025-06-01,API,26,5
1183,124,2025-07-01,Automation,28,5
1184,124,2025-08-01,Dashboard,23,4
1185,124,2025-09-01,Reports,23,5
1186,124,2025-10-01,Dashboard,25,5
1187,124,2025-11-01,API,22,4
1188,124,2025-12-01,Integrations,20,3
1189,124,2026-01-01,Automation,23,6
1190,124,2026-02-01,Dashboard,20,5
1191,124,2026-03-01,Integrations,23,4
1192,124,2026-04-01,Integrations,24,4
1193,124,2026-05-01,API,20,3
1194,124,2026-06-01,API,23,6
1195,124,2026-07-01,Integrations,23,4
1196,125,2025-08-01,Dashboard,2,1
1197,125,2025-09-01,Dashboard,1,1
1198,126,2024-12-01,Reports,5,1
1199,126,2025-01-01,API,5,1
1200,126,2025-02-01,Integrations,0,1
1201,126,2025-03-01,API,3,1
1202,126,2025-04-01,API,0,1
1203,127,2025-02-01,Automation,8,1
1204,127,2025-03-01,Dashboard,4,1
1205,127,2025-04-01,Reports,5,1
1206,127,2025-05-01,Automation,4,1
1207,127,2025-06-01,API,9,1
1208,127,2025-07-01,Reports,5,1
1209,127,2025-08-01,API,5,1
1210,127,2025-09-01,Dashboard,7,1
1211,127,2025-10-01,Automation,7,1
1212,127,2025-11-01,Dashboard,0,1
1213,127,2025-12-01,Reports,1,1
1214,127,2026-01-01,Integrations,0,1
1215,128,2025-01-01,Automation,9,2
1216,128,2025-02-01,Dashboard,12,2
1217,128,2025-03-01,Dashboard,13,2
1218,128,2025-04-01,API,14,3
1219,128,2025-05-01,Automation,7,1
1220,128,2025-06-01,API,0,1
1221,129,2025-11-01,Dashboard,0,1
1222,129,2025-12-01,Automation,9,1
1223,130,2025-07-01,Automation,8,2
1224,130,2025-08-01,Reports,7,1
1225,130,2025-09-01,Dashboard,3,1
1226,130,2025-10-01,Automation,5,1
1227,130,2025-11-01,Dashboard,2,1
1228,130,2025-12-01,Integrations,12,3
1229,130,2026-01-01,Integrations,7,1
1230,130,2026-02-01,Dashboard,5,1
1231,130,2026-03-01,Dashboard,2,1
1232,130,2026-04-01,Dashboard,5,1
1233,130,2026-05-01,Dashboard,5,1
1234,130,2026-06-01,Reports,4,1
1235,130,2026-07-01,Reports,5,1
1236,131,2025-10-01,API,4,1
1237,131,2025-11-01,Dashboard,4,1
1238,131,2025-12-01,Dashboard,8,2
1239,131,2026-01-01,Reports,3,1
1240,131,2026-02-01,Reports,3,1
1241,131,2026-03-01,API,11,2
1242,131,2026-04-01,Reports,3,1
1243,131,2026-05-01,Integrations,2,1
1244,131,2026-06-01,Integrations,4,1
1245,131,2026-07-01,Integrations,0,1
1246,131,2026-08-01,Dashboard,1,1
1247,132,2025-03-01,Reports,12,2
1248,132,2025-04-01,API,14,2
1249,132,2025-05-01,Integrations,13,2
1250,132,2025-06-01,Reports,8,1
1251,132,2025-07-01,Automation,7,1
1252,132,2025-08-01,Integrations,11,1
1253,132,2025-09-01,Reports,0,1
1254,133,2025-06-01,Reports,6,1
1255,133,2025-07-01,Reports,11,2
1256,133,2025-08-01,Integrations,10,1
1257,133,2025-09-01,Automation,11,2
1258,133,2025-10-01,Dashboard,9,2
1259,133,2025-11-01,Reports,7,1
1260,133,2025-12-01,Integrations,5,1
1261,133,2026-01-01,Reports,12,3
1262,133,2026-02-01,Automation,8,2
1263,133,2026-03-01,Automation,14,2
1264,133,2026-04-01,Dashboard,8,1
1265,133,2026-05-01,Integrations,11,2
1266,133,2026-06-01,Integrations,0,1
1267,134,2025-10-01,Dashboard,34,11
1268,134,2025-11-01,API,35,10
1269,134,2025-12-01,Integrations,39,7
1270,134,2026-01-01,Automation,25,7
1271,134,2026-02-01,Dashboard,15,4
1272,134,2026-03-01,Automation,8,1
1273,135,2025-04-01,Reports,8,1
1274,135,2025-05-01,Dashboard,8,2
1275,135,2025-06-01,Automation,7,1
1276,135,2025-07-01,Integrations,7,1
1277,135,2025-08-01,Dashboard,7,1
1278,135,2025-09-01,API,7,1
1279,135,2025-10-01,API,10,2
1280,135,2025-11-01,Integrations,10,1
1281,135,2025-12-01,Integrations,6,1
1282,135,2026-01-01,Automation,5,1
1283,135,2026-02-01,Reports,8,2
1284,135,2026-03-01,Integrations,7,1
1285,135,2026-04-01,API,5,1
1286,135,2026-05-01,Automation,7,2
1287,135,2026-06-01,Automation,9,1
1288,135,2026-07-01,API,2,1
1289,136,2024-12-01,API,25,4
1290,136,2025-01-01,Reports,21,4
1291,136,2025-02-01,Reports,23,3
1292,136,2025-03-01,API,25,5
1293,136,2025-04-01,Integrations,28,4
1294,136,2025-05-01,Integrations,18,3
1295,136,2025-06-01,Integrations,21,3
1296,136,2025-07-01,Automation,23,5
1297,136,2025-08-01,Reports,18,5
1298,136,2025-09-01,Integrations,23,4
1299,136,2025-10-01,API,25,7
1300,136,2025-11-01,Automation,23,4
1301,136,2025-12-01,Integrations,17,3
1302,136,2026-01-01,Dashboard,9,2
1303,136,2026-02-01,Automation,4,1
1304,137,2025-01-01,Automation,0,1
1305,137,2025-02-01,Integrations,5,1
1306,138,2025-08-01,Automation,8,1
1307,138,2025-09-01,Automation,2,1
1308,138,2025-10-01,Dashboard,8,2
1309,138,2025-11-01,Integrations,10,2
1310,138,2025-12-01,Automation,8,2
1311,138,2026-01-01,Automation,10,2
1312,138,2026-02-01,Dashboard,11,3
1313,138,2026-03-01,API,6,1
1314,138,2026-04-01,Integrations,9,1
1315,138,2026-05-01,Reports,9,2
1316,138,2026-06-01,Reports,5,1
1317,138,2026-07-01,Integrations,9,1
1318,139,2025-04-01,Dashboard,10,1
1319,139,2025-05-01,Automation,7,1
1320,139,2025-06-01,Integrations,9,1
1321,139,2025-07-01,Dashboard,4,1
1322,139,2025-08-01,Reports,8,1
1323,139,2025-09-01,Integrations,8,2
1324,139,2025-10-01,API,8,1
1325,139,2025-11-01,Reports,14,3
1326,139,2025-12-01,Reports,9,2
1327,139,2026-01-01,Reports,13,3
1328,139,2026-02-01,API,4,1
1329,139,2026-03-01,Reports,7,1
1330,139,2026-04-01,Automation,1,1
1331,139,2026-05-01,Reports,1,1
1332,139,2026-06-01,Integrations,4,1
1333,139,2026-07-01,API,5,1
1334,140,2026-05-01,API,4,1
1335,140,2026-06-01,Integrations,3,1
1336,140,2026-07-01,Integrations,0,1
1337,140,2026-08-01,Integrations,4,1
1338,140,2026-09-01,Automation,0,1
1339,140,2026-10-01,Integrations,0,1
1340,141,2025-04-01,Automation,15,2
1341,141,2025-05-01,API,17,3
1342,141,2025-06-01,Automation,7,1
1343,141,2025-07-01,Dashboard,15,4
1344,141,2025-08-01,Automation,12,3
1345,141,2025-09-01,Integrations,12,2
1346,141,2025-10-01,Integrations,13,2
1347,141,2025-11-01,API,10,3
1348,141,2025-12-01,API,16,2
1349,141,2026-01-01,Reports,16,3
1350,141,2026-02-01,Reports,15,3
1351,141,2026-03-01,Dashboard,16,3
1352,141,2026-04-01,Integrations,15,3
1353,141,2026-05-01,Integrations,15,2
1354,141,2026-06-01,Dashboard,14,4
1355,141,2026-07-01,API,16,4
1356,142,2025-07-01,Reports,11,2
1357,142,2025-08-01,Automation,16,3
1358,142,2025-09-01,Integrations,9,2
1359,142,2025-10-01,Dashboard,8,1
1360,142,2025-11-01,Reports,12,2
1361,142,2025-12-01,API,10,1
1362,142,2026-01-01,Reports,12,3
1363,142,2026-02-01,Automation,13,2
1364,142,2026-03-01,Integrations,14,4
1365,142,2026-04-01,Integrations,16,3
1366,142,2026-05-01,Dashboard,11,2
1367,142,2026-06-01,Automation,10,2
1368,142,2026-07-01,Automation,13,2
1369,143,2025-07-01,Dashboard,0,1
1370,144,2025-03-01,Integrations,0,1
1371,144,2025-04-01,Reports,5,1
1372,144,2025-05-01,API,0,1
1373,144,2025-06-01,Reports,2,1
1374,144,2025-07-01,Integrations,6,1
1375,144,2025-08-01,Reports,4,1
1376,144,2025-09-01,Automation,3,1
1377,144,2025-10-01,API,3,1
1378,144,2025-11-01,Automation,6,1
1379,144,2025-12-01,Automation,2,1
1380,144,2026-01-01,Integrations,2,1
1381,144,2026-02-01,Automation,5,1
1382,144,2026-03-01,Integrations,0,1
1383,144,2026-04-01,Dashboard,0,1
1384,145,2026-01-01,Dashboard,17,4
1385,145,2026-02-01,Dashboard,19,3
1386,145,2026-03-01,Automation,17,4
1387,145,2026-04-01,API,21,6
1388,145,2026-05-01,Reports,21,3
1389,145,2026-06-01,Automation,20,3
1390,145,2026-07-01,Automation,10,2
1391,145,2026-08-01,Reports,0,1
1392,146,2025-02-01,Reports,46,8
1393,146,2025-03-01,API,44,11
1394,146,2025-04-01,Integrations,43,11
1395,146,2025-05-01,API,41,10
1396,146,2025-06-01,Dashboard,42,8
1397,146,2025-07-01,API,39,7
1398,146,2025-08-01,Dashboard,41,12
1399,146,2025-09-01,Integrations,44,11
1400,146,2025-10-01,Dashboard,44,9
1401,146,2025-11-01,Reports,46,9
1402,146,2025-12-01,API,44,9
1403,146,2026-01-01,Automation,42,7
1404,146,2026-02-01,Dashboard,43,7
1405,146,2026-03-01,Dashboard,38,9
1406,146,2026-04-01,Integrations,43,13
1407,146,2026-05-01,API,44,9
1408,146,2026-06-01,Dashboard,41,12
1409,146,2026-07-01,Integrations,41,8
1410,147,2025-08-01,Integrations,13,2
1411,147,2025-09-01,Dashboard,8,1
1412,147,2025-10-01,Integrations,13,2
1413,147,2025-11-01,Automation,17,2
1414,147,2025-12-01,Integrations,11,1
1415,147,2026-01-01,Dashboard,11,2
1416,147,2026-02-01,Dashboard,15,2
1417,147,2026-03-01,Dashboard,10,1
1418,147,2026-04-01,API,10,2
1419,147,2026-05-01,Dashboard,7,1
1420,147,2026-06-01,API,10,2
1421,147,2026-07-01,Automation,3,1
1422,148,2025-07-01,Integrations,9,2
1423,148,2025-08-01,Reports,5,1
1424,148,2025-09-01,Dashboard,8,1
1425,148,2025-10-01,API,8,1
1426,148,2025-11-01,Integrations,6,1
1427,148,2025-12-01,Dashboard,6,1
1428,148,2026-01-01,Automation,3,1
1429,148,2026-02-01,Integrations,5,1
1430,148,2026-03-01,Dashboard,7,1
1431,148,2026-04-01,Automation,2,1
1432,148,2026-05-01,API,6,1
1433,148,2026-06-01,Dashboard,4,1
1434,148,2026-07-01,Automation,3,1
1435,149,2025-01-01,Dashboard,11,1
1436,149,2025-02-01,Dashboard,11,3
1437,149,2025-03-01,Reports,16,5
1438,149,2025-04-01,Dashboard,20,5
1439,149,2025-05-01,Reports,14,3
1440,149,2025-06-01,Dashboard,11,2
1441,149,2025-07-01,API,12,2
1442,149,2025-08-01,Integrations,15,2
1443,149,2025-09-01,Automation,14,2
1444,149,2025-10-01,Automation,15,2
1445,149,2025-11-01,Dashboard,13,3
1446,149,2025-12-01,API,17,5
1447,149,2026-01-01,Reports,23,5
1448,149,2026-02-01,Automation,16,2
1449,149,2026-03-01,Integrations,16,3
1450,149,2026-04-01,Reports,16,3
1451,149,2026-05-01,Reports,18,3
1452,149,2026-06-01,Automation,8,1
1453,149,2026-07-01,Integrations,15,3
1454,150,2026-02-01,API,2,1
1455,150,2026-03-01,Dashboard,0,1
1456,150,2026-04-01,Reports,1,1
1457,150,2026-05-01,Integrations,3,1
1458,150,2026-06-01,Dashboard,3,1
1459,150,2026-07-01,Automation,0,1
1460,151,2025-09-01,Integrations,3,1
1461,151,2025-10-01,Automation,3,1
1462,151,2025-11-01,Reports,0,1
1463,151,2025-12-01,Dashboard,1,1
1464,151,2026-01-01,Integrations,1,1
1465,151,2026-02-01,Dashboard,0,1
1466,151,2026-03-01,Automation,0,1
1467,151,2026-04-01,API,0,1
1468,152,2026-05-01,API,4,1
1469,152,2026-06-01,Reports,2,1
1470,152,2026-07-01,Integrations,0,1
1471,152,2026-08-01,API,11,2
1472,152,2026-09-01,API,1,1
1473,152,2026-10-01,Automation,0,1
1474,153,2026-04-01,API,5,1
1475,154,2024-11-01,API,0,1
1476,154,2024-12-01,API,3,1
1477,154,2025-01-01,Automation,1,1
1478,154,2025-02-01,Integrations,0,1
1479,155,2025-04-01,API,35,7
1480,155,2025-05-01,API,32,7
1481,155,2025-06-01,Automation,35,6
1482,155,2025-07-01,Dashboard,28,6
1483,155,2025-08-01,Dashboard,31,6
1484,155,2025-09-01,API,37,8
1485,155,2025-10-01,Automation,35,6
1486,155,2025-11-01,API,27,5
1487,155,2025-12-01,API,35,6
1488,155,2026-01-01,Reports,31,8
1489,155,2026-02-01,Integrations,34,8
1490,155,2026-03-01,Integrations,36,11
1491,155,2026-04-01,Dashboard,30,5
1492,155,2026-05-01,Integrations,31,6
1493,155,2026-06-01,Dashboard,30,8
1494,155,2026-07-01,Integrations,37,7
1495,156,2025-09-01,Reports,0,1
1496,156,2025-10-01,API,0,1
1497,157,2025-01-01,API,9,1
1498,157,2025-02-01,Automation,9,1
1499,157,2025-03-01,Dashboard,4,1
1500,157,2025-04-01,Reports,0,1
1501,158,2025-07-01,Dashboard,0,1
1502,158,2025-08-01,API,2,1
1503,158,2025-09-01,Integrations,2,1
1504,158,2025-10-01,Automation,1,1
1505,158,2025-11-01,Reports,3,1
1506,158,2025-12-01,Integrations,0,1
1507,158,2026-01-01,Integrations,9,1
1508,158,2026-02-01,Reports,10,1
1509,158,2026-03-01,Automation,1,1
1510,158,2026-04-01,Reports,10,2
1511,158,2026-05-01,Automation,1,1
1512,158,2026-06-01,Reports,4,1
1513,158,2026-07-01,Integrations,5,1
1514,159,2025-02-01,Integrations,16,5
1515,159,2025-03-01,API,22,5
1516,159,2025-04-01,Reports,16,3
1517,159,2025-05-01,Reports,18,5
1518,159,2025-06-01,Dashboard,19,4
1519,159,2025-07-01,Reports,18,4
1520,159,2025-08-01,Integrations,16,3
1521,159,2025-09-01,Automation,17,3
1522,159,2025-10-01,API,15,2
1523,159,2025-11-01,Automation,24,4
1524,159,2025-12-01,Automation,18,3
1525,159,2026-01-01,API,18,5
1526,159,2026-02-01,Dashboard,25,5
1527,159,2026-03-01,API,15,3
1528,159,2026-04-01,API,21,5
1529,159,2026-05-01,Reports,19,3
1530,159,2026-06-01,Dashboard,16,5
1531,159,2026-07-01,API,20,5
1532,160,2025-06-01,Reports,21,4
1533,160,2025-07-01,Integrations,18,4
1534,160,2025-08-01,API,25,6
1535,160,2025-09-01,Reports,24,4
1536,160,2025-10-01,Reports,22,4
1537,160,2025-11-01,Dashboard,17,3
1538,160,2025-12-01,Automation,25,5
1539,160,2026-01-01,Reports,27,4
1540,160,2026-02-01,Dashboard,24,6
1541,160,2026-03-01,Integrations,23,5
1542,160,2026-04-01,Dashboard,24,4
1543,160,2026-05-01,Integrations,27,7
1544,160,2026-06-01,Automation,24,4
1545,160,2026-07-01,Automation,15,2
1546,161,2025-02-01,API,2,1
1547,161,2025-03-01,Automation,1,1
1548,161,2025-04-01,Dashboard,1,1
1549,161,2025-05-01,Dashboard,5,1
1550,161,2025-06-01,Automation,3,1
1551,161,2025-07-01,Reports,3,1
1552,161,2025-08-01,API,7,2
1553,161,2025-09-01,Automation,0,1
1554,161,2025-10-01,Reports,2,1
1555,161,2025-11-01,Reports,0,1
1556,161,2025-12-01,Automation,4,1
1557,161,2026-01-01,Integrations,3,1
1558,161,2026-02-01,Reports,1,1
1559,161,2026-03-01,API,1,1
1560,161,2026-04-01,Reports,5,1
1561,161,2026-05-01,API,6,1
1562,161,2026-06-01,API,1,1
1563,161,2026-07-01,Integrations,10,2
1564,162,2025-10-01,Reports,10,1
1565,162,2025-11-01,Integrations,10,3
1566,162,2025-12-01,Automation,13,2
1567,162,2026-01-01,Reports,9,1
1568,162,2026-02-01,Dashboard,9,2
1569,162,2026-03-01,Reports,11,2
1570,162,2026-04-01,Integrations,7,1
1571,162,2026-05-01,Automation,10,2
1572,162,2026-06-01,Integrations,14,2
1573,162,2026-07-01,Automation,11,1
1574,163,2025-04-01,Reports,6,1
1575,163,2025-05-01,Reports,0,1
1576,163,2025-06-01,Automation,7,1
1577,163,2025-07-01,Integrations,7,1
1578,163,2025-08-01,Dashboard,9,2
1579,163,2025-09-01,API,4,1
1580,163,2025-10-01,Integrations,7,1
1581,163,2025-11-01,Reports,11,2
1582,163,2025-12-01,Reports,5,1
1583,163,2026-01-01,Integrations,1,1
1584,163,2026-02-01,Dashboard,7,1
1585,163,2026-03-01,Dashboard,4,1
1586,163,2026-04-01,API,2,1
1587,163,2026-05-01,Reports,3,1
1588,163,2026-06-01,Reports,1,1
1589,163,2026-07-01,Dashboard,2,1
1590,164,2025-04-01,API,12,2
1591,164,2025-05-01,Reports,1,1
1592,164,2025-06-01,Integrations,12,2
1593,164,2025-07-01,Automation,9,1
1594,164,2025-08-01,Integrations,3,1
1595,164,2025-09-01,Integrations,6,1
1596,164,2025-10-01,API,15,2
1597,164,2025-11-01,Dashboard,4,1
1598,164,2025-12-01,Automation,7,1
1599,164,2026-01-01,Integrations,10,2
1600,164,2026-02-01,API,10,2
1601,164,2026-03-01,Reports,11,3
1602,164,2026-04-01,Dashboard,8,1
1603,164,2026-05-01,API,13,2
1604,164,2026-06-01,Integrations,5,1
1605,164,2026-07-01,API,5,1
1606,165,2024-10-01,Automation,0,1
1607,165,2024-11-01,Integrations,1,1
1608,166,2026-03-01,Dashboard,5,1
1609,166,2026-04-01,Integrations,1,1
1610,166,2026-05-01,API,6,1
1611,166,2026-06-01,Automation,3,1
1612,166,2026-07-01,API,6,1
1613,166,2026-08-01,API,5,1
1614,166,2026-09-01,Automation,1,1
1615,166,2026-10-01,Integrations,9,1
1616,166,2026-11-01,Reports,9,2
1617,166,2026-12-01,Dashboard,9,1
1618,166,2027-01-01,Automation,4,1
1619,166,2027-02-01,Integrations,2,1
1620,166,2027-03-01,Reports,8,2
1621,166,2027-04-01,Automation,8,1
1622,166,2027-05-01,Automation,11,1
1623,166,2027-06-01,Reports,2,1
1624,166,2027-07-01,Integrations,9,1
1625,166,2027-08-01,API,4,1
1626,167,2025-10-01,Reports,9,2
1627,167,2025-11-01,Automation,1,1
1628,167,2025-12-01,Dashboard,4,1
1629,167,2026-01-01,Integrations,8,1
1630,167,2026-02-01,Integrations,7,2
1631,167,2026-03-01,API,3,1
1632,167,2026-04-01,Automation,5,1
1633,167,2026-05-01,Integrations,7,1
1634,167,2026-06-01,Automation,3,1
1635,167,2026-07-01,Dashboard,10,1
1636,168,2025-12-01,Automation,10,1
1637,168,2026-01-01,Dashboard,7,1
1638,168,2026-02-01,Reports,5,1
1639,168,2026-03-01,Automation,8,2
1640,168,2026-04-01,Reports,10,2
1641,168,2026-05-01,Reports,10,2
1642,168,2026-06-01,API,16,4
1643,168,2026-07-01,API,9,2
1644,168,2026-08-01,API,15,3
1645,168,2026-09-01,Automation,12,3
1646,168,2026-10-01,Dashboard,17,5
1647,169,2025-08-01,Dashboard,2,1
1648,169,2025-09-01,Integrations,0,1
1649,170,2025-11-01,Automation,23,7
1650,170,2025-12-01,API,24,4
1651,170,2026-01-01,Reports,22,5
1652,170,2026-02-01,Automation,14,4
1653,170,2026-03-01,Automation,17,3
1654,170,2026-04-01,Integrations,20,3
1655,170,2026-05-01,Integrations,14,3
1656,170,2026-06-01,Dashboard,18,4
1657,170,2026-07-01,Integrations,21,3
1658,171,2025-07-01,API,13,2
1659,171,2025-08-01,Dashboard,4,1
1660,171,2025-09-01,Integrations,19,5
1661,171,2025-10-01,Dashboard,13,2
1662,171,2025-11-01,Reports,20,3
1663,171,2025-12-01,Automation,10,2
1664,171,2026-01-01,API,17,5
1665,171,2026-02-01,API,14,2
1666,171,2026-03-01,Automation,11,2
1667,171,2026-04-01,Automation,11,2
1668,171,2026-05-01,Automation,15,2
1669,171,2026-06-01,Reports,14,4
1670,171,2026-07-01,Dashboard,11,2
1671,172,2025-03-01,Automation,1,1
1672,173,2025-12-01,Integrations,5,1
1673,173,2026-01-01,Dashboard,0,1
1674,173,2026-02-01,Automation,0,1
1675,173,2026-03-01,Dashboard,1,1
1676,173,2026-04-01,Integrations,3,1
1677,173,2026-05-01,Automation,0,1
1678,173,2026-06-01,API,0,1
1679,173,2026-07-01,Dashboard,0,1
1680,174,2025-03-01,Dashboard,0,1
1681,174,2025-04-01,Automation,5,1
1682,174,2025-05-01,Reports,3,1
1683,174,2025-06-01,Reports,4,1
1684,174,2025-07-01,Automation,4,1
1685,174,2025-08-01,Automation,2,1
1686,174,2025-09-01,Automation,1,1
1687,174,2025-10-01,Dashboard,0,1
1688,174,2025-11-01,Automation,3,1
1689,174,2025-12-01,Automation,6,1
1690,174,2026-01-01,Integrations,6,1
1691,174,2026-02-01,Dashboard,2,1
1692,174,2026-03-01,API,8,1
1693,174,2026-04-01,Automation,0,1
1694,174,2026-05-01,Reports,3,1
1695,174,2026-06-01,Reports,1,1
1696,174,2026-07-01,Automation,3,1
1697,175,2025-09-01,Automation,9,1
1698,175,2025-10-01,Integrations,10,2
1699,175,2025-11-01,Integrations,4,1
1700,175,2025-12-01,Dashboard,11,1
1701,175,2026-01-01,Dashboard,4,1
1702,175,2026-02-01,Reports,8,1
1703,175,2026-03-01,API,6,1
1704,175,2026-04-01,Automation,8,1
1705,175,2026-05-01,Dashboard,10,2
1706,175,2026-06-01,Reports,7,1
1707,175,2026-07-01,API,7,1
1708,175,2026-08-01,Integrations,11,1
1709,175,2026-09-01,API,10,2
1710,175,2026-10-01,Reports,8,1
1711,175,2026-11-01,Reports,10,2
1712,175,2026-12-01,Integrations,7,1
1713,175,2027-01-01,Reports,6,1
1714,175,2027-02-01,API,8,1
1715,175,2027-03-01,Dashboard,12,2
1716,176,2025-06-01,Reports,37,6
1717,176,2025-07-01,API,44,8
1718,176,2025-08-01,Reports,46,8
1719,176,2025-09-01,Reports,38,12
1720,176,2025-10-01,Reports,41,11
1721,176,2025-11-01,Integrations,42,7
1722,176,2025-12-01,Reports,40,11
1723,176,2026-01-01,Dashboard,42,8
1724,176,2026-02-01,Automation,39,9
1725,176,2026-03-01,API,45,9
1726,176,2026-04-01,Automation,45,7
1727,176,2026-05-01,API,40,8
1728,176,2026-06-01,Dashboard,37,7
1729,176,2026-07-01,Reports,29,5
1730,176,2026-08-01,Dashboard,17,3
1731,176,2026-09-01,Reports,8,1
1732,177,2025-03-01,API,5,1
1733,177,2025-04-01,Integrations,4,1
1734,177,2025-05-01,API,7,1
1735,177,2025-06-01,API,2,1
1736,177,2025-07-01,Reports,2,1
1737,177,2025-08-01,API,7,1
1738,177,2025-09-01,API,0,1
1739,177,2025-10-01,API,7,2
1740,177,2025-11-01,API,8,1
1741,177,2025-12-01,Integrations,3,1
1742,177,2026-01-01,API,8,2
1743,177,2026-02-01,Integrations,5,1
1744,177,2026-03-01,Automation,1,1
1745,177,2026-04-01,Integrations,4,1
1746,177,2026-05-01,Integrations,2,1
1747,177,2026-06-01,Dashboard,5,1
1748,177,2026-07-01,Integrations,1,1
1749,178,2025-01-01,Automation,5,1
1750,178,2025-02-01,API,13,3
1751,178,2025-03-01,Dashboard,16,4
1752,178,2025-04-01,Automation,5,1
1753,178,2025-05-01,Integrations,13,2
1754,178,2025-06-01,Dashboard,17,2
1755,178,2025-07-01,Automation,12,2
1756,178,2025-08-01,API,6,1
1757,178,2025-09-01,Automation,7,2
1758,178,2025-10-01,Integrations,15,4
1759,178,2025-11-01,API,8,2
1760,178,2025-12-01,Automation,8,2
1761,178,2026-01-01,API,13,2
1762,178,2026-02-01,Dashboard,8,1
1763,178,2026-03-01,Dashboard,11,3
1764,178,2026-04-01,Automation,11,2
1765,178,2026-05-01,Dashboard,11,3
1766,178,2026-06-01,Automation,14,4
1767,178,2026-07-01,Dashboard,2,1
1768,179,2025-07-01,Reports,0,1
1769,180,2025-06-01,API,14,2
1770,180,2025-07-01,Dashboard,10,2
1771,180,2025-08-01,Reports,8,2
1772,180,2025-09-01,Integrations,10,2
1773,180,2025-10-01,Dashboard,11,2
1774,180,2025-11-01,Integrations,9,1
1775,180,2025-12-01,Dashboard,10,3
1776,180,2026-01-01,Integrations,3,1
1777,180,2026-02-01,Reports,1,1
1778,181,2024-12-01,API,8,1
1779,181,2025-01-01,Reports,4,1
1780,181,2025-02-01,Dashboard,3,1
1781,181,2025-03-01,Integrations,3,1
1782,181,2025-04-01,Integrations,0,1
1783,181,2025-05-01,Dashboard,1,1
1784,182,2025-09-01,Reports,15,4
1785,182,2025-10-01,Dashboard,18,3
1786,182,2025-11-01,Dashboard,14,4
1787,182,2025-12-01,API,16,3
1788,182,2026-01-01,Reports,12,2
1789,182,2026-02-01,Dashboard,16,3
1790,182,2026-03-01,Integrations,14,3
1791,182,2026-04-01,Dashboard,18,3
1792,182,2026-05-01,Dashboard,12,2
1793,182,2026-06-01,Integrations,12,3
1794,182,2026-07-01,Integrations,20,5
1795,183,2025-08-01,Dashboard,10,1
1796,183,2025-09-01,Reports,12,3
1797,183,2025-10-01,Reports,7,1
1798,183,2025-11-01,Integrations,12,3
1799,183,2025-12-01,API,11,2
1800,183,2026-01-01,Dashboard,7,1
1801,183,2026-02-01,Automation,11,3
1802,183,2026-03-01,Integrations,9,1
1803,183,2026-04-01,Integrations,6,1
1804,183,2026-05-01,API,8,2
1805,183,2026-06-01,Reports,8,2
1806,183,2026-07-01,Automation,15,3
1807,184,2025-06-01,Integrations,6,1
1808,184,2025-07-01,Integrations,4,1
1809,184,2025-08-01,Automation,3,1
1810,184,2025-09-01,Dashboard,0,1
1811,184,2025-10-01,Automation,1,1
1812,184,2025-11-01,Reports,0,1
1813,185,2025-01-01,Automation,2,1
1814,185,2025-02-01,Dashboard,5,1
1815,185,2025-03-01,Dashboard,6,1
1816,185,2025-04-01,Integrations,6,1
1817,185,2025-05-01,Reports,7,2
1818,185,2025-06-01,Reports,5,1
1819,185,2025-07-01,Integrations,6,1
1820,185,2025-08-01,Reports,5,1
1821,185,2025-09-01,Reports,5,1
1822,185,2025-10-01,Integrations,0,1
1823,185,2025-11-01,Reports,0,1
1824,185,2025-12-01,Integrations,1,1
1825,186,2025-03-01,Integrations,7,1
1826,186,2025-04-01,Automation,8,2
1827,186,2025-05-01,Automation,6,1
1828,186,2025-06-01,Integrations,12,2
1829,186,2025-07-01,Dashboard,5,1
1830,186,2025-08-01,Automation,4,1
1831,186,2025-09-01,Dashboard,5,1
1832,186,2025-10-01,Automation,7,1
1833,186,2025-11-01,Dashboard,11,1
1834,186,2025-12-01,Automation,17,2
1835,186,2026-01-01,Dashboard,7,1
1836,186,2026-02-01,Dashboard,8,1
1837,186,2026-03-01,Reports,4,1
1838,186,2026-04-01,API,5,1
1839,186,2026-05-01,Automation,7,1
1840,186,2026-06-01,Automation,6,1
1841,186,2026-07-01,Integrations,10,1
1842,187,2025-03-01,Integrations,18,4
1843,187,2025-04-01,API,12,2
1844,187,2025-05-01,Reports,17,3
1845,187,2025-06-01,API,18,3
1846,187,2025-07-01,Automation,16,3
1847,187,2025-08-01,API,16,2
1848,187,2025-09-01,Integrations,15,4
1849,187,2025-10-01,Reports,17,4
1850,187,2025-11-01,Integrations,15,4
1851,187,2025-12-01,Dashboard,18,3
1852,187,2026-01-01,API,13,3
1853,187,2026-02-01,Automation,19,4
1854,187,2026-03-01,Automation,18,3
1855,187,2026-04-01,Dashboard,8,1
1856,187,2026-05-01,API,19,4
1857,187,2026-06-01,Reports,19,5
1858,187,2026-07-01,Integrations,20,4
1859,188,2025-12-01,Integrations,1,1
1860,188,2026-01-01,Automation,6,1
1861,188,2026-02-01,API,7,1
1862,188,2026-03-01,Dashboard,6,1
1863,188,2026-04-01,Automation,3,1
1864,188,2026-05-01,Reports,8,1
1865,188,2026-06-01,API,11,3
1866,188,2026-07-01,Automation,10,2
1867,189,2025-08-01,Automation,6,1
1868,189,2025-09-01,Integrations,0,1
1869,189,2025-10-01,Integrations,0,1
1870,189,2025-11-01,Reports,0,1
1871,190,2026-06-01,Integrations,15,2
1872,190,2026-07-01,Automation,16,2
1873,190,2026-08-01,Integrations,21,5
1874,190,2026-09-01,Integrations,19,4
1875,190,2026-10-01,Integrations,14,2
1876,190,2026-11-01,Integrations,12,2
1877,191,2025-02-01,Dashboard,8,1
1878,191,2025-03-01,API,1,1
1879,191,2025-04-01,Integrations,1,1
1880,191,2025-05-01,API,0,1
1881,191,2025-06-01,Dashboard,0,1
1882,192,2026-02-01,API,6,1
1883,192,2026-03-01,Dashboard,1,1
1884,192,2026-04-01,API,6,1
1885,192,2026-05-01,Reports,8,2
1886,192,2026-06-01,Automation,4,1
1887,192,2026-07-01,Automation,7,2
1888,193,2025-03-01,Automation,6,1
1889,193,2025-04-01,Reports,6,1
1890,193,2025-05-01,API,9,1
1891,193,2025-06-01,Dashboard,6,1
1892,193,2025-07-01,Automation,14,3
1893,193,2025-08-01,Dashboard,12,2
1894,193,2025-09-01,Dashboard,10,3
1895,193,2025-10-01,API,11,1
1896,193,2025-11-01,Integrations,9,1
1897,193,2025-12-01,Reports,14,3
1898,193,2026-01-01,API,14,3
1899,193,2026-02-01,Automation,6,1
1900,193,2026-03-01,Dashboard,18,5
1901,193,2026-04-01,Integrations,15,2
1902,193,2026-05-01,Automation,7,1
1903,193,2026-06-01,Automation,11,2
1904,193,2026-07-01,Reports,6,1
1905,194,2024-12-01,Reports,0,1
1906,194,2025-01-01,Reports,2,1
1907,194,2025-02-01,API,7,1
1908,194,2025-03-01,Dashboard,0,1
1909,194,2025-04-01,Automation,11,2
1910,194,2025-05-01,Dashboard,2,1
1911,194,2025-06-01,Reports,5,1
1912,194,2025-07-01,API,9,1
1913,194,2025-08-01,API,0,1
1914,194,2025-09-01,Reports,3,1
1915,194,2025-10-01,API,7,1
1916,194,2025-11-01,Integrations,0,1
1917,194,2025-12-01,Reports,6,1
1918,194,2026-01-01,Dashboard,6,1
1919,194,2026-02-01,Integrations,0,1
1920,194,2026-03-01,Integrations,0,1
1921,194,2026-04-01,Reports,0,1
1922,194,2026-05-01,API,0,1
1923,194,2026-06-01,Automation,5,1
1924,194,2026-07-01,Dashboard,2,1
1925,195,2024-12-01,Integrations,2,1
1926,195,2025-01-01,Integrations,4,1
1927,195,2025-02-01,API,7,1
1928,195,2025-03-01,API,2,1
1929,195,2025-04-01,API,6,1
1930,195,2025-05-01,Integrations,7,2
1931,195,2025-06-01,Reports,6,1
1932,195,2025-07-01,Automation,1,1
1933,195,2025-08-01,Reports,3,1
1934,195,2025-09-01,Reports,0,1
1935,195,2025-10-01,Reports,0,1
1936,195,2025-11-01,Reports,0,1
1937,196,2025-12-01,Integrations,0,1
1938,197,2025-12-01,Dashboard,6,1
1939,197,2026-01-01,Dashboard,0,1
1940,197,2026-02-01,Dashboard,3,1
1941,197,2026-03-01,Dashboard,5,1
1942,197,2026-04-01,Dashboard,6,1
1943,197,2026-05-01,Dashboard,11,1
1944,197,2026-06-01,API,6,1
1945,197,2026-07-01,Dashboard,8,2
1946,198,2026-06-01,Reports,8,1
1947,198,2026-07-01,Reports,4,1
1948,199,2026-03-01,Dashboard,6,1
1949,199,2026-04-01,API,4,1
1950,199,2026-05-01,Automation,0,1
1951,199,2026-06-01,Integrations,0,1
1952,199,2026-07-01,Dashboard,3,1
1953,199,2026-08-01,Automation,4,1
1954,199,2026-09-01,Automation,1,1
1955,200,2025-03-01,Integrations,4,1
1956,201,2025-03-01,Integrations,19,4
1957,201,2025-04-01,API,24,6
1958,201,2025-05-01,Dashboard,18,3
1959,201,2025-06-01,Automation,20,6
1960,201,2025-07-01,Dashboard,16,3
1961,201,2025-08-01,Dashboard,21,4
1962,201,2025-09-01,Reports,14,3
1963,201,2025-10-01,Reports,19,6
1964,201,2025-11-01,Dashboard,18,3
1965,201,2025-12-01,Reports,22,5
1966,201,2026-01-01,Dashboard,19,4
1967,201,2026-02-01,Dashboard,17,3
1968,201,2026-03-01,Dashboard,21,6
1969,201,2026-04-01,Integrations,19,3
1970,201,2026-05-01,Reports,15,3
1971,201,2026-06-01,Reports,17,4
1972,201,2026-07-01,Dashboard,15,3
1973,202,2025-12-01,Reports,16,2
1974,202,2026-01-01,Reports,18,4
1975,202,2026-02-01,Automation,12,2
1976,202,2026-03-01,Reports,16,3
1977,202,2026-04-01,Reports,10,3
1978,202,2026-05-01,Dashboard,19,3
1979,202,2026-06-01,Dashboard,12,2
1980,202,2026-07-01,Integrations,15,2
1981,202,2026-08-01,Integrations,15,4
1982,202,2026-09-01,Reports,16,2
1983,202,2026-10-01,API,12,2
1984,202,2026-11-01,API,14,3
1985,202,2026-12-01,Reports,12,2
1986,202,2027-01-01,Dashboard,15,3
1987,202,2027-02-01,Integrations,13,2
1988,202,2027-03-01,Integrations,15,3
1989,202,2027-04-01,Reports,16,3
1990,202,2027-05-01,API,15,2
1991,203,2025-05-01,API,6,1
1992,203,2025-06-01,Automation,0,1
1993,203,2025-07-01,API,3,1
1994,203,2025-08-01,Automation,1,1
1995,203,2025-09-01,API,2,1
1996,203,2025-10-01,Reports,0,1
1997,203,2025-11-01,Reports,0,1
1998,204,2026-05-01,Automation,15,2
1999,204,2026-06-01,Integrations,13,3
2000,204,2026-07-01,Integrations,7,2
2001,205,2025-07-01,Dashboard,8,2
2002,205,2025-08-01,API,3,1
2003,205,2025-09-01,Integrations,8,1
2004,205,2025-10-01,Reports,8,1
2005,205,2025-11-01,Integrations,5,1
2006,205,2025-12-01,Integrations,8,2
2007,205,2026-01-01,Automation,3,1
2008,205,2026-02-01,Reports,5,1
2009,205,2026-03-01,Automation,4,1
2010,205,2026-04-01,Integrations,7,1
2011,205,2026-05-01,API,6,1
2012,205,2026-06-01,Dashboard,9,2
2013,205,2026-07-01,API,4,1
2014,206,2025-10-01,Dashboard,7,1
2015,206,2025-11-01,Reports,7,1
2016,206,2025-12-01,Integrations,10,1
2017,206,2026-01-01,Reports,5,1
2018,206,2026-02-01,Dashboard,12,2
2019,206,2026-03-01,API,7,2
2020,206,2026-04-01,Reports,9,2
2021,206,2026-05-01,Reports,2,1
2022,206,2026-06-01,Dashboard,10,1
2023,206,2026-07-01,Automation,4,1
2024,207,2025-12-01,Reports,2,1
2025,208,2025-08-01,API,20,4
2026,208,2025-09-01,Dashboard,25,5
2027,208,2025-10-01,Reports,25,4
2028,208,2025-11-01,Reports,23,4
2029,208,2025-12-01,API,22,7
2030,208,2026-01-01,Reports,26,7
2031,208,2026-02-01,Integrations,27,5
2032,208,2026-03-01,Integrations,23,4
2033,208,2026-04-01,API,24,5
2034,208,2026-05-01,Integrations,26,5
2035,208,2026-06-01,Integrations,23,3
2036,208,2026-07-01,Automation,25,5
2037,209,2025-02-01,Automation,8,2
2038,209,2025-03-01,Dashboard,12,2
2039,209,2025-04-01,Dashboard,10,1
2040,209,2025-05-01,API,5,1
2041,209,2025-06-01,API,9,1
2042,209,2025-07-01,Integrations,7,1
2043,209,2025-08-01,Reports,7,1
2044,209,2025-09-01,API,10,2
2045,209,2025-10-01,Dashboard,9,2
2046,209,2025-11-01,API,10,2
2047,209,2025-12-01,Reports,11,3
2048,209,2026-01-01,Reports,8,1
2049,209,2026-02-01,Integrations,9,1
2050,209,2026-03-01,Dashboard,2,1
2051,209,2026-04-01,Dashboard,4,1
2052,210,2025-03-01,Integrations,4,1
2053,210,2025-04-01,Reports,4,1
2054,210,2025-05-01,Automation,7,1
2055,210,2025-06-01,API,7,1
2056,210,2025-07-01,Integrations,7,1
2057,210,2025-08-01,Dashboard,4,1
2058,210,2025-09-01,Reports,6,1
2059,210,2025-10-01,Integrations,6,1
2060,210,2025-11-01,Reports,7,1
2061,210,2025-12-01,Reports,0,1
2062,210,2026-01-01,Dashboard,5,1
2063,210,2026-02-01,Automation,0,1
2064,210,2026-03-01,Dashboard,4,1
2065,210,2026-04-01,Integrations,6,1
2066,210,2026-05-01,Reports,7,1
2067,210,2026-06-01,Dashboard,8,2
2068,210,2026-07-01,API,12,2
2069,211,2025-12-01,Dashboard,11,1
2070,211,2026-01-01,Integrations,10,3
2071,211,2026-02-01,Integrations,12,2
2072,211,2026-03-01,API,5,1
2073,211,2026-04-01,Reports,2,1
2074,211,2026-05-01,Automation,12,2
2075,211,2026-06-01,Integrations,7,2
2076,211,2026-07-01,Dashboard,8,1
2077,212,2026-04-01,Integrations,0,1
2078,212,2026-05-01,Dashboard,4,1
2079,212,2026-06-01,Dashboard,0,1
2080,213,2024-12-01,Integrations,7,1
2081,213,2025-01-01,Automation,2,1
2082,213,2025-02-01,Dashboard,7,1
2083,213,2025-03-01,Automation,6,1
2084,213,2025-04-01,Reports,5,1
2085,213,2025-05-01,Reports,8,2
2086,213,2025-06-01,Integrations,10,2
2087,213,2025-07-01,API,7,1
2088,213,2025-08-01,Reports,8,1
2089,213,2025-09-01,API,9,2
2090,213,2025-10-01,Integrations,8,1
2091,213,2025-11-01,Dashboard,8,2
2092,213,2025-12-01,Integrations,6,1
2093,213,2026-01-01,Dashboard,13,2
2094,213,2026-02-01,API,4,1
2095,213,2026-03-01,Integrations,0,1
2096,213,2026-04-01,Dashboard,6,1
2097,213,2026-05-01,Reports,1,1
2098,213,2026-06-01,API,1,1
2099,214,2025-11-01,API,19,3
2100,214,2025-12-01,Reports,15,3
2101,214,2026-01-01,API,17,3
2102,214,2026-02-01,Automation,13,2
2103,214,2026-03-01,Integrations,8,1
2104,214,2026-04-01,API,13,2
2105,214,2026-05-01,API,10,1
2106,214,2026-06-01,Automation,7,1
2107,214,2026-07-01,Integrations,13,2
2108,215,2025-03-01,Dashboard,7,1
2109,215,2025-04-01,Integrations,4,1
2110,215,2025-05-01,Reports,8,2
2111,215,2025-06-01,Dashboard,11,2
2112,215,2025-07-01,Automation,8,1
2113,215,2025-08-01,Dashboard,6,1
2114,215,2025-09-01,Dashboard,6,1
2115,215,2025-10-01,Dashboard,10,1
2116,215,2025-11-01,API,10,3
2117,215,2025-12-01,Automation,6,1
2118,215,2026-01-01,API,10,1
2119,215,2026-02-01,API,10,1
2120,215,2026-03-01,Integrations,7,1
2121,215,2026-04-01,Reports,6,1
2122,215,2026-05-01,Reports,8,2
2123,215,2026-06-01,Reports,13,3
2124,215,2026-07-01,Automation,11,2
2125,216,2025-09-01,Integrations,10,1
2126,216,2025-10-01,Reports,6,1
2127,217,2025-07-01,Automation,12,2
2128,217,2025-08-01,API,3,1
2129,218,2025-01-01,Dashboard,0,1
2130,218,2025-02-01,Integrations,2,1
2131,218,2025-03-01,API,1,1
2132,218,2025-04-01,API,4,1
2133,218,2025-05-01,Reports,2,1
2134,218,2025-06-01,API,0,1
2135,218,2025-07-01,API,0,1
2136,218,2025-08-01,API,2,1
2137,218,2025-09-01,Integrations,0,1
2138,219,2024-09-01,Dashboard,4,1
2139,219,2024-10-01,API,9,2
2140,219,2024-11-01,Integrations,7,2
2141,219,2024-12-01,Automation,9,1
2142,219,2025-01-01,Integrations,9,2
2143,219,2025-02-01,Integrations,11,3
2144,219,2025-03-01,Automation,14,3
2145,219,2025-04-01,Automation,12,2
2146,219,2025-05-01,Integrations,10,3
2147,219,2025-06-01,Automation,10,2
2148,219,2025-07-01,Integrations,11,3
2149,219,2025-08-01,Automation,14,3
2150,219,2025-09-01,API,11,2
2151,219,2025-10-01,Automation,4,1
2152,219,2025-11-01,Automation,7,1
2153,219,2025-12-01,Integrations,13,3
2154,219,2026-01-01,API,10,1
2155,219,2026-02-01,Automation,11,2
2156,219,2026-03-01,Integrations,6,1
2157,219,2026-04-01,Reports,1,1
2158,220,2025-07-01,API,2,1
2159,220,2025-08-01,Automation,3,1
2160,220,2025-09-01,API,0,1
2161,220,2025-10-01,API,12,3
2162,220,2025-11-01,API,0,1
2163,220,2025-12-01,Dashboard,6,1
2164,220,2026-01-01,Automation,8,1
2165,220,2026-02-01,Automation,3,1
2166,220,2026-03-01,Dashboard,10,2
2167,220,2026-04-01,Integrations,6,1
2168,220,2026-05-01,Integrations,11,1
2169,220,2026-06-01,Integrations,4,1
2170,220,2026-07-01,Automation,6,1
2171,221,2025-10-01,Integrations,4,1
2172,221,2025-11-01,API,1,1
2173,221,2025-12-01,Automation,0,1
2174,221,2026-01-01,API,1,1
2175,221,2026-02-01,Integrations,0,1
2176,222,2024-12-01,API,9,1
2177,222,2025-01-01,Integrations,4,1
2178,222,2025-02-01,Integrations,0,1
2179,222,2025-03-01,Integrations,1,1
2180,222,2025-04-01,Automation,4,1
2181,222,2025-05-01,API,9,2
2182,222,2025-06-01,API,8,1
2183,222,2025-07-01,Dashboard,4,1
2184,222,2025-08-01,Reports,0,1
2185,222,2025-09-01,Reports,4,1
2186,223,2025-03-01,Dashboard,1,1
2187,223,2025-04-01,Dashboard,3,1
2188,223,2025-05-01,Automation,6,1
2189,223,2025-06-01,Dashboard,9,1
2190,223,2025-07-01,Reports,6,1
2191,223,2025-08-01,Reports,1,1
2192,223,2025-09-01,Integrations,1,1
2193,223,2025-10-01,Integrations,7,1
2194,223,2025-11-01,Dashboard,0,1
2195,223,2025-12-01,API,4,1
2196,223,2026-01-01,Automation,2,1
2197,224,2024-11-01,Dashboard,17,3
2198,224,2024-12-01,Reports,17,3
2199,224,2025-01-01,API,17,3
2200,224,2025-02-01,Integrations,17,3
2201,224,2025-03-01,Dashboard,16,3
2202,224,2025-04-01,Integrations,14,4
2203,224,2025-05-01,API,14,4
2204,224,2025-06-01,Reports,14,2
2205,224,2025-07-01,Dashboard,14,4
2206,224,2025-08-01,Reports,14,2
2207,224,2025-09-01,Reports,14,2
2208,224,2025-10-01,Automation,13,4
2209,224,2025-11-01,Automation,12,2
2210,224,2025-12-01,Integrations,15,4
2211,224,2026-01-01,API,12,3
2212,224,2026-02-01,Reports,11,1
2213,224,2026-03-01,Reports,10,2
2214,224,2026-04-01,Integrations,2,1
2215,225,2025-09-01,Dashboard,19,4
2216,225,2025-10-01,API,15,4
2217,225,2025-11-01,Automation,16,2
2218,225,2025-12-01,Automation,16,3
2219,225,2026-01-01,Integrations,21,4
2220,225,2026-02-01,Dashboard,22,5
2221,225,2026-03-01,Automation,19,3
2222,225,2026-04-01,API,24,4
2223,225,2026-05-01,Automation,18,3
2224,225,2026-06-01,Dashboard,11,2
2225,225,2026-07-01,Integrations,16,2
2226,226,2025-08-01,Integrations,26,6
2227,226,2025-09-01,Automation,22,6
2228,226,2025-10-01,Dashboard,16,3
2229,226,2025-11-01,Integrations,22,4
2230,226,2025-12-01,Automation,14,3
2231,226,2026-01-01,API,15,4
2232,226,2026-02-01,Dashboard,9,1
2233,226,2026-03-01,API,6,1
2234,227,2025-05-01,Dashboard,42,8
2235,227,2025-06-01,Automation,43,12
2236,227,2025-07-01,Automation,39,10
2237,227,2025-08-01,Automation,46,10
2238,227,2025-09-01,Dashboard,47,12
2239,227,2025-10-01,Automation,50,8
2240,227,2025-11-01,Reports,41,9
2241,227,2025-12-01,Integrations,44,7
2242,227,2026-01-01,Integrations,46,9
2243,227,2026-02-01,Automation,48,13
2244,227,2026-03-01,Automation,38,6
2245,227,2026-04-01,API,41,11
2246,227,2026-05-01,Dashboard,46,8
2247,227,2026-06-01,Automation,44,7
2248,227,2026-07-01,Dashboard,39,7
2249,228,2024-12-01,Integrations,7,1
2250,228,2025-01-01,Reports,3,1
2251,228,2025-02-01,Reports,8,1
2252,228,2025-03-01,Reports,7,2
2253,228,2025-04-01,Automation,2,1
2254,228,2025-05-01,Reports,5,1
2255,228,2025-06-01,Integrations,8,1
2256,228,2025-07-01,Dashboard,8,1
2257,228,2025-08-01,Automation,8,1
2258,228,2025-09-01,API,7,2
2259,228,2025-10-01,Automation,7,1
2260,228,2025-11-01,Reports,7,1
2261,228,2025-12-01,Integrations,7,1
2262,228,2026-01-01,Automation,4,1
2263,228,2026-02-01,Reports,3,1
2264,228,2026-03-01,Dashboard,8,1
2265,228,2026-04-01,Integrations,1,1
2266,228,2026-05-01,Reports,4,1
2267,228,2026-06-01,Automation,4,1
2268,228,2026-07-01,Integrations,6,1
2269,229,2026-02-01,Integrations,5,1
2270,229,2026-03-01,Integrations,5,1
2271,229,2026-04-01,Automation,5,1
2272,229,2026-05-01,API,4,1
2273,229,2026-06-01,Integrations,0,1
2274,230,2025-04-01,API,0,1
2275,230,2025-05-01,Reports,2,1
2276,230,2025-06-01,Automation,0,1
2277,230,2025-07-01,Automation,0,1
2278,230,2025-08-01,Automation,2,1
2279,230,2025-09-01,Automation,0,1
2280,230,2025-10-01,Reports,3,1
2281,230,2025-11-01,Integrations,0,1
2282,230,2025-12-01,Automation,1,1
2283,230,2026-01-01,Dashboard,3,1
2284,230,2026-02-01,Reports,0,1
2285,230,2026-03-01,Dashboard,0,1
2286,230,2026-04-01,API,1,1
2287,230,2026-05-01,Automation,0,1
2288,230,2026-06-01,Integrations,6,1
2289,230,2026-07-01,Automation,3,1
2290,231,2026-01-01,Reports,27,4
2291,231,2026-02-01,API,21,4
2292,231,2026-03-01,Dashboard,20,3
2293,231,2026-04-01,Dashboard,22,5
2294,231,2026-05-01,API,22,3
2295,231,2026-06-01,Dashboard,20,4
2296,231,2026-07-01,Automation,24,5
2297,232,2025-12-01,Dashboard,16,3
2298,232,2026-01-01,Automation,22,6
2299,232,2026-02-01,Dashboard,17,2
2300,232,2026-03-01,API,13,3
2301,232,2026-04-01,Reports,19,5
2302,232,2026-05-01,Reports,18,4
2303,232,2026-06-01,Reports,21,5
2304,232,2026-07-01,Reports,19,3
2305,233,2025-12-01,Reports,23,7
2306,233,2026-01-01,Integrations,24,6
2307,233,2026-02-01,Dashboard,12,2
2308,233,2026-03-01,Integrations,10,2
2309,233,2026-04-01,Reports,3,1
2310,234,2025-01-01,Automation,0,1
2311,234,2025-02-01,Reports,0,1
2312,234,2025-03-01,Automation,9,1
2313,234,2025-04-01,Integrations,5,1
2314,234,2025-05-01,Dashboard,5,1
2315,234,2025-06-01,Integrations,3,1
2316,234,2025-07-01,Automation,0,1
2317,234,2025-08-01,Dashboard,0,1
2318,234,2025-09-01,API,0,1
2319,234,2025-10-01,Integrations,0,1
2320,234,2025-11-01,Reports,5,1
2321,234,2025-12-01,API,2,1
2322,234,2026-01-01,API,0,1
2323,234,2026-02-01,Dashboard,1,1
2324,234,2026-03-01,Dashboard,2,1
2325,234,2026-04-01,Dashboard,3,1
2326,234,2026-05-01,Dashboard,1,1
2327,234,2026-06-01,Dashboard,1,1
2328,234,2026-07-01,Dashboard,0,1
2329,235,2025-10-01,Reports,30,6
2330,235,2025-11-01,API,34,6
2331,235,2025-12-01,Automation,36,6
2332,235,2026-01-01,Reports,40,9
2333,235,2026-02-01,API,34,5
2334,235,2026-03-01,API,20,6
2335,235,2026-04-01,Dashboard,17,5
2336,235,2026-05-01,API,3,1
2337,236,2025-02-01,Reports,1,1
2338,236,2025-03-01,Reports,6,1
2339,237,2025-03-01,Dashboard,4,1
2340,237,2025-04-01,Reports,7,1
2341,237,2025-05-01,Integrations,6,1
2342,237,2025-06-01,Reports,5,1
2343,237,2025-07-01,API,3,1
2344,237,2025-08-01,API,8,1
2345,237,2025-09-01,Automation,5,1
2346,237,2025-10-01,Reports,6,1
2347,237,2025-11-01,API,6,1
2348,237,2025-12-01,Reports,4,1
2349,237,2026-01-01,Dashboard,7,1
2350,237,2026-02-01,Dashboard,4,1
2351,237,2026-03-01,Integrations,5,1
2352,237,2026-04-01,Integrations,1,1
2353,237,2026-05-01,API,6,1
2354,237,2026-06-01,Integrations,0,1
2355,238,2025-04-01,Automation,34,8
2356,238,2025-05-01,Reports,41,6
2357,238,2025-06-01,Automation,39,6
2358,238,2025-07-01,Automation,36,9
2359,238,2025-08-01,Dashboard,37,8
2360,238,2025-09-01,Reports,36,7
2361,238,2025-10-01,Integrations,34,6
2362,238,2025-11-01,API,41,13
2363,238,2025-12-01,Integrations,41,13
2364,238,2026-01-01,Integrations,39,8
2365,238,2026-02-01,API,43,13
2366,238,2026-03-01,API,41,7
2367,238,2026-04-01,Automation,35,6
2368,238,2026-05-01,Dashboard,48,8
2369,238,2026-06-01,Integrations,39,8
2370,238,2026-07-01,Dashboard,42,7
2371,239,2025-08-01,Dashboard,10,3
2372,239,2025-09-01,API,8,2
2373,239,2025-10-01,Dashboard,1,1
2374,240,2025-07-01,API,15,2
2375,240,2025-08-01,Integrations,17,3
2376,240,2025-09-01,Dashboard,15,2
2377,240,2025-10-01,Automation,15,3
2378,240,2025-11-01,Dashboard,15,2
2379,240,2025-12-01,Automation,13,2
2380,240,2026-01-01,API,18,5
2381,240,2026-02-01,Automation,9,2
2382,240,2026-03-01,Automation,14,2
2383,240,2026-04-01,Dashboard,12,3
2384,240,2026-05-01,API,10,2
2385,240,2026-06-01,API,15,3
2386,240,2026-07-01,Automation,15,4
2387,240,2026-08-01,Reports,12,3
2388,240,2026-09-01,Dashboard,21,6
2389,240,2026-10-01,Integrations,18,3
2390,240,2026-11-01,API,16,4
2391,241,2025-07-01,API,33,6
2392,241,2025-08-01,Automation,30,7
2393,241,2025-09-01,API,26,6
2394,241,2025-10-01,Reports,25,5
2395,241,2025-11-01,Automation,28,5
2396,241,2025-12-01,Reports,28,5
2397,241,2026-01-01,Automation,29,5
2398,241,2026-02-01,Dashboard,31,6
2399,241,2026-03-01,API,34,10
2400,241,2026-04-01,Dashboard,26,6
2401,241,2026-05-01,API,30,6
2402,241,2026-06-01,Integrations,33,6
2403,241,2026-07-01,Dashboard,33,7
2404,242,2024-11-01,Reports,13,2
2405,242,2024-12-01,Automation,9,1
2406,242,2025-01-01,API,0,1
2407,243,2025-07-01,Integrations,1,1
2408,243,2025-08-01,Dashboard,1,1
2409,243,2025-09-01,Dashboard,4,1
2410,243,2025-10-01,Dashboard,0,1
2411,243,2025-11-01,Integrations,0,1
2412,243,2025-12-01,Automation,3,1
2413,244,2025-08-01,API,3,1
2414,244,2025-09-01,Dashboard,6,1
2415,244,2025-10-01,Automation,9,1
2416,244,2025-11-01,Dashboard,10,1
2417,244,2025-12-01,Integrations,12,2
2418,244,2026-01-01,Integrations,12,2
2419,244,2026-02-01,Integrations,8,1
2420,244,2026-03-01,Dashboard,6,1
2421,244,2026-04-01,Reports,0,1
2422,245,2024-11-01,Dashboard,0,1
2423,245,2024-12-01,Reports,2,1
2424,245,2025-01-01,Integrations,1,1
2425,245,2025-02-01,Reports,3,1
2426,245,2025-03-01,Automation,1,1
2427,246,2025-04-01,Integrations,4,1
2428,246,2025-05-01,Integrations,8,1
2429,246,2025-06-01,Automation,2,1
2430,246,2025-07-01,Reports,8,2
2431,246,2025-08-01,Reports,7,1
2432,246,2025-09-01,Dashboard,4,1
2433,246,2025-10-01,Dashboard,0,1
2434,246,2025-11-01,Reports,1,1
2435,247,2025-06-01,API,17,5
2436,247,2025-07-01,Integrations,12,3
2437,247,2025-08-01,Automation,13,2
2438,247,2025-09-01,Reports,11,1
2439,247,2025-10-01,Dashboard,12,3
2440,247,2025-11-01,Automation,14,3
2441,247,2025-12-01,Reports,13,3
2442,247,2026-01-01,Dashboard,14,3
2443,247,2026-02-01,Automation,15,2
2444,247,2026-03-01,Reports,7,1
2445,247,2026-04-01,API,14,4
2446,247,2026-05-01,Automation,9,1
2447,247,2026-06-01,Integrations,7,1
2448,247,2026-07-01,Integrations,6,1
2449,248,2024-12-01,Reports,30,6
2450,248,2025-01-01,API,27,5
2451,248,2025-02-01,Dashboard,27,7
2452,248,2025-03-01,API,29,6
2453,248,2025-04-01,Dashboard,34,9
2454,248,2025-05-01,API,27,4
2455,248,2025-06-01,Integrations,24,4
2456,248,2025-07-01,Integrations,31,8
2457,248,2025-08-01,Automation,25,4
2458,248,2025-09-01,API,30,5
2459,248,2025-10-01,Integrations,31,5
2460,248,2025-11-01,Automation,32,5
2461,248,2025-12-01,Dashboard,33,6
2462,248,2026-01-01,Dashboard,32,6
2463,248,2026-02-01,Dashboard,31,5
2464,248,2026-03-01,Reports,28,8
2465,248,2026-04-01,API,26,5
2466,248,2026-05-01,Automation,30,6
2467,248,2026-06-01,Reports,29,5
2468,248,2026-07-01,API,32,6
2469,249,2025-12-01,Dashboard,5,1
2470,249,2026-01-01,Automation,7,1
2471,249,2026-02-01,Integrations,5,1
2472,249,2026-03-01,API,2,1
2473,249,2026-04-01,API,0,1
2474,249,2026-05-01,Dashboard,3,1
2475,249,2026-06-01,Integrations,5,1
2476,249,2026-07-01,Automation,3,1
2477,250,2025-08-01,Automation,0,1
2478,250,2025-09-01,Dashboard,0,1
2479,251,2025-02-01,API,9,2
2480,251,2025-03-01,Reports,0,1
2481,251,2025-04-01,Dashboard,7,1
2482,251,2025-05-01,Reports,1,1
2483,252,2024-12-01,API,8,2
2484,252,2025-01-01,API,2,1
2485,252,2025-02-01,Reports,9,1
2486,252,2025-03-01,Reports,9,1
2487,252,2025-04-01,Automation,9,2
2488,252,2025-05-01,Automation,3,1
2489,252,2025-06-01,Automation,11,2
2490,252,2025-07-01,API,6,1
2491,252,2025-08-01,Integrations,3,1
2492,253,2025-12-01,Reports,1,1
2493,253,2026-01-01,Dashboard,6,1
2494,253,2026-02-01,Reports,5,1
2495,253,2026-03-01,Reports,0,1
2496,253,2026-04-01,Dashboard,1,1
2497,253,2026-05-01,API,5,1
2498,253,2026-06-01,API,6,1
2499,253,2026-07-01,Dashboard,4,1
2500,254,2026-04-01,Integrations,10,2
2501,254,2026-05-01,Integrations,3,1
2502,254,2026-06-01,Integrations,18,3
2503,254,2026-07-01,API,15,3
2504,255,2025-05-01,Reports,27,7
2505,255,2025-06-01,Automation,26,6
2506,255,2025-07-01,Dashboard,21,4
2507,255,2025-08-01,Automation,29,5
2508,255,2025-09-01,Integrations,24,4
2509,255,2025-10-01,Integrations,23,4
2510,255,2025-11-01,Automation,22,5
2511,255,2025-12-01,Reports,22,5
2512,255,2026-01-01,Dashboard,26,5
2513,255,2026-02-01,Integrations,22,4
2514,255,2026-03-01,Dashboard,24,6
2515,255,2026-04-01,Automation,24,4
2516,255,2026-05-01,Reports,22,5
2517,255,2026-06-01,Integrations,22,7
2518,255,2026-07-01,Dashboard,20,3
2519,256,2026-01-01,Integrations,9,1
2520,256,2026-02-01,Reports,10,2
2521,256,2026-03-01,Reports,1,1
2522,256,2026-04-01,Integrations,8,2
2523,256,2026-05-01,API,8,1
2524,256,2026-06-01,Reports,7,1
2525,256,2026-07-01,Dashboard,9,2
2526,257,2025-09-01,Dashboard,7,1
2527,257,2025-10-01,API,5,1
2528,257,2025-11-01,Automation,0,1
2529,257,2025-12-01,Integrations,5,1
2530,257,2026-01-01,Automation,6,1
2531,257,2026-02-01,Integrations,8,1
2532,257,2026-03-01,Automation,5,1
2533,257,2026-04-01,Automation,4,1
2534,257,2026-05-01,Automation,0,1
2535,257,2026-06-01,Automation,6,1
2536,257,2026-07-01,Integrations,6,1
2537,258,2025-03-01,Dashboard,1,1
2538,258,2025-04-01,Reports,0,1
2539,258,2025-05-01,Automation,4,1
2540,258,2025-06-01,Reports,2,1
2541,259,2025-04-01,Reports,8,1
2542,259,2025-05-01,Automation,13,2
2543,259,2025-06-01,Dashboard,19,5
2544,259,2025-07-01,Reports,11,2
2545,259,2025-08-01,Integrations,13,2
2546,259,2025-09-01,API,15,3
2547,259,2025-10-01,Automation,13,2
2548,259,2025-11-01,Dashboard,9,1
2549,259,2025-12-01,Reports,18,5
2550,259,2026-01-01,API,18,3
2551,259,2026-02-01,Reports,15,2
2552,259,2026-03-01,Dashboard,20,4
2553,259,2026-04-01,Dashboard,14,3
2554,259,2026-05-01,API,14,2
2555,259,2026-06-01,Dashboard,7,1
2556,259,2026-07-01,Automation,13,2
2557,260,2025-08-01,Integrations,15,2
2558,260,2025-09-01,Reports,15,4
2559,260,2025-10-01,Reports,13,4
2560,260,2025-11-01,Reports,12,2
2561,260,2025-12-01,API,15,2
2562,260,2026-01-01,Automation,10,1
2563,260,2026-02-01,Dashboard,16,2
2564,260,2026-03-01,API,17,3
2565,260,2026-04-01,API,19,5
2566,260,2026-05-01,API,14,2
2567,260,2026-06-01,Reports,17,3
2568,260,2026-07-01,Dashboard,18,5
2569,261,2026-03-01,Dashboard,19,6
2570,261,2026-04-01,Automation,22,5
2571,261,2026-05-01,Dashboard,16,3
2572,261,2026-06-01,Dashboard,15,3
2573,261,2026-07-01,Reports,13,2
2574,262,2025-05-01,Dashboard,2,1
2575,262,2025-06-01,API,0,1
2576,262,2025-07-01,Dashboard,5,1
2577,263,2025-02-01,Integrations,2,1
2578,263,2025-03-01,Reports,0,1
2579,263,2025-04-01,Dashboard,2,1
2580,264,2025-11-01,Automation,5,1
2581,264,2025-12-01,Integrations,4,1
2582,264,2026-01-01,Reports,5,1
2583,265,2025-02-01,Reports,15,2
2584,265,2025-03-01,Integrations,14,2
2585,265,2025-04-01,Automation,10,2
2586,265,2025-05-01,Integrations,9,2
2587,265,2025-06-01,Dashboard,8,2
2588,265,2025-07-01,Integrations,14,2
2589,265,2025-08-01,Integrations,8,2
2590,265,2025-09-01,Automation,13,2
2591,265,2025-10-01,Automation,11,1
2592,265,2025-11-01,API,12,2
2593,265,2025-12-01,Dashboard,12,2
2594,265,2026-01-01,Integrations,20,5
2595,265,2026-02-01,Integrations,11,2
2596,265,2026-03-01,Dashboard,10,1
2597,265,2026-04-01,Reports,18,4
2598,265,2026-05-01,Reports,9,2
2599,265,2026-06-01,Integrations,9,2
2600,265,2026-07-01,API,15,3
2601,266,2024-11-01,Dashboard,0,1
2602,267,2025-03-01,API,22,7
2603,267,2025-04-01,Automation,21,5
2604,267,2025-05-01,Automation,19,4
2605,267,2025-06-01,Reports,20,4
2606,267,2025-07-01,Automation,18,3
2607,267,2025-08-01,Integrations,19,5
2608,267,2025-09-01,Automation,21,4
2609,267,2025-10-01,API,19,4
2610,267,2025-11-01,Integrations,21,6
2611,267,2025-12-01,Dashboard,15,3
2612,267,2026-01-01,Automation,4,1
2613,267,2026-02-01,Reports,6,1
2614,268,2025-05-01,Dashboard,5,1
2615,268,2025-06-01,Integrations,7,1
2616,268,2025-07-01,Automation,4,1
2617,268,2025-08-01,Reports,4,1
2618,268,2025-09-01,Reports,3,1
2619,268,2025-10-01,Integrations,0,1
2620,269,2025-01-01,Automation,18,3
2621,269,2025-02-01,Automation,13,2
2622,269,2025-03-01,Reports,13,2
2623,269,2025-04-01,Dashboard,21,5
2624,269,2025-05-01,Automation,13,4
2625,269,2025-06-01,Automation,16,5
2626,269,2025-07-01,Reports,15,4
2627,269,2025-08-01,API,7,2
2628,269,2025-09-01,Automation,9,1
2629,269,2025-10-01,Integrations,4,1
2630,270,2026-03-01,Reports,27,5
2631,270,2026-04-01,Integrations,25,5
2632,270,2026-05-01,Integrations,26,7
2633,270,2026-06-01,Dashboard,25,6
2634,270,2026-07-01,API,27,4
2635,271,2025-12-01,Automation,4,1
2636,271,2026-01-01,Reports,4,1
2637,271,2026-02-01,API,3,1
2638,271,2026-03-01,Automation,7,2
2639,271,2026-04-01,Automation,4,1
2640,271,2026-05-01,Automation,8,2
2641,271,2026-06-01,Automation,0,1
2642,271,2026-07-01,Dashboard,10,1
2643,272,2025-12-01,API,4,1
2644,272,2026-01-01,Dashboard,2,1
2645,272,2026-02-01,Dashboard,9,2
2646,272,2026-03-01,Dashboard,3,1
2647,272,2026-04-01,Automation,3,1
2648,272,2026-05-01,Reports,3,1
2649,272,2026-06-01,Automation,5,1
2650,272,2026-07-01,Reports,5,1
2651,273,2025-08-01,Integrations,1,1
2652,273,2025-09-01,API,3,1
2653,273,2025-10-01,Integrations,3,1
2654,273,2025-11-01,Integrations,3,1
2655,273,2025-12-01,API,4,1
2656,273,2026-01-01,Automation,10,2
2657,273,2026-02-01,Dashboard,3,1
2658,273,2026-03-01,Automation,5,1
2659,273,2026-04-01,Integrations,2,1
2660,273,2026-05-01,API,0,1
2661,273,2026-06-01,API,0,1
2662,273,2026-07-01,Reports,8,1
2663,274,2025-01-01,Dashboard,14,3
2664,274,2025-02-01,Reports,16,4
2665,274,2025-03-01,Dashboard,13,2
2666,274,2025-04-01,Reports,14,2
2667,274,2025-05-01,Dashboard,12,2
2668,274,2025-06-01,Reports,7,2
2669,274,2025-07-01,Automation,16,3
2670,274,2025-08-01,API,10,1
2671,274,2025-09-01,Reports,5,1
2672,274,2025-10-01,Integrations,11,2
2673,274,2025-11-01,API,15,4
2674,274,2025-12-01,Reports,9,1
2675,274,2026-01-01,Integrations,11,2
2676,274,2026-02-01,API,10,2
2677,274,2026-03-01,Automation,9,1
2678,274,2026-04-01,Integrations,9,2
2679,274,2026-05-01,Automation,3,1
2680,274,2026-06-01,Dashboard,6,1
2681,275,2026-04-01,Integrations,0,1
2682,276,2025-12-01,Dashboard,3,1
2683,276,2026-01-01,Automation,2,1
2684,276,2026-02-01,Dashboard,11,2
2685,276,2026-03-01,Dashboard,4,1
2686,276,2026-04-01,Automation,2,1
2687,276,2026-05-01,Integrations,3,1
2688,276,2026-06-01,Reports,3,1
2689,276,2026-07-01,Dashboard,6,1
2690,277,2025-11-01,Automation,4,1
2691,277,2025-12-01,API,2,1
2692,277,2026-01-01,Dashboard,8,1
2693,277,2026-02-01,Integrations,3,1
2694,277,2026-03-01,Automation,4,1
2695,277,2026-04-01,Automation,4,1
2696,277,2026-05-01,Reports,5,1
2697,277,2026-06-01,Integrations,0,1
2698,277,2026-07-01,Automation,0,1
2699,278,2025-06-01,Integrations,0,1
2700,278,2025-07-01,Reports,1,1
2701,278,2025-08-01,API,0,1
2702,278,2025-09-01,Integrations,0,1
2703,279,2025-04-01,API,0,1
2704,279,2025-05-01,Reports,1,1
2705,279,2025-06-01,API,7,1
2706,279,2025-07-01,Integrations,5,1
2707,279,2025-08-01,Dashboard,3,1
2708,279,2025-09-01,API,6,1
2709,279,2025-10-01,Dashboard,0,1
2710,279,2025-11-01,Reports,8,1
2711,279,2025-12-01,Automation,2,1
2712,279,2026-01-01,API,0,1
2713,279,2026-02-01,API,2,1
2714,279,2026-03-01,Reports,0,1
2715,279,2026-04-01,Dashboard,4,1
2716,279,2026-05-01,Automation,2,1
2717,279,2026-06-01,Automation,2,1
2718,279,2026-07-01,Dashboard,9,2
2719,280,2025-02-01,Integrations,0,1
2720,280,2025-03-01,API,0,1
2721,281,2026-05-01,Automation,11,2
2722,281,2026-06-01,Automation,1,1
2723,281,2026-07-01,Automation,2,1
2724,281,2026-08-01,Reports,6,1
2725,281,2026-09-01,Integrations,6,1
2726,281,2026-10-01,Dashboard,8,1
2727,281,2026-11-01,API,1,1
2728,281,2026-12-01,Dashboard,3,1
2729,281,2027-01-01,Automation,9,2
2730,281,2027-02-01,Dashboard,6,1
2731,281,2027-03-01,Automation,3,1
2732,281,2027-04-01,API,7,2
2733,281,2027-05-01,Reports,4,1
2734,282,2024-10-01,Dashboard,2,1
2735,282,2024-11-01,Dashboard,7,1
2736,282,2024-12-01,Dashboard,8,2
2737,282,2025-01-01,Integrations,13,2
2738,282,2025-02-01,Automation,9,1
2739,282,2025-03-01,Automation,6,1
2740,282,2025-04-01,Reports,10,2
2741,282,2025-05-01,Reports,6,1
2742,282,2025-06-01,API,10,2
2743,282,2025-07-01,Integrations,7,1
2744,282,2025-08-01,Reports,5,1
2745,282,2025-09-01,Dashboard,5,1
2746,282,2025-10-01,Reports,13,3
2747,282,2025-11-01,Integrations,2,1
2748,282,2025-12-01,Dashboard,4,1
2749,282,2026-01-01,Integrations,4,1
2750,283,2026-02-01,Automation,15,2
2751,283,2026-03-01,Integrations,24,5
2752,283,2026-04-01,Reports,20,5
2753,283,2026-05-01,Reports,15,3
2754,283,2026-06-01,Dashboard,13,2
2755,283,2026-07-01,Integrations,17,4
2756,283,2026-08-01,API,23,7
2757,283,2026-09-01,Reports,20,3
2758,283,2026-10-01,API,16,3
2759,283,2026-11-01,Integrations,16,3
2760,283,2026-12-01,API,14,2
2761,283,2027-01-01,Automation,17,3
2762,283,2027-02-01,Reports,16,2
2763,284,2026-03-01,API,5,1
2764,284,2026-04-01,Integrations,2,1
2765,284,2026-05-01,Automation,6,1
2766,284,2026-06-01,API,0,1
2767,284,2026-07-01,API,6,1
2768,285,2025-08-01,API,37,8
2769,285,2025-09-01,Automation,39,7
2770,285,2025-10-01,API,40,8
2771,285,2025-11-01,Dashboard,44,7
2772,285,2025-12-01,Dashboard,42,7
2773,285,2026-01-01,Reports,43,9
2774,285,2026-02-01,Integrations,42,11
2775,285,2026-03-01,Dashboard,40,7
2776,285,2026-04-01,Dashboard,37,6
2777,285,2026-05-01,API,37,9
2778,285,2026-06-01,Dashboard,45,11
2779,285,2026-07-01,API,41,7
2780,286,2026-05-01,Automation,5,1
2781,286,2026-06-01,Automation,3,1
2782,287,2025-10-01,Integrations,10,1
2783,287,2025-11-01,Integrations,11,3
2784,287,2025-12-01,API,5,1
2785,287,2026-01-01,Dashboard,5,1
2786,287,2026-02-01,Reports,8,2
2787,287,2026-03-01,Integrations,7,2
2788,287,2026-04-01,Automation,4,1
2789,287,2026-05-01,API,10,2
2790,287,2026-06-01,Reports,8,2
2791,287,2026-07-01,Reports,5,1
2792,288,2025-05-01,Integrations,22,5
2793,288,2025-06-01,API,22,4
2794,288,2025-07-01,Automation,18,3
2795,288,2025-08-01,Automation,24,4
2796,288,2025-09-01,Automation,25,4
2797,288,2025-10-01,Integrations,21,3
2798,288,2025-11-01,API,21,5
2799,288,2025-12-01,Automation,25,4
2800,288,2026-01-01,Reports,16,3
2801,288,2026-02-01,Dashboard,21,6
2802,288,2026-03-01,Reports,18,4
2803,288,2026-04-01,Automation,19,3
2804,288,2026-05-01,Automation,11,2
2805,288,2026-06-01,Integrations,5,1
2806,289,2025-02-01,Automation,25,4
2807,289,2025-03-01,Dashboard,20,3
2808,289,2025-04-01,Automation,21,5
2809,289,2025-05-01,Automation,12,2
2810,289,2025-06-01,Integrations,1,1
2811,290,2026-03-01,Dashboard,8,1
2812,290,2026-04-01,API,6,1
2813,290,2026-05-01,Reports,7,1
2814,290,2026-06-01,Integrations,8,1
2815,290,2026-07-01,Automation,12,3
2816,291,2024-11-01,API,8,1
2817,291,2024-12-01,Dashboard,6,1
2818,291,2025-01-01,Integrations,3,1
2819,291,2025-02-01,API,5,1
2820,291,2025-03-01,Integrations,3,1
2821,291,2025-04-01,Reports,6,1
2822,291,2025-05-01,Dashboard,4,1
2823,291,2025-06-01,Dashboard,7,1
2824,291,2025-07-01,API,2,1
2825,291,2025-08-01,Automation,3,1
2826,291,2025-09-01,Reports,4,1
2827,291,2025-10-01,Integrations,2,1
2828,291,2025-11-01,Integrations,9,2
2829,291,2025-12-01,Integrations,5,1
2830,291,2026-01-01,API,4,1
2831,291,2026-02-01,Integrations,3,1
2832,291,2026-03-01,Automation,8,1
2833,291,2026-04-01,Dashboard,2,1
2834,291,2026-05-01,Automation,0,1
2835,292,2025-02-01,Automation,5,1
2836,292,2025-03-01,Dashboard,1,1
2837,292,2025-04-01,Automation,2,1
2838,292,2025-05-01,Integrations,5,1
2839,292,2025-06-01,Reports,5,1
2840,292,2025-07-01,Reports,5,1
2841,292,2025-08-01,API,0,1
2842,292,2025-09-01,Dashboard,4,1
2843,292,2025-10-01,Automation,0,1
2844,292,2025-11-01,Automation,3,1
2845,292,2025-12-01,Integrations,7,2
2846,292,2026-01-01,API,5,1
2847,292,2026-02-01,Reports,0,1
2848,292,2026-03-01,Reports,6,1
2849,292,2026-04-01,Automation,3,1
2850,292,2026-05-01,API,0,1
2851,292,2026-06-01,Reports,2,1
2852,292,2026-07-01,Reports,0,1
2853,293,2025-11-01,Integrations,22,4
2854,293,2025-12-01,Reports,16,4
2855,293,2026-01-01,API,15,3
2856,293,2026-02-01,Reports,15,2
2857,293,2026-03-01,Dashboard,17,3
2858,293,2026-04-01,Reports,12,2
2859,293,2026-05-01,API,21,4
2860,293,2026-06-01,API,19,3
2861,293,2026-07-01,API,19,4
2862,294,2025-11-01,Dashboard,7,2
2863,294,2025-12-01,API,8,1
2864,294,2026-01-01,API,11,2
2865,294,2026-02-01,API,5,1
2866,294,2026-03-01,Reports,3,1
2867,294,2026-04-01,Dashboard,13,2
2868,294,2026-05-01,Integrations,4,1
2869,294,2026-06-01,Automation,9,1
2870,294,2026-07-01,Integrations,13,3
2871,295,2025-07-01,Automation,7,1
2872,295,2025-08-01,Integrations,0,1
2873,295,2025-09-01,Integrations,2,1
2874,295,2025-10-01,API,0,1
2875,295,2025-11-01,Integrations,11,2
2876,295,2025-12-01,Reports,6,1
2877,295,2026-01-01,Reports,6,1
2878,295,2026-02-01,Integrations,7,1
2879,295,2026-03-01,Dashboard,4,1
2880,295,2026-04-01,Dashboard,1,1
2881,295,2026-05-01,API,1,1
2882,296,2025-02-01,Dashboard,5,1
2883,296,2025-03-01,Integrations,2,1
2884,296,2025-04-01,Integrations,7,1
2885,296,2025-05-01,Dashboard,9,2
2886,296,2025-06-01,Dashboard,3,1
2887,296,2025-07-01,Automation,8,2
2888,296,2025-08-01,Integrations,9,2
2889,296,2025-09-01,Dashboard,7,1
2890,296,2025-10-01,Automation,11,2
2891,296,2025-11-01,Reports,4,1
2892,296,2025-12-01,Integrations,4,1
2893,296,2026-01-01,Automation,5,1
2894,296,2026-02-01,Integrations,6,1
2895,296,2026-03-01,Dashboard,5,1
2896,296,2026-04-01,Automation,4,1
2897,296,2026-05-01,Reports,5,1
2898,296,2026-06-01,Reports,6,1
2899,296,2026-07-01,Integrations,9,1
2900,297,2025-07-01,Automation,9,1
2901,297,2025-08-01,API,6,1
2902,297,2025-09-01,Reports,6,1
2903,297,2025-10-01,Dashboard,9,2
2904,297,2025-11-01,Dashboard,7,1
2905,297,2025-12-01,Reports,7,1
2906,297,2026-01-01,Integrations,10,1
2907,297,2026-02-01,Reports,3,1
2908,297,2026-03-01,Integrations,11,2
2909,297,2026-04-01,Dashboard,6,1
2910,297,2026-05-01,Automation,0,1
2911,297,2026-06-01,API,7,1
2912,297,2026-07-01,Integrations,5,1
2913,298,2026-04-01,Reports,7,1
2914,298,2026-05-01,Dashboard,9,2
2915,298,2026-06-01,Dashboard,12,3
2916,298,2026-07-01,Automation,9,2
2917,299,2025-05-01,Automation,3,1
2918,299,2025-06-01,Reports,5,1
2919,299,2025-07-01,Reports,2,1
2920,299,2025-08-01,Integrations,0,1
2921,300,2025-03-01,Integrations,6,1
2922,300,2025-04-01,Automation,4,1
2923,300,2025-05-01,Integrations,3,1
2924,300,2025-06-01,Integrations,10,1
2925,300,2025-07-01,API,5,1
2926,300,2025-08-01,API,8,2
2927,300,2025-09-01,Automation,5,1
2928,300,2025-10-01,Integrations,2,1
2929,300,2025-11-01,Integrations,6,1
2930,300,2025-12-01,Integrations,1,1
2931,300,2026-01-01,API,3,1
2932,301,2025-02-01,API,48,11
2933,301,2025-03-01,API,46,11
2934,301,2025-04-01,Automation,41,10
2935,301,2025-05-01,Integrations,44,7
2936,301,2025-06-01,API,44,7
2937,301,2025-07-01,Reports,41,11
2938,301,2025-08-01,Automation,47,8
2939,301,2025-09-01,API,48,10
2940,301,2025-10-01,Integrations,43,9
2941,301,2025-11-01,API,40,6
2942,301,2025-12-01,Dashboard,43,10
2943,301,2026-01-01,Automation,45,10
2944,301,2026-02-01,Automation,45,9
2945,301,2026-03-01,Reports,46,8
2946,301,2026-04-01,Reports,46,12
2947,301,2026-05-01,Reports,48,8
2948,301,2026-06-01,Dashboard,47,7
2949,301,2026-07-01,Automation,47,8
2950,302,2024-12-01,Dashboard,8,1
2951,302,2025-01-01,Dashboard,1,1
2952,302,2025-02-01,Reports,2,1
2953,302,2025-03-01,API,2,1
2954,302,2025-04-01,Dashboard,0,1
2955,302,2025-05-01,Reports,1,1
2956,303,2026-05-01,API,4,1
2957,303,2026-06-01,Integrations,3,1
2958,303,2026-07-01,API,0,1
2959,303,2026-08-01,Reports,3,1
2960,303,2026-09-01,API,4,1
2961,303,2026-10-01,Integrations,0,1
2962,303,2026-11-01,Reports,4,1
2963,303,2026-12-01,Dashboard,0,1
2964,304,2026-05-01,Integrations,14,4
2965,304,2026-06-01,Integrations,10,1
2966,304,2026-07-01,API,16,5
2967,305,2025-05-01,Integrations,3,1
2968,305,2025-06-01,API,5,1
2969,305,2025-07-01,Dashboard,0,1
2970,305,2025-08-01,Integrations,5,1
2971,305,2025-09-01,Integrations,4,1
2972,305,2025-10-01,Reports,3,1
2973,305,2025-11-01,Integrations,0,1
2974,305,2025-12-01,Automation,0,1
2975,305,2026-01-01,Automation,0,1
2976,305,2026-02-01,API,0,1
2977,305,2026-03-01,API,0,1
2978,306,2024-12-01,Reports,18,3
2979,306,2025-01-01,Integrations,22,5
2980,306,2025-02-01,Automation,15,4
2981,306,2025-03-01,Dashboard,15,2
2982,306,2025-04-01,Reports,18,4
2983,306,2025-05-01,Dashboard,17,5
2984,306,2025-06-01,Reports,22,5
2985,306,2025-07-01,Dashboard,18,5
2986,306,2025-08-01,Dashboard,17,2
2987,306,2025-09-01,Dashboard,17,4
2988,306,2025-10-01,Dashboard,15,2
2989,306,2025-11-01,Automation,20,3
2990,306,2025-12-01,Integrations,18,4
2991,306,2026-01-01,Automation,23,6
2992,306,2026-02-01,Dashboard,25,7
2993,306,2026-03-01,Reports,17,3
2994,306,2026-04-01,API,16,3
2995,306,2026-05-01,Automation,24,7
2996,306,2026-06-01,Integrations,20,3
2997,306,2026-07-01,Automation,20,3
2998,307,2025-08-01,API,12,2
2999,307,2025-09-01,API,6,1
3000,308,2026-05-01,API,13,3
3001,308,2026-06-01,Integrations,18,3
3002,308,2026-07-01,Dashboard,12,3
3003,309,2025-09-01,Dashboard,3,1
3004,309,2025-10-01,Automation,7,2
3005,310,2025-10-01,Integrations,9,2
3006,310,2025-11-01,Reports,4,1
3007,310,2025-12-01,Dashboard,4,1
3008,310,2026-01-01,Reports,7,1
3009,310,2026-02-01,Automation,2,1
3010,310,2026-03-01,API,2,1
3011,310,2026-04-01,API,7,1
3012,310,2026-05-01,Automation,0,1
3013,310,2026-06-01,Integrations,6,1
3014,310,2026-07-01,Reports,4,1
3015,311,2025-03-01,Integrations,25,4
3016,311,2025-04-01,API,20,4
3017,311,2025-05-01,Dashboard,22,5
3018,311,2025-06-01,Automation,25,6
3019,311,2025-07-01,Integrations,29,8
3020,311,2025-08-01,Reports,26,5
3021,311,2025-09-01,Reports,29,5
3022,311,2025-10-01,API,30,6
3023,311,2025-11-01,Reports,25,4
3024,311,2025-12-01,Dashboard,21,3
3025,311,2026-01-01,Automation,23,4
3026,311,2026-02-01,Reports,22,7
3027,311,2026-03-01,Integrations,24,4
3028,311,2026-04-01,Reports,30,7
3029,311,2026-05-01,Reports,25,6
3030,311,2026-06-01,Dashboard,26,4
3031,311,2026-07-01,Reports,31,6
3032,312,2025-04-01,Reports,5,1
3033,312,2025-05-01,Dashboard,0,1
3034,313,2026-01-01,Reports,10,1
3035,313,2026-02-01,Automation,11,2
3036,313,2026-03-01,Dashboard,0,1
3037,314,2025-01-01,Integrations,11,2
3038,314,2025-02-01,Integrations,14,3
3039,314,2025-03-01,Integrations,14,3
3040,314,2025-04-01,Dashboard,13,2
3041,314,2025-05-01,Dashboard,4,1
3042,314,2025-06-01,Integrations,13,2
3043,314,2025-07-01,API,12,2
3044,314,2025-08-01,Automation,12,3
3045,314,2025-09-01,Reports,11,3
3046,314,2025-10-01,Dashboard,12,2
3047,314,2025-11-01,Automation,11,3
3048,314,2025-12-01,Automation,18,4
3049,314,2026-01-01,Dashboard,12,2
3050,314,2026-02-01,API,8,1
3051,314,2026-03-01,Reports,7,1
3052,314,2026-04-01,Dashboard,12,2
3053,314,2026-05-01,Automation,7,1
3054,314,2026-06-01,Reports,0,1
3055,314,2026-07-01,Integrations,3,1
3056,315,2025-12-01,Integrations,3,1
3057,315,2026-01-01,Automation,8,1
3058,315,2026-02-01,Automation,13,3
3059,315,2026-03-01,Integrations,5,1
3060,315,2026-04-01,Integrations,5,1
3061,315,2026-05-01,Dashboard,6,1
3062,315,2026-06-01,Automation,5,1
3063,315,2026-07-01,Dashboard,7,1
3064,316,2025-02-01,Automation,21,6
3065,316,2025-03-01,Integrations,22,6
3066,316,2025-04-01,API,17,4
3067,316,2025-05-01,Dashboard,15,4
3068,316,2025-06-01,Automation,14,2
3069,316,2025-07-01,API,20,6
3070,316,2025-08-01,Integrations,23,3
3071,316,2025-09-01,Reports,22,6
3072,316,2025-10-01,Dashboard,17,3
3073,316,2025-11-01,Reports,24,4
3074,316,2025-12-01,Integrations,24,7
3075,316,2026-01-01,API,22,5
3076,316,2026-02-01,Dashboard,15,4
3077,316,2026-03-01,Dashboard,18,5
3078,316,2026-04-01,Dashboard,19,5
3079,316,2026-05-01,Reports,13,2
3080,316,2026-06-01,Dashboard,22,6
3081,316,2026-07-01,API,22,4
3082,317,2025-08-01,Dashboard,5,1
3083,317,2025-09-01,Reports,0,1
3084,317,2025-10-01,Integrations,3,1
3085,318,2025-02-01,Automation,6,1
3086,318,2025-03-01,Dashboard,7,2
3087,318,2025-04-01,Dashboard,8,1
3088,318,2025-05-01,Reports,2,1
3089,318,2025-06-01,Integrations,8,1
3090,318,2025-07-01,Reports,6,1
3091,318,2025-08-01,Reports,6,1
3092,318,2025-09-01,Dashboard,9,2
3093,318,2025-10-01,Dashboard,4,1
3094,318,2025-11-01,Integrations,4,1
3095,318,2025-12-01,Reports,8,1
3096,318,2026-01-01,Reports,7,1
3097,318,2026-02-01,Integrations,14,2
3098,318,2026-03-01,Integrations,8,2
3099,318,2026-04-01,Reports,4,1
3100,318,2026-05-01,Integrations,1,1
3101,318,2026-06-01,API,8,1
3102,318,2026-07-01,Automation,2,1
3103,319,2025-04-01,Automation,1,1
3104,319,2025-05-01,Automation,3,1
3105,319,2025-06-01,Reports,0,1
3106,319,2025-07-01,Automation,1,1
3107,319,2025-08-01,Dashboard,8,1
3108,319,2025-09-01,API,2,1
3109,319,2025-10-01,Reports,0,1
3110,319,2025-11-01,Integrations,0,1
3111,319,2025-12-01,Automation,0,1
3112,319,2026-01-01,Integrations,2,1
3113,319,2026-02-01,Reports,2,1
3114,319,2026-03-01,Dashboard,0,1
3115,319,2026-04-01,API,0,1
3116,320,2025-03-01,Automation,2,1
3117,320,2025-04-01,API,4,1
3118,320,2025-05-01,Integrations,2,1
3119,320,2025-06-01,Reports,0,1
3120,320,2025-07-01,Automation,4,1
3121,320,2025-08-01,API,0,1
3122,320,2025-09-01,Integrations,6,1
3123,320,2025-10-01,API,3,1
3124,320,2025-11-01,Automation,4,1
3125,320,2025-12-01,API,0,1
3126,320,2026-01-01,Automation,3,1
3127,320,2026-02-01,Reports,0,1
3128,320,2026-03-01,Automation,0,1
3129,320,2026-04-01,Dashboard,0,1
3130,320,2026-05-01,Automation,0,1
3131,320,2026-06-01,Dashboard,0,1
3132,320,2026-07-01,Reports,0,1
3133,321,2025-08-01,Integrations,4,1
3134,321,2025-09-01,Automation,14,3
3135,321,2025-10-01,Dashboard,11,2
3136,321,2025-11-01,API,7,1
3137,321,2025-12-01,API,6,1
3138,321,2026-01-01,Reports,6,1
3139,321,2026-02-01,Automation,7,1
3140,321,2026-03-01,Integrations,9,2
3141,321,2026-04-01,Integrations,5,1
3142,321,2026-05-01,Automation,7,1
3143,321,2026-06-01,Reports,3,1
3144,321,2026-07-01,Reports,9,2
3145,322,2025-10-01,Integrations,0,1
3146,323,2024-11-01,Integrations,11,2
3147,323,2024-12-01,Integrations,12,3
3148,323,2025-01-01,Integrations,5,1
3149,323,2025-02-01,Dashboard,9,1
3150,323,2025-03-01,API,7,1
3151,323,2025-04-01,Reports,12,2
3152,323,2025-05-01,API,16,2
3153,323,2025-06-01,Reports,16,3
3154,323,2025-07-01,Automation,14,3
3155,323,2025-08-01,Dashboard,10,1
3156,323,2025-09-01,Integrations,17,5
3157,323,2025-10-01,API,12,3
3158,323,2025-11-01,API,4,1
3159,323,2025-12-01,Dashboard,5,1
3160,323,2026-01-01,Integrations,11,2
3161,323,2026-02-01,Dashboard,6,1
3162,323,2026-03-01,Dashboard,15,4
3163,323,2026-04-01,Dashboard,6,1
3164,323,2026-05-01,Automation,8,2
3165,323,2026-06-01,Integrations,6,1
3166,323,2026-07-01,API,8,2
3167,324,2025-03-01,API,10,2
3168,324,2025-04-01,API,9,1
3169,324,2025-05-01,API,3,1
3170,324,2025-06-01,Dashboard,1,1
3171,325,2025-06-01,Integrations,6,1
3172,325,2025-07-01,Dashboard,4,1
3173,325,2025-08-01,Reports,0,1
3174,325,2025-09-01,Automation,5,1
3175,325,2025-10-01,Reports,0,1
3176,325,2025-11-01,Integrations,0,1
3177,325,2025-12-01,Reports,6,1
3178,325,2026-01-01,API,1,1
3179,325,2026-02-01,API,5,1
3180,325,2026-03-01,Reports,2,1
3181,325,2026-04-01,Dashboard,4,1
3182,325,2026-05-01,API,0,1
3183,325,2026-06-01,Dashboard,3,1
3184,325,2026-07-01,Reports,0,1
3185,326,2025-06-01,Reports,9,1
3186,326,2025-07-01,Integrations,3,1
3187,326,2025-08-01,Integrations,3,1
3188,326,2025-09-01,Reports,1,1
3189,326,2025-10-01,Dashboard,10,2
3190,326,2025-11-01,Automation,5,1
3191,326,2025-12-01,API,6,1
3192,326,2026-01-01,Reports,10,2
3193,326,2026-02-01,Integrations,2,1
3194,326,2026-03-01,Automation,4,1
3195,326,2026-04-01,Automation,0,1
3196,326,2026-05-01,Dashboard,2,1
3197,326,2026-06-01,Dashboard,0,1
3198,327,2026-05-01,API,7,1
3199,327,2026-06-01,Integrations,11,3
3200,327,2026-07-01,Integrations,13,3
3201,327,2026-08-01,Reports,5,1
3202,327,2026-09-01,Integrations,9,2
3203,327,2026-10-01,Automation,1,1
3204,327,2026-11-01,Dashboard,0,1
3205,328,2025-10-01,Dashboard,10,2
3206,328,2025-11-01,Reports,10,2
3207,328,2025-12-01,Integrations,3,1
3208,328,2026-01-01,Automation,0,1
3209,329,2024-10-01,Automation,5,1
3210,329,2024-11-01,Dashboard,8,2
3211,329,2024-12-01,Integrations,0,1
3212,329,2025-01-01,API,4,1
3213,329,2025-02-01,Automation,2,1
3214,329,2025-03-01,Automation,1,1
3215,329,2025-04-01,Reports,0,1
3216,330,2024-10-01,Automation,9,2
3217,330,2024-11-01,Reports,8,2
3218,330,2024-12-01,Reports,0,1
3219,330,2025-01-01,Reports,13,2
3220,330,2025-02-01,Integrations,9,2
3221,330,2025-03-01,Reports,8,1
3222,330,2025-04-01,Integrations,7,1
3223,330,2025-05-01,Automation,8,1
3224,330,2025-06-01,Automation,10,2
3225,330,2025-07-01,Automation,7,1
3226,330,2025-08-01,Integrations,7,1
3227,330,2025-09-01,Automation,9,2
3228,330,2025-10-01,Dashboard,4,1
3229,330,2025-11-01,Integrations,3,1
3230,330,2025-12-01,Dashboard,4,1
3231,330,2026-01-01,Automation,0,1
3232,330,2026-02-01,API,3,1
3233,331,2026-03-01,API,24,6
3234,331,2026-04-01,Reports,14,2
3235,331,2026-05-01,API,21,4
3236,331,2026-06-01,Reports,21,6
3237,331,2026-07-01,API,14,2
3238,332,2024-12-01,Reports,7,1
3239,332,2025-01-01,Reports,4,1
3240,332,2025-02-01,API,3,1
3241,332,2025-03-01,Integrations,0,1
3242,332,2025-04-01,Dashboard,3,1
3243,332,2025-05-01,Dashboard,6,1
3244,332,2025-06-01,API,9,2
3245,332,2025-07-01,Dashboard,1,1
3246,332,2025-08-01,Reports,4,1
3247,332,2025-09-01,Automation,5,1
3248,332,2025-10-01,Dashboard,1,1
3249,333,2025-09-01,Integrations,4,1
3250,333,2025-10-01,Integrations,11,3
3251,333,2025-11-01,Reports,5,1
3252,333,2025-12-01,API,10,2
3253,333,2026-01-01,Integrations,4,1
3254,333,2026-02-01,Dashboard,8,1
3255,333,2026-03-01,Dashboard,8,1
3256,333,2026-04-01,Automation,9,1
3257,333,2026-05-01,Dashboard,9,2
3258,333,2026-06-01,API,7,1
3259,333,2026-07-01,Reports,2,1
3260,334,2026-01-01,Dashboard,11,1
3261,334,2026-02-01,Dashboard,11,2
3262,334,2026-03-01,Integrations,11,2
3263,334,2026-04-01,Dashboard,9,2
3264,334,2026-05-01,Automation,12,3
3265,334,2026-06-01,API,7,1
3266,334,2026-07-01,Automation,8,1
3267,335,2025-08-01,Dashboard,2,1
3268,335,2025-09-01,Automation,3,1
3269,335,2025-10-01,Automation,6,1
3270,335,2025-11-01,API,9,2
3271,335,2025-12-01,Automation,10,2
3272,335,2026-01-01,Integrations,11,2
3273,335,2026-02-01,Automation,13,2
3274,335,2026-03-01,Dashboard,7,1
3275,335,2026-04-01,Integrations,9,2
3276,335,2026-05-01,Integrations,11,2
3277,335,2026-06-01,API,13,2
3278,335,2026-07-01,Dashboard,7,1
3279,336,2025-08-01,Automation,3,1
3280,337,2024-12-01,Integrations,19,3
3281,337,2025-01-01,Dashboard,25,7
3282,337,2025-02-01,Integrations,21,3
3283,337,2025-03-01,Dashboard,23,4
3284,337,2025-04-01,Integrations,26,5
3285,337,2025-05-01,Dashboard,25,6
3286,337,2025-06-01,Automation,28,6
3287,337,2025-07-01,Automation,24,4
3288,337,2025-08-01,Dashboard,24,4
3289,337,2025-09-01,Automation,28,8
3290,337,2025-10-01,Integrations,26,6
3291,337,2025-11-01,Reports,24,6
3292,337,2025-12-01,Reports,28,7
3293,337,2026-01-01,Reports,27,6
3294,337,2026-02-01,Automation,32,8
3295,337,2026-03-01,Automation,27,4
3296,337,2026-04-01,Integrations,29,5
3297,337,2026-05-01,API,30,5
3298,337,2026-06-01,Integrations,23,4
3299,337,2026-07-01,Integrations,31,8
3300,338,2024-11-01,Automation,10,1
3301,338,2024-12-01,API,9,1
3302,338,2025-01-01,Reports,6,1
3303,338,2025-02-01,API,5,1
3304,338,2025-03-01,Automation,3,1
3305,338,2025-04-01,Dashboard,12,3
3306,338,2025-05-01,Dashboard,9,2
3307,338,2025-06-01,Dashboard,0,1
3308,338,2025-07-01,API,8,2
3309,338,2025-08-01,Dashboard,12,2
3310,338,2025-09-01,Dashboard,7,2
3311,338,2025-10-01,API,9,2
3312,338,2025-11-01,Integrations,4,1
3313,338,2025-12-01,Integrations,2,1
3314,338,2026-01-01,API,9,1
3315,338,2026-02-01,Reports,8,1
3316,338,2026-03-01,Integrations,11,1
3317,338,2026-04-01,Automation,7,1
3318,338,2026-05-01,Automation,8,1
3319,338,2026-06-01,Integrations,7,1
3320,338,2026-07-01,Dashboard,12,2
3321,339,2024-12-01,Automation,31,6
3322,339,2025-01-01,Integrations,34,7
3323,339,2025-02-01,Automation,27,4
3324,339,2025-03-01,Integrations,30,7
3325,339,2025-04-01,Automation,24,4
3326,339,2025-05-01,Dashboard,26,5
3327,339,2025-06-01,Integrations,31,5
3328,339,2025-07-01,Dashboard,27,8
3329,339,2025-08-01,API,27,4
3330,339,2025-09-01,Automation,36,11
3331,339,2025-10-01,Automation,29,5
3332,339,2025-11-01,Integrations,28,5
3333,339,2025-12-01,Automation,34,7
3334,339,2026-01-01,Reports,28,7
3335,339,2026-02-01,Reports,32,7
3336,339,2026-03-01,Dashboard,32,6
3337,339,2026-04-01,API,33,8
3338,339,2026-05-01,API,27,4
3339,339,2026-06-01,Reports,28,6
3340,339,2026-07-01,API,29,8
3341,340,2025-04-01,API,25,5
3342,340,2025-05-01,Reports,19,6
3343,340,2025-06-01,Integrations,25,5
3344,340,2025-07-01,API,24,7
3345,340,2025-08-01,Integrations,26,4
3346,340,2025-09-01,Dashboard,24,4
3347,340,2025-10-01,Dashboard,24,6
3348,340,2025-11-01,Integrations,21,6
3349,340,2025-12-01,Automation,23,7
3350,340,2026-01-01,Dashboard,25,5
3351,340,2026-02-01,Dashboard,23,4
3352,340,2026-03-01,Integrations,21,4
3353,340,2026-04-01,Integrations,24,5
3354,340,2026-05-01,Dashboard,20,4
3355,340,2026-06-01,Reports,22,4
3356,340,2026-07-01,Dashboard,25,4
3357,341,2025-02-01,API,3,1
3358,341,2025-03-01,API,5,1
3359,342,2026-07-01,Reports,6,1
3360,342,2026-08-01,Automation,4,1
3361,342,2026-09-01,Integrations,4,1
3362,342,2026-10-01,Reports,0,1
3363,342,2026-11-01,Dashboard,7,1
3364,342,2026-12-01,Automation,6,1
3365,342,2027-01-01,Dashboard,3,1
3366,342,2027-02-01,API,10,2
3367,342,2027-03-01,Automation,2,1
3368,342,2027-04-01,Automation,2,1
3369,342,2027-05-01,Reports,5,1
3370,342,2027-06-01,Dashboard,7,1
3371,342,2027-07-01,Reports,9,2
3372,342,2027-08-01,API,6,1
3373,342,2027-09-01,API,8,2
3374,342,2027-10-01,Dashboard,8,2
3375,342,2027-11-01,Reports,8,1
3376,342,2027-12-01,Automation,6,1
3377,342,2028-01-01,Dashboard,6,1
3378,342,2028-02-01,Integrations,4,1
3379,343,2025-07-01,Reports,20,3
3380,343,2025-08-01,Dashboard,20,5
3381,343,2025-09-01,Automation,15,2
3382,343,2025-10-01,Dashboard,13,3
3383,343,2025-11-01,API,20,3
3384,343,2025-12-01,Reports,18,5
3385,343,2026-01-01,Dashboard,16,2
3386,343,2026-02-01,Automation,17,5
3387,343,2026-03-01,Integrations,18,4
3388,343,2026-04-01,Integrations,14,4
3389,343,2026-05-01,Automation,9,1
3390,343,2026-06-01,Integrations,5,1
3391,343,2026-07-01,Reports,1,1
3392,344,2025-08-01,Automation,10,2
3393,344,2025-09-01,Reports,13,3
3394,344,2025-10-01,API,14,3
3395,344,2025-11-01,API,12,3
3396,344,2025-12-01,Reports,16,3
3397,344,2026-01-01,API,8,1
3398,344,2026-02-01,API,9,1
3399,344,2026-03-01,Dashboard,15,4
3400,344,2026-04-01,Automation,15,2
3401,344,2026-05-01,Integrations,17,2
3402,344,2026-06-01,Reports,14,2
3403,344,2026-07-01,Automation,18,4
3404,345,2025-10-01,Dashboard,7,2
3405,345,2025-11-01,Reports,2,1
3406,345,2025-12-01,Automation,6,1
3407,345,2026-01-01,Dashboard,8,2
3408,345,2026-02-01,Dashboard,4,1
3409,345,2026-03-01,Dashboard,8,1
3410,345,2026-04-01,Automation,5,1
3411,345,2026-05-01,Reports,6,1
3412,345,2026-06-01,Reports,4,1
3413,345,2026-07-01,API,8,1
3414,346,2025-11-01,Reports,33,10
3415,346,2025-12-01,Integrations,36,7
3416,346,2026-01-01,Dashboard,33,9
3417,346,2026-02-01,Dashboard,38,6
3418,346,2026-03-01,Automation,29,8
3419,346,2026-04-01,API,15,3
3420,346,2026-05-01,API,6,1
3421,347,2026-02-01,Dashboard,11,1
3422,347,2026-03-01,Integrations,7,1
3423,347,2026-04-01,API,8,1
3424,347,2026-05-01,API,9,1
3425,347,2026-06-01,Dashboard,7,1
3426,347,2026-07-01,Automation,6,1
3427,348,2026-02-01,API,9,1
3428,348,2026-03-01,Reports,6,1
3429,348,2026-04-01,Integrations,2,1
3430,348,2026-05-01,Reports,3,1
3431,348,2026-06-01,Integrations,5,1
3432,348,2026-07-01,Automation,10,2
3433,349,2025-12-01,Reports,0,1
3434,350,2026-01-01,Integrations,19,3
3435,350,2026-02-01,Dashboard,19,4
3436,350,2026-03-01,API,20,4
3437,350,2026-04-01,Reports,14,3
3438,350,2026-05-01,Integrations,5,1
3439,350,2026-06-01,Automation,0,1
3440,351,2025-11-01,API,1,1
3441,351,2025-12-01,API,4,1
3442,351,2026-01-01,Dashboard,3,1
3443,351,2026-02-01,Integrations,6,1
3444,351,2026-03-01,Automation,6,1
3445,351,2026-04-01,Integrations,4,1
3446,351,2026-05-01,Dashboard,3,1
3447,351,2026-06-01,API,2,1
3448,351,2026-07-01,Reports,3,1
3449,352,2026-04-01,Dashboard,6,1
3450,353,2025-01-01,Automation,2,1
3451,353,2025-02-01,Reports,7,1
3452,353,2025-03-01,Automation,1,1
3453,353,2025-04-01,Automation,7,1
3454,353,2025-05-01,Dashboard,5,1
3455,353,2025-06-01,Automation,2,1
3456,353,2025-07-01,Automation,10,1
3457,353,2025-08-01,Reports,4,1
3458,353,2025-09-01,Integrations,5,1
3459,353,2025-10-01,Dashboard,8,2
3460,353,2025-11-01,Automation,3,1
3461,353,2025-12-01,Reports,7,1
3462,353,2026-01-01,Integrations,11,2
3463,353,2026-02-01,API,8,1
3464,353,2026-03-01,Reports,0,1
3465,353,2026-04-01,Reports,9,1
3466,353,2026-05-01,Integrations,2,1
3467,353,2026-06-01,Dashboard,9,1
3468,353,2026-07-01,Integrations,5,1
3469,354,2025-09-01,Automation,36,6
3470,354,2025-10-01,Automation,39,11
3471,354,2025-11-01,Dashboard,39,10
3472,354,2025-12-01,Dashboard,32,7
3473,354,2026-01-01,Integrations,38,10
3474,354,2026-02-01,API,35,6
3475,354,2026-03-01,Automation,37,7
3476,354,2026-04-01,Reports,38,11
3477,354,2026-05-01,Automation,34,7
3478,354,2026-06-01,Dashboard,34,8
3479,354,2026-07-01,API,38,10
3480,355,2025-09-01,Integrations,5,1
3481,355,2025-10-01,Reports,2,1
3482,355,2025-11-01,API,12,3
3483,355,2025-12-01,API,6,1
3484,355,2026-01-01,Automation,5,1
3485,355,2026-02-01,Integrations,7,2
3486,355,2026-03-01,Dashboard,9,2
3487,355,2026-04-01,Dashboard,9,2
3488,355,2026-05-01,Reports,11,2
3489,355,2026-06-01,Dashboard,2,1
3490,355,2026-07-01,API,0,1
3491,356,2025-01-01,Reports,1,1
3492,356,2025-02-01,Integrations,0,1
3493,356,2025-03-01,API,9,1
3494,356,2025-04-01,Automation,1,1
3495,356,2025-05-01,Automation,2,1
3496,356,2025-06-01,Reports,5,1
3497,356,2025-07-01,Dashboard,0,1
3498,356,2025-08-01,API,0,1
3499,357,2025-09-01,Automation,3,1
3500,357,2025-10-01,Reports,1,1
3501,357,2025-11-01,Automation,9,2
3502,357,2025-12-01,Automation,4,1
3503,357,2026-01-01,Automation,5,1
3504,357,2026-02-01,Reports,3,1
3505,357,2026-03-01,Reports,7,1
3506,357,2026-04-01,API,0,1
3507,357,2026-05-01,Automation,3,1
3508,357,2026-06-01,Integrations,5,1
3509,357,2026-07-01,Integrations,7,1
3510,358,2025-06-01,Integrations,6,1
3511,358,2025-07-01,Integrations,0,1
3512,358,2025-08-01,Reports,4,1
3513,359,2025-04-01,Integrations,3,1
3514,359,2025-05-01,API,1,1
3515,359,2025-06-01,Integrations,0,1
3516,359,2025-07-01,API,2,1
3517,359,2025-08-01,Reports,0,1
3518,359,2025-09-01,Reports,1,1
3519,360,2025-03-01,API,7,1
3520,360,2025-04-01,Dashboard,3,1
3521,360,2025-05-01,Reports,10,2
3522,360,2025-06-01,Integrations,5,1
3523,360,2025-07-01,Dashboard,2,1
3524,360,2025-08-01,Automation,4,1
3525,360,2025-09-01,Reports,1,1
3526,360,2025-10-01,Dashboard,1,1
3527,360,2025-11-01,Reports,5,1
3528,360,2025-12-01,API,6,1
3529,360,2026-01-01,Automation,5,1
3530,360,2026-02-01,Automation,5,1
3531,360,2026-03-01,Automation,7,2
3532,360,2026-04-01,Dashboard,4,1
3533,360,2026-05-01,Automation,1,1
3534,360,2026-06-01,Reports,10,2
3535,360,2026-07-01,Automation,3,1
3536,361,2025-05-01,Dashboard,10,2
3537,361,2025-06-01,Reports,10,1
3538,361,2025-07-01,Automation,14,2
3539,361,2025-08-01,Automation,11,2
3540,361,2025-09-01,Reports,9,1
3541,361,2025-10-01,Reports,11,2
3542,361,2025-11-01,Dashboard,11,1
3543,361,2025-12-01,Automation,11,3
3544,361,2026-01-01,Dashboard,3,1
3545,361,2026-02-01,Reports,7,1
3546,361,2026-03-01,Automation,8,1
3547,361,2026-04-01,Integrations,9,1
3548,361,2026-05-01,Integrations,5,1
3549,361,2026-06-01,Reports,10,1
3550,361,2026-07-01,Dashboard,7,1
3551,362,2025-08-01,Dashboard,3,1
3552,362,2025-09-01,Automation,4,1
3553,362,2025-10-01,Automation,0,1
3554,362,2025-11-01,Dashboard,5,1
3555,362,2025-12-01,Automation,1,1
3556,362,2026-01-01,API,1,1
3557,362,2026-02-01,Reports,0,1
3558,363,2025-10-01,Dashboard,5,1
3559,363,2025-11-01,API,0,1
3560,364,2025-07-01,Automation,41,9
3561,364,2025-08-01,Integrations,37,7
3562,364,2025-09-01,Dashboard,32,8
3563,364,2025-10-01,API,37,6
3564,364,2025-11-01,Dashboard,36,10
3565,364,2025-12-01,Integrations,38,10
3566,364,2026-01-01,Reports,34,11
3567,364,2026-02-01,Dashboard,34,8
3568,364,2026-03-01,Integrations,38,8
3569,364,2026-04-01,Integrations,34,5
3570,364,2026-05-01,Reports,38,7
3571,364,2026-06-01,Integrations,29,7
3572,364,2026-07-01,Dashboard,36,7
3573,365,2025-08-01,API,41,12
3574,365,2025-09-01,Automation,43,7
3575,365,2025-10-01,Reports,45,10
3576,365,2025-11-01,API,42,11
3577,365,2025-12-01,API,41,11
3578,365,2026-01-01,API,39,10
3579,365,2026-02-01,Integrations,35,9
3580,365,2026-03-01,Integrations,35,10
3581,365,2026-04-01,Reports,37,6
3582,365,2026-05-01,Reports,38,8
3583,365,2026-06-01,Automation,43,10
3584,365,2026-07-01,API,44,13
3585,366,2024-11-01,Reports,11,3
3586,366,2024-12-01,Integrations,18,3
3587,366,2025-01-01,Integrations,8,1
3588,366,2025-02-01,Dashboard,14,2
3589,366,2025-03-01,Automation,11,2
3590,366,2025-04-01,API,9,1
3591,366,2025-05-01,Reports,11,3
3592,366,2025-06-01,Dashboard,17,4
3593,366,2025-07-01,Dashboard,12,2
3594,366,2025-08-01,Automation,12,3
3595,366,2025-09-01,Reports,19,4
3596,366,2025-10-01,Reports,10,3
3597,366,2025-11-01,Dashboard,16,5
3598,366,2025-12-01,Automation,18,4
3599,366,2026-01-01,API,16,3
3600,366,2026-02-01,Integrations,10,2
3601,366,2026-03-01,Integrations,12,2
3602,366,2026-04-01,Reports,13,2
3603,366,2026-05-01,Reports,17,2
3604,366,2026-06-01,Reports,17,4
3605,366,2026-07-01,Reports,10,1
3606,367,2025-10-01,Integrations,13,2
3607,367,2025-11-01,Automation,11,2
3608,367,2025-12-01,Automation,19,4
3609,367,2026-01-01,Automation,15,4
3610,367,2026-02-01,Dashboard,13,3
3611,367,2026-03-01,Reports,15,2
3612,367,2026-04-01,Automation,0,1
3613,367,2026-05-01,Reports,2,1
3614,368,2024-12-01,Dashboard,7,1
3615,368,2025-01-01,Reports,0,1
3616,368,2025-02-01,Automation,0,1
3617,369,2026-06-01,API,22,5
3618,369,2026-07-01,Dashboard,22,6
3619,370,2025-01-01,Integrations,11,2
3620,370,2025-02-01,Dashboard,8,1
3621,370,2025-03-01,Reports,11,2
3622,370,2025-04-01,Dashboard,15,3
3623,370,2025-05-01,Reports,8,2
3624,370,2025-06-01,Automation,14,4
3625,370,2025-07-01,Automation,7,1
3626,370,2025-08-01,Automation,11,3
3627,370,2025-09-01,Dashboard,13,3
3628,370,2025-10-01,Dashboard,13,3
3629,370,2025-11-01,API,15,2
3630,370,2025-12-01,Automation,7,1
3631,370,2026-01-01,API,14,3
3632,370,2026-02-01,Automation,15,3
3633,370,2026-03-01,API,10,1
3634,370,2026-04-01,Reports,12,2
3635,370,2026-05-01,API,14,2
3636,370,2026-06-01,Dashboard,11,2
3637,370,2026-07-01,Dashboard,8,1
3638,371,2025-07-01,Automation,16,5
3639,371,2025-08-01,Dashboard,15,2
3640,371,2025-09-01,Automation,20,4
3641,371,2025-10-01,Reports,20,3
3642,371,2025-11-01,Integrations,13,3
3643,371,2025-12-01,Dashboard,14,3
3644,371,2026-01-01,Integrations,12,2
3645,371,2026-02-01,Integrations,15,2
3646,371,2026-03-01,Reports,15,2
3647,371,2026-04-01,Dashboard,14,3
3648,371,2026-05-01,Dashboard,21,5
3649,371,2026-06-01,Integrations,11,2
3650,371,2026-07-01,API,11,2
3651,372,2025-12-01,Dashboard,25,7
3652,372,2026-01-01,API,21,5
3653,372,2026-02-01,Dashboard,21,6
3654,372,2026-03-01,Automation,28,5
3655,372,2026-04-01,Automation,17,3
3656,372,2026-05-01,Automation,14,2
3657,372,2026-06-01,Reports,1,1
3658,373,2025-03-01,Reports,22,6
3659,373,2025-04-01,API,18,4
3660,373,2025-05-01,Automation,14,2
3661,373,2025-06-01,API,19,3
3662,373,2025-07-01,Automation,23,5
3663,373,2025-08-01,Dashboard,17,3
3664,373,2025-09-01,Integrations,22,5
3665,373,2025-10-01,Reports,19,4
3666,373,2025-11-01,API,18,3
3667,373,2025-12-01,Reports,20,3
3668,373,2026-01-01,Dashboard,18,3
3669,373,2026-02-01,Reports,12,2
3670,373,2026-03-01,Dashboard,10,1
3671,373,2026-04-01,Automation,7,1
3672,374,2025-02-01,Reports,4,1
3673,374,2025-03-01,Reports,10,2
3674,374,2025-04-01,Integrations,8,1
3675,374,2025-05-01,Automation,6,1
3676,374,2025-06-01,Dashboard,7,1
3677,374,2025-07-01,Dashboard,4,1
3678,374,2025-08-01,Integrations,0,1
3679,374,2025-09-01,API,3,1
3680,374,2025-10-01,API,7,1
3681,374,2025-11-01,Automation,6,1
3682,374,2025-12-01,Integrations,10,2
3683,374,2026-01-01,Dashboard,8,2
3684,374,2026-02-01,Automation,9,1
3685,374,2026-03-01,API,3,1
3686,374,2026-04-01,Integrations,4,1
3687,374,2026-05-01,Integrations,3,1
3688,374,2026-06-01,Automation,1,1
3689,374,2026-07-01,API,5,1
3690,375,2025-01-01,Dashboard,31,6
3691,375,2025-02-01,Reports,33,10
3692,375,2025-03-01,API,41,9
3693,375,2025-04-01,Dashboard,39,7
3694,375,2025-05-01,Integrations,35,10
3695,375,2025-06-01,Integrations,33,9
3696,375,2025-07-01,API,32,7
3697,375,2025-08-01,Integrations,35,6
3698,375,2025-09-01,Automation,36,7
3699,375,2025-10-01,Automation,34,6
3700,375,2025-11-01,Integrations,37,6
3701,375,2025-12-01,Automation,34,5
3702,375,2026-01-01,Reports,32,5
3703,375,2026-02-01,Reports,37,8
3704,375,2026-03-01,API,30,6
3705,375,2026-04-01,API,31,6
3706,375,2026-05-01,Integrations,32,5
3707,375,2026-06-01,Dashboard,33,7
3708,375,2026-07-01,Integrations,37,6
3709,376,2025-10-01,Dashboard,7,1
3710,376,2025-11-01,Reports,6,1
3711,376,2025-12-01,Integrations,5,1
3712,376,2026-01-01,Automation,0,1
3713,377,2025-09-01,Automation,10,1
3714,377,2025-10-01,Integrations,15,2
3715,377,2025-11-01,API,10,2
3716,377,2025-12-01,Integrations,7,1
3717,377,2026-01-01,Reports,11,1
3718,377,2026-02-01,Automation,8,1
3719,377,2026-03-01,Reports,8,1
3720,377,2026-04-01,Integrations,14,4
3721,377,2026-05-01,Reports,6,1
3722,377,2026-06-01,Dashboard,9,1
3723,377,2026-07-01,Automation,9,1
3724,378,2026-01-01,Dashboard,7,1
3725,378,2026-02-01,Integrations,0,1
3726,378,2026-03-01,API,7,1
3727,378,2026-04-01,Automation,5,1
3728,378,2026-05-01,Dashboard,6,1
3729,378,2026-06-01,Integrations,4,1
3730,378,2026-07-01,Dashboard,4,1
3731,379,2025-05-01,API,6,1
3732,379,2025-06-01,Integrations,7,1
3733,379,2025-07-01,Reports,4,1
3734,379,2025-08-01,API,6,1
3735,379,2025-09-01,Reports,4,1
3736,379,2025-10-01,Dashboard,0,1
3737,379,2025-11-01,Reports,6,1
3738,379,2025-12-01,Reports,3,1
3739,379,2026-01-01,Reports,1,1
3740,379,2026-02-01,Reports,8,2
3741,379,2026-03-01,API,1,1
3742,379,2026-04-01,Automation,5,1
3743,379,2026-05-01,Automation,0,1
3744,379,2026-06-01,Automation,5,1
3745,379,2026-07-01,Dashboard,2,1
3746,380,2026-01-01,Integrations,6,1
3747,380,2026-02-01,Integrations,8,1
3748,380,2026-03-01,API,1,1
3749,380,2026-04-01,Dashboard,9,2
3750,380,2026-05-01,API,8,1
3751,380,2026-06-01,Automation,4,1
3752,380,2026-07-01,Dashboard,0,1
3753,381,2026-08-01,Reports,0,1
3754,381,2026-09-01,Integrations,0,1
3755,381,2026-10-01,Integrations,2,1
3756,381,2026-11-01,Automation,0,1
3757,381,2026-12-01,Integrations,4,1
3758,381,2027-01-01,Reports,11,2
3759,381,2027-02-01,Dashboard,0,1
3760,381,2027-03-01,Dashboard,0,1
3761,381,2027-04-01,Integrations,0,1
3762,381,2027-05-01,Automation,0,1
3763,381,2027-06-01,Dashboard,0,1
3764,381,2027-07-01,Automation,4,1
3765,381,2027-08-01,Integrations,1,1
3766,381,2027-09-01,Dashboard,4,1
3767,381,2027-10-01,Dashboard,0,1
3768,381,2027-11-01,Automation,4,1
3769,382,2026-02-01,API,1,1
3770,382,2026-03-01,Automation,6,1
3771,382,2026-04-01,Automation,9,1
3772,382,2026-05-01,Reports,7,1
3773,382,2026-06-01,Dashboard,7,1
3774,382,2026-07-01,Dashboard,1,1
3775,383,2025-09-01,Reports,0,1
3776,384,2025-05-01,Dashboard,5,1
3777,384,2025-06-01,Reports,2,1
3778,385,2025-01-01,Reports,22,6
3779,385,2025-02-01,API,15,4
3780,385,2025-03-01,Automation,15,3
3781,385,2025-04-01,Automation,18,3
3782,385,2025-05-01,API,17,3
3783,385,2025-06-01,Reports,20,4
3784,385,2025-07-01,Automation,19,4
3785,385,2025-08-01,Integrations,18,4
3786,385,2025-09-01,Reports,0,1
3787,385,2025-10-01,API,0,1
3788,386,2025-06-01,Reports,9,1
3789,386,2025-07-01,Automation,8,1
3790,386,2025-08-01,Reports,10,1
3791,386,2025-09-01,API,6,1
3792,386,2025-10-01,API,8,2
3793,386,2025-11-01,Reports,3,1
3794,386,2025-12-01,API,1,1
3795,386,2026-01-01,Integrations,9,2
3796,386,2026-02-01,Automation,6,1
3797,386,2026-03-01,API,11,2
3798,386,2026-04-01,Automation,4,1
3799,386,2026-05-01,Integrations,3,1
3800,386,2026-06-01,Reports,9,2
3801,386,2026-07-01,Automation,11,2
3802,387,2024-12-01,Dashboard,5,1
3803,387,2025-01-01,Automation,0,1
3804,387,2025-02-01,Reports,0,1
3805,388,2025-02-01,Reports,3,1
3806,388,2025-03-01,Automation,17,4
3807,388,2025-04-01,Automation,12,2
3808,388,2025-05-01,API,14,2
3809,388,2025-06-01,Automation,15,4
3810,388,2025-07-01,Dashboard,14,2
3811,388,2025-08-01,Dashboard,11,2
3812,388,2025-09-01,Reports,15,2
3813,388,2025-10-01,Reports,11,2
3814,388,2025-11-01,Reports,16,4
3815,388,2025-12-01,API,12,2
3816,388,2026-01-01,API,18,4
3817,388,2026-02-01,Reports,12,3
3818,388,2026-03-01,Integrations,12,2
3819,388,2026-04-01,Integrations,13,2
3820,388,2026-05-01,Integrations,11,3
3821,388,2026-06-01,Reports,10,2
3822,388,2026-07-01,API,10,2
3823,389,2025-05-01,Reports,0,1
3824,389,2025-06-01,API,3,1
3825,389,2025-07-01,Automation,0,1
3826,390,2025-10-01,Automation,3,1
3827,390,2025-11-01,Automation,2,1
3828,390,2025-12-01,Dashboard,12,2
3829,390,2026-01-01,API,10,3
3830,390,2026-02-01,Dashboard,6,1
3831,390,2026-03-01,Dashboard,9,1
3832,390,2026-04-01,Reports,3,1
3833,390,2026-05-01,Automation,5,1
3834,390,2026-06-01,Integrations,6,1
3835,390,2026-07-01,API,7,1
3836,391,2025-02-01,Reports,5,1
3837,391,2025-03-01,API,3,1
3838,391,2025-04-01,API,5,1
3839,391,2025-05-01,Integrations,2,1
3840,391,2025-06-01,Dashboard,4,1
3841,391,2025-07-01,Integrations,6,1
3842,391,2025-08-01,Automation,3,1
3843,391,2025-09-01,Automation,0,1
3844,391,2025-10-01,Automation,0,1
3845,391,2025-11-01,Automation,0,1
3846,391,2025-12-01,API,5,1
3847,392,2025-02-01,Automation,0,1
3848,392,2025-03-01,Reports,2,1
3849,392,2025-04-01,Reports,0,1
3850,392,2025-05-01,Reports,5,1
3851,392,2025-06-01,Automation,5,1
3852,392,2025-07-01,Reports,6,1
3853,392,2025-08-01,API,2,1
3854,392,2025-09-01,Dashboard,0,1
3855,392,2025-10-01,Automation,1,1
3856,392,2025-11-01,API,0,1
3857,392,2025-12-01,Integrations,0,1
3858,392,2026-01-01,API,2,1
3859,392,2026-02-01,Reports,5,1
3860,392,2026-03-01,Automation,8,2
3861,392,2026-04-01,Reports,2,1
3862,392,2026-05-01,API,3,1
3863,393,2025-08-01,Integrations,1,1
3864,393,2025-09-01,API,6,1
3865,393,2025-10-01,Automation,9,2
3866,393,2025-11-01,Automation,2,1
3867,393,2025-12-01,API,11,1
3868,393,2026-01-01,Dashboard,8,1
3869,393,2026-02-01,Automation,15,3
3870,393,2026-03-01,API,5,1
3871,393,2026-04-01,Reports,10,1
3872,393,2026-05-01,Automation,5,1
3873,393,2026-06-01,Dashboard,6,1
3874,393,2026-07-01,Integrations,4,1
3875,393,2026-08-01,Automation,6,1
3876,393,2026-09-01,Integrations,9,2
3877,393,2026-10-01,Automation,11,3
3878,393,2026-11-01,Dashboard,3,1
3879,393,2026-12-01,API,7,1
3880,394,2025-06-01,API,6,1
3881,394,2025-07-01,Dashboard,10,3
3882,394,2025-08-01,API,12,2
3883,394,2025-09-01,API,5,1
3884,394,2025-10-01,Reports,4,1
3885,394,2025-11-01,Integrations,8,1
3886,394,2025-12-01,Automation,0,1
3887,394,2026-01-01,Dashboard,4,1
3888,395,2025-11-01,Automation,31,6
3889,395,2025-12-01,Reports,30,5
3890,395,2026-01-01,Reports,28,5
3891,395,2026-02-01,Dashboard,31,6
3892,395,2026-03-01,API,25,7
3893,395,2026-04-01,Dashboard,28,5
3894,395,2026-05-01,Integrations,25,5
3895,395,2026-06-01,Integrations,24,4
3896,395,2026-07-01,Automation,30,6
3897,396,2025-07-01,Dashboard,14,2
3898,396,2025-08-01,Integrations,16,3
3899,396,2025-09-01,Automation,11,2
3900,396,2025-10-01,Automation,16,4
3901,396,2025-11-01,Reports,16,5
3902,396,2025-12-01,Reports,15,3
3903,396,2026-01-01,Dashboard,12,3
3904,396,2026-02-01,API,16,4
3905,396,2026-03-01,API,12,2
3906,396,2026-04-01,Reports,13,3
3907,396,2026-05-01,Reports,16,2
3908,396,2026-06-01,Reports,16,3
3909,396,2026-07-01,Dashboard,12,3
3910,397,2026-01-01,Automation,1,1
3911,397,2026-02-01,Dashboard,2,1
3912,397,2026-03-01,Reports,2,1
3913,397,2026-04-01,Reports,1,1
3914,397,2026-05-01,Reports,0,1
3915,397,2026-06-01,Dashboard,0,1
3916,397,2026-07-01,Dashboard,3,1
3917,398,2025-12-01,Reports,0,1
3918,398,2026-01-01,Automation,0,1
3919,398,2026-02-01,Automation,3,1
3920,398,2026-03-01,Automation,1,1
3921,398,2026-04-01,Reports,0,1
3922,398,2026-05-01,Reports,1,1
3923,398,2026-06-01,Dashboard,0,1
3924,398,2026-07-01,Reports,7,1
3925,399,2025-01-01,Reports,13,3
3926,399,2025-02-01,Integrations,10,1
3927,399,2025-03-01,Reports,13,2
3928,399,2025-04-01,API,9,1
3929,399,2025-05-01,API,12,2
3930,399,2025-06-01,API,11,2
3931,399,2025-07-01,Reports,0,1
3932,399,2025-08-01,Reports,4,1
3933,400,2025-05-01,Dashboard,9,1
3934,400,2025-06-01,Integrations,12,2
3935,400,2025-07-01,Reports,8,1
3936,400,2025-08-01,Integrations,2,1
3937,400,2025-09-01,Integrations,0,1
3938,400,2025-10-01,Integrations,1,1
3939,401,2026-02-01,Reports,36,7
3940,401,2026-03-01,Dashboard,26,4
3941,401,2026-04-01,Automation,26,6
3942,401,2026-05-01,API,30,9
3943,401,2026-06-01,API,24,6
3944,401,2026-07-01,Dashboard,29,5
3945,401,2026-08-01,Integrations,30,7
3946,401,2026-09-01,Integrations,22,6
3947,401,2026-10-01,Integrations,24,4
3948,401,2026-11-01,Integrations,22,5
3949,402,2026-07-01,API,7,2
3950,402,2026-08-01,API,7,1
3951,402,2026-09-01,Dashboard,5,1
3952,402,2026-10-01,Dashboard,5,1
3953,402,2026-11-01,API,10,2
3954,402,2026-12-01,Dashboard,6,1
3955,402,2027-01-01,API,10,2
3956,402,2027-02-01,Reports,3,1
3957,402,2027-03-01,Dashboard,10,2
3958,402,2027-04-01,API,4,1
3959,402,2027-05-01,Integrations,13,3
3960,402,2027-06-01,Integrations,9,1
3961,402,2027-07-01,Automation,5,1
3962,403,2025-01-01,Reports,4,1
3963,403,2025-02-01,Dashboard,5,1
3964,403,2025-03-01,Integrations,10,3
3965,403,2025-04-01,Integrations,5,1
3966,403,2025-05-01,API,11,3
3967,403,2025-06-01,Automation,9,1
3968,403,2025-07-01,Dashboard,11,2
3969,403,2025-08-01,Dashboard,6,1
3970,403,2025-09-01,API,5,1
3971,403,2025-10-01,Automation,8,1
3972,403,2025-11-01,API,10,2
3973,403,2025-12-01,Integrations,5,1
3974,403,2026-01-01,Integrations,5,1
3975,403,2026-02-01,Automation,12,2
3976,403,2026-03-01,Integrations,5,1
3977,403,2026-04-01,Automation,5,1
3978,403,2026-05-01,Reports,9,1
3979,403,2026-06-01,Dashboard,6,1
3980,403,2026-07-01,Reports,7,1
3981,404,2024-12-01,Automation,21,4
3982,404,2025-01-01,API,16,3
3983,404,2025-02-01,Reports,15,3
3984,404,2025-03-01,Reports,16,3
3985,404,2025-04-01,API,20,3
3986,404,2025-05-01,Reports,23,4
3987,404,2025-06-01,Integrations,17,4
3988,404,2025-07-01,API,16,3
3989,404,2025-08-01,Reports,26,4
3990,404,2025-09-01,Integrations,20,3
3991,404,2025-10-01,Automation,14,3
3992,404,2025-11-01,Reports,15,3
3993,404,2025-12-01,Reports,13,2
3994,404,2026-01-01,Reports,19,3
3995,404,2026-02-01,Dashboard,17,2
3996,404,2026-03-01,Automation,17,3
3997,404,2026-04-01,Dashboard,14,3
3998,404,2026-05-01,API,15,4
3999,404,2026-06-01,Reports,17,3
4000,404,2026-07-01,Automation,18,5
4001,405,2025-11-01,Reports,7,1
4002,405,2025-12-01,Integrations,9,1
4003,405,2026-01-01,Integrations,3,1
4004,405,2026-02-01,API,10,1
4005,405,2026-03-01,Reports,7,1
4006,405,2026-04-01,Automation,0,1
4007,405,2026-05-01,Reports,13,2
4008,405,2026-06-01,API,9,1
4009,405,2026-07-01,Integrations,0,1
4010,406,2025-05-01,Dashboard,8,1
4011,406,2025-06-01,API,1,1
4012,407,2026-01-01,Automation,0,1
4013,408,2025-05-01,Dashboard,2,1
4014,408,2025-06-01,Reports,4,1
4015,408,2025-07-01,Reports,0,1
4016,408,2025-08-01,Integrations,0,1
4017,408,2025-09-01,Automation,3,1
4018,408,2025-10-01,Dashboard,1,1
4019,408,2025-11-01,API,1,1
4020,408,2025-12-01,Automation,1,1
4021,408,2026-01-01,API,0,1
4022,408,2026-02-01,Integrations,0,1
4023,409,2025-07-01,Integrations,2,1
4024,409,2025-08-01,Integrations,5,1
4025,409,2025-09-01,Dashboard,5,1
4026,409,2025-10-01,Integrations,7,2
4027,409,2025-11-01,API,0,1
4028,409,2025-12-01,Reports,0,1
4029,409,2026-01-01,Reports,5,1
4030,409,2026-02-01,Automation,5,1
4031,409,2026-03-01,Automation,6,1
4032,409,2026-04-01,Automation,4,1
4033,409,2026-05-01,Automation,5,1
4034,409,2026-06-01,Dashboard,7,1
4035,409,2026-07-01,Integrations,9,2
4036,409,2026-08-01,API,1,1
4037,409,2026-09-01,Automation,2,1
4038,409,2026-10-01,Automation,3,1
4039,410,2025-08-01,Reports,9,2
4040,410,2025-09-01,Dashboard,7,1
4041,410,2025-10-01,Reports,14,2
4042,410,2025-11-01,Automation,13,2
4043,410,2025-12-01,Reports,11,2
4044,410,2026-01-01,Dashboard,9,2
4045,410,2026-02-01,Dashboard,7,1
4046,410,2026-03-01,Dashboard,5,1
4047,410,2026-04-01,Reports,4,1
4048,410,2026-05-01,API,10,2
4049,410,2026-06-01,Dashboard,6,1
4050,410,2026-07-01,Dashboard,12,3
4051,411,2025-02-01,Reports,4,1
4052,412,2025-08-01,Integrations,32,6
4053,412,2025-09-01,Automation,27,4
4054,412,2025-10-01,Automation,30,6
4055,412,2025-11-01,Integrations,30,5
4056,412,2025-12-01,API,32,6
4057,412,2026-01-01,Automation,30,7
4058,412,2026-02-01,Reports,30,9
4059,412,2026-03-01,API,29,5
4060,412,2026-04-01,Automation,30,6
4061,412,2026-05-01,Reports,31,8
4062,412,2026-06-01,API,26,4
4063,412,2026-07-01,Automation,27,4
4064,413,2024-11-01,Automation,1,1
4065,413,2024-12-01,Reports,0,1
4066,413,2025-01-01,Automation,0,1
4067,413,2025-02-01,Dashboard,0,1
4068,413,2025-03-01,Integrations,1,1
4069,413,2025-04-01,Integrations,5,1
4070,413,2025-05-01,Reports,4,1
4071,413,2025-06-01,Integrations,2,1
4072,413,2025-07-01,Reports,4,1
4073,413,2025-08-01,Automation,2,1
4074,413,2025-09-01,API,4,1
4075,414,2025-03-01,Dashboard,9,2
4076,414,2025-04-01,Automation,1,1
4077,414,2025-05-01,Reports,7,2
4078,414,2025-06-01,API,4,1
4079,414,2025-07-01,Dashboard,1,1
4080,414,2025-08-01,Dashboard,8,2
4081,414,2025-09-01,Integrations,10,1
4082,414,2025-10-01,API,1,1
4083,414,2025-11-01,API,9,1
4084,414,2025-12-01,API,5,1
4085,414,2026-01-01,API,6,1
4086,414,2026-02-01,Reports,8,1
4087,414,2026-03-01,Integrations,4,1
4088,414,2026-04-01,Dashboard,7,2
4089,414,2026-05-01,Integrations,6,1
4090,414,2026-06-01,Reports,6,1
4091,414,2026-07-01,Integrations,3,1
4092,415,2025-04-01,Reports,8,1
4093,415,2025-05-01,Reports,0,1
4094,415,2025-06-01,API,4,1
4095,415,2025-07-01,Reports,0,1
4096,415,2025-08-01,Automation,8,1
4097,415,2025-09-01,Automation,5,1
4098,415,2025-10-01,Automation,1,1
4099,415,2025-11-01,Dashboard,0,1
4100,416,2026-04-01,Automation,2,1
4101,416,2026-05-01,Dashboard,11,2
4102,416,2026-06-01,API,12,3
4103,416,2026-07-01,API,9,2
4104,417,2025-09-01,Dashboard,2,1
4105,417,2025-10-01,API,3,1
4106,417,2025-11-01,Dashboard,0,1
4107,418,2025-09-01,Automation,10,1
4108,418,2025-10-01,Automation,9,2
4109,418,2025-11-01,Dashboard,12,2
4110,418,2025-12-01,API,6,1
4111,418,2026-01-01,Reports,12,2
4112,418,2026-02-01,Dashboard,7,1
4113,418,2026-03-01,API,9,1
4114,418,2026-04-01,API,13,2
4115,418,2026-05-01,API,11,3
4116,418,2026-06-01,Dashboard,7,1
4117,418,2026-07-01,Dashboard,9,2
4118,419,2025-09-01,Automation,11,1
4119,419,2025-10-01,Reports,7,1
4120,419,2025-11-01,API,13,2
4121,419,2025-12-01,Reports,7,1
4122,419,2026-01-01,Reports,8,1
4123,419,2026-02-01,Dashboard,7,1
4124,419,2026-03-01,Automation,5,1
4125,419,2026-04-01,Reports,7,1
4126,419,2026-05-01,Dashboard,5,1
4127,419,2026-06-01,Integrations,6,1
4128,419,2026-07-01,Automation,12,3
4129,420,2025-09-01,Dashboard,6,1
4130,420,2025-10-01,Integrations,0,1
4131,421,2024-10-01,Reports,21,4
4132,421,2024-11-01,Dashboard,23,6
4133,421,2024-12-01,API,21,6
4134,421,2025-01-01,Dashboard,22,5
4135,421,2025-02-01,Dashboard,23,7
4136,421,2025-03-01,Integrations,20,4
4137,421,2025-04-01,Integrations,22,4
4138,421,2025-05-01,Dashboard,18,3
4139,421,2025-06-01,API,22,6
4140,421,2025-07-01,Reports,24,5
4141,421,2025-08-01,Dashboard,20,4
4142,421,2025-09-01,API,19,4
4143,421,2025-10-01,Reports,21,3
4144,421,2025-11-01,API,21,6
4145,421,2025-12-01,Automation,23,4
4146,421,2026-01-01,Reports,22,5
4147,421,2026-02-01,Dashboard,23,4
4148,421,2026-03-01,Automation,19,4
4149,421,2026-04-01,Integrations,21,6
4150,421,2026-05-01,Automation,18,5
4151,421,2026-06-01,Integrations,17,3
4152,421,2026-07-01,Reports,16,3
4153,422,2025-09-01,Automation,2,1
4154,422,2025-10-01,Integrations,6,1
4155,422,2025-11-01,Reports,5,1
4156,423,2025-08-01,API,1,1
4157,423,2025-09-01,Integrations,7,2
4158,423,2025-10-01,Reports,1,1
4159,423,2025-11-01,Dashboard,2,1
4160,423,2025-12-01,Integrations,8,1
4161,423,2026-01-01,Reports,3,1
4162,423,2026-02-01,Dashboard,7,1
4163,423,2026-03-01,Reports,3,1
4164,423,2026-04-01,Automation,4,1
4165,423,2026-05-01,Integrations,3,1
4166,423,2026-06-01,API,4,1
4167,423,2026-07-01,API,8,1
4168,424,2025-07-01,Dashboard,4,1
4169,425,2024-12-01,Reports,9,2
4170,425,2025-01-01,Dashboard,0,1
4171,426,2025-12-01,Reports,14,4
4172,426,2026-01-01,Automation,12,2
4173,426,2026-02-01,Automation,14,3
4174,426,2026-03-01,Automation,11,1
4175,426,2026-04-01,Dashboard,10,2
4176,426,2026-05-01,Reports,17,5
4177,426,2026-06-01,Integrations,16,3
4178,426,2026-07-01,API,17,5
4179,427,2025-03-01,Dashboard,35,11
4180,427,2025-04-01,Integrations,38,7
4181,427,2025-05-01,Integrations,37,7
4182,427,2025-06-01,Reports,43,9
4183,427,2025-07-01,API,42,8
4184,427,2025-08-01,Dashboard,43,11
4185,427,2025-09-01,Integrations,37,8
4186,427,2025-10-01,Integrations,33,6
4187,427,2025-11-01,Automation,35,9
4188,427,2025-12-01,Dashboard,37,10
4189,427,2026-01-01,Dashboard,38,7
4190,427,2026-02-01,Reports,43,10
4191,427,2026-03-01,Reports,41,9
4192,427,2026-04-01,Automation,39,6
4193,427,2026-05-01,Integrations,42,9
4194,427,2026-06-01,Reports,40,10
4195,427,2026-07-01,Integrations,41,12
4196,428,2025-07-01,API,5,1
4197,428,2025-08-01,Integrations,6,1
4198,428,2025-09-01,API,5,1
4199,428,2025-10-01,Dashboard,2,1
4200,428,2025-11-01,Automation,4,1
4201,428,2025-12-01,Automation,3,1
4202,429,2025-03-01,Reports,15,4
4203,429,2025-04-01,API,21,3
4204,429,2025-05-01,Integrations,22,4
4205,429,2025-06-01,Reports,20,4
4206,429,2025-07-01,Reports,14,3
4207,429,2025-08-01,API,19,4
4208,429,2025-09-01,Automation,18,5
4209,429,2025-10-01,Automation,18,3
4210,429,2025-11-01,Automation,21,4
4211,429,2025-12-01,Reports,18,3
4212,429,2026-01-01,Reports,20,5
4213,429,2026-02-01,API,15,3
4214,429,2026-03-01,Reports,21,5
4215,429,2026-04-01,Integrations,22,7
4216,429,2026-05-01,API,24,6
4217,429,2026-06-01,Dashboard,11,2
4218,429,2026-07-01,Automation,16,3
4219,430,2026-02-01,Dashboard,17,5
4220,430,2026-03-01,API,20,5
4221,430,2026-04-01,Integrations,14,2
4222,430,2026-05-01,Dashboard,17,5
4223,430,2026-06-01,Automation,19,4
4224,430,2026-07-01,Automation,18,3
4225,431,2025-07-01,Automation,48,11
4226,431,2025-08-01,Integrations,45,8
4227,431,2025-09-01,Dashboard,43,10
4228,431,2025-10-01,Dashboard,42,10
4229,431,2025-11-01,Integrations,45,9
4230,431,2025-12-01,Integrations,43,9
4231,431,2026-01-01,API,40,8
4232,431,2026-02-01,API,47,10
4233,431,2026-03-01,Automation,48,9
4234,431,2026-04-01,Reports,43,10
4235,431,2026-05-01,Reports,40,6
4236,431,2026-06-01,API,45,12
4237,431,2026-07-01,Reports,44,8
4238,432,2025-01-01,API,21,5
4239,432,2025-02-01,Reports,16,2
4240,432,2025-03-01,Integrations,14,4
4241,432,2025-04-01,Integrations,21,4
4242,432,2025-05-01,API,15,3
4243,432,2025-06-01,Automation,16,3
4244,432,2025-07-01,Integrations,21,4
4245,432,2025-08-01,Integrations,22,7
4246,432,2025-09-01,Dashboard,28,8
4247,432,2025-10-01,Reports,15,3
4248,432,2025-11-01,Integrations,17,3
4249,432,2025-12-01,API,18,4
4250,432,2026-01-01,Integrations,28,4
4251,432,2026-02-01,Reports,21,6
4252,432,2026-03-01,Dashboard,15,4
4253,432,2026-04-01,Reports,25,6
4254,432,2026-05-01,Integrations,19,4
4255,432,2026-06-01,Reports,18,3
4256,432,2026-07-01,API,16,2
4257,433,2025-05-01,API,7,1
4258,433,2025-06-01,Dashboard,4,1
4259,433,2025-07-01,Dashboard,3,1
4260,433,2025-08-01,API,4,1
4261,433,2025-09-01,Integrations,5,1
4262,433,2025-10-01,Reports,2,1
4263,433,2025-11-01,Reports,3,1
4264,433,2025-12-01,Dashboard,11,2
4265,433,2026-01-01,Automation,0,1
4266,433,2026-02-01,Automation,4,1
4267,433,2026-03-01,Dashboard,7,1
4268,433,2026-04-01,Dashboard,4,1
4269,433,2026-05-01,Dashboard,3,1
4270,433,2026-06-01,Automation,3,1
4271,433,2026-07-01,API,10,2
4272,434,2025-03-01,API,4,1
4273,434,2025-04-01,Automation,7,1
4274,435,2025-01-01,Automation,13,2
4275,435,2025-02-01,Dashboard,11,2
4276,435,2025-03-01,API,16,2
4277,435,2025-04-01,Reports,10,2
4278,435,2025-05-01,Reports,10,2
4279,435,2025-06-01,Reports,15,3
4280,435,2025-07-01,Dashboard,14,3
4281,435,2025-08-01,Reports,13,2
4282,435,2025-09-01,Automation,8,1
4283,435,2025-10-01,Reports,9,2
4284,435,2025-11-01,Integrations,10,1
4285,435,2025-12-01,Integrations,7,1
4286,435,2026-01-01,API,0,1
4287,435,2026-02-01,Dashboard,0,1
4288,436,2026-02-01,Reports,40,10
4289,436,2026-03-01,Automation,44,8
4290,436,2026-04-01,Integrations,36,9
4291,436,2026-05-01,Reports,22,5
4292,436,2026-06-01,API,3,1
4293,437,2025-01-01,Reports,1,1
4294,437,2025-02-01,Automation,0,1
4295,437,2025-03-01,Dashboard,0,1
4296,437,2025-04-01,API,0,1
4297,437,2025-05-01,Integrations,3,1
4298,437,2025-06-01,Reports,0,1
4299,437,2025-07-01,API,0,1
4300,437,2025-08-01,Reports,3,1
4301,437,2025-09-01,Automation,0,1
4302,437,2025-10-01,Reports,0,1
4303,437,2025-11-01,API,3,1
4304,437,2025-12-01,Reports,3,1
4305,437,2026-01-01,Dashboard,4,1
4306,437,2026-02-01,Automation,1,1
4307,437,2026-03-01,API,3,1
4308,437,2026-04-01,Automation,0,1
4309,437,2026-05-01,Integrations,4,1
4310,437,2026-06-01,Reports,2,1
4311,437,2026-07-01,Dashboard,8,2
4312,438,2026-05-01,API,0,1
4313,438,2026-06-01,Dashboard,3,1
4314,438,2026-07-01,Automation,1,1
4315,439,2025-05-01,Integrations,10,2
4316,439,2025-06-01,Automation,13,2
4317,439,2025-07-01,Dashboard,14,2
4318,439,2025-08-01,Dashboard,15,3
4319,439,2025-09-01,Dashboard,10,1
4320,439,2025-10-01,API,8,1
4321,439,2025-11-01,Automation,8,2
4322,439,2025-12-01,Reports,9,1
4323,439,2026-01-01,Reports,8,1
4324,439,2026-02-01,API,14,3
4325,439,2026-03-01,Integrations,12,3
4326,439,2026-04-01,Reports,11,2
4327,439,2026-05-01,Reports,8,2
4328,439,2026-06-01,Automation,17,4
4329,439,2026-07-01,Integrations,10,1
4330,440,2025-11-01,Integrations,6,1
4331,440,2025-12-01,Dashboard,6,1
4332,441,2025-08-01,Dashboard,5,1
4333,441,2025-09-01,Integrations,3,1
4334,441,2025-10-01,Reports,10,3
4335,441,2025-11-01,Reports,1,1
4336,441,2025-12-01,Automation,3,1
4337,441,2026-01-01,Dashboard,8,2
4338,441,2026-02-01,Dashboard,6,1
4339,441,2026-03-01,Dashboard,4,1
4340,441,2026-04-01,Reports,8,1
4341,441,2026-05-01,Automation,0,1
4342,441,2026-06-01,Integrations,0,1
4343,441,2026-07-01,Dashboard,1,1
4344,442,2025-01-01,Reports,0,1
4345,442,2025-02-01,Automation,0,1
4346,442,2025-03-01,Reports,2,1
4347,442,2025-04-01,Automation,11,2
4348,442,2025-05-01,Dashboard,7,1
4349,442,2025-06-01,Dashboard,0,1
4350,442,2025-07-01,Automation,0,1
4351,442,2025-08-01,Reports,7,1
4352,442,2025-09-01,Reports,8,2
4353,442,2025-10-01,Reports,10,2
4354,442,2025-11-01,API,0,1
4355,442,2025-12-01,Reports,6,1
4356,442,2026-01-01,Dashboard,4,1
4357,442,2026-02-01,Integrations,0,1
4358,443,2025-01-01,Dashboard,7,1
4359,443,2025-02-01,API,2,1
4360,443,2025-03-01,Automation,2,1
4361,443,2025-04-01,Integrations,0,1
4362,443,2025-05-01,Reports,4,1
4363,443,2025-06-01,Reports,3,1
4364,443,2025-07-01,API,5,1
4365,443,2025-08-01,Reports,0,1
4366,443,2025-09-01,Reports,9,1
4367,443,2025-10-01,Automation,6,1
4368,443,2025-11-01,API,14,2
4369,443,2025-12-01,Automation,3,1
4370,443,2026-01-01,Reports,6,1
4371,443,2026-02-01,API,9,2
4372,443,2026-03-01,Automation,4,1
4373,443,2026-04-01,Reports,3,1
4374,443,2026-05-01,Integrations,2,1
4375,443,2026-06-01,Integrations,2,1
4376,443,2026-07-01,Integrations,4,1
4377,444,2025-08-01,Integrations,3,1
4378,444,2025-09-01,Integrations,0,1
4379,445,2025-08-01,Automation,22,3
4380,445,2025-09-01,Reports,23,6
4381,445,2025-10-01,Dashboard,24,4
4382,445,2025-11-01,Reports,19,3
4383,445,2025-12-01,Integrations,26,4
4384,445,2026-01-01,Reports,24,4
4385,445,2026-02-01,Integrations,26,4
4386,445,2026-03-01,API,21,4
4387,445,2026-04-01,Reports,21,6
4388,445,2026-05-01,Automation,23,6
4389,445,2026-06-01,API,18,5
4390,445,2026-07-01,Integrations,29,5
4391,446,2026-01-01,API,3,1
4392,446,2026-02-01,Integrations,1,1
4393,446,2026-03-01,Integrations,0,1
4394,446,2026-04-01,Integrations,4,1
4395,446,2026-05-01,API,7,2
4396,446,2026-06-01,Integrations,10,2
4397,446,2026-07-01,API,0,1
4398,447,2024-10-01,Integrations,13,4
4399,447,2024-11-01,API,7,2
4400,447,2024-12-01,Automation,6,1
4401,447,2025-01-01,Dashboard,12,3
4402,447,2025-02-01,Integrations,9,1
4403,447,2025-03-01,Integrations,8,1
4404,447,2025-04-01,Dashboard,8,1
4405,447,2025-05-01,Reports,8,1
4406,447,2025-06-01,Automation,12,2
4407,447,2025-07-01,API,11,3
4408,447,2025-08-01,Dashboard,6,1
4409,447,2025-09-01,Reports,13,2
4410,447,2025-10-01,Integrations,6,1
4411,447,2025-11-01,Reports,7,1
4412,447,2025-12-01,Reports,10,2
4413,447,2026-01-01,Reports,10,1
4414,447,2026-02-01,API,6,1
4415,447,2026-03-01,Integrations,8,2
4416,447,2026-04-01,Dashboard,7,1
4417,447,2026-05-01,API,14,2
4418,447,2026-06-01,Dashboard,2,1
4419,447,2026-07-01,Integrations,6,1
4420,448,2025-01-01,Reports,17,3
4421,448,2025-02-01,Dashboard,9,2
4422,448,2025-03-01,API,10,2
4423,448,2025-04-01,Automation,1,1
4424,449,2026-07-01,Reports,17,4
4425,449,2026-08-01,Integrations,25,4
4426,449,2026-09-01,Reports,18,3
4427,449,2026-10-01,Integrations,19,3
4428,449,2026-11-01,Automation,31,6
4429,449,2026-12-01,API,20,4
4430,449,2027-01-01,Dashboard,22,3
4431,449,2027-02-01,Reports,18,3
4432,449,2027-03-01,Automation,20,5
4433,449,2027-04-01,Automation,23,4
4434,449,2027-05-01,Integrations,26,7
4435,449,2027-06-01,Integrations,19,3
4453,451,2025-11-01,Automation,4,1
4454,451,2025-12-01,Dashboard,7,1
4455,451,2026-01-01,Reports,1,1
4456,451,2026-02-01,Automation,1,1
4457,451,2026-03-01,Reports,0,1
4458,451,2026-04-01,Reports,6,1
4459,451,2026-05-01,API,6,1
4460,451,2026-06-01,Automation,5,1
4461,451,2026-07-01,Reports,3,1
4462,452,2025-04-01,Integrations,4,1
4463,452,2025-05-01,Integrations,6,1
4464,452,2025-06-01,Automation,2,1
4465,452,2025-07-01,API,3,1
4466,452,2025-08-01,Dashboard,4,1
4467,452,2025-09-01,Automation,6,1
4468,452,2025-10-01,Integrations,2,1
4469,452,2025-11-01,Integrations,2,1
4470,452,2025-12-01,Integrations,1,1
4471,452,2026-01-01,Integrations,11,2
4472,452,2026-02-01,Integrations,5,1
4473,452,2026-03-01,Dashboard,3,1
4474,452,2026-04-01,Dashboard,0,1
4475,452,2026-05-01,Integrations,5,1
4476,452,2026-06-01,API,0,1
4477,453,2025-04-01,API,0,1
4478,453,2025-05-01,Automation,3,1
4479,453,2025-06-01,API,6,1
4480,453,2025-07-01,API,0,1
4481,453,2025-08-01,Dashboard,2,1
4482,453,2025-09-01,Reports,2,1
4483,453,2025-10-01,Automation,10,2
4484,453,2025-11-01,Dashboard,0,1
4485,453,2025-12-01,Automation,6,1
4486,453,2026-01-01,Automation,10,2
4487,453,2026-02-01,API,0,1
4488,453,2026-03-01,Integrations,3,1
4489,453,2026-04-01,Automation,0,1
4490,453,2026-05-01,API,7,1
4491,453,2026-06-01,Integrations,1,1
4492,453,2026-07-01,Dashboard,6,1
4493,454,2025-08-01,API,7,1
4494,454,2025-09-01,Integrations,2,1
4495,454,2025-10-01,Dashboard,4,1
4496,454,2025-11-01,Integrations,0,1
4497,454,2025-12-01,Dashboard,6,1
4498,454,2026-01-01,Integrations,10,1
4499,454,2026-02-01,Automation,8,1
4500,454,2026-03-01,API,9,2
4501,454,2026-04-01,Reports,1,1
4502,454,2026-05-01,Dashboard,0,1
4503,455,2025-10-01,Automation,6,1
4504,455,2025-11-01,Automation,0,1
4505,455,2025-12-01,Reports,0,1
4506,455,2026-01-01,Automation,1,1
4507,455,2026-02-01,Integrations,0,1
4508,455,2026-03-01,Automation,0,1
4509,455,2026-04-01,Automation,4,1
4510,455,2026-05-01,Integrations,0,1
4511,455,2026-06-01,Reports,3,1
4512,455,2026-07-01,Automation,0,1
4513,455,2026-08-01,Integrations,0,1
4514,456,2026-05-01,API,2,1
4515,457,2025-05-01,Automation,11,2
4516,457,2025-06-01,Reports,22,4
4517,457,2025-07-01,Integrations,13,3
4518,457,2025-08-01,Automation,19,4
4519,457,2025-09-01,Dashboard,18,4
4520,457,2025-10-01,Integrations,12,2
4521,457,2025-11-01,Dashboard,12,2
4522,457,2025-12-01,Dashboard,19,4
4523,457,2026-01-01,API,18,3
4524,457,2026-02-01,API,13,3
4525,457,2026-03-01,Integrations,19,3
4526,457,2026-04-01,Automation,19,5
4527,457,2026-05-01,Reports,20,3
4528,457,2026-06-01,Reports,19,3
4529,457,2026-07-01,Reports,16,2
4530,458,2024-11-01,Reports,2,1
4531,458,2024-12-01,Automation,4,1
4532,458,2025-01-01,Dashboard,0,1
4533,459,2025-10-01,API,1,1
4534,459,2025-11-01,Automation,0,1
4535,459,2025-12-01,Integrations,4,1
4536,459,2026-01-01,Reports,0,1
4537,459,2026-02-01,Automation,0,1
4538,459,2026-03-01,Integrations,1,1
4539,460,2025-07-01,API,16,3
4540,460,2025-08-01,Integrations,21,3
4541,460,2025-09-01,Reports,14,3
4542,460,2025-10-01,Integrations,12,3
4543,460,2025-11-01,Integrations,16,2
4544,460,2025-12-01,Reports,12,2
4545,460,2026-01-01,API,15,4
4546,460,2026-02-01,Reports,18,4
4547,460,2026-03-01,Integrations,13,3
4548,460,2026-04-01,Integrations,18,3
4549,460,2026-05-01,Reports,16,2
4550,460,2026-06-01,Reports,19,3
4551,460,2026-07-01,API,13,3
4552,461,2026-03-01,Reports,33,7
4553,461,2026-04-01,API,33,7
4554,461,2026-05-01,Automation,35,8
4555,461,2026-06-01,Integrations,41,7
4556,461,2026-07-01,Integrations,36,9
4557,462,2025-06-01,Reports,21,3
4558,462,2025-07-01,API,21,4
4559,462,2025-08-01,API,25,4
4560,462,2025-09-01,API,19,4
4561,462,2025-10-01,Dashboard,18,3
4562,462,2025-11-01,API,10,2
4563,462,2025-12-01,Reports,17,3
4564,462,2026-01-01,Reports,7,1
4565,463,2025-05-01,API,2,1
4566,463,2025-06-01,Reports,0,1
4567,463,2025-07-01,Automation,0,1
4568,463,2025-08-01,Integrations,0,1
4569,464,2025-06-01,API,36,10
4570,464,2025-07-01,API,32,5
4571,464,2025-08-01,Integrations,36,10
4572,464,2025-09-01,API,39,11
4573,464,2025-10-01,Dashboard,41,10
4574,464,2025-11-01,Dashboard,37,8
4575,464,2025-12-01,Automation,33,10
4576,464,2026-01-01,Automation,36,9
4577,464,2026-02-01,Reports,37,10
4578,464,2026-03-01,API,34,6
4579,464,2026-04-01,API,32,6
4580,464,2026-05-01,Dashboard,39,7
4581,464,2026-06-01,Reports,36,9
4582,464,2026-07-01,API,38,8
4583,465,2025-05-01,API,1,1
4584,465,2025-06-01,Reports,7,1
4585,465,2025-07-01,Reports,0,1
4586,465,2025-08-01,Integrations,7,1
4587,465,2025-09-01,Dashboard,8,1
4588,465,2025-10-01,Automation,8,2
4589,465,2025-11-01,Dashboard,1,1
4590,465,2025-12-01,Automation,4,1
4591,465,2026-01-01,Dashboard,1,1
4592,465,2026-02-01,Dashboard,2,1
4593,465,2026-03-01,Dashboard,4,1
4594,465,2026-04-01,Dashboard,5,1
4595,465,2026-05-01,API,9,2
4596,465,2026-06-01,Integrations,3,1
4597,465,2026-07-01,Dashboard,5,1
4598,466,2025-07-01,Integrations,15,2
4599,466,2025-08-01,API,15,3
4600,466,2025-09-01,Dashboard,13,3
4601,466,2025-10-01,Integrations,16,2
4602,466,2025-11-01,Automation,16,3
4603,466,2025-12-01,Reports,13,3
4604,466,2026-01-01,Dashboard,15,4
4605,466,2026-02-01,Automation,4,1
4606,466,2026-03-01,Reports,6,1
4607,466,2026-04-01,Dashboard,0,1
4608,467,2025-05-01,Reports,5,1
4609,467,2025-06-01,Dashboard,9,1
4610,467,2025-07-01,Dashboard,16,4
4611,467,2025-08-01,Reports,12,2
4612,467,2025-09-01,API,8,1
4613,467,2025-10-01,Dashboard,9,1
4614,467,2025-11-01,Reports,7,1
4615,467,2025-12-01,API,10,3
4616,467,2026-01-01,API,4,1
4617,467,2026-02-01,API,7,1
4618,467,2026-03-01,API,6,1
4619,467,2026-04-01,Dashboard,7,1
4620,467,2026-05-01,Dashboard,9,2
4621,467,2026-06-01,API,2,1
4622,467,2026-07-01,API,7,1
4623,468,2025-01-01,Automation,3,1
4624,469,2026-03-01,Integrations,2,1
4625,469,2026-04-01,Reports,2,1
4626,469,2026-05-01,Dashboard,8,2
4627,469,2026-06-01,Reports,5,1
4628,469,2026-07-01,Integrations,11,2
4629,469,2026-08-01,Reports,9,2
4630,469,2026-09-01,Integrations,8,1
4631,469,2026-10-01,Dashboard,9,1
4632,469,2026-11-01,API,7,1
4633,469,2026-12-01,API,10,1
4634,469,2027-01-01,Dashboard,9,1
4635,469,2027-02-01,Reports,10,2
4636,469,2027-03-01,Dashboard,10,2
4637,469,2027-04-01,Dashboard,6,1
4638,469,2027-05-01,Automation,9,1
4639,469,2027-06-01,Dashboard,6,1
4640,469,2027-07-01,Reports,8,2
4641,470,2025-05-01,API,2,1
4642,470,2025-06-01,Integrations,6,1
4643,470,2025-07-01,API,3,1
4644,470,2025-08-01,API,7,1
4645,470,2025-09-01,Integrations,3,1
4646,470,2025-10-01,Reports,9,2
4647,470,2025-11-01,Reports,5,1
4648,470,2025-12-01,Integrations,2,1
4649,470,2026-01-01,API,4,1
4650,470,2026-02-01,Integrations,2,1
4651,470,2026-03-01,Automation,6,1
4652,470,2026-04-01,API,4,1
4653,470,2026-05-01,Dashboard,2,1
4654,470,2026-06-01,Integrations,8,1
4655,470,2026-07-01,API,0,1
4656,471,2025-03-01,API,1,1
4657,471,2025-04-01,Dashboard,7,2
4658,471,2025-05-01,Dashboard,4,1
4659,471,2025-06-01,API,6,1
4660,471,2025-07-01,Integrations,4,1
4661,471,2025-08-01,API,0,1
4662,471,2025-09-01,Automation,5,1
4663,472,2025-07-01,Integrations,3,1
4664,472,2025-08-01,Integrations,0,1
4665,472,2025-09-01,Dashboard,1,1
4666,473,2025-11-01,API,4,1
4667,473,2025-12-01,Reports,1,1
4668,473,2026-01-01,Reports,5,1
4669,473,2026-02-01,Reports,0,1
4670,473,2026-03-01,Automation,8,1
4671,473,2026-04-01,API,5,1
4672,473,2026-05-01,Automation,0,1
4673,474,2024-12-01,Automation,10,2
4674,474,2025-01-01,Reports,0,1
4675,475,2025-07-01,Integrations,22,3
4676,475,2025-08-01,Dashboard,23,6
4677,475,2025-09-01,Integrations,22,6
4678,475,2025-10-01,Dashboard,21,3
4679,475,2025-11-01,API,14,3
4680,475,2025-12-01,API,18,3
4681,475,2026-01-01,Automation,16,3
4682,475,2026-02-01,Dashboard,22,5
4683,475,2026-03-01,Integrations,25,4
4684,475,2026-04-01,Reports,26,5
4685,475,2026-05-01,API,19,5
4686,475,2026-06-01,Integrations,22,4
4687,475,2026-07-01,Automation,23,5
4688,476,2025-08-01,Automation,7,1
4689,476,2025-09-01,Automation,5,1
4690,476,2025-10-01,Dashboard,5,1
4691,476,2025-11-01,Reports,1,1
4692,476,2025-12-01,Dashboard,3,1
4693,476,2026-01-01,Reports,1,1
4694,476,2026-02-01,Dashboard,2,1
4695,476,2026-03-01,Dashboard,3,1
4696,476,2026-04-01,Automation,2,1
4697,476,2026-05-01,Automation,3,1
4698,476,2026-06-01,Reports,0,1
4699,476,2026-07-01,Reports,0,1
4700,477,2025-10-01,Integrations,0,1
4701,478,2025-09-01,Automation,18,4
4702,478,2025-10-01,Automation,14,2
4703,478,2025-11-01,Dashboard,15,4
4704,478,2025-12-01,Integrations,12,3
4705,478,2026-01-01,Integrations,10,1
4706,478,2026-02-01,Integrations,14,4
4707,478,2026-03-01,API,9,2
4708,478,2026-04-01,Dashboard,15,2
4709,478,2026-05-01,Reports,17,2
4710,478,2026-06-01,Reports,8,2
4711,478,2026-07-01,Reports,12,3
4712,479,2025-09-01,API,8,1
4713,479,2025-10-01,Automation,7,1
4714,479,2025-11-01,Dashboard,7,1
4715,479,2025-12-01,Integrations,10,3
4716,479,2026-01-01,Reports,11,3
4717,479,2026-02-01,Integrations,6,1
4718,479,2026-03-01,Automation,10,1
4719,479,2026-04-01,Integrations,10,2
4720,479,2026-05-01,Automation,0,1
4721,479,2026-06-01,Dashboard,11,1
4722,479,2026-07-01,Reports,6,1
4723,480,2024-12-01,Reports,7,2
4724,480,2025-01-01,Dashboard,5,1
4725,480,2025-02-01,Automation,0,1
4726,480,2025-03-01,Reports,2,1
4727,480,2025-04-01,Automation,1,1
4728,480,2025-05-01,Reports,0,1
4729,480,2025-06-01,API,0,1
4730,480,2025-07-01,Automation,6,1
4731,480,2025-08-01,Reports,2,1
4732,480,2025-09-01,Automation,0,1
4733,480,2025-10-01,Integrations,3,1
4734,480,2025-11-01,Reports,0,1
4735,480,2025-12-01,Reports,4,1
4736,480,2026-01-01,Dashboard,3,1
4737,481,2025-11-01,Reports,25,7
4738,481,2025-12-01,API,29,5
4739,481,2026-01-01,Reports,35,8
4740,481,2026-02-01,Integrations,34,8
4741,481,2026-03-01,API,27,4
4742,481,2026-04-01,Reports,16,3
4743,481,2026-05-01,Automation,1,1
4744,482,2024-12-01,API,7,1
4745,482,2025-01-01,Reports,1,1
4746,482,2025-02-01,Reports,4,1
4747,482,2025-03-01,Reports,7,1
4748,482,2025-04-01,Reports,9,2
4749,482,2025-05-01,Automation,8,1
4750,482,2025-06-01,Dashboard,9,2
4751,482,2025-07-01,API,8,2
4752,482,2025-08-01,Automation,3,1
4753,482,2025-09-01,Automation,11,2
4754,482,2025-10-01,Reports,11,2
4755,482,2025-11-01,Integrations,2,1
4756,482,2025-12-01,Integrations,4,1
4757,483,2024-12-01,API,7,1
4758,483,2025-01-01,API,8,1
4759,483,2025-02-01,API,9,1
4760,483,2025-03-01,Automation,8,1
4761,483,2025-04-01,Reports,9,2
4762,483,2025-05-01,Dashboard,7,2
4763,483,2025-06-01,API,2,1
4764,483,2025-07-01,API,3,1
4765,483,2025-08-01,Automation,0,1
4766,483,2025-09-01,Integrations,0,1
4767,484,2025-04-01,API,7,1
4768,484,2025-05-01,Integrations,13,4
4769,484,2025-06-01,Dashboard,12,2
4770,484,2025-07-01,Reports,6,1
4771,484,2025-08-01,Reports,6,1
4772,484,2025-09-01,Automation,10,1
4773,484,2025-10-01,Integrations,3,1
4774,484,2025-11-01,Automation,7,1
4775,484,2025-12-01,Automation,7,1
4776,484,2026-01-01,API,2,1
4777,484,2026-02-01,Reports,4,1
4778,484,2026-03-01,Automation,13,2
4779,484,2026-04-01,API,9,1
4780,484,2026-05-01,Automation,9,1
4781,484,2026-06-01,Automation,11,2
4782,484,2026-07-01,Automation,9,2
4783,485,2025-10-01,Automation,18,3
4784,485,2025-11-01,Reports,18,3
4785,485,2025-12-01,Automation,16,3
4786,485,2026-01-01,Automation,16,2
4787,485,2026-02-01,API,13,2
4788,485,2026-03-01,Automation,17,4
4789,485,2026-04-01,Dashboard,18,5
4790,485,2026-05-01,Integrations,17,4
4791,485,2026-06-01,Automation,19,3
4792,485,2026-07-01,Automation,25,7
4793,486,2025-02-01,Integrations,0,1
4794,486,2025-03-01,Integrations,0,1
4795,486,2025-04-01,Integrations,3,1
4796,486,2025-05-01,Dashboard,0,1
4797,487,2025-04-01,Dashboard,6,1
4798,487,2025-05-01,API,7,1
4799,487,2025-06-01,Automation,6,1
4800,487,2025-07-01,Integrations,9,2
4801,487,2025-08-01,Reports,5,1
4802,487,2025-09-01,API,6,1
4803,487,2025-10-01,Automation,4,1
4804,487,2025-11-01,Dashboard,0,1
4805,487,2025-12-01,Reports,2,1
4806,488,2025-07-01,Integrations,5,1
4807,489,2025-03-01,Automation,38,11
4808,489,2025-04-01,Automation,38,8
4809,489,2025-05-01,Dashboard,39,8
4810,489,2025-06-01,API,40,8
4811,489,2025-07-01,Integrations,41,9
4812,489,2025-08-01,Dashboard,39,8
4813,489,2025-09-01,Dashboard,36,6
4814,489,2025-10-01,Automation,38,10
4815,489,2025-11-01,Reports,42,8
4816,489,2025-12-01,Reports,35,7
4817,489,2026-01-01,Integrations,40,9
4818,489,2026-02-01,Automation,35,7
4819,489,2026-03-01,Integrations,42,7
4820,489,2026-04-01,Reports,28,6
4821,489,2026-05-01,Integrations,32,10
4822,489,2026-06-01,Automation,15,4
4823,489,2026-07-01,Dashboard,11,2
4824,490,2025-01-01,Integrations,15,4
4825,490,2025-02-01,Integrations,18,4
4826,490,2025-03-01,Dashboard,20,5
4827,490,2025-04-01,Automation,13,2
4828,490,2025-05-01,Integrations,16,5
4829,490,2025-06-01,Dashboard,9,1
4830,490,2025-07-01,Integrations,13,2
4831,490,2025-08-01,API,16,4
4832,490,2025-09-01,Integrations,17,3
4833,490,2025-10-01,Reports,16,2
4834,490,2025-11-01,API,13,2
4835,490,2025-12-01,API,12,2
4836,490,2026-01-01,Reports,12,2
4837,490,2026-02-01,API,15,2
4838,490,2026-03-01,Integrations,10,3
4839,490,2026-04-01,Reports,13,3
4840,490,2026-05-01,Integrations,16,4
4841,490,2026-06-01,Automation,15,3
4842,490,2026-07-01,Integrations,11,2
4843,491,2025-09-01,Integrations,20,5
4844,491,2025-10-01,Automation,18,4
4845,491,2025-11-01,Automation,18,5
4846,491,2025-12-01,API,24,5
4847,491,2026-01-01,Integrations,19,5
4848,491,2026-02-01,Automation,25,7
4849,491,2026-03-01,Integrations,18,5
4850,491,2026-04-01,Integrations,16,2
4851,491,2026-05-01,Reports,18,3
4852,491,2026-06-01,API,22,5
4853,491,2026-07-01,Integrations,16,4
4854,491,2026-08-01,Dashboard,21,6
4855,491,2026-09-01,Dashboard,10,2
4856,491,2026-10-01,API,6,1
4857,491,2026-11-01,Dashboard,1,1
4858,492,2025-09-01,Reports,8,2
4859,492,2025-10-01,Integrations,9,1
4860,492,2025-11-01,Automation,9,1
4861,492,2025-12-01,Reports,7,1
4862,492,2026-01-01,Integrations,7,1
4863,492,2026-02-01,Integrations,13,2
4864,492,2026-03-01,Integrations,6,1
4865,492,2026-04-01,Automation,7,1
4866,492,2026-05-01,Automation,6,1
4867,492,2026-06-01,Integrations,5,1
4868,492,2026-07-01,Integrations,14,3
4869,493,2025-03-01,Automation,6,1
4870,493,2025-04-01,Dashboard,8,1
4871,493,2025-05-01,Dashboard,8,1
4872,493,2025-06-01,Reports,5,1
4873,493,2025-07-01,Reports,13,3
4874,493,2025-08-01,Integrations,10,2
4875,493,2025-09-01,API,11,2
4876,493,2025-10-01,Reports,9,2
4877,493,2025-11-01,API,15,2
4878,493,2025-12-01,Automation,1,1
4879,493,2026-01-01,Integrations,8,1
4880,493,2026-02-01,Reports,5,1
4881,493,2026-03-01,Dashboard,8,1
4882,493,2026-04-01,API,12,3
4883,493,2026-05-01,API,10,2
4884,493,2026-06-01,API,8,1
4885,493,2026-07-01,Automation,13,2
4886,494,2025-11-01,Integrations,9,1
4887,494,2025-12-01,API,4,1
4888,494,2026-01-01,API,10,2
4889,494,2026-02-01,API,3,1
4890,494,2026-03-01,API,8,1
4891,494,2026-04-01,Automation,9,1
4892,494,2026-05-01,API,5,1
4893,494,2026-06-01,Integrations,4,1
4894,494,2026-07-01,API,3,1
4895,495,2025-05-01,Reports,1,1
4896,495,2025-06-01,Integrations,5,1
4897,495,2025-07-01,Dashboard,3,1
4898,495,2025-08-01,Automation,3,1
4899,495,2025-09-01,Integrations,4,1
4900,495,2025-10-01,Reports,7,2
4901,495,2025-11-01,API,4,1
4902,495,2025-12-01,API,4,1
4903,495,2026-01-01,Integrations,8,1
4904,495,2026-02-01,API,5,1
4905,495,2026-03-01,Integrations,1,1
4906,495,2026-04-01,Reports,1,1
4907,495,2026-05-01,Dashboard,1,1
4908,495,2026-06-01,Dashboard,4,1
4909,495,2026-07-01,Reports,2,1
4910,496,2025-07-01,Automation,11,3
4911,496,2025-08-01,API,11,2
4912,496,2025-09-01,Integrations,8,1
4913,496,2025-10-01,Dashboard,7,2
4914,496,2025-11-01,API,13,3
4915,496,2025-12-01,Reports,11,2
4916,496,2026-01-01,Dashboard,6,1
4917,496,2026-02-01,Reports,0,1
4918,496,2026-03-01,Dashboard,1,1
4919,497,2026-08-01,Integrations,16,2
4920,497,2026-09-01,Dashboard,15,3
4921,497,2026-10-01,API,15,3
4922,497,2026-11-01,Reports,18,3
4923,497,2026-12-01,API,6,1
4924,497,2027-01-01,Dashboard,13,3
4925,497,2027-02-01,Reports,19,3
4926,497,2027-03-01,API,17,4
4927,497,2027-04-01,API,18,4
4928,497,2027-05-01,API,16,2
4929,497,2027-06-01,API,10,2
4930,498,2025-10-01,Automation,6,1
4931,498,2025-11-01,Integrations,3,1
4932,498,2025-12-01,Integrations,3,1
4933,498,2026-01-01,Dashboard,3,1
4934,498,2026-02-01,Dashboard,6,1
4935,498,2026-03-01,Integrations,9,2
4936,498,2026-04-01,Reports,0,1
4937,498,2026-05-01,Reports,3,1
4938,498,2026-06-01,Automation,8,1
4939,498,2026-07-01,API,7,2
4940,499,2026-03-01,Dashboard,6,1
4941,499,2026-04-01,Dashboard,7,1
4942,499,2026-05-01,Automation,8,1
4943,499,2026-06-01,Dashboard,9,2
4944,499,2026-07-01,Dashboard,5,1
4945,500,2025-04-01,Dashboard,2,1
4946,500,2025-05-01,API,3,1
4947,501,2025-11-01,Automation,8,1
4948,501,2025-12-01,API,5,1
4949,501,2026-01-01,API,1,1
4950,501,2026-02-01,Dashboard,0,1
4951,501,2026-03-01,Automation,0,1
4952,501,2026-04-01,Reports,0,1
4953,502,2025-02-01,Reports,9,1
4954,502,2025-03-01,Automation,5,1
4955,502,2025-04-01,Reports,2,1
4956,502,2025-05-01,Integrations,1,1
4957,502,2025-06-01,Reports,0,1
4958,502,2025-07-01,API,4,1
4959,502,2025-08-01,Dashboard,1,1
4960,502,2025-09-01,Automation,2,1
4961,502,2025-10-01,API,0,1
4962,502,2025-11-01,Dashboard,5,1
4963,502,2025-12-01,Reports,1,1
4964,502,2026-01-01,Dashboard,7,2
4965,503,2025-01-01,Dashboard,13,2
4966,503,2025-02-01,Integrations,7,1
4967,503,2025-03-01,Reports,13,2
4968,503,2025-04-01,Reports,10,2
4969,503,2025-05-01,Integrations,9,1
4970,503,2025-06-01,Integrations,6,1
4971,503,2025-07-01,Integrations,18,5
4972,503,2025-08-01,Dashboard,11,2
4973,503,2025-09-01,API,5,1
4974,503,2025-10-01,Dashboard,11,2
4975,503,2025-11-01,Integrations,14,3
4976,503,2025-12-01,Dashboard,11,2
4977,503,2026-01-01,Dashboard,13,3
4978,503,2026-02-01,Reports,9,2
4979,503,2026-03-01,Automation,8,2
4980,503,2026-04-01,Automation,9,2
4981,503,2026-05-01,Dashboard,10,2
4982,503,2026-06-01,Automation,9,1
4983,503,2026-07-01,Dashboard,10,2
4984,504,2025-09-01,Reports,11,1
4985,504,2025-10-01,Reports,4,1
4986,504,2025-11-01,Reports,6,1
4987,504,2025-12-01,Integrations,6,1
4988,504,2026-01-01,Dashboard,9,2
4989,504,2026-02-01,Dashboard,12,3
4990,504,2026-03-01,Integrations,0,1
4991,504,2026-04-01,Dashboard,7,1
4992,504,2026-05-01,API,10,2
4993,504,2026-06-01,Automation,11,2
4994,504,2026-07-01,Dashboard,8,2
4995,505,2025-04-01,Integrations,1,1
4996,505,2025-05-01,API,0,1
4997,505,2025-06-01,Automation,0,1
4998,505,2025-07-01,API,0,1
4999,505,2025-08-01,Integrations,1,1
5000,505,2025-09-01,Integrations,2,1
5001,505,2025-10-01,API,3,1
5002,505,2025-11-01,Automation,2,1
5003,505,2025-12-01,Integrations,1,1
5004,505,2026-01-01,Integrations,7,1
5005,505,2026-02-01,API,4,1
5006,505,2026-03-01,Dashboard,0,1
5007,505,2026-04-01,Integrations,1,1
5008,505,2026-05-01,Reports,2,1
5009,505,2026-06-01,Integrations,0,1
5010,505,2026-07-01,Dashboard,1,1
5011,506,2024-10-01,Reports,5,1
5012,506,2024-11-01,Automation,2,1
5013,506,2024-12-01,API,4,1
5014,506,2025-01-01,Dashboard,8,1
5015,506,2025-02-01,Automation,6,1
5016,506,2025-03-01,API,9,2
5017,506,2025-04-01,Integrations,8,1
5018,506,2025-05-01,Dashboard,9,1
5019,506,2025-06-01,Automation,6,1
5020,506,2025-07-01,Reports,7,1
5021,506,2025-08-01,API,12,2
5022,506,2025-09-01,Dashboard,8,1
5023,506,2025-10-01,Automation,6,1
5024,506,2025-11-01,Automation,12,3
5025,506,2025-12-01,Dashboard,11,2
5026,506,2026-01-01,Integrations,10,2
5027,506,2026-02-01,API,5,1
5028,506,2026-03-01,Dashboard,4,1
5029,506,2026-04-01,Automation,2,1
5030,507,2025-01-01,Automation,7,1
5031,507,2025-02-01,API,13,3
5032,507,2025-03-01,Dashboard,8,2
5033,507,2025-04-01,API,4,1
5034,507,2025-05-01,Reports,9,1
5035,507,2025-06-01,Reports,3,1
5036,507,2025-07-01,API,11,2
5037,507,2025-08-01,API,8,1
5038,507,2025-09-01,Reports,9,1
5039,507,2025-10-01,Automation,13,2
5040,507,2025-11-01,Reports,8,1
5041,507,2025-12-01,Reports,4,1
5042,507,2026-01-01,Integrations,8,1
5043,507,2026-02-01,Reports,6,1
5044,507,2026-03-01,Automation,9,1
5045,507,2026-04-01,Integrations,7,1
5046,507,2026-05-01,API,6,1
5047,507,2026-06-01,Integrations,8,1
5048,507,2026-07-01,Integrations,4,1
5049,508,2024-10-01,Dashboard,12,2
5050,508,2024-11-01,Reports,16,4
5051,508,2024-12-01,Integrations,12,3
5052,508,2025-01-01,Dashboard,10,3
5053,508,2025-02-01,Automation,12,3
5054,508,2025-03-01,Dashboard,5,1
5055,508,2025-04-01,Integrations,10,2
5056,508,2025-05-01,Dashboard,12,2
5057,508,2025-06-01,Reports,10,1
5058,508,2025-07-01,Integrations,20,3
5059,508,2025-08-01,Automation,14,2
5060,508,2025-09-01,Dashboard,10,3
5061,508,2025-10-01,Automation,11,2
5062,508,2025-11-01,Automation,13,2
5063,508,2025-12-01,Integrations,15,2
5064,508,2026-01-01,Integrations,11,1
5065,508,2026-02-01,Automation,10,2
5066,508,2026-03-01,Reports,14,2
5067,508,2026-04-01,Reports,10,2
5068,508,2026-05-01,Dashboard,6,1
5069,508,2026-06-01,Integrations,4,1
5070,508,2026-07-01,Dashboard,1,1
5071,509,2026-05-01,API,3,1
5072,509,2026-06-01,Integrations,11,3
5073,509,2026-07-01,Reports,5,1
5074,509,2026-08-01,Automation,11,1
5075,509,2026-09-01,Reports,10,1
5076,509,2026-10-01,Integrations,7,2
5077,509,2026-11-01,Reports,7,1
5078,509,2026-12-01,Reports,9,1
5079,509,2027-01-01,Integrations,14,2
5080,509,2027-02-01,Reports,8,1
5081,509,2027-03-01,Reports,11,2
5082,509,2027-04-01,API,11,2
5083,510,2025-01-01,Integrations,12,2
5084,510,2025-02-01,Automation,14,3
5085,510,2025-03-01,Dashboard,3,1
5086,510,2025-04-01,Integrations,6,1
5087,510,2025-05-01,API,8,1
5088,510,2025-06-01,API,2,1
5089,510,2025-07-01,API,3,1
5090,510,2025-08-01,API,1,1
5091,511,2026-06-01,Reports,7,2
5092,511,2026-07-01,Automation,11,1
5093,511,2026-08-01,Automation,5,1
5094,511,2026-09-01,API,9,1
5095,511,2026-10-01,Automation,11,3
5096,511,2026-11-01,API,10,1
5097,511,2026-12-01,Automation,13,3
5098,511,2027-01-01,API,5,1
5099,511,2027-02-01,Dashboard,1,1
5100,511,2027-03-01,Reports,2,1
5101,511,2027-04-01,Automation,6,1
5102,512,2025-04-01,Automation,33,7
5103,512,2025-05-01,Automation,30,9
5104,512,2025-06-01,Reports,36,8
5105,512,2025-07-01,Integrations,28,4
5106,512,2025-08-01,Automation,39,6
5107,512,2025-09-01,API,35,10
5108,512,2025-10-01,Automation,32,5
5109,512,2025-11-01,API,34,8
5110,512,2025-12-01,API,27,4
5111,512,2026-01-01,Dashboard,23,4
5112,512,2026-02-01,Integrations,12,2
5113,512,2026-03-01,Integrations,7,1
5114,513,2025-08-01,Automation,54,11
5115,513,2025-09-01,API,53,15
5116,513,2025-10-01,Automation,44,11
5117,513,2025-11-01,Reports,44,10
5118,513,2025-12-01,Automation,49,10
5119,513,2026-01-01,Dashboard,41,7
5120,513,2026-02-01,Integrations,46,8
5121,513,2026-03-01,Reports,48,12
5122,513,2026-04-01,API,51,11
5123,513,2026-05-01,Dashboard,52,14
5124,513,2026-06-01,Reports,46,9
5125,513,2026-07-01,Reports,48,9
5126,514,2025-04-01,API,5,1
5127,514,2025-05-01,Automation,2,1
5128,514,2025-06-01,Dashboard,0,1
5129,515,2025-03-01,API,23,5
5130,515,2025-04-01,Automation,17,3
5131,515,2025-05-01,Dashboard,22,3
5132,515,2025-06-01,Integrations,15,2
5133,515,2025-07-01,Dashboard,16,2
5134,515,2025-08-01,Automation,18,5
5135,515,2025-09-01,API,22,4
5136,515,2025-10-01,Automation,16,3
5137,515,2025-11-01,Automation,18,4
5138,515,2025-12-01,Automation,23,4
5139,515,2026-01-01,Dashboard,19,6
5140,515,2026-02-01,Reports,14,3
5141,515,2026-03-01,Integrations,12,2
5142,515,2026-04-01,API,14,2
5143,515,2026-05-01,Dashboard,16,3
5144,515,2026-06-01,API,22,7
5145,515,2026-07-01,API,20,4
5146,516,2026-02-01,Dashboard,7,1
5147,517,2026-03-01,Integrations,15,3
5148,517,2026-04-01,Integrations,12,2
5149,517,2026-05-01,API,12,2
5150,517,2026-06-01,Automation,12,2
5151,517,2026-07-01,Automation,15,2
5152,518,2025-07-01,Reports,3,1
5153,518,2025-08-01,Reports,8,1
5154,518,2025-09-01,Dashboard,6,1
5155,518,2025-10-01,Reports,8,2
5156,518,2025-11-01,API,10,2
5157,518,2025-12-01,API,0,1
5158,518,2026-01-01,Automation,4,1
5159,518,2026-02-01,Automation,3,1
5160,519,2025-11-01,Integrations,8,1
5161,519,2025-12-01,Dashboard,3,1
5162,519,2026-01-01,Automation,1,1
5163,519,2026-02-01,Dashboard,5,1
5164,519,2026-03-01,Automation,6,1
5165,519,2026-04-01,Integrations,2,1
5166,519,2026-05-01,Dashboard,0,1
5167,519,2026-06-01,API,0,1
5168,520,2026-01-01,API,1,1
5169,521,2026-04-01,Integrations,4,1
5170,521,2026-05-01,Dashboard,0,1
5171,521,2026-06-01,Dashboard,0,1
5172,521,2026-07-01,Integrations,0,1
5173,521,2026-08-01,Integrations,2,1
5174,521,2026-09-01,Reports,0,1
5175,521,2026-10-01,Automation,3,1
5176,521,2026-11-01,Integrations,4,1
5177,521,2026-12-01,Integrations,0,1
5178,521,2027-01-01,Dashboard,4,1
5179,521,2027-02-01,Reports,3,1
5180,522,2025-06-01,Reports,0,1
5181,522,2025-07-01,API,1,1
5182,522,2025-08-01,Reports,4,1
5183,522,2025-09-01,Dashboard,5,1
5184,522,2025-10-01,Reports,2,1
5185,522,2025-11-01,Dashboard,4,1
5186,522,2025-12-01,Automation,0,1
5187,522,2026-01-01,API,0,1
5188,522,2026-02-01,API,3,1
5189,522,2026-03-01,Integrations,1,1
5190,523,2024-12-01,API,25,6
5191,523,2025-01-01,Automation,24,4
5192,523,2025-02-01,Automation,22,4
5193,523,2025-03-01,Automation,18,4
5194,523,2025-04-01,Reports,24,7
5195,523,2025-05-01,Reports,20,3
5196,523,2025-06-01,Integrations,26,6
5197,523,2025-07-01,Reports,30,5
5198,523,2025-08-01,API,18,4
5199,523,2025-09-01,API,19,5
5200,523,2025-10-01,API,22,4
5201,523,2025-11-01,Reports,23,6
5202,523,2025-12-01,Reports,25,7
5203,523,2026-01-01,API,22,4
5204,523,2026-02-01,Reports,13,2
5205,523,2026-03-01,API,11,2
5206,523,2026-04-01,Dashboard,0,1
5207,524,2024-11-01,Dashboard,3,1
5208,524,2024-12-01,API,2,1
5209,524,2025-01-01,Reports,0,1
5210,524,2025-02-01,Reports,1,1
5211,524,2025-03-01,Reports,5,1
5212,524,2025-04-01,API,4,1
5213,524,2025-05-01,Automation,6,1
5214,524,2025-06-01,Integrations,5,1
5215,524,2025-07-01,Reports,0,1
5216,524,2025-08-01,Automation,6,1
5217,524,2025-09-01,Integrations,1,1
5218,524,2025-10-01,Automation,5,1
5219,524,2025-11-01,Integrations,0,1
5220,524,2025-12-01,Dashboard,5,1
5221,524,2026-01-01,Dashboard,3,1
5222,525,2024-11-01,Automation,12,3
5223,525,2024-12-01,Integrations,16,4
5224,525,2025-01-01,Automation,10,1
5225,525,2025-02-01,Reports,13,3
5226,525,2025-03-01,Integrations,14,3
5227,525,2025-04-01,Automation,11,3
5228,525,2025-05-01,API,11,1
5229,525,2025-06-01,Integrations,6,1
5230,525,2025-07-01,Reports,13,2
5231,525,2025-08-01,Integrations,14,3
5232,525,2025-09-01,API,11,1
5233,525,2025-10-01,Reports,13,4
5234,525,2025-11-01,Automation,12,3
5235,525,2025-12-01,Reports,14,2
5236,525,2026-01-01,Reports,8,1
5237,525,2026-02-01,Dashboard,5,1
5238,525,2026-03-01,API,1,1
5239,526,2026-03-01,API,7,1
5240,526,2026-04-01,Automation,3,1
5241,526,2026-05-01,Dashboard,6,1
5242,526,2026-06-01,Dashboard,3,1
5243,526,2026-07-01,Integrations,6,1
5244,527,2025-09-01,Automation,13,2
5245,527,2025-10-01,Automation,19,4
5246,527,2025-11-01,API,17,3
5247,527,2025-12-01,Reports,16,3
5248,527,2026-01-01,Integrations,17,4
5249,527,2026-02-01,Integrations,16,5
5250,527,2026-03-01,Reports,11,2
5251,527,2026-04-01,Reports,13,2
5252,527,2026-05-01,Reports,17,3
5253,527,2026-06-01,Automation,11,1
5254,527,2026-07-01,Automation,9,1
5255,528,2025-03-01,Reports,13,2
5256,528,2025-04-01,Integrations,5,1
5257,528,2025-05-01,Integrations,13,3
5258,528,2025-06-01,Reports,3,1
5259,528,2025-07-01,Dashboard,11,3
5260,528,2025-08-01,Automation,13,2
5261,528,2025-09-01,Integrations,5,1
5262,528,2025-10-01,Dashboard,12,3
5263,528,2025-11-01,Dashboard,4,1
5264,528,2025-12-01,Reports,8,1
5265,528,2026-01-01,Reports,9,1
5266,528,2026-02-01,Integrations,5,1
5267,528,2026-03-01,Reports,12,2
5268,528,2026-04-01,Integrations,8,1
5269,528,2026-05-01,API,10,2
5270,528,2026-06-01,Reports,5,1
5271,528,2026-07-01,Reports,14,4
5272,528,2026-08-01,Dashboard,9,2
5273,528,2026-09-01,API,9,1
5274,528,2026-10-01,Automation,9,2
5275,529,2025-10-01,Integrations,10,2
5276,529,2025-11-01,Reports,7,1
5277,529,2025-12-01,Reports,6,1
5278,529,2026-01-01,Integrations,9,1
5279,529,2026-02-01,Integrations,7,1
5280,529,2026-03-01,Integrations,8,1
5281,529,2026-04-01,Integrations,6,1
5282,529,2026-05-01,API,7,1
5283,529,2026-06-01,Automation,2,1
5284,529,2026-07-01,Integrations,10,2
5285,530,2025-10-01,Reports,0,1
5286,530,2025-11-01,Automation,2,1
5287,530,2025-12-01,API,0,1
5288,530,2026-01-01,API,2,1
5289,530,2026-02-01,Dashboard,3,1
5290,530,2026-03-01,Reports,2,1
5291,530,2026-04-01,Integrations,1,1
5292,531,2025-03-01,API,11,2
5293,531,2025-04-01,Dashboard,10,2
5294,531,2025-05-01,API,12,2
5295,531,2025-06-01,Dashboard,6,1
5296,531,2025-07-01,Dashboard,8,2
5297,531,2025-08-01,Reports,7,1
5298,531,2025-09-01,Integrations,7,1
5299,532,2025-06-01,Dashboard,9,1
5300,532,2025-07-01,Integrations,7,1
5301,532,2025-08-01,Dashboard,10,2
5302,532,2025-09-01,API,8,1
5303,532,2025-10-01,API,7,1
5304,532,2025-11-01,Reports,11,1
5305,532,2025-12-01,API,6,1
5306,532,2026-01-01,Integrations,10,2
5307,532,2026-02-01,API,12,3
5308,532,2026-03-01,API,6,1
5309,532,2026-04-01,Integrations,16,5
5310,532,2026-05-01,Automation,5,1
5311,532,2026-06-01,Automation,7,1
5312,532,2026-07-01,Reports,7,1
5313,533,2026-02-01,Reports,19,4
5314,533,2026-03-01,Reports,20,3
5315,533,2026-04-01,Integrations,19,5
5316,533,2026-05-01,Integrations,22,4
5317,533,2026-06-01,Automation,27,8
5318,533,2026-07-01,Integrations,27,5
5319,534,2025-09-01,Integrations,32,9
5320,534,2025-10-01,API,29,5
5321,534,2025-11-01,Reports,33,5
5322,534,2025-12-01,Dashboard,31,9
5323,534,2026-01-01,Integrations,32,7
5324,534,2026-02-01,Integrations,28,7
5325,534,2026-03-01,Automation,32,10
5326,534,2026-04-01,API,28,4
5327,534,2026-05-01,Automation,33,10
5328,534,2026-06-01,Automation,33,10
5329,534,2026-07-01,API,31,7
5330,535,2025-05-01,Automation,3,1
5331,536,2026-05-01,Integrations,7,1
5332,536,2026-06-01,Integrations,7,1
5333,536,2026-07-01,Reports,5,1
5334,537,2025-04-01,Dashboard,8,1
5335,537,2025-05-01,Reports,6,1
5336,537,2025-06-01,Integrations,8,1
5337,537,2025-07-01,Reports,0,1
5338,538,2025-10-01,Dashboard,8,1
5339,538,2025-11-01,Integrations,1,1
5340,539,2025-08-01,Dashboard,48,14
5341,539,2025-09-01,Automation,52,10
5342,539,2025-10-01,API,51,11
5343,539,2025-11-01,Reports,47,11
5344,539,2025-12-01,API,45,9
5345,539,2026-01-01,API,49,12
5346,539,2026-02-01,Integrations,49,10
5347,539,2026-03-01,Integrations,49,8
5348,539,2026-04-01,Automation,48,14
5349,539,2026-05-01,Automation,54,9
5350,539,2026-06-01,Dashboard,48,11
5351,539,2026-07-01,API,51,9
5352,540,2024-11-01,Dashboard,2,1
5353,540,2024-12-01,Integrations,1,1
5354,540,2025-01-01,Integrations,0,1
5355,540,2025-02-01,Reports,1,1
5356,540,2025-03-01,Reports,6,1
5357,540,2025-04-01,Automation,7,2
5358,540,2025-05-01,API,2,1
5359,540,2025-06-01,Integrations,0,1
5360,540,2025-07-01,Integrations,0,1
5361,540,2025-08-01,Dashboard,8,1
5362,540,2025-09-01,Reports,6,1
5363,540,2025-10-01,API,2,1
5364,540,2025-11-01,API,6,1
5365,540,2025-12-01,Automation,0,1
5366,540,2026-01-01,Reports,1,1
5367,540,2026-02-01,API,5,1
5368,540,2026-03-01,Dashboard,8,1
5369,540,2026-04-01,Reports,1,1
5370,540,2026-05-01,Integrations,4,1
5371,540,2026-06-01,Integrations,0,1
5372,540,2026-07-01,Integrations,4,1
5373,541,2026-02-01,Automation,6,1
5374,541,2026-03-01,Dashboard,1,1
5375,541,2026-04-01,Dashboard,10,1
5376,541,2026-05-01,Automation,3,1
5377,541,2026-06-01,Integrations,3,1
5378,541,2026-07-01,Dashboard,4,1
5379,542,2025-03-01,Reports,13,2
5380,542,2025-04-01,Reports,18,4
5381,542,2025-05-01,Automation,19,3
5382,542,2025-06-01,Integrations,15,4
5383,542,2025-07-01,Reports,21,6
5384,542,2025-08-01,Integrations,20,4
5385,542,2025-09-01,Automation,15,2
5386,542,2025-10-01,Dashboard,6,1
5387,542,2025-11-01,Reports,6,1
5388,542,2025-12-01,Dashboard,0,1
5389,543,2026-01-01,API,18,3
5390,543,2026-02-01,Integrations,10,1
5391,543,2026-03-01,API,12,2
5392,543,2026-04-01,Reports,7,1
5393,544,2025-07-01,Automation,5,1
5394,544,2025-08-01,Integrations,2,1
5395,544,2025-09-01,API,5,1
5396,544,2025-10-01,Automation,4,1
5397,544,2025-11-01,Integrations,8,1
5398,544,2025-12-01,Integrations,5,1
5399,544,2026-01-01,Integrations,3,1
5400,544,2026-02-01,Automation,4,1
5401,544,2026-03-01,Dashboard,2,1
5402,544,2026-04-01,Dashboard,2,1
5403,544,2026-05-01,Automation,7,1
5404,544,2026-06-01,Reports,2,1
5405,544,2026-07-01,Reports,0,1
5406,545,2025-02-01,API,40,7
5407,545,2025-03-01,Dashboard,35,7
5408,545,2025-04-01,Automation,31,5
5409,545,2025-05-01,Dashboard,30,7
5410,545,2025-06-01,Automation,34,8
5411,545,2025-07-01,Automation,37,7
5412,545,2025-08-01,API,26,4
5413,545,2025-09-01,Dashboard,34,10
5414,545,2025-10-01,API,37,6
5415,545,2025-11-01,Integrations,42,8
5416,545,2025-12-01,API,30,5
5417,545,2026-01-01,Dashboard,32,7
5418,545,2026-02-01,Reports,35,9
5419,545,2026-03-01,Reports,28,8
5420,545,2026-04-01,API,30,5
5421,545,2026-05-01,Automation,35,6
5422,545,2026-06-01,API,35,6
5423,545,2026-07-01,Dashboard,34,7
5424,546,2025-11-01,API,17,3
5425,546,2025-12-01,Reports,16,3
5426,546,2026-01-01,API,14,3
5427,546,2026-02-01,Automation,22,5
5428,546,2026-03-01,Reports,25,7
5429,546,2026-04-01,Dashboard,18,5
5430,546,2026-05-01,API,21,4
5431,546,2026-06-01,Dashboard,17,4
5432,546,2026-07-01,Integrations,19,3
5433,547,2025-10-01,Reports,16,2
5434,547,2025-11-01,Integrations,12,3
5435,547,2025-12-01,Integrations,19,4
5436,547,2026-01-01,Dashboard,9,2
5437,547,2026-02-01,Reports,12,2
5438,547,2026-03-01,Integrations,12,2
5439,547,2026-04-01,API,9,1
5440,547,2026-05-01,Dashboard,14,2
5441,547,2026-06-01,Dashboard,16,2
5442,547,2026-07-01,Dashboard,20,4
5443,548,2025-05-01,Automation,1,1
5444,549,2024-09-01,Integrations,7,1
5445,549,2024-10-01,API,7,2
5446,549,2024-11-01,Integrations,3,1
5447,549,2024-12-01,Dashboard,0,1
5448,550,2026-04-01,Automation,8,1
5449,550,2026-05-01,Automation,8,1
5450,550,2026-06-01,Reports,9,2
5451,550,2026-07-01,Reports,12,3
5452,550,2026-08-01,Dashboard,8,2
5453,550,2026-09-01,Integrations,12,2
5454,550,2026-10-01,Automation,7,1
5455,550,2026-11-01,Reports,11,2
5456,550,2026-12-01,Integrations,5,1
5457,550,2027-01-01,API,7,1
5458,550,2027-02-01,Integrations,9,2
5459,550,2027-03-01,Dashboard,8,1
5460,550,2027-04-01,Automation,3,1
5461,550,2027-05-01,Automation,9,2
5462,550,2027-06-01,API,10,2
5463,550,2027-07-01,API,9,1
5464,550,2027-08-01,Dashboard,11,3
5465,550,2027-09-01,Integrations,6,1
5466,551,2025-02-01,Integrations,4,1
5467,551,2025-03-01,Automation,6,1
5468,551,2025-04-01,Dashboard,0,1
5469,551,2025-05-01,Dashboard,9,2
5470,551,2025-06-01,Dashboard,2,1
5471,552,2025-04-01,Reports,3,1
5472,552,2025-05-01,Integrations,6,1
5473,553,2025-04-01,API,4,1
5474,553,2025-05-01,Dashboard,6,1
5475,553,2025-06-01,Dashboard,5,1
5476,553,2025-07-01,Integrations,9,1
5477,553,2025-08-01,API,2,1
5478,553,2025-09-01,Dashboard,3,1
5479,553,2025-10-01,Integrations,6,1
5480,553,2025-11-01,Integrations,0,1
5481,553,2025-12-01,API,7,2
5482,553,2026-01-01,Automation,2,1
5483,553,2026-02-01,Integrations,0,1
5484,553,2026-03-01,Integrations,2,1
5485,553,2026-04-01,Reports,9,1
5486,553,2026-05-01,API,4,1
5487,553,2026-06-01,Automation,4,1
5488,553,2026-07-01,Dashboard,2,1
5489,554,2024-12-01,Integrations,18,5
5490,554,2025-01-01,API,23,5
5491,554,2025-02-01,Dashboard,22,4
5492,554,2025-03-01,Reports,24,5
5493,554,2025-04-01,Automation,22,6
5494,554,2025-05-01,API,23,4
5495,554,2025-06-01,Integrations,23,5
5496,554,2025-07-01,API,28,7
5497,554,2025-08-01,Dashboard,28,5
5498,554,2025-09-01,API,21,4
5499,554,2025-10-01,API,19,3
5500,554,2025-11-01,Integrations,22,4
5501,554,2025-12-01,Integrations,19,4
5502,554,2026-01-01,Integrations,29,4
5503,554,2026-02-01,Automation,19,4
5504,554,2026-03-01,Dashboard,23,4
5505,554,2026-04-01,Integrations,17,2
5506,554,2026-05-01,API,20,3
5507,554,2026-06-01,Reports,21,3
5508,554,2026-07-01,Dashboard,17,3
5509,555,2025-10-01,Automation,39,11
5510,555,2025-11-01,API,23,7
5511,555,2025-12-01,API,8,1
5512,556,2025-10-01,Reports,0,1
5513,556,2025-11-01,API,5,1
5514,556,2025-12-01,Integrations,1,1
5515,556,2026-01-01,API,2,1
5516,556,2026-02-01,Integrations,4,1
5517,556,2026-03-01,Dashboard,7,1
5518,556,2026-04-01,Dashboard,2,1
5519,556,2026-05-01,Integrations,0,1
5520,556,2026-06-01,API,0,1
5521,556,2026-07-01,Reports,0,1
5522,557,2025-04-01,API,47,8
5523,557,2025-05-01,API,46,7
5524,557,2025-06-01,Dashboard,45,10
5525,557,2025-07-01,Reports,45,9
5526,557,2025-08-01,Reports,47,8
5527,557,2025-09-01,Reports,45,13
5528,557,2025-10-01,Integrations,38,12
5529,557,2025-11-01,Integrations,50,8
5530,557,2025-12-01,API,46,9
5531,557,2026-01-01,Dashboard,48,9
5532,557,2026-02-01,Reports,49,9
5533,557,2026-03-01,Automation,37,10
5534,557,2026-04-01,API,47,8
5535,557,2026-05-01,Automation,48,8
5536,557,2026-06-01,Dashboard,46,11
5537,557,2026-07-01,API,47,10
5538,558,2026-01-01,Dashboard,2,1
5539,558,2026-02-01,Automation,3,1
5540,558,2026-03-01,Automation,0,1
5541,558,2026-04-01,API,5,1
5542,558,2026-05-01,API,2,1
5543,558,2026-06-01,Integrations,1,1
5544,558,2026-07-01,Automation,3,1
5545,559,2025-03-01,Dashboard,9,1
5546,559,2025-04-01,Reports,12,2
5547,559,2025-05-01,Reports,12,2
5548,559,2025-06-01,API,18,5
5549,559,2025-07-01,Integrations,19,4
5550,559,2025-08-01,Reports,14,2
5551,559,2025-09-01,Integrations,17,2
5552,559,2025-10-01,Integrations,15,2
5553,559,2025-11-01,Dashboard,16,3
5554,559,2025-12-01,Reports,12,2
5555,559,2026-01-01,Reports,2,1
5556,560,2025-12-01,Automation,5,1
5557,560,2026-01-01,Integrations,5,1
5558,560,2026-02-01,Reports,2,1
5559,560,2026-03-01,API,1,1
5560,560,2026-04-01,Integrations,5,1
5561,560,2026-05-01,Reports,5,1
5562,560,2026-06-01,API,0,1
5563,560,2026-07-01,API,8,2
5564,561,2026-02-01,Reports,5,1
5565,561,2026-03-01,Integrations,12,3
5566,561,2026-04-01,Automation,12,2
5567,561,2026-05-01,Integrations,11,1
5568,561,2026-06-01,Automation,14,4
5569,561,2026-07-01,Dashboard,9,1
5570,562,2025-04-01,Integrations,17,3
5571,562,2025-05-01,Reports,20,4
5572,562,2025-06-01,API,25,7
5573,562,2025-07-01,Integrations,17,4
5574,562,2025-08-01,Integrations,22,6
5575,562,2025-09-01,Automation,23,5
5576,562,2025-10-01,Integrations,22,5
5577,562,2025-11-01,Integrations,19,3
5578,562,2025-12-01,Reports,8,2
5579,562,2026-01-01,Dashboard,2,1
5580,563,2025-09-01,Dashboard,2,1
5581,563,2025-10-01,API,4,1
5582,563,2025-11-01,Dashboard,1,1
5583,563,2025-12-01,Integrations,4,1
5584,563,2026-01-01,Reports,3,1
5585,563,2026-02-01,Integrations,8,2
5586,563,2026-03-01,Reports,5,1
5587,563,2026-04-01,Reports,8,2
5588,563,2026-05-01,Reports,0,1
5589,564,2025-06-01,Dashboard,19,4
5590,564,2025-07-01,Dashboard,15,4
5591,564,2025-08-01,Reports,25,4
5592,564,2025-09-01,Automation,20,3
5593,564,2025-10-01,Dashboard,27,5
5594,564,2025-11-01,Automation,22,5
5595,564,2025-12-01,Dashboard,21,6
5596,564,2026-01-01,Reports,19,5
5597,564,2026-02-01,Integrations,22,3
5598,564,2026-03-01,API,26,5
5599,564,2026-04-01,Automation,23,6
5600,564,2026-05-01,API,25,6
5601,564,2026-06-01,Dashboard,15,4
5602,564,2026-07-01,Dashboard,19,5
5603,565,2025-09-01,Integrations,13,2
5604,565,2025-10-01,Reports,15,2
5605,565,2025-11-01,Reports,15,4
5606,565,2025-12-01,Reports,12,3
5607,565,2026-01-01,Automation,12,2
5608,565,2026-02-01,API,13,3
5609,565,2026-03-01,Integrations,0,1
5610,565,2026-04-01,Integrations,0,1
5611,566,2025-01-01,Reports,22,3
5612,566,2025-02-01,Automation,29,6
5613,566,2025-03-01,Reports,24,6
5614,566,2025-04-01,Integrations,25,7
5615,566,2025-05-01,Dashboard,22,5
5616,566,2025-06-01,Automation,20,3
5617,566,2025-07-01,API,24,7
5618,566,2025-08-01,API,21,6
5619,566,2025-09-01,Dashboard,27,4
5620,566,2025-10-01,Integrations,20,5
5621,566,2025-11-01,Reports,19,4
5622,566,2025-12-01,Automation,16,4
5623,566,2026-01-01,API,25,5
5624,566,2026-02-01,Integrations,23,4
5625,566,2026-03-01,Integrations,22,5
5626,566,2026-04-01,Dashboard,27,5
5627,566,2026-05-01,Reports,29,4
5628,566,2026-06-01,Dashboard,28,8
5629,566,2026-07-01,Integrations,24,6
5630,567,2025-03-01,Dashboard,6,1
5631,567,2025-04-01,Automation,2,1
5632,567,2025-05-01,Integrations,11,3
5633,567,2025-06-01,Integrations,9,1
5634,567,2025-07-01,Dashboard,4,1
5635,567,2025-08-01,Reports,9,2
5636,567,2025-09-01,Reports,7,2
5637,567,2025-10-01,Reports,13,2
5638,567,2025-11-01,API,12,3
5639,567,2025-12-01,Integrations,8,1
5640,567,2026-01-01,Dashboard,11,2
5641,567,2026-02-01,API,5,1
5642,567,2026-03-01,API,8,1
5643,567,2026-04-01,Reports,3,1
5644,567,2026-05-01,Dashboard,7,1
5645,567,2026-06-01,Integrations,0,1
5646,568,2025-07-01,Integrations,2,1
5647,568,2025-08-01,API,5,1
5648,568,2025-09-01,Dashboard,2,1
5649,568,2025-10-01,API,4,1
5650,568,2025-11-01,Reports,3,1
5651,568,2025-12-01,Integrations,7,1
5652,568,2026-01-01,Reports,7,1
5653,568,2026-02-01,API,0,1
5654,568,2026-03-01,Dashboard,3,1
5655,568,2026-04-01,Reports,6,1
5656,568,2026-05-01,Reports,2,1
5657,568,2026-06-01,Dashboard,7,1
5658,568,2026-07-01,Dashboard,1,1
5659,569,2025-08-01,Reports,41,13
5660,569,2025-09-01,API,37,6
5661,569,2025-10-01,Automation,36,10
5662,569,2025-11-01,API,36,6
5663,569,2025-12-01,Automation,37,9
5664,569,2026-01-01,Reports,38,7
5665,569,2026-02-01,API,38,9
5666,569,2026-03-01,Automation,34,7
5667,569,2026-04-01,Dashboard,37,9
5668,569,2026-05-01,Reports,38,10
5669,569,2026-06-01,API,37,6
5670,569,2026-07-01,Reports,32,7
5671,570,2025-07-01,Dashboard,21,3
5672,570,2025-08-01,Dashboard,11,2
5673,570,2025-09-01,API,12,2
5674,570,2025-10-01,Dashboard,12,2
5675,570,2025-11-01,Integrations,20,3
5676,570,2025-12-01,Reports,14,4
5677,570,2026-01-01,API,17,3
5678,570,2026-02-01,API,13,3
5679,570,2026-03-01,API,15,3
5680,570,2026-04-01,Reports,19,4
5681,570,2026-05-01,Automation,13,2
5682,570,2026-06-01,Integrations,14,4
5683,570,2026-07-01,Dashboard,17,2
5684,571,2024-12-01,Reports,20,5
5685,571,2025-01-01,Automation,13,2
5686,571,2025-02-01,Integrations,19,3
5687,571,2025-03-01,Reports,17,4
5688,571,2025-04-01,Automation,16,3
5689,571,2025-05-01,Dashboard,12,3
5690,571,2025-06-01,Dashboard,20,3
5691,571,2025-07-01,Dashboard,16,3
5692,571,2025-08-01,API,14,2
5693,571,2025-09-01,Dashboard,15,4
5694,571,2025-10-01,Reports,18,3
5695,571,2025-11-01,Reports,22,3
5696,571,2025-12-01,Automation,14,2
5697,571,2026-01-01,Automation,15,2
5698,571,2026-02-01,Reports,14,3
5699,571,2026-03-01,Dashboard,19,3
5700,571,2026-04-01,Integrations,16,4
5701,571,2026-05-01,API,14,4
5702,571,2026-06-01,API,13,2
5703,571,2026-07-01,Automation,16,4
5704,572,2024-11-01,API,2,1
5705,572,2024-12-01,Automation,4,1
5706,572,2025-01-01,Integrations,2,1
5707,572,2025-02-01,Automation,0,1
5708,573,2025-08-01,Integrations,41,7
5709,573,2025-09-01,Automation,41,10
5710,573,2025-10-01,Reports,30,8
5711,573,2025-11-01,Reports,14,2
5712,573,2025-12-01,Integrations,0,1
5713,574,2025-03-01,Reports,8,1
5714,574,2025-04-01,Automation,9,2
5715,574,2025-05-01,API,9,2
5716,574,2025-06-01,Automation,12,2
5717,574,2025-07-01,Integrations,9,2
5718,574,2025-08-01,Dashboard,8,1
5719,574,2025-09-01,Reports,4,1
5720,574,2025-10-01,Reports,4,1
5721,574,2025-11-01,Reports,7,1
5722,574,2025-12-01,Dashboard,1,1
5723,575,2026-01-01,Reports,8,2
5724,575,2026-02-01,API,5,1
5725,575,2026-03-01,Automation,9,2
5726,575,2026-04-01,Reports,6,1
5727,575,2026-05-01,Automation,3,1
5728,575,2026-06-01,API,2,1
5729,575,2026-07-01,Dashboard,6,1
5730,575,2026-08-01,Integrations,0,1
5731,575,2026-09-01,Integrations,1,1
5732,575,2026-10-01,Integrations,4,1
5733,576,2025-05-01,Reports,44,11
5734,576,2025-06-01,Reports,44,8
5735,576,2025-07-01,Integrations,39,11
5736,576,2025-08-01,Reports,40,11
5737,576,2025-09-01,API,46,10
5738,576,2025-10-01,Integrations,39,10
5739,576,2025-11-01,Dashboard,38,11
5740,576,2025-12-01,Reports,44,7
5741,576,2026-01-01,API,46,10
5742,576,2026-02-01,Integrations,40,7
5743,576,2026-03-01,Integrations,38,7
5744,576,2026-04-01,Reports,31,7
5745,576,2026-05-01,Dashboard,20,4
5746,576,2026-06-01,Reports,10,1
5747,577,2025-02-01,API,1,1
5748,577,2025-03-01,Reports,5,1
5749,577,2025-04-01,Integrations,4,1
5750,577,2025-05-01,Automation,0,1
5751,577,2025-06-01,Integrations,4,1
5752,577,2025-07-01,Dashboard,0,1
5753,577,2025-08-01,Integrations,0,1
5754,577,2025-09-01,Reports,4,1
5755,577,2025-10-01,Automation,4,1
5756,577,2025-11-01,Integrations,6,1
5757,577,2025-12-01,Integrations,3,1
5758,578,2027-07-01,Integrations,1,1
5759,578,2027-08-01,Reports,4,1
5760,578,2027-09-01,Integrations,8,1
5761,578,2027-10-01,API,4,1
5762,578,2027-11-01,API,4,1
5763,578,2027-12-01,API,3,1
5764,578,2028-01-01,Reports,1,1
5765,578,2028-02-01,Reports,0,1
5766,578,2028-03-01,Dashboard,3,1
5767,578,2028-04-01,Integrations,7,2
5768,578,2028-05-01,Dashboard,0,1
5769,578,2028-06-01,Automation,3,1
5770,578,2028-07-01,API,1,1
5771,579,2025-03-01,Dashboard,3,1
5772,579,2025-04-01,Automation,1,1
5773,580,2024-10-01,Integrations,19,5
5774,580,2024-11-01,Integrations,23,7
5775,580,2024-12-01,Reports,27,4
5776,580,2025-01-01,Automation,23,3
5777,580,2025-02-01,Reports,24,7
5778,580,2025-03-01,Integrations,20,5
5779,580,2025-04-01,Automation,25,4
5780,580,2025-05-01,API,19,3
5781,580,2025-06-01,Reports,22,6
5782,580,2025-07-01,Integrations,22,5
5783,580,2025-08-01,Automation,25,6
5784,580,2025-09-01,API,21,4
5785,580,2025-10-01,Dashboard,24,5
5786,580,2025-11-01,Integrations,22,6
5787,580,2025-12-01,Automation,24,6
5788,580,2026-01-01,Integrations,23,3
5789,580,2026-02-01,Reports,20,6
5790,580,2026-03-01,Integrations,16,3
5791,580,2026-04-01,Integrations,21,5
5792,580,2026-05-01,Automation,21,5
5793,580,2026-06-01,Automation,26,6
5794,580,2026-07-01,Dashboard,22,6
5795,581,2025-09-01,Dashboard,17,4
5796,581,2025-10-01,Automation,10,2
5797,581,2025-11-01,Reports,15,2
5798,581,2025-12-01,Reports,9,1
5799,581,2026-01-01,Reports,7,2
5800,581,2026-02-01,Automation,13,3
5801,581,2026-03-01,Dashboard,8,2
5802,581,2026-04-01,Automation,12,3
5803,581,2026-05-01,Automation,12,2
5804,581,2026-06-01,Automation,14,3
5805,581,2026-07-01,Integrations,13,2
5806,582,2026-02-01,Reports,18,3
5807,582,2026-03-01,Automation,11,2
5808,582,2026-04-01,Reports,9,2
5809,582,2026-05-01,Automation,8,2
5810,582,2026-06-01,Reports,5,1
5811,582,2026-07-01,Automation,11,3
5812,583,2025-09-01,API,2,1
5813,583,2025-10-01,Automation,2,1
5814,584,2025-04-01,Dashboard,11,1
5815,584,2025-05-01,Dashboard,12,3
5816,584,2025-06-01,Integrations,13,3
5817,584,2025-07-01,Reports,11,1
5818,584,2025-08-01,Reports,11,1
5819,584,2025-09-01,Integrations,14,3
5820,584,2025-10-01,Integrations,12,3
5821,584,2025-11-01,Automation,7,1
5822,584,2025-12-01,Reports,9,2
5823,584,2026-01-01,API,8,1
5824,584,2026-02-01,Reports,11,1
5825,584,2026-03-01,Integrations,11,2
5826,584,2026-04-01,Automation,16,5
5827,584,2026-05-01,Dashboard,10,2
5828,584,2026-06-01,Automation,14,3
5829,584,2026-07-01,Integrations,12,2
5830,585,2025-05-01,Reports,9,2
5831,585,2025-06-01,Reports,1,1
5832,585,2025-07-01,Integrations,0,1
5833,585,2025-08-01,API,6,1
5834,585,2025-09-01,Reports,3,1
5835,585,2025-10-01,Reports,12,2
5836,585,2025-11-01,Automation,4,1
5837,585,2025-12-01,Integrations,6,1
5838,585,2026-01-01,API,7,1
5839,585,2026-02-01,Automation,6,1
5840,585,2026-03-01,API,10,3
5841,585,2026-04-01,Reports,2,1
5842,585,2026-05-01,Dashboard,7,1
5843,585,2026-06-01,Dashboard,4,1
5844,585,2026-07-01,Automation,2,1
5845,586,2026-04-01,Reports,6,1
5846,586,2026-05-01,Automation,7,1
5847,586,2026-06-01,API,7,1
5848,586,2026-07-01,Dashboard,6,1
5849,587,2024-12-01,Integrations,4,1
5850,587,2025-01-01,Integrations,3,1
5851,587,2025-02-01,Automation,11,2
5852,587,2025-03-01,Reports,9,2
5853,587,2025-04-01,Reports,9,2
5854,587,2025-05-01,Reports,9,1
5855,587,2025-06-01,API,6,1
5856,587,2025-07-01,Integrations,13,2
5857,587,2025-08-01,Reports,9,1
5858,587,2025-09-01,Integrations,8,1
5859,587,2025-10-01,Reports,4,1
5860,587,2025-11-01,API,2,1
5861,587,2025-12-01,Integrations,4,1
5862,588,2025-09-01,Automation,0,1
5863,588,2025-10-01,Reports,7,1
5864,588,2025-11-01,API,5,1
5865,588,2025-12-01,Integrations,11,1
5866,588,2026-01-01,Integrations,7,1
5867,588,2026-02-01,Automation,3,1
5868,588,2026-03-01,Dashboard,5,1
5869,588,2026-04-01,Reports,9,2
5870,588,2026-05-01,Reports,6,1
5871,588,2026-06-01,Integrations,0,1
5872,588,2026-07-01,Integrations,8,1
5873,589,2025-08-01,Dashboard,6,1
5874,589,2025-09-01,Reports,7,2
5875,589,2025-10-01,Automation,8,2
5876,589,2025-11-01,API,10,2
5877,589,2025-12-01,Automation,6,1
5878,589,2026-01-01,Dashboard,0,1
5879,590,2025-03-01,Dashboard,0,1
5880,591,2024-12-01,Reports,4,1
5881,591,2025-01-01,Dashboard,8,2
5882,591,2025-02-01,Reports,4,1
5883,591,2025-03-01,Dashboard,8,1
5884,591,2025-04-01,Dashboard,6,1
5885,591,2025-05-01,Integrations,13,2
5886,591,2025-06-01,Integrations,7,1
5887,591,2025-07-01,Automation,9,1
5888,591,2025-08-01,API,0,1
5889,591,2025-09-01,API,9,2
5890,591,2025-10-01,Reports,4,1
5891,591,2025-11-01,Automation,6,1
5892,591,2025-12-01,Reports,5,1
5893,591,2026-01-01,Reports,3,1
5894,591,2026-02-01,Integrations,11,2
5895,591,2026-03-01,Integrations,9,1
5896,591,2026-04-01,Dashboard,3,1
5897,591,2026-05-01,Dashboard,3,1
5898,591,2026-06-01,Dashboard,8,1
5899,591,2026-07-01,Integrations,9,2
5900,592,2026-02-01,API,0,1
5901,592,2026-03-01,Integrations,0,1
5902,592,2026-04-01,Integrations,0,1
5903,593,2026-02-01,Reports,0,1
5904,593,2026-03-01,Automation,0,1
5905,593,2026-04-01,Reports,2,1
5906,593,2026-05-01,Automation,2,1
5907,593,2026-06-01,Dashboard,9,1
5908,593,2026-07-01,Dashboard,6,1
5909,594,2025-06-01,Dashboard,24,7
5910,594,2025-07-01,Dashboard,19,3
5911,594,2025-08-01,API,23,5
5912,594,2025-09-01,API,20,3
5913,594,2025-10-01,Integrations,14,3
5914,594,2025-11-01,Integrations,21,6
5915,594,2025-12-01,Integrations,24,5
5916,594,2026-01-01,Integrations,19,5
5917,594,2026-02-01,Integrations,20,4
5918,594,2026-03-01,Integrations,22,3
5919,594,2026-04-01,Dashboard,26,4
5920,594,2026-05-01,Automation,19,4
5921,594,2026-06-01,API,20,5
5922,594,2026-07-01,Reports,30,5
5923,595,2026-07-01,Reports,10,2
5924,595,2026-08-01,API,9,1
5925,595,2026-09-01,Dashboard,8,1
5926,595,2026-10-01,Dashboard,7,1
5927,595,2026-11-01,API,11,3
5928,595,2026-12-01,Reports,11,2
5929,595,2027-01-01,Dashboard,7,2
5930,595,2027-02-01,API,7,2
5931,595,2027-03-01,Integrations,3,1
5932,595,2027-04-01,Reports,10,2
5933,595,2027-05-01,API,11,3
5934,595,2027-06-01,API,9,1
5935,595,2027-07-01,Reports,11,2
5936,596,2025-10-01,Integrations,1,1
5937,596,2025-11-01,Automation,0,1
5938,596,2025-12-01,Reports,4,1
5939,596,2026-01-01,API,0,1
5940,596,2026-02-01,Integrations,7,1
5941,596,2026-03-01,API,4,1
5942,596,2026-04-01,Reports,0,1
5943,596,2026-05-01,Automation,0,1
5944,596,2026-06-01,Automation,5,1
5945,596,2026-07-01,Automation,4,1
5946,597,2025-09-01,Dashboard,10,2
5947,597,2025-10-01,Dashboard,12,2
5948,597,2025-11-01,API,9,2
5949,597,2025-12-01,Integrations,4,1
5950,597,2026-01-01,Dashboard,10,1
5951,597,2026-02-01,Integrations,10,1
5952,597,2026-03-01,Integrations,9,1
5953,597,2026-04-01,Automation,6,1
5954,597,2026-05-01,Integrations,10,2
5955,597,2026-06-01,Dashboard,4,1
5956,597,2026-07-01,Dashboard,9,2
5957,598,2025-11-01,Dashboard,7,1
5958,598,2025-12-01,API,7,2
5959,598,2026-01-01,Automation,5,1
5960,598,2026-02-01,Automation,3,1
5961,598,2026-03-01,API,3,1
5962,598,2026-04-01,Reports,7,1
5963,598,2026-05-01,API,4,1
5964,598,2026-06-01,Dashboard,3,1
5965,598,2026-07-01,Integrations,5,1
5966,599,2025-03-01,Dashboard,11,2
5967,599,2025-04-01,Reports,4,1
5968,599,2025-05-01,Automation,1,1
5969,599,2025-06-01,API,11,2
5970,599,2025-07-01,Automation,4,1
5971,599,2025-08-01,Integrations,8,1
5972,599,2025-09-01,Automation,10,2
5973,599,2025-10-01,Integrations,7,1
5974,599,2025-11-01,Integrations,5,1
5975,599,2025-12-01,Dashboard,7,1
5976,599,2026-01-01,Automation,10,3
5977,599,2026-02-01,Integrations,11,3
5978,599,2026-03-01,Reports,3,1
5979,599,2026-04-01,API,12,3
5980,599,2026-05-01,API,14,2
5981,599,2026-06-01,Integrations,7,2
5982,599,2026-07-01,Integrations,8,2
5983,600,2025-10-01,Reports,10,1
5984,600,2025-11-01,Reports,3,1
5985,600,2025-12-01,Integrations,8,2
5986,600,2026-01-01,Automation,4,1
5987,600,2026-02-01,Reports,0,1
5988,600,2026-03-01,Automation,3,1
5989,600,2026-04-01,API,8,1
5990,600,2026-05-01,Automation,1,1
5991,600,2026-06-01,Integrations,2,1
5992,600,2026-07-01,API,2,1
5993,601,2025-01-01,Reports,26,6
5994,601,2025-02-01,Dashboard,28,4
5995,601,2025-03-01,Automation,32,5
5996,601,2025-04-01,API,28,6
5997,601,2025-05-01,API,28,5
5998,601,2025-06-01,API,32,9
5999,601,2025-07-01,Dashboard,24,7
6000,601,2025-08-01,Automation,31,6
6001,601,2025-09-01,API,37,7
6002,601,2025-10-01,Reports,29,9
6003,601,2025-11-01,Integrations,32,6
6004,601,2025-12-01,Integrations,30,5
6005,601,2026-01-01,Dashboard,35,8
6006,601,2026-02-01,Reports,31,8
6007,601,2026-03-01,Dashboard,27,6
6008,601,2026-04-01,Automation,19,3
6009,601,2026-05-01,Reports,26,8
6010,601,2026-06-01,Dashboard,25,7
6011,601,2026-07-01,Reports,28,5
6012,602,2025-11-01,Automation,4,1
6013,602,2025-12-01,API,7,1
6014,602,2026-01-01,API,3,1
6015,602,2026-02-01,Dashboard,2,1
6016,602,2026-03-01,Integrations,4,1
6017,602,2026-04-01,Dashboard,3,1
6018,602,2026-05-01,Reports,7,1
6019,602,2026-06-01,Integrations,4,1
6020,602,2026-07-01,API,1,1
6021,603,2025-03-01,Dashboard,16,3
6022,603,2025-04-01,Dashboard,21,6
6023,603,2025-05-01,API,21,6
6024,603,2025-06-01,Dashboard,19,4
6025,603,2025-07-01,API,13,2
6026,603,2025-08-01,Reports,18,4
6027,603,2025-09-01,API,18,4
6028,603,2025-10-01,Reports,15,3
6029,603,2025-11-01,Automation,18,5
6030,603,2025-12-01,Integrations,16,4
6031,603,2026-01-01,Integrations,19,3
6032,603,2026-02-01,Automation,21,5
6033,603,2026-03-01,API,13,2
6034,603,2026-04-01,API,17,3
6035,603,2026-05-01,API,17,5
6036,603,2026-06-01,Integrations,17,3
6037,603,2026-07-01,Dashboard,18,3
6038,604,2025-11-01,Reports,9,1
6039,604,2025-12-01,Automation,0,1
6040,604,2026-01-01,Integrations,0,1
6041,604,2026-02-01,Integrations,5,1
6042,604,2026-03-01,Automation,5,1
6043,604,2026-04-01,API,5,1
6044,604,2026-05-01,Dashboard,3,1
6045,604,2026-06-01,API,5,1
6046,604,2026-07-01,Dashboard,1,1
6047,605,2026-08-01,Integrations,4,1
6048,605,2026-09-01,Dashboard,0,1
6049,605,2026-10-01,Automation,1,1
6050,605,2026-11-01,Reports,0,1
6051,605,2026-12-01,Dashboard,8,1
6052,606,2024-12-01,API,19,3
6053,606,2025-01-01,Integrations,13,2
6054,606,2025-02-01,Integrations,14,3
6055,606,2025-03-01,API,18,4
6056,606,2025-04-01,Integrations,20,6
6057,606,2025-05-01,Automation,17,2
6058,606,2025-06-01,API,23,6
6059,606,2025-07-01,Reports,19,3
6060,606,2025-08-01,Automation,16,4
6061,606,2025-09-01,Automation,15,4
6062,606,2025-10-01,API,14,2
6063,606,2025-11-01,Dashboard,20,3
6064,606,2025-12-01,Dashboard,15,3
6065,606,2026-01-01,API,19,4
6066,606,2026-02-01,Dashboard,14,2
6067,606,2026-03-01,Dashboard,9,1
6068,606,2026-04-01,Reports,7,1
6069,606,2026-05-01,Reports,0,1
6070,607,2025-02-01,API,6,1
6071,607,2025-03-01,Automation,8,1
6072,607,2025-04-01,Automation,4,1
6073,607,2025-05-01,API,8,1
6074,607,2025-06-01,API,8,1
6075,607,2025-07-01,Dashboard,9,1
6076,607,2025-08-01,Reports,3,1
6077,607,2025-09-01,Reports,10,1
6078,607,2025-10-01,Integrations,4,1
6079,608,2025-05-01,Integrations,12,2
6080,608,2025-06-01,API,14,3
6081,608,2025-07-01,Integrations,13,2
6082,608,2025-08-01,Integrations,12,2
6083,608,2025-09-01,API,15,2
6084,608,2025-10-01,Reports,12,2
6085,608,2025-11-01,Automation,15,3
6086,608,2025-12-01,Reports,11,2
6087,608,2026-01-01,Reports,6,1
6088,608,2026-02-01,Integrations,11,2
6089,608,2026-03-01,Dashboard,13,3
6090,608,2026-04-01,Automation,14,2
6091,608,2026-05-01,API,7,1
6092,608,2026-06-01,API,7,1
6093,608,2026-07-01,Automation,11,2
6094,609,2025-02-01,Reports,6,1
6095,609,2025-03-01,Dashboard,2,1
6096,609,2025-04-01,Reports,1,1
6097,609,2025-05-01,Reports,0,1
6098,609,2025-06-01,Automation,0,1
6099,609,2025-07-01,Automation,1,1
6100,609,2025-08-01,Dashboard,6,1
6101,609,2025-09-01,Dashboard,6,1
6102,609,2025-10-01,Reports,0,1
6103,609,2025-11-01,Dashboard,6,1
6104,609,2025-12-01,Automation,3,1
6105,609,2026-01-01,Automation,0,1
6106,609,2026-02-01,Integrations,5,1
6107,610,2024-12-01,Reports,9,2
6108,610,2025-01-01,Automation,7,1
6109,610,2025-02-01,Integrations,0,1
6110,611,2025-03-01,Reports,25,6
6111,611,2025-04-01,API,24,7
6112,611,2025-05-01,Integrations,17,2
6113,611,2025-06-01,API,22,7
6114,611,2025-07-01,Reports,28,8
6115,611,2025-08-01,Integrations,23,3
6116,611,2025-09-01,Automation,26,5
6117,611,2025-10-01,Reports,24,5
6118,611,2025-11-01,Automation,22,4
6119,611,2025-12-01,Dashboard,22,3
6120,611,2026-01-01,Automation,23,6
6121,611,2026-02-01,Automation,26,4
6122,611,2026-03-01,API,22,6
6123,611,2026-04-01,Dashboard,21,3
6124,611,2026-05-01,Reports,19,4
6125,611,2026-06-01,Dashboard,27,6
6126,611,2026-07-01,Automation,29,7
6127,612,2025-03-01,Automation,21,3
6128,612,2025-04-01,Dashboard,19,6
6129,612,2025-05-01,Automation,19,3
6130,612,2025-06-01,API,24,7
6131,612,2025-07-01,Dashboard,18,4
6132,612,2025-08-01,Reports,22,6
6133,612,2025-09-01,Reports,27,6
6134,612,2025-10-01,Dashboard,21,6
6135,612,2025-11-01,Dashboard,18,3
6136,612,2025-12-01,Integrations,21,6
6137,612,2026-01-01,Automation,17,4
6138,612,2026-02-01,Integrations,24,4
6139,612,2026-03-01,Dashboard,18,3
6140,612,2026-04-01,API,21,3
6141,612,2026-05-01,Integrations,22,4
6142,612,2026-06-01,Integrations,23,5
6143,612,2026-07-01,Integrations,25,6
6144,613,2025-05-01,Integrations,4,1
6145,613,2025-06-01,Automation,11,2
6146,613,2025-07-01,Dashboard,4,1
6147,613,2025-08-01,Automation,11,2
6148,613,2025-09-01,Automation,3,1
6149,613,2025-10-01,Reports,3,1
6150,613,2025-11-01,Automation,11,3
6151,613,2025-12-01,Reports,8,2
6152,613,2026-01-01,Dashboard,6,1
6153,613,2026-02-01,Automation,5,1
6154,613,2026-03-01,Reports,10,2
6155,613,2026-04-01,API,9,2
6156,613,2026-05-01,Integrations,4,1
6157,613,2026-06-01,API,4,1
6158,613,2026-07-01,Dashboard,11,2
6159,613,2026-08-01,Reports,4,1
6160,613,2026-09-01,Integrations,4,1
6161,613,2026-10-01,API,11,2
6162,614,2025-06-01,Reports,46,13
6163,614,2025-07-01,Dashboard,48,11
6164,614,2025-08-01,Automation,50,15
6165,614,2025-09-01,Reports,53,9
6166,614,2025-10-01,Reports,50,11
6167,614,2025-11-01,Automation,48,10
6168,614,2025-12-01,API,52,9
6169,614,2026-01-01,Dashboard,46,8
6170,614,2026-02-01,Reports,50,12
6171,614,2026-03-01,Reports,44,7
6172,614,2026-04-01,Reports,47,15
6173,614,2026-05-01,Automation,47,14
6174,614,2026-06-01,Dashboard,46,8
6175,614,2026-07-01,Integrations,47,14
6176,615,2025-06-01,Automation,32,10
6177,615,2025-07-01,Automation,34,9
6178,615,2025-08-01,Integrations,20,4
6179,615,2025-09-01,Reports,14,3
6180,615,2025-10-01,Dashboard,2,1
6181,616,2025-07-01,Integrations,11,2
6182,616,2025-08-01,API,9,2
6183,616,2025-09-01,Automation,9,2
6184,616,2025-10-01,Dashboard,8,1
6185,616,2025-11-01,Dashboard,7,1
6186,616,2025-12-01,Integrations,6,1
6187,616,2026-01-01,Reports,10,1
6188,616,2026-02-01,API,4,1
6189,616,2026-03-01,Reports,5,1
6190,616,2026-04-01,Dashboard,7,1
6191,616,2026-05-01,Reports,11,3
6192,616,2026-06-01,Dashboard,15,4
6193,616,2026-07-01,Dashboard,4,1
6194,617,2025-08-01,API,16,2
6195,617,2025-09-01,API,18,3
6196,617,2025-10-01,Integrations,16,2
6197,617,2025-11-01,Reports,19,3
6198,617,2025-12-01,Reports,15,3
6199,617,2026-01-01,Dashboard,21,4
6200,617,2026-02-01,Integrations,16,2
6201,617,2026-03-01,API,18,5
6202,617,2026-04-01,Dashboard,16,5
6203,617,2026-05-01,Reports,18,3
6204,617,2026-06-01,API,15,3
6205,617,2026-07-01,Reports,18,5
6206,618,2027-02-01,Automation,11,3
6207,618,2027-03-01,Integrations,12,2
6208,618,2027-04-01,API,6,1
6209,618,2027-05-01,Dashboard,8,2
6210,618,2027-06-01,API,9,1
6211,618,2027-07-01,Automation,11,3
6212,618,2027-08-01,Integrations,10,2
6213,618,2027-09-01,Reports,11,2
6214,618,2027-10-01,Reports,12,2
6215,618,2027-11-01,Automation,11,1
6216,618,2027-12-01,Dashboard,18,4
6217,618,2028-01-01,Automation,18,3
6218,618,2028-02-01,API,13,3
6219,618,2028-03-01,Dashboard,10,2
6220,618,2028-04-01,API,11,2
6221,619,2025-05-01,Reports,48,10
6222,619,2025-06-01,API,47,10
6223,619,2025-07-01,Dashboard,47,13
6224,619,2025-08-01,Integrations,46,11
6225,619,2025-09-01,Dashboard,44,7
6226,619,2025-10-01,Reports,51,14
6227,619,2025-11-01,Integrations,48,11
6228,619,2025-12-01,Automation,44,13
6229,619,2026-01-01,API,48,9
6230,619,2026-02-01,Integrations,44,11
6231,619,2026-03-01,Integrations,49,9
6232,619,2026-04-01,API,47,11
6233,619,2026-05-01,Reports,49,12
6234,619,2026-06-01,Integrations,50,8
6235,619,2026-07-01,Integrations,45,8
6236,620,2025-09-01,Integrations,0,1
6237,620,2025-10-01,Dashboard,0,1
6238,620,2025-11-01,API,0,1
6239,620,2025-12-01,Automation,3,1
6240,620,2026-01-01,Automation,0,1
6241,620,2026-02-01,Dashboard,0,1
6242,620,2026-03-01,Automation,9,2
6243,620,2026-04-01,Integrations,0,1
6244,620,2026-05-01,Integrations,0,1
6245,620,2026-06-01,Automation,0,1
6246,620,2026-07-01,Dashboard,0,1
6247,621,2025-11-01,API,3,1
6248,621,2025-12-01,Automation,10,1
6249,621,2026-01-01,Integrations,4,1
6250,621,2026-02-01,Reports,10,2
6251,621,2026-03-01,Reports,12,3
6252,621,2026-04-01,Integrations,12,3
6253,621,2026-05-01,Reports,11,3
6254,621,2026-06-01,API,9,1
6255,621,2026-07-01,Dashboard,8,1
6256,622,2025-12-01,Reports,8,1
6257,622,2026-01-01,Integrations,8,2
6258,622,2026-02-01,Integrations,8,1
6259,622,2026-03-01,Reports,5,1
6260,622,2026-04-01,Dashboard,0,1
6261,622,2026-05-01,Automation,7,1
6262,622,2026-06-01,API,10,3
6263,622,2026-07-01,API,4,1
6264,623,2025-04-01,Dashboard,3,1
6265,623,2025-05-01,Reports,3,1
6266,624,2026-03-01,Reports,13,2
6267,624,2026-04-01,API,10,2
6268,624,2026-05-01,API,6,1
6269,624,2026-06-01,Automation,5,1
6270,624,2026-07-01,Integrations,10,1
6271,625,2025-04-01,Integrations,8,1
6272,625,2025-05-01,Dashboard,7,1
6273,625,2025-06-01,Reports,8,1
6274,625,2025-07-01,Integrations,10,2
6275,625,2025-08-01,Automation,4,1
6276,625,2025-09-01,Integrations,3,1
6277,625,2025-10-01,Dashboard,8,2
6278,625,2025-11-01,Integrations,8,1
6279,625,2025-12-01,Integrations,6,1
6280,625,2026-01-01,Reports,8,2
6281,625,2026-02-01,API,8,1
6282,625,2026-03-01,Dashboard,5,1
6283,625,2026-04-01,Integrations,7,2
6284,625,2026-05-01,API,4,1
6285,625,2026-06-01,Reports,3,1
6286,625,2026-07-01,Integrations,0,1
6287,626,2025-04-01,Automation,15,3
6288,626,2025-05-01,Dashboard,5,1
6289,626,2025-06-01,Reports,10,3
6290,626,2025-07-01,Automation,13,3
6291,626,2025-08-01,Dashboard,11,3
6292,626,2025-09-01,API,12,3
6293,626,2025-10-01,Integrations,11,2
6294,626,2025-11-01,Reports,11,2
6295,626,2025-12-01,Reports,10,1
6296,626,2026-01-01,Dashboard,13,3
6297,626,2026-02-01,Reports,10,2
6298,626,2026-03-01,Integrations,7,1
6299,626,2026-04-01,Integrations,14,2
6300,626,2026-05-01,Automation,12,3
6301,626,2026-06-01,Automation,5,1
6302,626,2026-07-01,Integrations,11,3
6303,627,2025-09-01,Dashboard,0,1
6304,627,2025-10-01,Dashboard,2,1
6305,627,2025-11-01,Automation,3,1
6306,627,2025-12-01,Integrations,3,1
6307,627,2026-01-01,Integrations,4,1
6308,627,2026-02-01,Reports,1,1
6309,627,2026-03-01,Dashboard,1,1
6310,627,2026-04-01,Reports,0,1
6311,627,2026-05-01,API,2,1
6312,627,2026-06-01,Integrations,2,1
6313,627,2026-07-01,Dashboard,1,1
6314,628,2025-10-01,Integrations,7,1
6315,628,2025-11-01,API,0,1
6316,629,2025-10-01,Automation,4,1
6317,629,2025-11-01,Dashboard,5,1
6318,629,2025-12-01,Automation,11,1
6319,629,2026-01-01,Dashboard,2,1
6320,629,2026-02-01,API,0,1
6321,629,2026-03-01,Dashboard,0,1
6322,630,2025-01-01,Integrations,8,1
6323,630,2025-02-01,Integrations,10,2
6324,630,2025-03-01,API,9,2
6325,630,2025-04-01,Integrations,12,3
6326,630,2025-05-01,Automation,7,1
6327,630,2025-06-01,Dashboard,10,1
6328,630,2025-07-01,Reports,6,1
6329,630,2025-08-01,Dashboard,10,2
6330,630,2025-09-01,API,12,2
6331,630,2025-10-01,Automation,13,2
6332,630,2025-11-01,Automation,8,1
6333,630,2025-12-01,API,8,2
6334,630,2026-01-01,Dashboard,11,2
6335,630,2026-02-01,API,3,1
6336,630,2026-03-01,Reports,8,1
6337,630,2026-04-01,Automation,11,3
6338,630,2026-05-01,Automation,14,3
6339,630,2026-06-01,Integrations,8,2
6340,630,2026-07-01,API,6,1
6341,631,2026-02-01,Reports,22,7
6342,631,2026-03-01,Reports,20,5
6343,631,2026-04-01,Reports,26,5
6344,631,2026-05-01,Dashboard,26,5
6345,631,2026-06-01,Automation,23,5
6346,631,2026-07-01,Integrations,26,4
6347,631,2026-08-01,Integrations,25,4
6348,631,2026-09-01,Integrations,16,2
6349,631,2026-10-01,Automation,25,4
6350,631,2026-11-01,Dashboard,23,4
6351,631,2026-12-01,Integrations,21,6
6352,631,2027-01-01,Integrations,19,3
6353,631,2027-02-01,Integrations,23,5
6354,631,2027-03-01,API,18,3
6355,631,2027-04-01,Integrations,22,7
6356,631,2027-05-01,Integrations,23,3
6357,631,2027-06-01,Reports,26,7
6358,631,2027-07-01,Dashboard,23,4
6359,632,2025-07-01,Integrations,2,1
6360,632,2025-08-01,Integrations,1,1
6361,632,2025-09-01,Dashboard,0,1
6362,632,2025-10-01,Integrations,2,1
6363,632,2025-11-01,Automation,2,1
6364,632,2025-12-01,Reports,7,2
6365,632,2026-01-01,Automation,7,1
6366,632,2026-02-01,Reports,7,1
6367,632,2026-03-01,Automation,0,1
6368,632,2026-04-01,API,1,1
6369,632,2026-05-01,Reports,0,1
6370,632,2026-06-01,Reports,0,1
6371,632,2026-07-01,Dashboard,3,1
6372,633,2025-07-01,Integrations,10,2
6373,633,2025-08-01,Automation,10,2
6374,633,2025-09-01,Reports,7,1
6375,633,2025-10-01,Reports,12,2
6376,633,2025-11-01,Dashboard,8,2
6377,633,2025-12-01,Dashboard,14,2
6378,633,2026-01-01,Automation,8,2
6379,633,2026-02-01,Dashboard,6,1
6380,633,2026-03-01,Dashboard,6,1
6381,633,2026-04-01,Dashboard,8,2
6382,633,2026-05-01,Dashboard,10,2
6383,633,2026-06-01,API,6,1
6384,633,2026-07-01,Reports,12,2
6385,634,2025-03-01,Dashboard,3,1
6386,634,2025-04-01,Integrations,10,2
6387,634,2025-05-01,Integrations,1,1
6388,634,2025-06-01,Dashboard,1,1
6389,634,2025-07-01,Reports,6,1
6390,634,2025-08-01,Automation,16,4
6391,634,2025-09-01,Dashboard,5,1
6392,634,2025-10-01,Integrations,10,2
6393,634,2025-11-01,Dashboard,6,1
6394,634,2025-12-01,Automation,1,1
6395,634,2026-01-01,Automation,4,1
6396,634,2026-02-01,Dashboard,8,1
6397,634,2026-03-01,Integrations,5,1
6398,634,2026-04-01,API,5,1
6399,634,2026-05-01,Integrations,8,1
6400,634,2026-06-01,Integrations,5,1
6401,634,2026-07-01,Integrations,1,1
6402,635,2026-01-01,Integrations,6,1
6403,635,2026-02-01,Dashboard,10,3
6404,635,2026-03-01,Reports,15,3
6405,635,2026-04-01,Integrations,7,1
6406,635,2026-05-01,Dashboard,11,2
6407,635,2026-06-01,API,6,1
6408,635,2026-07-01,Automation,3,1
6409,636,2025-11-01,Integrations,3,1
6410,636,2025-12-01,Reports,0,1
6411,636,2026-01-01,Integrations,7,1
6412,636,2026-02-01,Reports,5,1
6413,637,2025-08-01,Dashboard,4,1
6414,637,2025-09-01,API,8,1
6415,637,2025-10-01,API,5,1
6416,637,2025-11-01,Automation,5,1
6417,637,2025-12-01,Reports,0,1
6418,637,2026-01-01,Integrations,0,1
6419,637,2026-02-01,Dashboard,3,1
6420,637,2026-03-01,Dashboard,2,1
6421,637,2026-04-01,Reports,1,1
6422,637,2026-05-01,Automation,7,2
6423,637,2026-06-01,Reports,6,1
6424,637,2026-07-01,Reports,7,2
6425,638,2025-02-01,Automation,8,2
6426,638,2025-03-01,Integrations,8,1
6427,638,2025-04-01,API,6,1
6428,638,2025-05-01,Integrations,6,1
6429,638,2025-06-01,Reports,3,1
6430,638,2025-07-01,Integrations,0,1
6431,638,2025-08-01,Automation,0,1
6432,638,2025-09-01,API,6,1
6433,638,2025-10-01,Integrations,4,1
6434,638,2025-11-01,API,0,1
6435,638,2025-12-01,Integrations,1,1
6436,638,2026-01-01,API,0,1
6437,638,2026-02-01,API,0,1
6438,639,2025-03-01,Integrations,3,1
6439,639,2025-04-01,Integrations,1,1
6440,640,2024-12-01,API,10,2
6441,640,2025-01-01,Automation,1,1
6442,640,2025-02-01,Dashboard,0,1
6443,640,2025-03-01,Automation,1,1
6444,640,2025-04-01,Automation,3,1
6445,640,2025-05-01,Dashboard,3,1
6446,640,2025-06-01,Integrations,2,1
6447,640,2025-07-01,API,4,1
6448,640,2025-08-01,Integrations,12,2
6449,640,2025-09-01,Reports,0,1
6450,640,2025-10-01,Integrations,3,1
6451,640,2025-11-01,Integrations,5,1
6452,640,2025-12-01,API,1,1
6453,640,2026-01-01,Reports,6,1
6454,640,2026-02-01,Automation,8,1
6455,640,2026-03-01,Integrations,4,1
6456,640,2026-04-01,Automation,4,1
6457,640,2026-05-01,Automation,3,1
6458,640,2026-06-01,API,4,1
6459,640,2026-07-01,Automation,7,1
6460,641,2024-11-01,API,4,1
6461,641,2024-12-01,Integrations,0,1
6462,641,2025-01-01,Reports,0,1
6463,641,2025-02-01,Integrations,1,1
6464,641,2025-03-01,Dashboard,0,1
6465,641,2025-04-01,Reports,3,1
6466,641,2025-05-01,Reports,2,1
6467,641,2025-06-01,Automation,0,1
6468,641,2025-07-01,Reports,0,1
6469,641,2025-08-01,Reports,0,1
6470,641,2025-09-01,Dashboard,7,1
6471,641,2025-10-01,Integrations,0,1
6472,641,2025-11-01,API,0,1
6473,642,2024-11-01,Automation,1,1
6474,642,2024-12-01,Automation,2,1
6475,643,2025-12-01,Integrations,7,1
6476,643,2026-01-01,Reports,2,1
6477,643,2026-02-01,Automation,5,1
6478,643,2026-03-01,Dashboard,8,1
6479,643,2026-04-01,Dashboard,4,1
6480,643,2026-05-01,Dashboard,7,1
6481,643,2026-06-01,Integrations,10,2
6482,643,2026-07-01,Automation,9,1
6483,644,2024-12-01,Reports,42,9
6484,644,2025-01-01,API,47,11
6485,644,2025-02-01,Dashboard,39,12
6486,644,2025-03-01,Reports,36,11
6487,644,2025-04-01,Integrations,39,7
6488,644,2025-05-01,Dashboard,42,10
6489,644,2025-06-01,Integrations,42,10
6490,644,2025-07-01,Reports,41,13
6491,644,2025-08-01,Dashboard,41,10
6492,644,2025-09-01,Integrations,40,7
6493,644,2025-10-01,Reports,41,12
6494,644,2025-11-01,Automation,43,8
6495,644,2025-12-01,Dashboard,44,13
6496,644,2026-01-01,Automation,44,8
6497,644,2026-02-01,API,41,9
6498,644,2026-03-01,Automation,42,12
6499,644,2026-04-01,Reports,45,8
6500,644,2026-05-01,Dashboard,45,10
6501,644,2026-06-01,Integrations,48,11
6502,644,2026-07-01,Automation,41,8
6503,645,2025-09-01,Integrations,12,2
6504,645,2025-10-01,Integrations,25,4
6505,645,2025-11-01,Dashboard,22,4
6506,645,2025-12-01,Automation,10,3
6507,645,2026-01-01,Dashboard,18,3
6508,645,2026-02-01,Integrations,22,4
6509,645,2026-03-01,Dashboard,17,3
6510,645,2026-04-01,Dashboard,21,5
6511,645,2026-05-01,API,16,5
6512,645,2026-06-01,API,19,5
6513,645,2026-07-01,Integrations,13,2
6514,646,2024-10-01,Dashboard,10,2
6515,646,2024-11-01,API,11,3
6516,646,2024-12-01,API,8,2
6517,646,2025-01-01,Reports,5,1
6518,646,2025-02-01,Automation,13,2
6519,646,2025-03-01,Automation,11,3
6520,646,2025-04-01,Dashboard,8,1
6521,646,2025-05-01,API,4,1
6522,646,2025-06-01,Automation,5,1
6523,646,2025-07-01,Automation,11,2
6524,646,2025-08-01,Integrations,7,1
6525,646,2025-09-01,Integrations,3,1
6526,646,2025-10-01,Reports,1,1
6527,646,2025-11-01,API,0,1
6528,647,2025-03-01,Dashboard,28,6
6529,647,2025-04-01,API,36,7
6530,647,2025-05-01,Reports,40,8
6531,647,2025-06-01,Integrations,30,6
6532,647,2025-07-01,API,30,9
6533,647,2025-08-01,API,31,8
6534,647,2025-09-01,API,32,6
6535,647,2025-10-01,Automation,31,5
6536,647,2025-11-01,Reports,33,5
6537,647,2025-12-01,Automation,33,10
6538,647,2026-01-01,Integrations,37,11
6539,647,2026-02-01,Automation,31,5
6540,647,2026-03-01,API,32,5
6541,647,2026-04-01,API,36,7
6542,647,2026-05-01,API,36,6
6543,647,2026-06-01,Dashboard,34,9
6544,647,2026-07-01,Automation,36,10
6545,648,2025-11-01,Dashboard,4,1
6546,648,2025-12-01,Automation,6,1
6547,648,2026-01-01,API,0,1
6548,648,2026-02-01,Automation,9,2
6549,648,2026-03-01,Reports,4,1
6550,648,2026-04-01,Dashboard,8,1
6551,648,2026-05-01,Integrations,6,1
6552,648,2026-06-01,Reports,5,1
6553,649,2025-12-01,Automation,0,1
6554,649,2026-01-01,API,4,1
6555,649,2026-02-01,API,3,1
6556,649,2026-03-01,Automation,7,1
6557,649,2026-04-01,Automation,4,1
6558,649,2026-05-01,Reports,0,1
6559,649,2026-06-01,Dashboard,2,1
6560,649,2026-07-01,Reports,2,1
6561,650,2025-02-01,API,7,1
6562,650,2025-03-01,Reports,4,1
6563,650,2025-04-01,API,3,1
6564,650,2025-05-01,Dashboard,0,1
6565,650,2025-06-01,Reports,0,1
6566,651,2025-04-01,Reports,9,1
6567,651,2025-05-01,Reports,6,1
6568,651,2025-06-01,API,3,1
6569,651,2025-07-01,Dashboard,0,1
6570,651,2025-08-01,Automation,3,1
6571,651,2025-09-01,Reports,3,1
6572,651,2025-10-01,Integrations,0,1
6573,651,2025-11-01,Dashboard,7,2
6574,651,2025-12-01,Reports,3,1
6575,651,2026-01-01,API,0,1
6576,651,2026-02-01,Dashboard,5,1
6577,651,2026-03-01,Integrations,5,1
6578,651,2026-04-01,Reports,0,1
6579,651,2026-05-01,Dashboard,0,1
6580,652,2025-07-01,API,1,1
6581,652,2025-08-01,Integrations,0,1
6582,652,2025-09-01,API,5,1
6583,652,2025-10-01,Automation,0,1
6584,652,2025-11-01,API,4,1
6585,652,2025-12-01,Integrations,3,1
6586,652,2026-01-01,Automation,7,2
6587,652,2026-02-01,Automation,7,1
6588,652,2026-03-01,Automation,6,1
6589,652,2026-04-01,Automation,0,1
6590,653,2025-08-01,Automation,1,1
6591,653,2025-09-01,Dashboard,8,1
6592,653,2025-10-01,Reports,7,1
6593,653,2025-11-01,Dashboard,10,3
6594,653,2025-12-01,Integrations,6,1
6595,653,2026-01-01,Reports,7,1
6596,653,2026-02-01,Dashboard,7,1
6597,653,2026-03-01,Dashboard,2,1
6598,653,2026-04-01,Reports,6,1
6599,653,2026-05-01,API,4,1
6600,653,2026-06-01,Automation,6,1
6601,653,2026-07-01,Automation,6,1
6602,654,2025-08-01,Reports,18,4
6603,654,2025-09-01,API,17,3
6604,654,2025-10-01,Reports,17,4
6605,654,2025-11-01,Integrations,13,2
6606,654,2025-12-01,Reports,17,3
6607,654,2026-01-01,API,12,3
6608,654,2026-02-01,Automation,12,3
6609,654,2026-03-01,API,16,3
6610,654,2026-04-01,Dashboard,11,2
6611,654,2026-05-01,Integrations,18,3
6612,654,2026-06-01,Integrations,16,4
6613,654,2026-07-01,Reports,12,3
6614,655,2025-08-01,API,17,2
6615,655,2025-09-01,API,18,5
6616,655,2025-10-01,Integrations,15,3
6617,655,2025-11-01,Integrations,8,2
6618,655,2025-12-01,Reports,18,3
6619,655,2026-01-01,Dashboard,16,3
6620,655,2026-02-01,Reports,13,3
6621,655,2026-03-01,Integrations,17,5
6622,655,2026-04-01,Dashboard,13,4
6623,655,2026-05-01,Integrations,14,2
6624,655,2026-06-01,API,12,2
6625,655,2026-07-01,Dashboard,11,2
6626,656,2025-11-01,API,9,1
6627,656,2025-12-01,API,5,1
6628,656,2026-01-01,Reports,6,1
6629,656,2026-02-01,Integrations,4,1
6630,656,2026-03-01,Dashboard,2,1
6631,656,2026-04-01,Integrations,2,1
6632,656,2026-05-01,Automation,4,1
6633,656,2026-06-01,Reports,2,1
6634,656,2026-07-01,API,0,1
6635,657,2025-07-01,API,7,1
6636,657,2025-08-01,API,8,1
6637,657,2025-09-01,Dashboard,12,3
6638,657,2025-10-01,Dashboard,11,3
6639,657,2025-11-01,Reports,11,2
6640,657,2025-12-01,Integrations,5,1
6641,657,2026-01-01,Dashboard,10,3
6642,657,2026-02-01,Reports,5,1
6643,657,2026-03-01,API,12,3
6644,657,2026-04-01,Integrations,7,1
6645,657,2026-05-01,Reports,5,1
6646,657,2026-06-01,Dashboard,10,1
6647,657,2026-07-01,Dashboard,11,2
6648,658,2025-01-01,Reports,11,1
6649,658,2025-02-01,API,10,1
6650,658,2025-03-01,Dashboard,10,2
6651,658,2025-04-01,Integrations,11,3
6652,658,2025-05-01,Dashboard,13,2
6653,658,2025-06-01,Dashboard,11,1
6654,658,2025-07-01,Automation,4,1
6655,658,2025-08-01,API,9,2
6656,658,2025-09-01,API,10,2
6657,658,2025-10-01,Dashboard,7,1
6658,658,2025-11-01,Integrations,14,4
6659,658,2025-12-01,Reports,18,4
6660,658,2026-01-01,Integrations,15,2
6661,658,2026-02-01,Automation,16,3
6662,658,2026-03-01,Automation,15,2
6663,658,2026-04-01,Dashboard,9,2
6664,658,2026-05-01,Automation,16,4
6665,658,2026-06-01,Automation,14,3
6666,658,2026-07-01,Dashboard,11,2
6667,659,2025-07-01,API,40,10
6668,659,2025-08-01,Dashboard,48,11
6669,659,2025-09-01,API,47,8
6670,659,2025-10-01,Automation,45,8
6671,659,2025-11-01,Reports,55,15
6672,659,2025-12-01,API,35,6
6673,659,2026-01-01,Reports,24,5
6674,659,2026-02-01,Dashboard,5,1
6675,660,2025-12-01,API,3,1
6676,660,2026-01-01,Dashboard,5,1
6677,660,2026-02-01,Reports,4,1
6678,660,2026-03-01,API,7,2
6679,660,2026-04-01,Integrations,1,1
6680,660,2026-05-01,Automation,6,1
6681,660,2026-06-01,API,3,1
6682,660,2026-07-01,Automation,3,1
6683,661,2025-12-01,Automation,30,6
6684,661,2026-01-01,Reports,21,6
6685,661,2026-02-01,Reports,20,5
6686,661,2026-03-01,Integrations,21,6
6687,661,2026-04-01,Dashboard,23,4
6688,661,2026-05-01,Automation,20,4
6689,661,2026-06-01,Dashboard,16,2
6690,661,2026-07-01,Automation,18,3
6691,662,2026-06-01,API,10,1
6692,662,2026-07-01,Integrations,16,3
6693,663,2026-04-01,Integrations,3,1
6694,663,2026-05-01,Dashboard,4,1
6695,663,2026-06-01,Dashboard,0,1
6696,663,2026-07-01,API,2,1
6697,664,2026-04-01,Automation,14,3
6698,664,2026-05-01,API,8,2
6699,664,2026-06-01,Dashboard,6,1
6700,664,2026-07-01,Reports,8,2
6701,665,2024-12-01,Automation,4,1
6702,665,2025-01-01,Dashboard,8,2
6703,665,2025-02-01,Integrations,5,1
6704,665,2025-03-01,Dashboard,8,1
6705,665,2025-04-01,Dashboard,6,1
6706,665,2025-05-01,Automation,7,1
6707,665,2025-06-01,API,6,1
6708,665,2025-07-01,API,0,1
6709,666,2025-03-01,Automation,44,12
6710,666,2025-04-01,Automation,49,8
6711,666,2025-05-01,Integrations,45,10
6712,666,2025-06-01,Automation,46,8
6713,666,2025-07-01,API,40,9
6714,666,2025-08-01,API,47,8
6715,666,2025-09-01,API,48,14
6716,666,2025-10-01,Integrations,41,7
6717,666,2025-11-01,API,40,8
6718,666,2025-12-01,Integrations,46,13
6719,666,2026-01-01,Automation,42,7
6720,666,2026-02-01,Dashboard,40,10
6721,666,2026-03-01,Integrations,44,8
6722,666,2026-04-01,API,45,7
6723,666,2026-05-01,API,50,11
6724,666,2026-06-01,Reports,44,11
6725,666,2026-07-01,Dashboard,45,7
6726,667,2026-04-01,Integrations,12,3
6727,667,2026-05-01,Integrations,14,2
6728,667,2026-06-01,Dashboard,12,2
6729,667,2026-07-01,Automation,13,2
6730,668,2025-04-01,Integrations,0,1
6731,668,2025-05-01,Integrations,0,1
6732,669,2025-03-01,Automation,6,1
6733,669,2025-04-01,Dashboard,5,1
6734,669,2025-05-01,API,2,1
6735,669,2025-06-01,Automation,6,1
6736,669,2025-07-01,API,3,1
6737,669,2025-08-01,Automation,1,1
6738,669,2025-09-01,Dashboard,10,2
6739,669,2025-10-01,API,8,1
6740,669,2025-11-01,Reports,1,1
6741,670,2025-12-01,Automation,24,4
6742,670,2026-01-01,Automation,29,8
6743,670,2026-02-01,Reports,27,4
6744,670,2026-03-01,API,24,7
6745,670,2026-04-01,API,27,7
6746,670,2026-05-01,Dashboard,24,4
6747,670,2026-06-01,Automation,25,5
6748,670,2026-07-01,Reports,26,4
6749,671,2025-03-01,Automation,7,1
6750,671,2025-04-01,Automation,9,2
6751,671,2025-05-01,Integrations,9,2
6752,671,2025-06-01,Automation,12,3
6753,671,2025-07-01,Dashboard,6,1
6754,671,2025-08-01,Integrations,8,1
6755,671,2025-09-01,Reports,3,1
6756,671,2025-10-01,Integrations,0,1
6757,671,2025-11-01,Integrations,3,1
6758,672,2025-01-01,Integrations,4,1
6759,672,2025-02-01,Dashboard,1,1
6760,672,2025-03-01,API,2,1
6761,672,2025-04-01,Dashboard,0,1
6762,672,2025-05-01,API,3,1
6763,672,2025-06-01,Integrations,5,1
6764,672,2025-07-01,Integrations,0,1
6765,672,2025-08-01,Dashboard,2,1
6766,672,2025-09-01,Reports,2,1
6767,672,2025-10-01,API,0,1
6768,672,2025-11-01,Dashboard,1,1
6769,672,2025-12-01,Dashboard,0,1
6770,672,2026-01-01,API,0,1
6771,672,2026-02-01,API,0,1
6772,672,2026-03-01,API,1,1
6773,672,2026-04-01,API,0,1
6774,673,2024-12-01,API,3,1
6775,674,2025-07-01,Dashboard,1,1
6776,674,2025-08-01,Dashboard,9,2
6777,674,2025-09-01,Integrations,8,2
6778,674,2025-10-01,Automation,2,1
6779,674,2025-11-01,Integrations,4,1
6780,674,2025-12-01,Dashboard,5,1
6781,674,2026-01-01,Integrations,2,1
6782,674,2026-02-01,API,4,1
6783,674,2026-03-01,Reports,5,1
6784,674,2026-04-01,Integrations,8,1
6785,674,2026-05-01,Integrations,8,1
6786,674,2026-06-01,Integrations,2,1
6787,674,2026-07-01,Automation,4,1
6788,675,2026-06-01,Reports,11,3
6789,675,2026-07-01,Automation,18,4
6790,675,2026-08-01,Reports,15,2
6791,675,2026-09-01,Integrations,14,4
6792,675,2026-10-01,API,19,3
6793,675,2026-11-01,API,15,2
6794,675,2026-12-01,Reports,21,4
6795,675,2027-01-01,Automation,18,4
6796,675,2027-02-01,Automation,15,2
6797,675,2027-03-01,API,13,2
6798,675,2027-04-01,Integrations,3,1
6799,675,2027-05-01,Reports,1,1
6800,676,2025-09-01,Reports,0,1
6801,676,2025-10-01,Automation,6,1
6802,676,2025-11-01,Integrations,0,1
6803,676,2025-12-01,Automation,0,1
6804,676,2026-01-01,Integrations,1,1
6805,676,2026-02-01,API,8,1
6806,676,2026-03-01,Reports,0,1
6807,676,2026-04-01,API,2,1
6808,676,2026-05-01,Dashboard,0,1
6809,676,2026-06-01,API,4,1
6810,676,2026-07-01,Integrations,0,1
6811,677,2025-04-01,API,23,3
6812,677,2025-05-01,Automation,29,7
6813,677,2025-06-01,Reports,25,4
6814,677,2025-07-01,Integrations,31,9
6815,677,2025-08-01,Reports,27,7
6816,677,2025-09-01,Dashboard,25,4
6817,677,2025-10-01,Automation,25,4
6818,677,2025-11-01,Automation,29,9
6819,677,2025-12-01,Reports,29,5
6820,677,2026-01-01,Reports,27,6
6821,677,2026-02-01,API,25,5
6822,677,2026-03-01,Dashboard,25,5
6823,677,2026-04-01,Dashboard,26,4
6824,677,2026-05-01,Integrations,25,5
6825,677,2026-06-01,Dashboard,29,8
6826,677,2026-07-01,Reports,25,5
6827,678,2025-01-01,Integrations,4,1
6828,678,2025-02-01,Integrations,4,1
6829,678,2025-03-01,Automation,0,1
6830,678,2025-04-01,Integrations,3,1
6831,678,2025-05-01,Integrations,5,1
6832,679,2025-07-01,Automation,14,3
6833,679,2025-08-01,API,15,2
6834,679,2025-09-01,Reports,18,3
6835,679,2025-10-01,Integrations,13,4
6836,679,2025-11-01,Integrations,11,2
6837,679,2025-12-01,Dashboard,15,2
6838,679,2026-01-01,Automation,9,2
6839,679,2026-02-01,Automation,11,3
6840,679,2026-03-01,Dashboard,13,2
6841,679,2026-04-01,API,9,2
6842,679,2026-05-01,Dashboard,17,4
6843,679,2026-06-01,Dashboard,14,3
6844,679,2026-07-01,API,14,3
6845,680,2025-04-01,Automation,2,1
6846,680,2025-05-01,Dashboard,6,1
6847,680,2025-06-01,API,1,1
6848,681,2026-01-01,Integrations,15,3
6849,681,2026-02-01,Reports,18,3
6850,681,2026-03-01,Dashboard,19,3
6851,681,2026-04-01,Automation,18,3
6852,681,2026-05-01,Reports,20,3
6853,681,2026-06-01,Integrations,23,7
6854,681,2026-07-01,Dashboard,17,4
6855,681,2026-08-01,Dashboard,25,6
6856,681,2026-09-01,Automation,20,4
6857,681,2026-10-01,Automation,24,5
6858,681,2026-11-01,Dashboard,25,6
6859,681,2026-12-01,Reports,23,6
6860,681,2027-01-01,API,22,5
6861,681,2027-02-01,Integrations,24,4
6862,681,2027-03-01,Dashboard,22,4
6863,681,2027-04-01,Dashboard,27,7
6864,681,2027-05-01,Integrations,19,5
6865,681,2027-06-01,Reports,17,3
6866,682,2026-02-01,API,10,2
6867,682,2026-03-01,Dashboard,8,1
6868,682,2026-04-01,Automation,8,1
6869,682,2026-05-01,Integrations,11,2
6870,682,2026-06-01,Automation,9,1
6871,682,2026-07-01,Integrations,4,1
6872,683,2025-04-01,API,1,1
6873,683,2025-05-01,Automation,10,3
6874,683,2025-06-01,Reports,0,1
6875,683,2025-07-01,Integrations,5,1
6876,683,2025-08-01,API,4,1
6877,683,2025-09-01,Automation,8,1
6878,683,2025-10-01,Dashboard,5,1
6879,683,2025-11-01,API,3,1
6880,683,2025-12-01,API,0,1
6881,684,2025-10-01,Reports,12,2
6882,684,2025-11-01,API,5,1
6883,684,2025-12-01,Reports,9,2
6884,684,2026-01-01,API,5,1
6885,684,2026-02-01,Integrations,5,1
6886,684,2026-03-01,Dashboard,9,1
6887,684,2026-04-01,Dashboard,8,1
6888,684,2026-05-01,Integrations,6,1
6889,684,2026-06-01,Automation,8,2
6890,684,2026-07-01,Automation,11,3
6891,685,2025-02-01,API,5,1
6892,685,2025-03-01,Dashboard,0,1
6893,686,2025-09-01,Reports,10,2
6894,686,2025-10-01,API,10,2
6895,686,2025-11-01,Automation,10,2
6896,686,2025-12-01,Dashboard,9,2
6897,686,2026-01-01,Automation,11,2
6898,686,2026-02-01,Reports,11,1
6899,686,2026-03-01,Integrations,2,1
6900,686,2026-04-01,Integrations,7,1
6901,686,2026-05-01,Automation,9,2
6902,686,2026-06-01,API,12,2
6903,686,2026-07-01,Reports,10,3
6904,687,2024-12-01,Reports,5,1
6905,687,2025-01-01,Integrations,2,1
6906,687,2025-02-01,Dashboard,0,1
6907,687,2025-03-01,API,1,1
6908,687,2025-04-01,Dashboard,5,1
6909,687,2025-05-01,Dashboard,0,1
6910,687,2025-06-01,API,3,1
6911,687,2025-07-01,Reports,0,1
6912,687,2025-08-01,Automation,1,1
6913,687,2025-09-01,Integrations,2,1
6914,687,2025-10-01,Integrations,2,1
6915,688,2025-05-01,Integrations,1,1
6916,688,2025-06-01,Reports,5,1
6917,688,2025-07-01,Dashboard,2,1
6918,688,2025-08-01,Dashboard,3,1
6919,688,2025-09-01,Automation,2,1
6920,688,2025-10-01,Automation,0,1
6921,689,2025-05-01,Reports,11,3
6922,689,2025-06-01,Integrations,7,1
6923,689,2025-07-01,Automation,9,2
6924,689,2025-08-01,Dashboard,1,1
6925,690,2024-11-01,API,3,1
6926,690,2024-12-01,API,0,1
6927,690,2025-01-01,Automation,0,1
6928,690,2025-02-01,Integrations,2,1
6929,690,2025-03-01,Automation,0,1
6930,690,2025-04-01,Automation,0,1
6931,691,2025-07-01,Dashboard,29,5
6932,691,2025-08-01,API,31,5
6933,691,2025-09-01,API,26,8
6934,691,2025-10-01,Integrations,28,6
6935,691,2025-11-01,Automation,20,6
6936,691,2025-12-01,Dashboard,20,6
6937,691,2026-01-01,Reports,28,7
6938,691,2026-02-01,Integrations,24,6
6939,691,2026-03-01,Reports,19,4
6940,691,2026-04-01,Dashboard,19,3
6941,691,2026-05-01,API,12,2
6942,691,2026-06-01,Reports,10,1
6943,692,2026-01-01,Automation,12,3
6944,692,2026-02-01,Automation,7,1
6945,692,2026-03-01,Integrations,7,1
6946,692,2026-04-01,Reports,9,2
6947,692,2026-05-01,Reports,3,1
6948,692,2026-06-01,API,6,1
6949,692,2026-07-01,API,6,1
6950,692,2026-08-01,Integrations,6,1
6951,692,2026-09-01,Automation,12,3
6952,692,2026-10-01,Integrations,11,1
6953,692,2026-11-01,Reports,8,1
6954,692,2026-12-01,Automation,12,2
6955,692,2027-01-01,Integrations,5,1
6956,692,2027-02-01,Integrations,5,1
6957,693,2024-10-01,Integrations,0,1
6958,694,2025-02-01,Dashboard,2,1
6959,694,2025-03-01,Integrations,2,1
6960,694,2025-04-01,Dashboard,2,1
6961,694,2025-05-01,Reports,2,1
6962,694,2025-06-01,API,0,1
6963,694,2025-07-01,Dashboard,0,1
6964,694,2025-08-01,Reports,5,1
6965,694,2025-09-01,API,4,1
6966,694,2025-10-01,Dashboard,3,1
6967,694,2025-11-01,Dashboard,0,1
6968,694,2025-12-01,Integrations,6,1
6969,694,2026-01-01,API,2,1
6970,694,2026-02-01,Reports,0,1
6971,694,2026-03-01,Reports,0,1
6972,694,2026-04-01,Integrations,5,1
6973,694,2026-05-01,Integrations,0,1
6974,694,2026-06-01,API,4,1
6975,694,2026-07-01,Reports,1,1
6976,695,2025-09-01,API,22,3
6977,695,2025-10-01,Reports,20,6
6978,695,2025-11-01,Reports,26,5
6979,695,2025-12-01,Reports,20,5
6980,695,2026-01-01,Automation,23,3
6981,695,2026-02-01,API,20,3
6982,695,2026-03-01,API,22,3
6983,695,2026-04-01,Integrations,23,4
6984,695,2026-05-01,Automation,20,6
6985,695,2026-06-01,Integrations,23,5
6986,695,2026-07-01,Integrations,21,3
6987,696,2026-02-01,Dashboard,2,1
6988,696,2026-03-01,Integrations,0,1
6989,696,2026-04-01,API,0,1
6990,696,2026-05-01,Reports,1,1
6991,696,2026-06-01,Dashboard,0,1
6992,697,2025-11-01,Dashboard,8,1
6993,697,2025-12-01,Reports,3,1
6994,697,2026-01-01,Automation,6,1
6995,697,2026-02-01,API,5,1
6996,697,2026-03-01,Automation,10,2
6997,697,2026-04-01,API,7,1
6998,697,2026-05-01,Reports,6,1
6999,697,2026-06-01,API,7,1
7000,697,2026-07-01,Integrations,9,1
7001,698,2026-03-01,Integrations,8,2
7002,698,2026-04-01,Integrations,4,1
7003,698,2026-05-01,Dashboard,8,1
7004,698,2026-06-01,Integrations,7,2
7005,698,2026-07-01,Dashboard,6,1
7006,699,2025-07-01,Automation,41,9
7007,699,2025-08-01,Automation,46,9
7008,699,2025-09-01,Reports,45,12
7009,699,2025-10-01,Automation,50,14
7010,699,2025-11-01,API,45,8
7011,699,2025-12-01,Integrations,47,12
7012,699,2026-01-01,Automation,45,12
7013,699,2026-02-01,Reports,46,10
7014,699,2026-03-01,Automation,39,8
7015,699,2026-04-01,Reports,47,11
7016,699,2026-05-01,Integrations,46,8
7017,699,2026-06-01,Reports,52,12
7018,699,2026-07-01,Automation,45,11
7019,700,2025-03-01,Automation,44,9
7020,700,2025-04-01,Reports,44,11
7021,700,2025-05-01,Integrations,48,12
7022,700,2025-06-01,API,39,9
7023,700,2025-07-01,Integrations,41,12
7024,700,2025-08-01,Reports,44,8
7025,700,2025-09-01,Reports,39,6
7026,700,2025-10-01,Integrations,44,9
7027,700,2025-11-01,Automation,41,8
7028,700,2025-12-01,Automation,40,8
7029,700,2026-01-01,Integrations,39,12
7030,700,2026-02-01,API,48,10
7031,700,2026-03-01,Reports,29,7
7032,700,2026-04-01,Dashboard,17,3
7033,700,2026-05-01,Dashboard,7,1
7034,701,2025-09-01,Dashboard,13,2
7035,701,2025-10-01,Reports,16,3
7036,701,2025-11-01,Dashboard,12,3
7037,701,2025-12-01,Automation,12,2
7038,701,2026-01-01,Integrations,17,4
7039,701,2026-02-01,Integrations,20,5
7040,701,2026-03-01,Reports,9,2
7041,701,2026-04-01,Dashboard,18,3
7042,701,2026-05-01,Integrations,19,5
7043,701,2026-06-01,API,19,3
7044,701,2026-07-01,Automation,15,4
7045,702,2025-05-01,API,2,1
7046,702,2025-06-01,Integrations,4,1
7047,703,2026-02-01,Reports,7,1
7048,703,2026-03-01,Dashboard,14,3
7049,703,2026-04-01,Automation,4,1
7050,703,2026-05-01,API,10,2
7051,703,2026-06-01,Integrations,9,1
7052,703,2026-07-01,Reports,2,1
7053,704,2025-05-01,Integrations,4,1
7054,704,2025-06-01,Automation,10,1
7055,704,2025-07-01,Dashboard,1,1
7056,705,2025-08-01,Automation,15,2
7057,705,2025-09-01,Integrations,9,1
7058,705,2025-10-01,Automation,18,3
7059,705,2025-11-01,Automation,17,3
7060,705,2025-12-01,API,14,4
7061,705,2026-01-01,Integrations,15,3
7062,705,2026-02-01,Integrations,14,2
7063,705,2026-03-01,Automation,19,3
7064,705,2026-04-01,Automation,16,2
7065,705,2026-05-01,Automation,15,3
7066,705,2026-06-01,Automation,11,2
7067,705,2026-07-01,Reports,17,3
7068,706,2025-10-01,API,5,1
7069,706,2025-11-01,Automation,5,1
7070,706,2025-12-01,Dashboard,10,2
7071,706,2026-01-01,Reports,11,2
7072,706,2026-02-01,Integrations,11,3
7073,706,2026-03-01,Dashboard,13,3
7074,706,2026-04-01,Integrations,8,1
7075,706,2026-05-01,API,10,2
7076,706,2026-06-01,Dashboard,8,2
7077,706,2026-07-01,Automation,7,2
7078,707,2025-08-01,Dashboard,10,3
7079,707,2025-09-01,Automation,13,2
7080,707,2025-10-01,Automation,15,3
7081,707,2025-11-01,Integrations,11,2
7082,707,2025-12-01,Dashboard,10,3
7083,707,2026-01-01,Integrations,8,1
7084,707,2026-02-01,Automation,8,1
7085,707,2026-03-01,Dashboard,10,1
7086,707,2026-04-01,API,11,3
7087,707,2026-05-01,API,12,2
7088,707,2026-06-01,Dashboard,11,2
7089,707,2026-07-01,Integrations,11,2
7090,708,2025-06-01,Automation,19,3
7091,708,2025-07-01,API,19,4
7092,708,2025-08-01,API,22,3
7093,708,2025-09-01,API,17,3
7094,708,2025-10-01,Reports,20,4
7095,708,2025-11-01,API,23,5
7096,708,2025-12-01,API,20,3
7097,708,2026-01-01,Automation,20,4
7098,708,2026-02-01,Reports,14,4
7099,708,2026-03-01,Dashboard,19,3
7100,708,2026-04-01,Reports,17,3
7101,708,2026-05-01,Automation,16,5
7102,708,2026-06-01,Dashboard,20,6
7103,708,2026-07-01,Dashboard,22,4
7104,708,2026-08-01,Dashboard,19,3
7105,708,2026-09-01,API,23,3
7106,708,2026-10-01,API,22,5
7107,709,2026-06-01,Integrations,1,1
7108,709,2026-07-01,Dashboard,2,1
7109,709,2026-08-01,Reports,4,1
7110,709,2026-09-01,API,2,1
7111,709,2026-10-01,Dashboard,7,1
7112,709,2026-11-01,API,4,1
7113,709,2026-12-01,Integrations,3,1
7114,709,2027-01-01,Integrations,4,1
7115,709,2027-02-01,API,8,1
7116,709,2027-03-01,Integrations,3,1
7117,709,2027-04-01,Automation,6,1
7118,709,2027-05-01,Automation,0,1
7119,709,2027-06-01,Integrations,4,1
7120,709,2027-07-01,Reports,3,1
7121,709,2027-08-01,Integrations,1,1
7122,710,2026-03-01,Dashboard,18,3
7123,710,2026-04-01,API,17,4
7124,710,2026-05-01,Integrations,26,4
7125,710,2026-06-01,Automation,22,4
7126,710,2026-07-01,API,24,4
7127,710,2026-08-01,Integrations,14,2
7128,710,2026-09-01,Reports,22,4
7129,710,2026-10-01,API,21,4
7130,710,2026-11-01,Dashboard,20,6
7131,710,2026-12-01,Automation,17,2
7132,710,2027-01-01,Integrations,20,3
7133,710,2027-02-01,Automation,21,4
7134,710,2027-03-01,API,19,4
7135,710,2027-04-01,Dashboard,17,4
7136,711,2025-01-01,Integrations,3,1
7137,711,2025-02-01,API,5,1
7138,711,2025-03-01,Integrations,1,1
7139,711,2025-04-01,Dashboard,1,1
7140,711,2025-05-01,Reports,5,1
7141,711,2025-06-01,Dashboard,2,1
7142,711,2025-07-01,Reports,9,2
7143,711,2025-08-01,Reports,6,1
7144,711,2025-09-01,Dashboard,7,1
7145,711,2025-10-01,Reports,10,1
7146,711,2025-11-01,Dashboard,0,1
7147,711,2025-12-01,Integrations,3,1
7148,711,2026-01-01,Automation,1,1
7149,711,2026-02-01,Dashboard,6,1
7150,711,2026-03-01,Integrations,8,1
7151,711,2026-04-01,Dashboard,5,1
7152,711,2026-05-01,API,10,1
7153,711,2026-06-01,Reports,7,1
7154,711,2026-07-01,Reports,5,1
7155,712,2025-08-01,API,5,1
7156,712,2025-09-01,Dashboard,7,1
7157,712,2025-10-01,Dashboard,9,2
7158,712,2025-11-01,Integrations,4,1
7159,712,2025-12-01,Reports,7,1
7160,712,2026-01-01,Integrations,3,1
7161,712,2026-02-01,Reports,4,1
7162,712,2026-03-01,API,10,2
7163,712,2026-04-01,Dashboard,7,1
7164,712,2026-05-01,Dashboard,7,1
7165,712,2026-06-01,API,9,2
7166,712,2026-07-01,Automation,0,1
7167,713,2025-08-01,Dashboard,7,1
7168,713,2025-09-01,API,11,2
7169,713,2025-10-01,Integrations,13,2
7170,713,2025-11-01,API,11,1
7171,713,2025-12-01,Dashboard,7,2
7172,713,2026-01-01,Dashboard,6,1
7173,713,2026-02-01,Reports,1,1
7174,713,2026-03-01,Automation,0,1
7175,714,2025-07-01,Dashboard,10,3
7176,714,2025-08-01,Automation,21,3
7177,714,2025-09-01,Dashboard,11,2
7178,714,2025-10-01,Integrations,7,1
7179,714,2025-11-01,API,2,1
7180,715,2025-02-01,Automation,8,2
7181,715,2025-03-01,API,2,1
7182,716,2025-02-01,Dashboard,7,1
7183,716,2025-03-01,Automation,4,1
7184,716,2025-04-01,Integrations,4,1
7185,716,2025-05-01,API,4,1
7186,716,2025-06-01,API,7,1
7187,716,2025-07-01,Reports,11,2
7188,716,2025-08-01,Dashboard,5,1
7189,716,2025-09-01,API,6,1
7190,716,2025-10-01,API,0,1
7191,717,2025-11-01,API,2,1
7192,717,2025-12-01,Reports,3,1
7193,717,2026-01-01,API,6,1
7194,717,2026-02-01,API,5,1
7195,717,2026-03-01,Reports,3,1
7196,717,2026-04-01,Dashboard,9,2
7197,717,2026-05-01,Reports,7,2
7198,717,2026-06-01,API,4,1
7199,717,2026-07-01,Dashboard,6,1
7200,718,2024-11-01,API,0,1
7201,718,2024-12-01,Reports,1,1
7202,718,2025-01-01,Automation,0,1
7203,718,2025-02-01,Reports,0,1
7204,718,2025-03-01,API,0,1
7205,718,2025-04-01,API,0,1
7206,718,2025-05-01,Reports,0,1
7207,718,2025-06-01,Dashboard,0,1
7208,718,2025-07-01,Reports,0,1
7209,718,2025-08-01,Reports,0,1
7210,718,2025-09-01,Automation,0,1
7211,718,2025-10-01,Integrations,1,1
7212,718,2025-11-01,API,3,1
7213,718,2025-12-01,Automation,0,1
7214,718,2026-01-01,Dashboard,2,1
7215,718,2026-02-01,Automation,0,1
7216,718,2026-03-01,Dashboard,0,1
7217,719,2025-02-01,API,12,3
7218,719,2025-03-01,API,8,1
7219,719,2025-04-01,API,0,1
7220,719,2025-05-01,Dashboard,3,1
7221,719,2025-06-01,Integrations,0,1
7222,720,2025-11-01,Integrations,5,1
7223,720,2025-12-01,Integrations,0,1
7224,720,2026-01-01,API,4,1
7225,720,2026-02-01,Dashboard,5,1
7226,720,2026-03-01,API,6,1
7227,720,2026-04-01,Dashboard,1,1
7228,720,2026-05-01,Reports,6,1
7229,720,2026-06-01,API,0,1
7230,720,2026-07-01,Reports,4,1
7231,721,2025-10-01,Integrations,3,1
7232,721,2025-11-01,API,4,1
7233,722,2025-11-01,API,8,1
7234,722,2025-12-01,Integrations,10,1
7235,722,2026-01-01,API,0,1
7236,722,2026-02-01,Integrations,2,1
7237,722,2026-03-01,Reports,6,1
7238,722,2026-04-01,Dashboard,8,1
7239,722,2026-05-01,Dashboard,15,4
7240,722,2026-06-01,Integrations,7,1
7241,722,2026-07-01,Automation,9,1
7242,723,2025-11-01,Integrations,3,1
7243,723,2025-12-01,Reports,0,1
7244,723,2026-01-01,Integrations,2,1
7245,723,2026-02-01,Reports,7,1
7246,723,2026-03-01,Dashboard,4,1
7247,723,2026-04-01,API,1,1
7248,723,2026-05-01,Automation,5,1
7249,723,2026-06-01,Reports,3,1
7250,723,2026-07-01,Dashboard,0,1
7251,724,2026-02-01,Reports,15,2
7252,724,2026-03-01,Reports,8,1
7253,724,2026-04-01,Integrations,11,1
7254,724,2026-05-01,Automation,20,5
7255,724,2026-06-01,Dashboard,13,2
7256,724,2026-07-01,Automation,16,3
7257,725,2025-05-01,Automation,4,1
7258,725,2025-06-01,Dashboard,2,1
7259,725,2025-07-01,Reports,5,1
7260,725,2025-08-01,Automation,4,1
7261,725,2025-09-01,Automation,0,1
7262,725,2025-10-01,Reports,4,1
7263,725,2025-11-01,Integrations,0,1
7264,726,2025-09-01,Reports,0,1
7265,727,2025-07-01,Integrations,13,4
7266,727,2025-08-01,Dashboard,10,2
7267,727,2025-09-01,Reports,18,4
7268,727,2025-10-01,Dashboard,11,3
7269,727,2025-11-01,Automation,9,1
7270,727,2025-12-01,Reports,13,2
7271,727,2026-01-01,Integrations,10,2
7272,727,2026-02-01,Reports,14,2
7273,727,2026-03-01,API,11,2
7274,727,2026-04-01,Automation,15,3
7275,727,2026-05-01,Integrations,11,3
7276,727,2026-06-01,API,12,2
7277,727,2026-07-01,Automation,12,3
7278,728,2025-04-01,API,11,2
7279,728,2025-05-01,API,12,2
7280,728,2025-06-01,API,10,2
7281,728,2025-07-01,Dashboard,8,1
7282,728,2025-08-01,Reports,12,2
7283,728,2025-09-01,API,12,2
7284,728,2025-10-01,Integrations,2,1
7285,728,2025-11-01,Integrations,5,1
7286,728,2025-12-01,Dashboard,5,1
7287,728,2026-01-01,Reports,7,1
7288,728,2026-02-01,Dashboard,7,1
7289,728,2026-03-01,Integrations,4,1
7290,728,2026-04-01,Automation,15,4
7291,728,2026-05-01,Reports,12,2
7292,728,2026-06-01,Automation,8,1
7293,728,2026-07-01,API,2,1
7294,729,2025-04-01,Dashboard,28,6
7295,729,2025-05-01,Dashboard,36,11
7296,729,2025-06-01,Integrations,26,4
7297,729,2025-07-01,Integrations,26,4
7298,729,2025-08-01,Dashboard,28,6
7299,729,2025-09-01,Integrations,31,5
7300,729,2025-10-01,Dashboard,23,4
7301,729,2025-11-01,API,30,5
7302,729,2025-12-01,Reports,26,4
7303,729,2026-01-01,Dashboard,30,5
7304,729,2026-02-01,Integrations,29,5
7305,729,2026-03-01,Integrations,27,8
7306,729,2026-04-01,Integrations,24,4
7307,729,2026-05-01,Dashboard,31,5
7308,729,2026-06-01,Reports,20,3
7309,729,2026-07-01,API,28,4
7310,730,2025-08-01,Automation,21,6
7311,730,2025-09-01,Reports,13,2
7312,730,2025-10-01,Dashboard,11,2
7313,730,2025-11-01,Automation,11,3
7314,730,2025-12-01,API,19,3
7315,730,2026-01-01,API,13,2
7316,730,2026-02-01,Reports,17,3
7317,730,2026-03-01,Dashboard,9,1
7318,730,2026-04-01,Reports,14,2
7319,730,2026-05-01,Dashboard,13,3
7320,730,2026-06-01,Reports,7,1
7321,730,2026-07-01,API,3,1
7322,731,2025-01-01,Automation,1,1
7323,731,2025-02-01,Automation,10,3
7324,731,2025-03-01,Integrations,5,1
7325,731,2025-04-01,Automation,2,1
7326,731,2025-05-01,Automation,2,1
7327,731,2025-06-01,Automation,5,1
7328,731,2025-07-01,Integrations,9,2
7329,731,2025-08-01,Automation,3,1
7330,731,2025-09-01,Dashboard,4,1
7331,731,2025-10-01,Automation,6,1
7332,731,2025-11-01,Integrations,4,1
7333,731,2025-12-01,Automation,1,1
7334,731,2026-01-01,Integrations,5,1
7335,731,2026-02-01,Reports,3,1
7336,731,2026-03-01,Automation,2,1
7337,731,2026-04-01,Dashboard,7,1
7338,731,2026-05-01,API,0,1
7339,732,2025-06-01,Integrations,0,1
7340,732,2025-07-01,Reports,0,1
7341,732,2025-08-01,Dashboard,2,1
7342,732,2025-09-01,Integrations,0,1
7343,732,2025-10-01,Integrations,3,1
7344,732,2025-11-01,Dashboard,0,1
7345,732,2025-12-01,Automation,4,1
7346,732,2026-01-01,Integrations,0,1
7347,732,2026-02-01,Reports,6,1
7348,732,2026-03-01,Integrations,0,1
7349,732,2026-04-01,Integrations,4,1
7350,732,2026-05-01,Integrations,0,1
7351,733,2026-03-01,Dashboard,13,3
7352,733,2026-04-01,API,11,1
7353,733,2026-05-01,Reports,5,1
7354,734,2025-09-01,Dashboard,8,1
7355,734,2025-10-01,Automation,3,1
7356,734,2025-11-01,Reports,12,2
7357,734,2025-12-01,Reports,13,3
7358,734,2026-01-01,Reports,14,3
7359,734,2026-02-01,Dashboard,7,1
7360,734,2026-03-01,API,4,1
7361,734,2026-04-01,Reports,12,2
7362,734,2026-05-01,API,3,1
7363,734,2026-06-01,Dashboard,0,1
7364,735,2025-09-01,Automation,9,1
7365,735,2025-10-01,API,6,1
7366,735,2025-11-01,Dashboard,11,2
7367,735,2025-12-01,Integrations,11,2
7368,735,2026-01-01,API,11,2
7369,735,2026-02-01,Dashboard,2,1
7370,735,2026-03-01,Dashboard,3,1
7371,736,2025-05-01,API,0,1
7372,736,2025-06-01,Integrations,0,1
7373,737,2025-11-01,Reports,36,9
7374,737,2025-12-01,Automation,29,5
7375,737,2026-01-01,API,29,5
7376,737,2026-02-01,Integrations,30,5
7377,737,2026-03-01,API,29,5
7378,737,2026-04-01,Dashboard,31,5
7379,737,2026-05-01,Reports,28,7
7380,737,2026-06-01,API,33,8
7381,737,2026-07-01,Dashboard,32,7
7382,738,2024-11-01,Automation,6,1
7383,738,2024-12-01,Integrations,3,1
7384,738,2025-01-01,Reports,1,1
7385,739,2026-08-01,Automation,9,1
7386,739,2026-09-01,Dashboard,10,2
7387,739,2026-10-01,Dashboard,9,1
7388,739,2026-11-01,Reports,9,2
7389,739,2026-12-01,API,7,1
7390,740,2026-02-01,Reports,16,3
7391,740,2026-03-01,Reports,13,3
7392,740,2026-04-01,Automation,20,5
7393,740,2026-05-01,Reports,12,2
7394,740,2026-06-01,Automation,16,2
7395,740,2026-07-01,Automation,9,2
7396,741,2026-05-01,Automation,7,2
7397,741,2026-06-01,Reports,17,4
7398,741,2026-07-01,Automation,18,4
7399,742,2026-02-01,Integrations,45,8
7400,742,2026-03-01,Integrations,42,9
7401,742,2026-04-01,Dashboard,48,9
7402,742,2026-05-01,Reports,45,8
7403,742,2026-06-01,Reports,46,11
7404,742,2026-07-01,Integrations,49,9
7405,743,2025-03-01,Reports,1,1
7406,744,2025-10-01,Automation,4,1
7407,744,2025-11-01,Reports,0,1
7408,744,2025-12-01,Dashboard,5,1
7409,745,2024-12-01,Integrations,14,2
7410,745,2025-01-01,Integrations,16,4
7411,745,2025-02-01,API,17,2
7412,745,2025-03-01,Reports,14,3
7413,745,2025-04-01,Dashboard,13,3
7414,745,2025-05-01,Automation,12,2
7415,745,2025-06-01,Integrations,19,3
7416,745,2025-07-01,Dashboard,15,3
7417,745,2025-08-01,API,16,3
7418,745,2025-09-01,Reports,16,2
7419,745,2025-10-01,Automation,16,2
7420,745,2025-11-01,Reports,19,3
7421,745,2025-12-01,Dashboard,4,1
7422,745,2026-01-01,Integrations,7,2
7423,745,2026-02-01,Integrations,9,1
7424,746,2024-10-01,Integrations,2,1
7425,746,2024-11-01,Integrations,0,1
7426,746,2024-12-01,API,0,1
7427,747,2025-02-01,API,9,1
7428,747,2025-03-01,Automation,0,1
7429,748,2025-07-01,Dashboard,10,2
7430,748,2025-08-01,Integrations,12,3
7431,748,2025-09-01,Reports,10,2
7432,748,2025-10-01,Automation,8,1
7433,748,2025-11-01,Reports,18,5
7434,748,2025-12-01,API,10,1
7435,748,2026-01-01,Dashboard,11,1
7436,748,2026-02-01,Dashboard,11,2
7437,748,2026-03-01,Integrations,11,2
7438,748,2026-04-01,Reports,9,2
7439,748,2026-05-01,Reports,13,2
7440,748,2026-06-01,Dashboard,7,1
7441,748,2026-07-01,Reports,8,1
7442,749,2024-10-01,Dashboard,0,1
7443,749,2024-11-01,Reports,6,1
7444,749,2024-12-01,Integrations,3,1
7445,749,2025-01-01,Dashboard,0,1
7446,749,2025-02-01,Integrations,2,1
7447,749,2025-03-01,Automation,1,1
7448,750,2026-04-01,Integrations,5,1
7449,750,2026-05-01,API,6,1
7450,750,2026-06-01,Dashboard,0,1
7451,751,2025-03-01,Reports,8,1
7452,751,2025-04-01,API,4,1
7453,751,2025-05-01,Automation,9,1
7454,751,2025-06-01,Integrations,12,2
7455,751,2025-07-01,Dashboard,9,2
7456,751,2025-08-01,Dashboard,11,2
7457,751,2025-09-01,API,8,1
7458,751,2025-10-01,Automation,9,1
7459,751,2025-11-01,API,14,2
7460,751,2025-12-01,Reports,7,1
7461,751,2026-01-01,Reports,13,2
7462,751,2026-02-01,Automation,9,2
7463,751,2026-03-01,API,5,1
7464,751,2026-04-01,Dashboard,2,1
7465,751,2026-05-01,Integrations,2,1
7466,752,2025-11-01,Automation,7,1
7467,752,2025-12-01,Dashboard,5,1
7468,752,2026-01-01,Automation,6,1
7469,752,2026-02-01,API,8,1
7470,752,2026-03-01,API,6,1
7471,752,2026-04-01,API,5,1
7472,752,2026-05-01,Automation,14,2
7473,752,2026-06-01,Reports,4,1
7474,752,2026-07-01,Integrations,9,1
7475,753,2025-11-01,API,11,2
7476,753,2025-12-01,API,6,1
7477,753,2026-01-01,Automation,2,1
7478,753,2026-02-01,Dashboard,7,1
7479,753,2026-03-01,Integrations,9,2
7480,753,2026-04-01,Integrations,8,1
7481,753,2026-05-01,Integrations,9,2
7482,753,2026-06-01,API,12,2
7483,753,2026-07-01,Automation,9,2
7484,754,2024-12-01,Dashboard,6,1
7485,754,2025-01-01,Dashboard,6,1
7486,754,2025-02-01,Reports,6,1
7487,754,2025-03-01,Integrations,11,2
7488,754,2025-04-01,Integrations,6,1
7489,754,2025-05-01,Dashboard,9,1
7490,754,2025-06-01,Reports,10,2
7491,754,2025-07-01,Integrations,10,2
7492,754,2025-08-01,Integrations,7,1
7493,754,2025-09-01,Dashboard,7,1
7494,754,2025-10-01,API,6,1
7495,754,2025-11-01,Integrations,3,1
7496,754,2025-12-01,Automation,0,1
7497,755,2025-06-01,Automation,8,1
7498,755,2025-07-01,Automation,6,1
7499,755,2025-08-01,Automation,1,1
7500,755,2025-09-01,Dashboard,10,2
7501,755,2025-10-01,Dashboard,8,1
7502,755,2025-11-01,Reports,6,1
7503,755,2025-12-01,Dashboard,5,1
7504,755,2026-01-01,Dashboard,0,1
7505,755,2026-02-01,API,5,1
7506,756,2025-07-01,Reports,5,1
7507,756,2025-08-01,API,9,1
7508,756,2025-09-01,Automation,0,1
7509,756,2025-10-01,Reports,3,1
7510,756,2025-11-01,Integrations,7,1
7511,756,2025-12-01,Reports,5,1
7512,756,2026-01-01,Automation,7,1
7513,756,2026-02-01,Automation,11,2
7514,756,2026-03-01,Automation,0,1
7515,756,2026-04-01,Integrations,2,1
7516,756,2026-05-01,API,5,1
7517,757,2025-01-01,Reports,4,1
7518,757,2025-02-01,Automation,7,1
7519,757,2025-03-01,Integrations,4,1
7520,758,2024-11-01,Automation,2,1
7521,758,2024-12-01,Dashboard,0,1
7522,758,2025-01-01,Dashboard,9,1
7523,758,2025-02-01,Automation,0,1
7524,758,2025-03-01,Automation,0,1
7525,759,2025-08-01,Automation,5,1
7526,759,2025-09-01,Dashboard,6,1
7527,759,2025-10-01,Dashboard,4,1
7528,759,2025-11-01,Dashboard,4,1
7529,759,2025-12-01,API,5,1
7530,759,2026-01-01,Automation,5,1
7531,759,2026-02-01,Dashboard,2,1
7532,759,2026-03-01,Reports,1,1
7533,759,2026-04-01,Reports,8,1
7534,759,2026-05-01,Integrations,6,1
7535,759,2026-06-01,Reports,3,1
7536,759,2026-07-01,API,5,1
7537,760,2025-05-01,Integrations,8,1
7538,760,2025-06-01,Reports,6,1
7539,760,2025-07-01,API,5,1
7540,760,2025-08-01,Integrations,1,1
7541,760,2025-09-01,API,0,1
7542,760,2025-10-01,Dashboard,7,1
7543,760,2025-11-01,Automation,0,1
7544,761,2025-08-01,Automation,5,1
7545,761,2025-09-01,API,4,1
7546,761,2025-10-01,API,3,1
7547,761,2025-11-01,Integrations,6,1
7548,761,2025-12-01,Dashboard,8,2
7549,761,2026-01-01,API,0,1
7550,761,2026-02-01,Dashboard,5,1
7551,761,2026-03-01,API,3,1
7552,761,2026-04-01,API,4,1
7553,761,2026-05-01,Dashboard,5,1
7554,761,2026-06-01,API,0,1
7555,761,2026-07-01,Integrations,4,1
7556,762,2025-08-01,Automation,22,4
7557,762,2025-09-01,API,24,4
7558,762,2025-10-01,Automation,23,5
7559,762,2025-11-01,Reports,26,6
7560,762,2025-12-01,Integrations,24,5
7561,762,2026-01-01,Dashboard,23,4
7562,762,2026-02-01,API,19,5
7563,762,2026-03-01,Reports,8,2
7564,762,2026-04-01,Integrations,7,1
7565,763,2025-01-01,Integrations,6,1
7566,763,2025-02-01,Integrations,15,4
7567,763,2025-03-01,Automation,7,1
7568,763,2025-04-01,API,2,1
7569,763,2025-05-01,API,8,1
7570,763,2025-06-01,Automation,5,1
7571,763,2025-07-01,Dashboard,10,2
7572,763,2025-08-01,Reports,2,1
7573,763,2025-09-01,Integrations,10,2
7574,763,2025-10-01,Automation,0,1
7575,763,2025-11-01,Dashboard,9,1
7576,763,2025-12-01,Reports,0,1
7577,763,2026-01-01,Dashboard,6,1
7578,764,2025-12-01,Reports,19,3
7579,764,2026-01-01,API,16,3
7580,764,2026-02-01,Integrations,19,4
7581,764,2026-03-01,Dashboard,18,3
7582,764,2026-04-01,Reports,15,3
7583,764,2026-05-01,Integrations,17,2
7584,764,2026-06-01,Reports,12,2
7585,764,2026-07-01,Reports,13,2
7586,765,2025-05-01,Integrations,0,1
7587,765,2025-06-01,Reports,0,1
7588,765,2025-07-01,Reports,1,1
7589,765,2025-08-01,API,0,1
7590,765,2025-09-01,Dashboard,0,1
7591,765,2025-10-01,API,0,1
7592,765,2025-11-01,API,0,1
7593,765,2025-12-01,Reports,4,1
7594,766,2026-02-01,Integrations,11,1
7595,766,2026-03-01,Reports,9,2
7596,766,2026-04-01,Reports,10,1
7597,766,2026-05-01,Automation,0,1
7598,766,2026-06-01,Dashboard,3,1
7599,766,2026-07-01,Integrations,12,2
7600,767,2025-10-01,Reports,22,4
7601,767,2025-11-01,Integrations,23,6
7602,767,2025-12-01,Reports,21,4
7603,767,2026-01-01,API,25,7
7604,767,2026-02-01,Automation,20,3
7605,767,2026-03-01,Dashboard,25,4
7606,767,2026-04-01,Dashboard,20,5
7607,767,2026-05-01,API,23,3
7608,767,2026-06-01,Reports,25,4
7609,767,2026-07-01,Dashboard,24,6
7610,768,2025-12-01,Automation,10,2
7611,768,2026-01-01,Integrations,12,2
7612,768,2026-02-01,Automation,4,1
7613,768,2026-03-01,Dashboard,9,2
7614,768,2026-04-01,Reports,0,1
7615,768,2026-05-01,API,3,1
7616,769,2025-08-01,Reports,10,2
7617,769,2025-09-01,Integrations,5,1
7618,769,2025-10-01,Dashboard,2,1
7619,769,2025-11-01,Integrations,14,3
7620,769,2025-12-01,Reports,7,1
7621,769,2026-01-01,Integrations,8,1
7622,769,2026-02-01,Reports,9,2
7623,769,2026-03-01,Automation,5,1
7624,769,2026-04-01,Reports,0,1
7625,769,2026-05-01,API,0,1
7626,770,2025-08-01,Automation,22,4
7627,770,2025-09-01,Reports,26,5
7628,770,2025-10-01,Automation,22,6
7629,770,2025-11-01,Reports,21,4
7630,770,2025-12-01,API,25,7
7631,770,2026-01-01,Dashboard,27,8
7632,770,2026-02-01,API,18,5
7633,770,2026-03-01,Integrations,23,4
7634,770,2026-04-01,Reports,18,5
7635,770,2026-05-01,Automation,23,5
7636,770,2026-06-01,Reports,17,3
7637,770,2026-07-01,Reports,26,5
7638,771,2025-10-01,API,0,1
7639,771,2025-11-01,Automation,0,1
7640,771,2025-12-01,API,5,1
7641,772,2025-02-01,API,0,1
7642,772,2025-03-01,Automation,0,1
7643,772,2025-04-01,API,0,1
7644,773,2025-11-01,API,6,1
7645,773,2025-12-01,API,11,2
7646,773,2026-01-01,Integrations,9,1
7647,773,2026-02-01,Reports,9,2
7648,773,2026-03-01,API,6,1
7649,773,2026-04-01,Dashboard,5,1
7650,773,2026-05-01,Reports,9,1
7651,773,2026-06-01,Integrations,8,2
7652,773,2026-07-01,Integrations,6,1
7653,774,2025-04-01,Integrations,21,3
7654,774,2025-05-01,API,19,3
7655,774,2025-06-01,Integrations,15,2
7656,774,2025-07-01,Automation,16,4
7657,774,2025-08-01,Integrations,14,4
7658,774,2025-09-01,Dashboard,13,3
7659,774,2025-10-01,Integrations,14,2
7660,774,2025-11-01,Integrations,13,3
7661,774,2025-12-01,Integrations,17,2
7662,774,2026-01-01,API,18,3
7663,774,2026-02-01,API,18,3
7664,774,2026-03-01,Reports,19,4
7665,774,2026-04-01,Automation,14,3
7666,774,2026-05-01,Integrations,14,3
7667,774,2026-06-01,Reports,16,2
7668,774,2026-07-01,Dashboard,14,2
7669,775,2025-03-01,Dashboard,7,1
7670,775,2025-04-01,Automation,3,1
7671,775,2025-05-01,API,5,1
7672,775,2025-06-01,Dashboard,9,2
7673,775,2025-07-01,API,10,2
7674,775,2025-08-01,Reports,3,1
7675,775,2025-09-01,Integrations,10,1
7676,775,2025-10-01,Integrations,5,1
7677,775,2025-11-01,Dashboard,4,1
7678,775,2025-12-01,Reports,7,2
7679,775,2026-01-01,Dashboard,4,1
7680,775,2026-02-01,API,1,1
7681,775,2026-03-01,Reports,1,1
7682,776,2025-03-01,Dashboard,1,1
7683,776,2025-04-01,Automation,2,1
7684,776,2025-05-01,Dashboard,0,1
7685,776,2025-06-01,API,6,1
7686,776,2025-07-01,Dashboard,4,1
7687,776,2025-08-01,Dashboard,4,1
7688,776,2025-09-01,Automation,1,1
7689,776,2025-10-01,Automation,0,1
7690,776,2025-11-01,Automation,0,1
7691,776,2025-12-01,Dashboard,1,1
7692,777,2025-12-01,Integrations,1,1
7693,777,2026-01-01,Reports,3,1
7694,777,2026-02-01,API,6,1
7695,777,2026-03-01,Reports,2,1
7696,777,2026-04-01,Dashboard,3,1
7697,777,2026-05-01,Integrations,1,1
7698,777,2026-06-01,Integrations,4,1
7699,777,2026-07-01,Integrations,0,1
7700,778,2025-07-01,Integrations,27,5
7701,778,2025-08-01,Integrations,35,6
7702,778,2025-09-01,Integrations,36,6
7703,778,2025-10-01,Reports,27,7
7704,778,2025-11-01,Integrations,36,6
7705,778,2025-12-01,Dashboard,32,9
7706,778,2026-01-01,Automation,33,8
7707,778,2026-02-01,Integrations,30,5
7708,778,2026-03-01,Reports,34,5
7709,778,2026-04-01,Reports,32,6
7710,778,2026-05-01,Reports,30,5
7711,778,2026-06-01,Automation,34,5
7712,778,2026-07-01,Automation,33,8
7713,779,2026-06-01,API,1,1
7714,779,2026-07-01,Integrations,4,1
7715,779,2026-08-01,API,10,2
7716,779,2026-09-01,Reports,8,2
7717,779,2026-10-01,Reports,4,1
7718,779,2026-11-01,Automation,0,1
7719,780,2025-10-01,Dashboard,1,1
7720,780,2025-11-01,Automation,11,2
7721,780,2025-12-01,Reports,6,1
7722,780,2026-01-01,Reports,8,1
7723,780,2026-02-01,API,5,1
7724,780,2026-03-01,Dashboard,7,1
7725,780,2026-04-01,Integrations,4,1
7726,780,2026-05-01,Dashboard,4,1
7727,780,2026-06-01,Automation,3,1
7728,781,2025-03-01,API,20,3
7729,781,2025-04-01,Reports,14,2
7730,781,2025-05-01,Reports,18,3
7731,781,2025-06-01,Integrations,22,5
7732,781,2025-07-01,Reports,24,6
7733,781,2025-08-01,Integrations,23,6
7734,781,2025-09-01,Dashboard,22,6
7735,781,2025-10-01,Automation,17,3
7736,781,2025-11-01,Dashboard,25,5
7737,781,2025-12-01,Automation,22,5
7738,781,2026-01-01,API,22,4
7739,781,2026-02-01,Integrations,19,5
7740,781,2026-03-01,API,22,6
7741,781,2026-04-01,Reports,17,3
7742,781,2026-05-01,Integrations,20,3
7743,781,2026-06-01,Automation,23,5
7744,781,2026-07-01,API,21,3
7745,782,2025-07-01,Automation,0,1
7746,782,2025-08-01,Reports,5,1
7747,782,2025-09-01,Dashboard,8,1
7748,782,2025-10-01,API,11,3
7749,782,2025-11-01,Reports,5,1
7750,782,2025-12-01,Dashboard,7,1
7751,782,2026-01-01,Integrations,2,1
7752,782,2026-02-01,Dashboard,2,1
7753,782,2026-03-01,Integrations,3,1
7754,782,2026-04-01,Automation,6,1
7755,782,2026-05-01,Dashboard,8,1
7756,782,2026-06-01,Automation,4,1
7757,782,2026-07-01,Dashboard,8,1
7758,783,2025-08-01,Dashboard,13,2
7759,783,2025-09-01,Integrations,14,3
7760,783,2025-10-01,Automation,9,2
7761,783,2025-11-01,Integrations,17,4
7762,783,2025-12-01,Integrations,7,1
7763,783,2026-01-01,Integrations,6,1
7764,783,2026-02-01,API,0,1
7765,784,2025-09-01,Integrations,28,5
7766,784,2025-10-01,Dashboard,35,11
7767,784,2025-11-01,API,32,6
7768,784,2025-12-01,Integrations,36,6
7769,784,2026-01-01,Dashboard,36,9
7770,784,2026-02-01,Dashboard,36,6
7771,784,2026-03-01,Integrations,34,8
7772,784,2026-04-01,API,33,6
7773,784,2026-05-01,Dashboard,36,9
7774,784,2026-06-01,Automation,36,9
7775,784,2026-07-01,Integrations,36,9
7776,785,2025-09-01,Dashboard,3,1
7777,785,2025-10-01,Reports,1,1
7778,785,2025-11-01,Automation,7,1
7779,785,2025-12-01,Reports,0,1
7780,785,2026-01-01,Integrations,3,1
7781,786,2026-03-01,Automation,2,1
7782,786,2026-04-01,Reports,6,1
7783,786,2026-05-01,Automation,2,1
7784,786,2026-06-01,Integrations,8,1
7785,786,2026-07-01,API,0,1
7786,787,2025-06-01,Reports,23,4
7787,787,2025-07-01,Automation,21,3
7788,787,2025-08-01,API,20,3
7789,787,2025-09-01,API,26,6
7790,787,2025-10-01,API,19,3
7791,787,2025-11-01,Reports,15,2
7792,787,2025-12-01,API,19,3
7793,787,2026-01-01,Dashboard,15,4
7794,787,2026-02-01,Reports,20,4
7795,787,2026-03-01,Automation,25,5
7796,787,2026-04-01,API,25,4
7797,787,2026-05-01,Automation,20,4
7798,787,2026-06-01,Dashboard,23,5
7799,787,2026-07-01,API,23,4
7800,788,2025-03-01,Automation,0,1
7801,788,2025-04-01,Integrations,1,1
7802,788,2025-05-01,Integrations,5,1
7803,788,2025-06-01,Dashboard,0,1
7804,788,2025-07-01,Integrations,4,1
7805,788,2025-08-01,Dashboard,3,1
7806,788,2025-09-01,Integrations,0,1
7807,788,2025-10-01,Integrations,1,1
7808,788,2025-11-01,Dashboard,0,1
7809,788,2025-12-01,API,8,1
7810,788,2026-01-01,Automation,0,1
7811,788,2026-02-01,Automation,2,1
7812,788,2026-03-01,API,4,1
7813,788,2026-04-01,Integrations,0,1
7814,788,2026-05-01,Automation,7,1
7815,788,2026-06-01,Reports,0,1
7816,788,2026-07-01,API,0,1
7817,789,2025-05-01,Automation,10,1
7818,789,2025-06-01,API,10,2
7819,789,2025-07-01,Automation,6,1
7820,789,2025-08-01,Integrations,13,3
7821,789,2025-09-01,Integrations,10,3
7822,789,2025-10-01,Dashboard,14,2
7823,789,2025-11-01,Reports,13,2
7824,789,2025-12-01,Dashboard,13,2
7825,789,2026-01-01,Integrations,8,1
7826,789,2026-02-01,Dashboard,10,1
7827,789,2026-03-01,API,13,3
7828,789,2026-04-01,Integrations,15,3
7829,789,2026-05-01,Automation,9,1
7830,789,2026-06-01,Reports,12,2
7831,789,2026-07-01,API,14,2
7832,790,2025-04-01,Dashboard,8,2
7833,790,2025-05-01,Integrations,12,3
7834,790,2025-06-01,Dashboard,10,2
7835,790,2025-07-01,API,4,1
7836,790,2025-08-01,Reports,3,1
7837,791,2025-08-01,Dashboard,4,1
7838,791,2025-09-01,API,2,1
7839,791,2025-10-01,Integrations,5,1
7840,791,2025-11-01,API,2,1
7841,791,2025-12-01,Reports,4,1
7842,791,2026-01-01,Reports,1,1
7843,791,2026-02-01,Dashboard,2,1
7844,791,2026-03-01,Dashboard,0,1
7845,791,2026-04-01,Dashboard,5,1
7846,791,2026-05-01,API,0,1
7847,791,2026-06-01,API,3,1
7848,791,2026-07-01,Automation,3,1
7849,791,2026-08-01,API,0,1
7850,792,2026-07-01,Automation,6,1
7851,792,2026-08-01,Automation,2,1
7852,792,2026-09-01,Dashboard,4,1
7853,792,2026-10-01,API,2,1
7854,792,2026-11-01,Automation,1,1
7855,792,2026-12-01,Integrations,7,1
7856,792,2027-01-01,Dashboard,5,1
7857,792,2027-02-01,API,6,1
7858,792,2027-03-01,Integrations,4,1
7859,792,2027-04-01,API,1,1
7860,792,2027-05-01,Automation,5,1
7861,793,2025-07-01,Automation,17,4
7862,793,2025-08-01,Dashboard,18,3
7863,793,2025-09-01,API,15,3
7864,793,2025-10-01,Reports,9,2
7865,793,2025-11-01,Automation,6,1
7866,793,2025-12-01,API,5,1
7867,794,2025-11-01,Automation,9,2
7868,794,2025-12-01,Dashboard,11,2
7869,794,2026-01-01,Reports,10,1
7870,794,2026-02-01,Integrations,10,1
7871,794,2026-03-01,Dashboard,11,2
7872,794,2026-04-01,Integrations,18,3
7873,794,2026-05-01,Dashboard,7,1
7874,794,2026-06-01,Dashboard,11,3
7875,794,2026-07-01,Dashboard,10,1
7876,795,2025-01-01,Automation,1,1
7877,795,2025-02-01,Reports,3,1
7878,795,2025-03-01,Reports,4,1
7879,795,2025-04-01,API,1,1
7880,795,2025-05-01,Dashboard,0,1
7881,795,2025-06-01,Automation,0,1
7882,795,2025-07-01,Integrations,0,1
7883,795,2025-08-01,API,4,1
7884,795,2025-09-01,Reports,0,1
7885,796,2025-01-01,API,0,1
7886,796,2025-02-01,Reports,2,1
7887,796,2025-03-01,Automation,0,1
7888,796,2025-04-01,Integrations,0,1
7889,796,2025-05-01,API,0,1
7890,796,2025-06-01,Reports,0,1
7891,796,2025-07-01,API,0,1
7892,796,2025-08-01,Reports,1,1
7893,796,2025-09-01,Reports,3,1
7894,796,2025-10-01,Dashboard,7,1
7895,796,2025-11-01,Integrations,0,1
7896,796,2025-12-01,Reports,0,1
7897,796,2026-01-01,Reports,2,1
7898,796,2026-02-01,Automation,2,1
7899,796,2026-03-01,API,4,1
7900,796,2026-04-01,Reports,2,1
7901,796,2026-05-01,API,0,1
7902,796,2026-06-01,Automation,0,1
7903,796,2026-07-01,Integrations,0,1
7904,797,2025-08-01,Automation,5,1
7905,797,2025-09-01,Integrations,0,1
7906,797,2025-10-01,Reports,6,1
7907,797,2025-11-01,API,0,1
7908,797,2025-12-01,Integrations,3,1
7909,797,2026-01-01,Automation,3,1
7910,798,2026-04-01,Integrations,16,3
7911,798,2026-05-01,Automation,12,2
7912,798,2026-06-01,Reports,11,2
7913,798,2026-07-01,Integrations,12,2
7914,798,2026-08-01,Dashboard,8,2
7915,798,2026-09-01,API,8,1
7916,798,2026-10-01,Integrations,9,1
7917,798,2026-11-01,Automation,19,4
7918,798,2026-12-01,Integrations,14,2
7919,798,2027-01-01,API,6,1
7920,798,2027-02-01,Dashboard,20,6
7921,798,2027-03-01,Automation,14,4
7922,798,2027-04-01,Dashboard,10,1
7923,798,2027-05-01,API,15,2
7924,798,2027-06-01,Integrations,10,2
7925,798,2027-07-01,Dashboard,8,1
7926,798,2027-08-01,Dashboard,9,2
7927,799,2025-07-01,Dashboard,22,4
7928,799,2025-08-01,Integrations,18,5
7929,799,2025-09-01,Integrations,12,2
7930,799,2025-10-01,Dashboard,22,5
7931,799,2025-11-01,API,18,4
7932,799,2025-12-01,API,16,4
7933,799,2026-01-01,API,19,3
7934,799,2026-02-01,Reports,21,6
7935,799,2026-03-01,Dashboard,15,2
7936,799,2026-04-01,Dashboard,10,1
7937,799,2026-05-01,Dashboard,19,6
7938,799,2026-06-01,Integrations,22,5
7939,799,2026-07-01,Reports,23,6
7940,800,2025-09-01,Dashboard,9,1
7941,800,2025-10-01,API,6,1
7942,800,2025-11-01,Automation,4,1
7943,800,2025-12-01,Integrations,9,1
7944,800,2026-01-01,Integrations,5,1
7945,800,2026-02-01,Dashboard,5,1
7946,800,2026-03-01,Automation,8,1
7947,800,2026-04-01,Integrations,2,1
7948,800,2026-05-01,Integrations,0,1
7949,801,2025-01-01,API,5,1
7950,802,2025-08-01,Reports,3,1
7951,802,2025-09-01,Reports,6,1
7952,802,2025-10-01,Reports,8,1
7953,802,2025-11-01,Dashboard,2,1
7954,802,2025-12-01,API,4,1
7955,802,2026-01-01,Dashboard,0,1
7956,803,2025-05-01,Reports,3,1
7957,803,2025-06-01,Reports,5,1
7958,803,2025-07-01,Reports,0,1
7959,803,2025-08-01,Automation,4,1
7960,804,2025-04-01,API,13,2
7961,804,2025-05-01,API,14,2
7962,804,2025-06-01,API,4,1
7963,804,2025-07-01,Reports,12,2
7964,804,2025-08-01,Integrations,18,3
7965,804,2025-09-01,Automation,15,2
7966,804,2025-10-01,Reports,9,2
7967,804,2025-11-01,Reports,13,2
7968,804,2025-12-01,Automation,12,2
7969,804,2026-01-01,Automation,9,1
7970,804,2026-02-01,Integrations,15,2
7971,804,2026-03-01,Dashboard,15,4
7972,804,2026-04-01,Reports,4,1
7973,804,2026-05-01,Dashboard,11,1
7974,804,2026-06-01,API,15,3
7975,804,2026-07-01,Integrations,10,2
7976,805,2025-01-01,API,0,1
7977,805,2025-02-01,Dashboard,1,1
7978,805,2025-03-01,Automation,3,1
7979,805,2025-04-01,Reports,3,1
7980,805,2025-05-01,Reports,3,1
7981,805,2025-06-01,Integrations,0,1
7982,805,2025-07-01,Automation,5,1
7983,805,2025-08-01,Reports,0,1
7984,805,2025-09-01,Integrations,5,1
7985,805,2025-10-01,Dashboard,1,1
7986,805,2025-11-01,API,0,1
7987,805,2025-12-01,Automation,6,1
7988,805,2026-01-01,Reports,0,1
7989,805,2026-02-01,Integrations,5,1
7990,805,2026-03-01,Integrations,3,1
7991,805,2026-04-01,Automation,10,1
7992,805,2026-05-01,Integrations,0,1
7993,805,2026-06-01,Integrations,2,1
7994,805,2026-07-01,Automation,0,1
7995,806,2025-01-01,Dashboard,0,1
7996,806,2025-02-01,Automation,0,1
7997,806,2025-03-01,Automation,3,1
7998,806,2025-04-01,Automation,0,1
7999,806,2025-05-01,Dashboard,0,1
8000,806,2025-06-01,API,1,1
8001,806,2025-07-01,Dashboard,0,1
8002,806,2025-08-01,Automation,0,1
8003,806,2025-09-01,Reports,2,1
8004,806,2025-10-01,Reports,0,1
8005,806,2025-11-01,Integrations,4,1
8006,807,2025-08-01,Dashboard,5,1
8007,807,2025-09-01,Integrations,3,1
8008,807,2025-10-01,Reports,4,1
8009,807,2025-11-01,Reports,3,1
8010,807,2025-12-01,Automation,6,1
8011,807,2026-01-01,Dashboard,0,1
8012,807,2026-02-01,Automation,6,1
8013,807,2026-03-01,Dashboard,4,1
8014,807,2026-04-01,Automation,8,2
8015,807,2026-05-01,API,1,1
8016,807,2026-06-01,Integrations,3,1
8017,807,2026-07-01,API,4,1
8018,808,2025-01-01,Reports,10,1
8019,808,2025-02-01,Reports,8,2
8020,808,2025-03-01,Reports,7,2
8021,808,2025-04-01,Integrations,9,1
8022,808,2025-05-01,Dashboard,5,1
8023,808,2025-06-01,Dashboard,9,2
8024,808,2025-07-01,API,5,1
8025,808,2025-08-01,API,4,1
8026,808,2025-09-01,Reports,2,1
8027,808,2025-10-01,API,8,2
8028,808,2025-11-01,Dashboard,9,2
8029,808,2025-12-01,Reports,10,2
8030,808,2026-01-01,API,8,2
8031,808,2026-02-01,Integrations,11,1
8032,808,2026-03-01,Reports,4,1
8033,808,2026-04-01,API,4,1
8034,808,2026-05-01,Reports,5,1
8035,808,2026-06-01,Dashboard,6,1
8036,808,2026-07-01,Integrations,7,1
8037,809,2025-04-01,Integrations,14,3
8038,809,2025-05-01,Integrations,16,2
8039,809,2025-06-01,Dashboard,11,2
8040,809,2025-07-01,Reports,15,2
8041,809,2025-08-01,Integrations,14,3
8042,809,2025-09-01,API,16,2
8043,809,2025-10-01,Integrations,11,2
8044,809,2025-11-01,Dashboard,18,4
8045,809,2025-12-01,Integrations,18,5
8046,809,2026-01-01,Automation,8,1
8047,809,2026-02-01,API,12,3
8048,809,2026-03-01,Reports,14,2
8049,809,2026-04-01,Dashboard,13,3
8050,809,2026-05-01,Reports,8,1
8051,809,2026-06-01,Dashboard,9,2
8052,809,2026-07-01,Integrations,9,1
8053,810,2025-07-01,Integrations,20,4
8054,810,2025-08-01,Integrations,20,5
8055,810,2025-09-01,Integrations,22,4
8056,810,2025-10-01,Reports,23,5
8057,810,2025-11-01,Automation,21,4
8058,810,2025-12-01,API,26,7
8059,810,2026-01-01,Automation,22,4
8060,810,2026-02-01,Integrations,23,4
8061,810,2026-03-01,Automation,25,4
8062,810,2026-04-01,Reports,24,6
8063,810,2026-05-01,Reports,27,4
8064,810,2026-06-01,API,26,7
8065,810,2026-07-01,API,24,5
8066,810,2026-08-01,Reports,22,4
8067,810,2026-09-01,Integrations,25,7
8068,810,2026-10-01,Integrations,18,4
8069,810,2026-11-01,Reports,29,5
8070,810,2026-12-01,Integrations,28,5
8071,811,2025-12-01,Dashboard,7,1
8072,811,2026-01-01,Automation,5,1
8073,811,2026-02-01,Integrations,8,1
8074,811,2026-03-01,Integrations,7,2
8075,811,2026-04-01,Integrations,8,2
8076,811,2026-05-01,Reports,0,1
8077,811,2026-06-01,API,11,2
8078,811,2026-07-01,Reports,6,1
8079,812,2025-06-01,Dashboard,1,1
8080,812,2025-07-01,Automation,0,1
8081,812,2025-08-01,Dashboard,0,1
8082,812,2025-09-01,Integrations,1,1
8083,813,2025-01-01,Integrations,0,1
8084,813,2025-02-01,API,0,1
8085,813,2025-03-01,Integrations,5,1
8086,813,2025-04-01,API,4,1
8087,813,2025-05-01,API,4,1
8088,813,2025-06-01,Integrations,3,1
8089,813,2025-07-01,Automation,0,1
8090,813,2025-08-01,API,4,1
8091,813,2025-09-01,API,5,1
8092,813,2025-10-01,Reports,10,2
8093,813,2025-11-01,Integrations,3,1
8094,813,2025-12-01,Reports,2,1
8095,813,2026-01-01,Reports,1,1
8096,814,2025-09-01,Dashboard,6,1
8097,814,2025-10-01,Automation,10,2
8098,814,2025-11-01,Reports,9,1
8099,814,2025-12-01,Dashboard,5,1
8100,814,2026-01-01,Integrations,8,1
8101,814,2026-02-01,Dashboard,9,1
8102,814,2026-03-01,Integrations,2,1
8103,814,2026-04-01,Reports,6,1
8104,814,2026-05-01,Automation,10,2
8105,814,2026-06-01,Reports,4,1
8106,814,2026-07-01,Reports,8,1
8107,815,2025-05-01,API,4,1
8108,815,2025-06-01,Integrations,9,2
8109,815,2025-07-01,Reports,4,1
8110,815,2025-08-01,Automation,1,1
8111,815,2025-09-01,Integrations,8,1
8112,815,2025-10-01,Automation,10,2
8113,815,2025-11-01,Reports,12,2
8114,815,2025-12-01,Automation,12,2
8115,815,2026-01-01,API,5,1
8116,815,2026-02-01,Reports,5,1
8117,815,2026-03-01,Automation,6,1
8118,815,2026-04-01,Dashboard,1,1
8119,816,2025-01-01,API,2,1
8120,816,2025-02-01,API,0,1
8121,816,2025-03-01,Automation,0,1
8122,816,2025-04-01,API,2,1
8123,816,2025-05-01,Integrations,4,1
8124,816,2025-06-01,Automation,2,1
8125,817,2025-09-01,Integrations,7,1
8126,817,2025-10-01,Reports,0,1
8127,817,2025-11-01,Automation,4,1
8128,818,2025-08-01,Reports,28,7
8129,818,2025-09-01,Automation,24,4
8130,818,2025-10-01,API,23,5
8131,818,2025-11-01,Automation,21,3
8132,818,2025-12-01,Dashboard,28,5
8133,818,2026-01-01,Automation,25,6
8134,818,2026-02-01,Automation,28,8
8135,818,2026-03-01,API,26,5
8136,818,2026-04-01,API,30,7
8137,818,2026-05-01,Dashboard,31,5
8138,818,2026-06-01,API,27,5
8139,818,2026-07-01,Integrations,31,6
8140,819,2025-03-01,Integrations,0,1
8141,819,2025-04-01,Automation,2,1
8142,819,2025-05-01,API,4,1
8143,819,2025-06-01,Dashboard,4,1
8144,819,2025-07-01,Automation,2,1
8145,819,2025-08-01,Dashboard,0,1
8146,819,2025-09-01,API,0,1
8147,820,2025-05-01,Reports,5,1
8148,820,2025-06-01,Dashboard,6,1
8149,820,2025-07-01,Reports,0,1
8150,821,2025-07-01,API,2,1
8151,821,2025-08-01,Reports,9,2
8152,821,2025-09-01,API,4,1
8153,821,2025-10-01,Automation,3,1
8154,821,2025-11-01,API,5,1
8155,821,2025-12-01,Reports,9,1
8156,821,2026-01-01,Reports,7,1
8157,821,2026-02-01,Automation,7,1
8158,821,2026-03-01,Integrations,4,1
8159,821,2026-04-01,API,8,1
8160,821,2026-05-01,Dashboard,8,1
8161,821,2026-06-01,Reports,7,1
8162,821,2026-07-01,Dashboard,8,2
8163,822,2025-11-01,Integrations,15,4
8164,822,2025-12-01,Automation,10,1
8165,822,2026-01-01,Integrations,10,1
8166,822,2026-02-01,Reports,11,2
8167,822,2026-03-01,API,13,2
8168,822,2026-04-01,API,15,4
8169,822,2026-05-01,Dashboard,11,3
8170,822,2026-06-01,API,11,3
8171,822,2026-07-01,API,2,1
8172,823,2025-10-01,API,24,6
8173,823,2025-11-01,Integrations,23,4
8174,823,2025-12-01,Automation,22,6
8175,823,2026-01-01,API,17,2
8176,823,2026-02-01,Automation,21,3
8177,823,2026-03-01,Dashboard,24,5
8178,823,2026-04-01,Integrations,21,3
8179,823,2026-05-01,Dashboard,20,3
8180,823,2026-06-01,Automation,20,3
8181,823,2026-07-01,Reports,16,4
8182,824,2027-02-01,API,19,3
8183,824,2027-03-01,Dashboard,12,2
8184,824,2027-04-01,Integrations,20,4
8185,824,2027-05-01,Dashboard,19,3
8186,824,2027-06-01,Dashboard,17,3
8187,824,2027-07-01,Automation,18,3
8188,824,2027-08-01,Reports,16,4
8189,824,2027-09-01,Dashboard,16,3
8190,824,2027-10-01,Reports,14,4
8191,824,2027-11-01,Integrations,14,2
8192,824,2027-12-01,Integrations,21,4
8193,824,2028-01-01,API,14,2
8194,824,2028-02-01,Reports,13,2
8195,824,2028-03-01,API,23,3
8196,824,2028-04-01,Dashboard,15,2
8197,825,2025-02-01,API,7,1
8198,825,2025-03-01,Dashboard,3,1
8199,825,2025-04-01,Integrations,0,1
8200,826,2025-02-01,API,1,1
8201,826,2025-03-01,Integrations,0,1
8202,826,2025-04-01,API,6,1
8203,826,2025-05-01,Automation,0,1
8204,826,2025-06-01,Dashboard,2,1
8205,826,2025-07-01,API,2,1
8206,826,2025-08-01,API,1,1
8207,826,2025-09-01,Reports,8,1
8208,826,2025-10-01,API,0,1
8209,826,2025-11-01,Reports,4,1
8210,826,2025-12-01,Automation,6,1
8211,826,2026-01-01,Automation,1,1
8212,826,2026-02-01,Automation,2,1
8213,826,2026-03-01,Integrations,3,1
8214,826,2026-04-01,API,0,1
8215,826,2026-05-01,Integrations,6,1
8216,826,2026-06-01,API,2,1
8217,826,2026-07-01,Dashboard,5,1
8218,827,2025-01-01,API,17,3
8219,827,2025-02-01,Dashboard,11,2
8220,827,2025-03-01,Dashboard,11,2
8221,827,2025-04-01,Automation,16,2
8222,827,2025-05-01,Automation,13,2
8223,827,2025-06-01,API,8,1
8224,827,2025-07-01,Automation,14,3
8225,827,2025-08-01,Automation,18,3
8226,827,2025-09-01,Automation,15,3
8227,827,2025-10-01,Automation,15,3
8228,827,2025-11-01,Dashboard,15,2
8229,827,2025-12-01,Automation,17,5
8230,827,2026-01-01,Dashboard,11,1
8231,827,2026-02-01,Dashboard,12,3
8232,827,2026-03-01,Automation,16,3
8233,827,2026-04-01,Automation,11,1
8234,827,2026-05-01,API,17,2
8235,827,2026-06-01,Reports,10,1
8236,827,2026-07-01,Automation,17,3
8237,828,2025-06-01,Reports,35,11
8238,828,2025-07-01,API,30,6
8239,828,2025-08-01,API,30,5
8240,828,2025-09-01,Automation,32,7
8241,828,2025-10-01,API,33,6
8242,828,2025-11-01,Reports,35,6
8243,828,2025-12-01,Dashboard,36,11
8244,828,2026-01-01,Integrations,31,5
8245,828,2026-02-01,Integrations,35,8
8246,828,2026-03-01,Automation,38,11
8247,828,2026-04-01,Automation,31,8
8248,828,2026-05-01,Dashboard,39,12
8249,828,2026-06-01,API,29,5
8250,828,2026-07-01,Reports,33,9
8254,830,2025-12-01,Integrations,2,1
8255,830,2026-01-01,Reports,0,1
8256,830,2026-02-01,API,1,1
8257,830,2026-03-01,Dashboard,0,1
8258,831,2024-12-01,Reports,3,1
8259,831,2025-01-01,API,5,1
8260,831,2025-02-01,API,4,1
8261,831,2025-03-01,Automation,11,1
8262,831,2025-04-01,Integrations,5,1
8263,831,2025-05-01,Automation,4,1
8264,831,2025-06-01,Dashboard,2,1
8265,831,2025-07-01,Integrations,2,1
8266,831,2025-08-01,API,5,1
8267,831,2025-09-01,Reports,0,1
8268,831,2025-10-01,Integrations,3,1
8269,831,2025-11-01,Dashboard,0,1
8270,831,2025-12-01,Automation,7,1
8271,831,2026-01-01,Integrations,0,1
8272,831,2026-02-01,Dashboard,1,1
8273,831,2026-03-01,Reports,5,1
8274,831,2026-04-01,API,0,1
8275,831,2026-05-01,Automation,10,1
8276,831,2026-06-01,Automation,5,1
8277,831,2026-07-01,Integrations,7,1
8278,832,2026-02-01,API,12,2
8279,832,2026-03-01,Reports,10,1
8280,832,2026-04-01,API,9,1
8281,832,2026-05-01,API,14,3
8282,832,2026-06-01,Reports,11,1
8283,832,2026-07-01,Automation,14,2
8284,833,2025-02-01,Reports,9,1
8285,833,2025-03-01,Integrations,12,3
8286,833,2025-04-01,Dashboard,7,1
8287,833,2025-05-01,Reports,13,2
8288,833,2025-06-01,Dashboard,8,1
8289,833,2025-07-01,Dashboard,12,2
8290,833,2025-08-01,API,7,1
8291,833,2025-09-01,API,11,3
8292,833,2025-10-01,Integrations,12,2
8293,833,2025-11-01,API,12,2
8294,833,2025-12-01,Dashboard,11,2
8295,833,2026-01-01,Automation,10,3
8296,833,2026-02-01,Integrations,8,1
8297,833,2026-03-01,Reports,13,3
8298,833,2026-04-01,Automation,13,2
8299,833,2026-05-01,API,4,1
8300,833,2026-06-01,Dashboard,12,2
8301,833,2026-07-01,Dashboard,17,3
8302,834,2026-05-01,Integrations,46,8
8303,834,2026-06-01,Dashboard,47,14
8304,834,2026-07-01,Dashboard,51,9
8305,835,2025-04-01,Integrations,2,1
8306,836,2025-05-01,Dashboard,8,2
8307,836,2025-06-01,Dashboard,4,1
8308,836,2025-07-01,Dashboard,3,1
8309,837,2024-12-01,Automation,5,1
8310,837,2025-01-01,Reports,7,1
8311,837,2025-02-01,API,5,1
8312,837,2025-03-01,API,6,1
8313,837,2025-04-01,Automation,3,1
8314,837,2025-05-01,Dashboard,1,1
8315,837,2025-06-01,API,0,1
8316,837,2025-07-01,Integrations,6,1
8317,837,2025-08-01,API,5,1
8318,837,2025-09-01,Automation,4,1
8319,837,2025-10-01,API,4,1
8320,837,2025-11-01,Dashboard,13,3
8321,837,2025-12-01,Reports,2,1
8322,837,2026-01-01,API,3,1
8323,837,2026-02-01,Reports,5,1
8324,837,2026-03-01,API,5,1
8325,837,2026-04-01,Reports,9,2
8326,837,2026-05-01,Integrations,0,1
8327,837,2026-06-01,Reports,2,1
8328,837,2026-07-01,Reports,5,1
8329,838,2025-02-01,API,7,1
8330,839,2025-08-01,Integrations,12,3
8331,839,2025-09-01,Dashboard,13,3
8332,839,2025-10-01,API,4,1
8333,839,2025-11-01,Reports,10,2
8334,839,2025-12-01,API,10,2
8335,839,2026-01-01,Reports,11,1
8336,839,2026-02-01,Integrations,14,2
8337,839,2026-03-01,Automation,7,2
8338,839,2026-04-01,Automation,10,1
8339,839,2026-05-01,Reports,11,2
8340,839,2026-06-01,Reports,15,3
8341,839,2026-07-01,Automation,5,1
8342,840,2026-05-01,Dashboard,5,1
8343,840,2026-06-01,Reports,1,1
8344,840,2026-07-01,Dashboard,11,2
8345,841,2025-02-01,API,10,2
8346,841,2025-03-01,Reports,11,2
8347,841,2025-04-01,Automation,2,1
8348,841,2025-05-01,Dashboard,3,1
8349,841,2025-06-01,Dashboard,5,1
8350,841,2025-07-01,API,7,2
8351,841,2025-08-01,Automation,7,1
8352,841,2025-09-01,Integrations,4,1
8353,841,2025-10-01,Integrations,8,2
8354,841,2025-11-01,API,6,1
8355,841,2025-12-01,Dashboard,8,1
8356,841,2026-01-01,Automation,7,1
8357,841,2026-02-01,Dashboard,3,1
8358,841,2026-03-01,Integrations,6,1
8359,841,2026-04-01,Reports,2,1
8360,841,2026-05-01,Automation,1,1
8361,841,2026-06-01,Integrations,1,1
8362,841,2026-07-01,API,5,1
8363,842,2025-05-01,Automation,5,1
8364,842,2025-06-01,API,2,1
8365,842,2025-07-01,Integrations,1,1
8366,842,2025-08-01,API,3,1
8367,842,2025-09-01,Reports,0,1
8368,842,2025-10-01,Automation,1,1
8369,842,2025-11-01,Automation,0,1
8370,842,2025-12-01,Integrations,1,1
8371,842,2026-01-01,Reports,3,1
8372,842,2026-02-01,API,0,1
8373,842,2026-03-01,API,0,1
8374,842,2026-04-01,Automation,3,1
8375,842,2026-05-01,Integrations,2,1
8376,842,2026-06-01,Automation,4,1
8377,842,2026-07-01,Automation,1,1
8378,843,2025-12-01,Reports,7,1
8379,843,2026-01-01,Integrations,0,1
8380,844,2025-04-01,API,6,1
8381,844,2025-05-01,Reports,7,1
8382,844,2025-06-01,API,0,1
8383,844,2025-07-01,Integrations,0,1
8384,845,2025-08-01,Automation,7,1
8385,845,2025-09-01,Dashboard,5,1
8386,845,2025-10-01,Dashboard,7,1
8387,845,2025-11-01,API,12,3
8388,845,2025-12-01,API,7,2
8389,845,2026-01-01,Automation,10,1
8390,845,2026-02-01,Reports,8,1
8391,845,2026-03-01,API,13,2
8392,845,2026-04-01,Integrations,10,3
8393,845,2026-05-01,Reports,7,1
8394,845,2026-06-01,Integrations,9,1
8395,845,2026-07-01,Reports,6,1
8396,846,2025-05-01,Integrations,5,1
8397,846,2025-06-01,Reports,3,1
8398,846,2025-07-01,Reports,3,1
8399,846,2025-08-01,Reports,3,1
8400,846,2025-09-01,API,5,1
8401,846,2025-10-01,Dashboard,0,1
8402,846,2025-11-01,Automation,0,1
8403,846,2025-12-01,API,1,1
8404,846,2026-01-01,Reports,0,1
8405,846,2026-02-01,Reports,2,1
8406,846,2026-03-01,Automation,0,1
8407,846,2026-04-01,Dashboard,0,1
8408,846,2026-05-01,Integrations,0,1
8409,846,2026-06-01,API,0,1
8410,846,2026-07-01,Integrations,0,1
8411,847,2025-01-01,Reports,9,1
8412,847,2025-02-01,Automation,10,2
8413,847,2025-03-01,Integrations,12,2
8414,847,2025-04-01,Automation,9,2
8415,847,2025-05-01,API,8,1
8416,847,2025-06-01,Automation,8,2
8417,847,2025-07-01,Reports,15,4
8418,847,2025-08-01,API,9,1
8419,847,2025-09-01,Automation,10,1
8420,847,2025-10-01,Integrations,11,2
8421,847,2025-11-01,Dashboard,13,2
8422,847,2025-12-01,Dashboard,12,2
8423,847,2026-01-01,Dashboard,9,1
8424,847,2026-02-01,Dashboard,8,1
8425,847,2026-03-01,Automation,10,2
8426,847,2026-04-01,Reports,14,3
8427,847,2026-05-01,Dashboard,11,1
8428,847,2026-06-01,Automation,11,2
8429,847,2026-07-01,Integrations,10,1
8430,848,2024-10-01,Integrations,9,2
8431,848,2024-11-01,API,5,1
8432,848,2024-12-01,API,3,1
8433,848,2025-01-01,Integrations,2,1
8434,848,2025-02-01,API,4,1
8435,848,2025-03-01,API,7,1
8436,848,2025-04-01,API,9,2
8437,848,2025-05-01,Automation,7,1
8438,848,2025-06-01,Reports,3,1
8439,848,2025-07-01,Dashboard,2,1
8440,848,2025-08-01,Automation,7,1
8441,848,2025-09-01,Integrations,6,1
8442,848,2025-10-01,Reports,3,1
8443,848,2025-11-01,Automation,5,1
8444,848,2025-12-01,Automation,10,1
8445,848,2026-01-01,Reports,11,1
8446,848,2026-02-01,Dashboard,7,1
8447,848,2026-03-01,Reports,10,2
8448,848,2026-04-01,API,9,1
8449,848,2026-05-01,API,5,1
8450,848,2026-06-01,Automation,3,1
8451,848,2026-07-01,Automation,3,1
8452,849,2025-03-01,Dashboard,10,1
8453,849,2025-04-01,Integrations,0,1
8454,849,2025-05-01,Reports,11,2
8455,849,2025-06-01,Reports,6,1
8456,849,2025-07-01,Dashboard,6,1
8457,849,2025-08-01,Reports,3,1
8458,849,2025-09-01,Dashboard,9,2
8459,849,2025-10-01,Dashboard,20,4
8460,849,2025-11-01,Integrations,3,1
8461,849,2025-12-01,Integrations,10,3
8462,849,2026-01-01,Integrations,6,1
8463,849,2026-02-01,API,9,2
8464,849,2026-03-01,Integrations,4,1
8465,849,2026-04-01,API,11,2
8466,849,2026-05-01,Dashboard,8,1
8467,849,2026-06-01,Automation,6,1
8468,849,2026-07-01,API,10,2
8469,850,2025-05-01,Dashboard,1,1
8470,850,2025-06-01,Reports,4,1
8471,850,2025-07-01,Reports,2,1
8472,850,2025-08-01,API,1,1
8473,850,2025-09-01,Reports,0,1
8474,850,2025-10-01,Automation,0,1
8475,850,2025-11-01,API,1,1
8476,850,2025-12-01,Automation,2,1
8477,850,2026-01-01,API,0,1
8478,850,2026-02-01,Integrations,1,1
8479,850,2026-03-01,Integrations,0,1
8480,850,2026-04-01,Dashboard,1,1
8481,850,2026-05-01,Reports,0,1
8482,850,2026-06-01,Automation,0,1
8483,850,2026-07-01,Integrations,4,1
8484,851,2025-07-01,Dashboard,15,3
8485,851,2025-08-01,Reports,22,4
8486,851,2025-09-01,API,18,5
8487,851,2025-10-01,Reports,17,3
8488,851,2025-11-01,API,24,4
8489,851,2025-12-01,Dashboard,18,3
8490,851,2026-01-01,API,19,3
8491,851,2026-02-01,Integrations,20,4
8492,851,2026-03-01,Dashboard,24,5
8493,851,2026-04-01,Automation,27,4
8494,851,2026-05-01,Automation,21,5
8495,851,2026-06-01,Integrations,18,4
8496,851,2026-07-01,Integrations,14,3
8497,852,2025-09-01,API,5,1
8498,852,2025-10-01,Automation,3,1
8499,852,2025-11-01,Integrations,0,1
8500,852,2025-12-01,Dashboard,0,1
8501,852,2026-01-01,Automation,4,1
8502,853,2025-02-01,Reports,8,1
8503,853,2025-03-01,Automation,7,1
8504,853,2025-04-01,Automation,6,1
8505,853,2025-05-01,Integrations,8,1
8506,853,2025-06-01,Automation,11,2
8507,853,2025-07-01,Dashboard,7,1
8508,853,2025-08-01,Integrations,12,2
8509,853,2025-09-01,API,9,2
8510,853,2025-10-01,Integrations,9,1
8511,853,2025-11-01,API,10,3
8512,853,2025-12-01,Automation,6,1
8513,853,2026-01-01,API,8,2
8514,853,2026-02-01,Automation,1,1
8515,853,2026-03-01,Dashboard,0,1
8516,854,2025-06-01,API,8,1
8517,854,2025-07-01,Dashboard,7,1
8518,854,2025-08-01,Automation,8,1
8519,854,2025-09-01,API,4,1
8520,854,2025-10-01,API,3,1
8521,854,2025-11-01,API,7,1
8522,854,2025-12-01,Integrations,1,1
8523,854,2026-01-01,Reports,0,1
8524,854,2026-02-01,Dashboard,1,1
8525,855,2025-12-01,Automation,7,1
8526,855,2026-01-01,Reports,7,1
8527,855,2026-02-01,API,3,1
8528,855,2026-03-01,Automation,6,1
8529,855,2026-04-01,Dashboard,7,1
8530,855,2026-05-01,Integrations,4,1
8531,855,2026-06-01,Reports,9,2
8532,855,2026-07-01,Automation,9,1
8533,856,2025-09-01,Automation,6,1
8534,856,2025-10-01,Integrations,1,1
8535,856,2025-11-01,Integrations,6,1
8536,856,2025-12-01,Reports,5,1
8537,856,2026-01-01,Automation,3,1
8538,856,2026-02-01,Integrations,6,1
8539,856,2026-03-01,Dashboard,4,1
8540,856,2026-04-01,Automation,10,1
8541,856,2026-05-01,Dashboard,7,1
8542,856,2026-06-01,Automation,3,1
8543,856,2026-07-01,Dashboard,2,1
8544,857,2025-03-01,Reports,2,1
8545,857,2025-04-01,API,4,1
8546,857,2025-05-01,API,11,2
8547,857,2025-06-01,Dashboard,7,1
8548,857,2025-07-01,API,0,1
8549,857,2025-08-01,Dashboard,9,1
8550,857,2025-09-01,API,3,1
8551,857,2025-10-01,Automation,2,1
8552,857,2025-11-01,Dashboard,9,2
8553,857,2025-12-01,API,5,1
8554,857,2026-01-01,Automation,6,1
8555,857,2026-02-01,Integrations,1,1
8556,857,2026-03-01,Reports,3,1
8557,857,2026-04-01,API,0,1
8558,857,2026-05-01,Automation,2,1
8559,857,2026-06-01,Integrations,3,1
8560,857,2026-07-01,API,3,1
8561,858,2025-05-01,Integrations,20,3
8562,858,2025-06-01,Automation,13,4
8563,858,2025-07-01,Integrations,8,1
8564,858,2025-08-01,Integrations,2,1
8565,859,2025-02-01,Automation,3,1
8566,859,2025-03-01,API,0,1
8567,859,2025-04-01,Dashboard,5,1
8568,859,2025-05-01,Dashboard,0,1
8569,859,2025-06-01,Integrations,5,1
8570,859,2025-07-01,Reports,7,1
8571,859,2025-08-01,Integrations,7,1
8572,859,2025-09-01,Dashboard,4,1
8573,859,2025-10-01,Dashboard,2,1
8574,859,2025-11-01,Reports,8,2
8575,859,2025-12-01,Automation,7,1
8576,859,2026-01-01,Integrations,5,1
8577,859,2026-02-01,API,1,1
8578,859,2026-03-01,Dashboard,3,1
8579,859,2026-04-01,Automation,11,2
8580,859,2026-05-01,Dashboard,8,2
8581,859,2026-06-01,Dashboard,7,1
8582,859,2026-07-01,Integrations,3,1
8583,860,2025-10-01,Reports,20,3
8584,860,2025-11-01,API,19,4
8585,860,2025-12-01,Dashboard,20,5
8586,860,2026-01-01,Integrations,25,4
8587,860,2026-02-01,Integrations,26,8
8588,860,2026-03-01,API,19,5
8589,860,2026-04-01,Integrations,16,4
8590,860,2026-05-01,Integrations,21,5
8591,860,2026-06-01,Dashboard,6,1
8592,860,2026-07-01,API,3,1
8593,861,2026-02-01,Dashboard,26,5
8594,861,2026-03-01,Automation,18,3
8595,861,2026-04-01,Dashboard,28,5
8596,861,2026-05-01,Dashboard,20,3
8597,861,2026-06-01,Reports,20,4
8598,861,2026-07-01,Integrations,20,3
8599,862,2025-08-01,Reports,15,3
8600,862,2025-09-01,Automation,20,3
8601,862,2025-10-01,Integrations,14,2
8602,862,2025-11-01,API,16,5
8603,862,2025-12-01,Reports,19,4
8604,862,2026-01-01,API,21,5
8605,862,2026-02-01,Integrations,18,3
8606,862,2026-03-01,API,20,4
8607,862,2026-04-01,Integrations,9,2
8608,862,2026-05-01,Automation,6,1
8609,863,2025-09-01,Dashboard,12,3
8610,863,2025-10-01,Integrations,15,4
8611,863,2025-11-01,Dashboard,16,3
8612,863,2025-12-01,Dashboard,18,5
8613,863,2026-01-01,Dashboard,15,4
8614,863,2026-02-01,Integrations,19,4
8615,863,2026-03-01,API,13,3
8616,863,2026-04-01,Integrations,18,3
8617,863,2026-05-01,Reports,16,3
8618,863,2026-06-01,Integrations,21,4
8619,863,2026-07-01,Integrations,10,2
8620,864,2025-01-01,Automation,8,1
8621,864,2025-02-01,Reports,5,1
8622,864,2025-03-01,Integrations,5,1
8623,864,2025-04-01,Reports,4,1
8624,864,2025-05-01,Reports,8,1
8625,864,2025-06-01,Reports,6,1
8626,864,2025-07-01,Automation,4,1
8627,864,2025-08-01,Dashboard,6,1
8628,864,2025-09-01,Integrations,13,3
8629,864,2025-10-01,Integrations,12,2
8630,864,2025-11-01,Dashboard,3,1
8631,864,2025-12-01,Automation,5,1
8632,864,2026-01-01,Integrations,2,1
8633,864,2026-02-01,Automation,1,1
8634,864,2026-03-01,Reports,1,1
8635,865,2025-03-01,API,40,6
8636,865,2025-04-01,Integrations,50,14
8637,865,2025-05-01,Automation,39,7
8638,865,2025-06-01,Dashboard,39,9
8639,865,2025-07-01,API,39,6
8640,865,2025-08-01,Integrations,43,14
8641,865,2025-09-01,Dashboard,41,9
8642,865,2025-10-01,Integrations,41,8
8643,865,2025-11-01,API,41,11
8644,865,2025-12-01,Dashboard,43,9
8645,865,2026-01-01,API,37,6
8646,865,2026-02-01,Integrations,30,5
8647,865,2026-03-01,Reports,11,2
8648,865,2026-04-01,Reports,5,1
8649,866,2026-04-01,Automation,2,1
8650,866,2026-05-01,Dashboard,7,1
8651,867,2025-10-01,Dashboard,3,1
8652,867,2025-11-01,Reports,1,1
8653,867,2025-12-01,Dashboard,0,1
8654,867,2026-01-01,Dashboard,0,1
8655,867,2026-02-01,Integrations,0,1
8656,868,2025-08-01,API,8,1
8657,868,2025-09-01,API,12,3
8658,868,2025-10-01,Dashboard,7,1
8659,868,2025-11-01,Reports,9,2
8660,868,2025-12-01,API,7,1
8661,868,2026-01-01,Automation,7,1
8662,868,2026-02-01,Automation,14,2
8663,868,2026-03-01,Integrations,10,3
8664,868,2026-04-01,API,4,1
8665,868,2026-05-01,Reports,8,1
8666,868,2026-06-01,Integrations,10,1
8667,868,2026-07-01,Dashboard,16,3
8668,869,2025-06-01,Dashboard,14,4
8669,869,2025-07-01,Reports,14,3
8670,869,2025-08-01,Automation,8,1
8671,869,2025-09-01,Automation,13,4
8672,869,2025-10-01,Automation,12,3
8673,869,2025-11-01,API,12,2
8674,869,2025-12-01,Integrations,11,2
8675,869,2026-01-01,Reports,10,2
8676,869,2026-02-01,Automation,7,1
8677,869,2026-03-01,Reports,5,1
8678,869,2026-04-01,Integrations,8,2
8679,869,2026-05-01,Integrations,4,1
8680,869,2026-06-01,Integrations,8,1
8681,869,2026-07-01,Integrations,10,1
8682,870,2025-04-01,Dashboard,1,1
8683,870,2025-05-01,API,0,1
8684,870,2025-06-01,Integrations,2,1
8685,870,2025-07-01,API,0,1
8686,870,2025-08-01,Integrations,1,1
8687,870,2025-09-01,Dashboard,4,1
8688,870,2025-10-01,Dashboard,5,1
8689,870,2025-11-01,Automation,0,1
8690,870,2025-12-01,Dashboard,6,1
8691,870,2026-01-01,Dashboard,0,1
8692,870,2026-02-01,Dashboard,2,1
8693,870,2026-03-01,Reports,1,1
8694,870,2026-04-01,Dashboard,2,1
8695,871,2026-01-01,Reports,12,2
8696,871,2026-02-01,Reports,13,4
8697,871,2026-03-01,Integrations,20,4
8698,871,2026-04-01,Automation,12,2
8699,871,2026-05-01,API,4,1
8700,871,2026-06-01,Reports,12,2
8701,871,2026-07-01,Reports,15,4
8702,872,2025-05-01,Dashboard,15,4
8703,872,2025-06-01,Automation,19,3
8704,872,2025-07-01,Dashboard,17,2
8705,872,2025-08-01,Automation,21,6
8706,872,2025-09-01,API,16,2
8707,872,2025-10-01,Automation,18,3
8708,872,2025-11-01,Integrations,21,4
8709,872,2025-12-01,API,17,3
8710,872,2026-01-01,Integrations,20,5
8711,872,2026-02-01,Dashboard,23,4
8712,872,2026-03-01,Reports,10,2
8713,872,2026-04-01,Reports,15,2
8714,872,2026-05-01,Dashboard,15,3
8715,872,2026-06-01,Automation,14,3
8716,872,2026-07-01,Dashboard,10,2
8717,873,2025-11-01,Reports,13,2
8718,873,2025-12-01,Dashboard,11,2
8719,873,2026-01-01,Reports,14,4
8720,873,2026-02-01,Integrations,13,3
8721,873,2026-03-01,API,9,1
8722,873,2026-04-01,Automation,12,2
8723,873,2026-05-01,Integrations,9,1
8724,873,2026-06-01,Dashboard,7,2
8725,873,2026-07-01,Automation,11,3
8726,874,2026-02-01,Automation,14,2
8727,874,2026-03-01,Dashboard,14,3
8728,874,2026-04-01,API,17,4
8729,874,2026-05-01,Dashboard,12,2
8730,874,2026-06-01,Automation,13,2
8731,874,2026-07-01,Automation,14,3
8732,875,2025-08-01,API,0,1
8733,876,2025-01-01,Dashboard,19,4
8734,876,2025-02-01,Automation,19,3
8735,876,2025-03-01,Integrations,14,2
8736,876,2025-04-01,Reports,13,2
8737,876,2025-05-01,API,20,6
8738,876,2025-06-01,Dashboard,20,5
8739,876,2025-07-01,API,16,3
8740,876,2025-08-01,Automation,19,4
8741,876,2025-09-01,Dashboard,11,2
8742,876,2025-10-01,Dashboard,13,2
8743,876,2025-11-01,Integrations,19,3
8744,876,2025-12-01,API,15,3
8745,876,2026-01-01,Reports,16,3
8746,876,2026-02-01,Reports,14,2
8747,876,2026-03-01,Dashboard,15,2
8748,876,2026-04-01,Integrations,16,2
8749,876,2026-05-01,Dashboard,17,3
8750,876,2026-06-01,Reports,20,3
8751,876,2026-07-01,API,16,3
8752,877,2025-09-01,Integrations,21,5
8753,877,2025-10-01,Dashboard,22,5
8754,877,2025-11-01,Reports,21,4
8755,877,2025-12-01,Integrations,18,3
8756,877,2026-01-01,API,23,5
8757,877,2026-02-01,Integrations,23,4
8758,877,2026-03-01,Reports,24,6
8759,877,2026-04-01,API,18,5
8760,877,2026-05-01,Dashboard,20,4
8761,877,2026-06-01,API,22,4
8762,877,2026-07-01,API,18,3
8763,878,2025-09-01,Dashboard,23,7
8764,878,2025-10-01,API,24,6
8765,878,2025-11-01,Dashboard,24,4
8766,878,2025-12-01,Dashboard,25,5
8767,878,2026-01-01,API,26,4
8768,878,2026-02-01,Reports,26,4
8769,878,2026-03-01,Integrations,26,5
8770,878,2026-04-01,Automation,21,4
8771,878,2026-05-01,Integrations,22,4
8772,878,2026-06-01,Reports,23,6
8773,878,2026-07-01,Integrations,25,4
8774,879,2025-12-01,Integrations,32,7
8775,879,2026-01-01,Integrations,26,7
8776,879,2026-02-01,Dashboard,26,4
8777,879,2026-03-01,Automation,31,6
8778,879,2026-04-01,Automation,27,8
8779,879,2026-05-01,Integrations,25,4
8780,879,2026-06-01,Dashboard,30,5
8781,879,2026-07-01,API,31,7
8782,880,2025-04-01,Reports,4,1
8783,880,2025-05-01,Reports,2,1
8784,880,2025-06-01,Automation,0,1
8785,880,2025-07-01,API,0,1
8786,880,2025-08-01,Automation,8,1
8787,880,2025-09-01,API,2,1
8788,880,2025-10-01,Dashboard,0,1
8789,880,2025-11-01,Reports,2,1
8790,880,2025-12-01,Automation,4,1
8791,880,2026-01-01,Reports,0,1
8792,880,2026-02-01,Dashboard,5,1
8793,880,2026-03-01,Integrations,2,1
8794,880,2026-04-01,Reports,0,1
8795,880,2026-05-01,Reports,0,1
8796,880,2026-06-01,Reports,3,1
8797,880,2026-07-01,Dashboard,3,1
8798,881,2025-02-01,Dashboard,3,1
8799,881,2025-03-01,Integrations,0,1
8800,881,2025-04-01,API,4,1
8801,881,2025-05-01,Automation,0,1
8802,881,2025-06-01,API,1,1
8803,881,2025-07-01,Dashboard,4,1
8804,881,2025-08-01,API,3,1
8805,881,2025-09-01,API,0,1
8806,881,2025-10-01,Reports,2,1
8807,881,2025-11-01,Reports,1,1
8808,881,2025-12-01,Integrations,2,1
8809,881,2026-01-01,Dashboard,1,1
8810,881,2026-02-01,Automation,0,1
8811,881,2026-03-01,Reports,0,1
8812,881,2026-04-01,Automation,2,1
8813,881,2026-05-01,Automation,7,1
8814,881,2026-06-01,Dashboard,1,1
8815,881,2026-07-01,Reports,5,1
8816,882,2025-11-01,API,0,1
8817,883,2025-08-01,API,25,7
8818,883,2025-09-01,Dashboard,31,5
8819,883,2025-10-01,Dashboard,27,7
8820,883,2025-11-01,Automation,29,5
8821,883,2025-12-01,API,28,5
8822,883,2026-01-01,Automation,31,6
8823,883,2026-02-01,Dashboard,29,9
8824,883,2026-03-01,Dashboard,31,6
8825,883,2026-04-01,Dashboard,35,5
8826,883,2026-05-01,Dashboard,31,7
8827,883,2026-06-01,API,27,7
8828,883,2026-07-01,Integrations,33,5
8829,884,2025-04-01,Automation,9,1
8830,884,2025-05-01,Automation,4,1
8831,884,2025-06-01,API,0,1
8832,885,2025-08-01,Automation,3,1
8833,885,2025-09-01,Dashboard,0,1
8834,885,2025-10-01,Dashboard,1,1
8835,885,2025-11-01,Dashboard,0,1
8836,885,2025-12-01,Automation,0,1
8837,885,2026-01-01,Integrations,0,1
8838,885,2026-02-01,Integrations,4,1
8839,885,2026-03-01,Automation,0,1
8840,885,2026-04-01,Automation,5,1
8841,885,2026-05-01,Reports,0,1
8842,885,2026-06-01,Reports,2,1
8843,885,2026-07-01,API,0,1
8844,886,2025-01-01,Automation,8,1
8845,886,2025-02-01,API,6,1
8846,886,2025-03-01,Automation,6,1
8847,886,2025-04-01,Automation,5,1
8848,886,2025-05-01,Reports,5,1
8849,886,2025-06-01,API,7,2
8850,886,2025-07-01,Automation,0,1
8851,886,2025-08-01,API,5,1
8852,886,2025-09-01,Dashboard,3,1
8853,886,2025-10-01,API,3,1
8854,886,2025-11-01,Integrations,3,1
8855,886,2025-12-01,Dashboard,7,2
8856,886,2026-01-01,API,6,1
8857,886,2026-02-01,Integrations,6,1
8858,886,2026-03-01,Dashboard,5,1
8859,886,2026-04-01,Reports,2,1
8860,886,2026-05-01,Integrations,2,1
8861,886,2026-06-01,API,1,1
8862,886,2026-07-01,Integrations,4,1
8863,887,2025-04-01,Reports,1,1
8864,887,2025-05-01,Dashboard,3,1
8865,887,2025-06-01,Automation,1,1
8866,887,2025-07-01,Dashboard,6,1
8867,887,2025-08-01,API,0,1
8868,887,2025-09-01,Dashboard,2,1
8869,887,2025-10-01,Dashboard,6,1
8870,887,2025-11-01,Reports,3,1
8871,887,2025-12-01,Integrations,0,1
8872,887,2026-01-01,Integrations,3,1
8873,887,2026-02-01,API,3,1
8874,887,2026-03-01,Automation,9,1
8875,887,2026-04-01,API,0,1
8876,887,2026-05-01,Automation,5,1
8877,887,2026-06-01,Dashboard,0,1
8878,887,2026-07-01,Dashboard,5,1
8879,888,2025-06-01,API,13,2
8880,888,2025-07-01,Dashboard,14,3
8881,888,2025-08-01,API,9,1
8882,888,2025-09-01,Integrations,13,3
8883,888,2025-10-01,Reports,11,1
8884,888,2025-11-01,API,13,3
8885,888,2025-12-01,API,15,2
8886,888,2026-01-01,Automation,10,1
8887,888,2026-02-01,Dashboard,1,1
8888,888,2026-03-01,Automation,13,3
8889,888,2026-04-01,Automation,8,1
8890,888,2026-05-01,Automation,12,3
8891,888,2026-06-01,Integrations,17,3
8892,888,2026-07-01,Integrations,10,2
8893,889,2025-03-01,Reports,12,3
8894,889,2025-04-01,Integrations,8,2
8895,889,2025-05-01,Reports,11,1
8896,889,2025-06-01,Integrations,7,1
8897,889,2025-07-01,Reports,9,1
8898,889,2025-08-01,Reports,0,1
8899,890,2025-10-01,Automation,3,1
8900,890,2025-11-01,Automation,5,1
8901,890,2025-12-01,API,9,2
8902,890,2026-01-01,Dashboard,10,2
8903,890,2026-02-01,Dashboard,5,1
8904,890,2026-03-01,Dashboard,3,1
8905,890,2026-04-01,Reports,2,1
8906,890,2026-05-01,API,1,1
8907,890,2026-06-01,Integrations,11,1
8908,890,2026-07-01,Reports,12,3
8909,891,2025-05-01,Integrations,12,3
8910,891,2025-06-01,Integrations,17,4
8911,891,2025-07-01,Dashboard,12,3
8912,891,2025-08-01,Integrations,16,2
8913,891,2025-09-01,Reports,8,1
8914,891,2025-10-01,Dashboard,8,2
8915,891,2025-11-01,Reports,2,1
8916,891,2025-12-01,Reports,3,1
8917,892,2025-07-01,Automation,14,2
8918,892,2025-08-01,Reports,10,1
8919,892,2025-09-01,API,11,3
8920,892,2025-10-01,Reports,9,1
8921,892,2025-11-01,Integrations,7,1
8922,892,2025-12-01,Automation,11,2
8923,892,2026-01-01,Reports,6,1
8924,892,2026-02-01,API,2,1
8925,892,2026-03-01,Integrations,6,1
8926,892,2026-04-01,Automation,0,1
8927,893,2025-04-01,Dashboard,15,2
8928,893,2025-05-01,Reports,20,4
8929,893,2025-06-01,Dashboard,23,4
8930,893,2025-07-01,API,20,3
8931,893,2025-08-01,Dashboard,21,3
8932,893,2025-09-01,Reports,18,4
8933,893,2025-10-01,Automation,19,5
8934,893,2025-11-01,Reports,18,4
8935,893,2025-12-01,Automation,17,3
8936,893,2026-01-01,Automation,17,4
8937,893,2026-02-01,Integrations,16,3
8938,893,2026-03-01,Automation,18,3
8939,893,2026-04-01,Dashboard,16,4
8940,893,2026-05-01,Automation,24,7
8941,893,2026-06-01,Integrations,19,6
8942,893,2026-07-01,Automation,22,3
8943,894,2026-01-01,Automation,25,4
8944,894,2026-02-01,Dashboard,20,4
8945,894,2026-03-01,Dashboard,27,6
8946,894,2026-04-01,Reports,22,3
8947,894,2026-05-01,Dashboard,20,4
8948,894,2026-06-01,API,19,4
8949,894,2026-07-01,Automation,24,4
8950,895,2025-01-01,Automation,10,2
8951,895,2025-02-01,Automation,7,2
8952,895,2025-03-01,Automation,5,1
8953,895,2025-04-01,Automation,4,1
8954,895,2025-05-01,Integrations,3,1
8955,895,2025-06-01,Reports,6,1
8956,895,2025-07-01,API,4,1
8957,895,2025-08-01,API,8,1
8958,895,2025-09-01,API,8,1
8959,895,2025-10-01,Integrations,8,2
8960,895,2025-11-01,Reports,7,2
8961,895,2025-12-01,Dashboard,0,1
8962,895,2026-01-01,Reports,1,1
8963,895,2026-02-01,Automation,5,1
8964,895,2026-03-01,API,2,1
8965,895,2026-04-01,Reports,11,3
8966,895,2026-05-01,Dashboard,8,1
8967,895,2026-06-01,Automation,9,2
8968,895,2026-07-01,Reports,8,2
8969,896,2025-06-01,Automation,6,1
8970,896,2025-07-01,Integrations,5,1
8971,896,2025-08-01,Automation,6,1
8972,896,2025-09-01,Reports,9,1
8973,896,2025-10-01,Reports,8,1
8974,896,2025-11-01,API,11,2
8975,896,2025-12-01,Reports,7,1
8976,896,2026-01-01,Dashboard,8,2
8977,896,2026-02-01,Reports,9,1
8978,896,2026-03-01,Dashboard,9,1
8979,896,2026-04-01,Reports,3,1
8980,896,2026-05-01,API,9,1
8981,896,2026-06-01,API,9,1
8982,896,2026-07-01,Automation,9,2
8983,897,2025-09-01,Automation,8,1
8984,897,2025-10-01,Reports,4,1
8985,897,2025-11-01,Dashboard,5,1
8986,897,2025-12-01,Dashboard,4,1
8987,897,2026-01-01,Automation,0,1
8988,897,2026-02-01,Dashboard,5,1
8989,897,2026-03-01,Reports,0,1
8990,897,2026-04-01,API,0,1
8991,898,2025-04-01,Automation,5,1
8992,898,2025-05-01,Automation,5,1
8993,899,2025-12-01,Reports,8,1
8994,899,2026-01-01,API,9,1
8995,899,2026-02-01,Integrations,3,1
8996,899,2026-03-01,Reports,3,1
8997,900,2025-05-01,Dashboard,22,5
8998,900,2025-06-01,Reports,15,2
8999,900,2025-07-01,Integrations,15,3
9000,900,2025-08-01,Reports,21,5
9001,900,2025-09-01,Dashboard,20,5
9002,900,2025-10-01,Integrations,15,3
9003,900,2025-11-01,Dashboard,23,4
9004,900,2025-12-01,Reports,21,5
9005,900,2026-01-01,API,19,4
9006,900,2026-02-01,Dashboard,18,3
9007,900,2026-03-01,Reports,18,5
9008,900,2026-04-01,API,17,3
9009,900,2026-05-01,API,26,6
9010,900,2026-06-01,Dashboard,18,3
9011,900,2026-07-01,Integrations,20,3
9012,901,2025-06-01,Automation,24,7
9013,901,2025-07-01,API,27,5
9014,901,2025-08-01,Integrations,15,4
9015,901,2025-09-01,Dashboard,13,2
9016,901,2025-10-01,Dashboard,0,1
9017,902,2024-10-01,Reports,4,1
9018,902,2024-11-01,API,7,1
9019,902,2024-12-01,Automation,7,1
9020,902,2025-01-01,Automation,6,1
9021,902,2025-02-01,Dashboard,5,1
9022,902,2025-03-01,API,6,1
9023,902,2025-04-01,Dashboard,13,2
9024,902,2025-05-01,Reports,4,1
9025,902,2025-06-01,Integrations,0,1
9026,902,2025-07-01,Automation,3,1
9027,903,2026-01-01,Integrations,3,1
9028,903,2026-02-01,Integrations,9,1
9029,903,2026-03-01,API,10,3
9030,903,2026-04-01,Integrations,5,1
9031,903,2026-05-01,Automation,8,2
9032,903,2026-06-01,Automation,4,1
9033,903,2026-07-01,Automation,11,2
9034,903,2026-08-01,Dashboard,5,1
9035,903,2026-09-01,Integrations,7,2
9036,903,2026-10-01,Dashboard,5,1
9037,903,2026-11-01,API,5,1
9038,903,2026-12-01,Dashboard,4,1
9039,904,2024-12-01,Automation,11,2
9040,904,2025-01-01,Reports,15,3
9041,904,2025-02-01,Integrations,8,2
9042,904,2025-03-01,Reports,11,2
9043,904,2025-04-01,Integrations,7,1
9044,904,2025-05-01,Integrations,10,2
9045,904,2025-06-01,Automation,10,2
9046,904,2025-07-01,Reports,8,2
9047,904,2025-08-01,API,9,2
9048,904,2025-09-01,Dashboard,12,2
9049,904,2025-10-01,Integrations,9,2
9050,904,2025-11-01,Automation,20,4
9051,904,2025-12-01,Reports,13,3
9052,904,2026-01-01,Reports,13,3
9053,904,2026-02-01,Automation,14,3
9054,904,2026-03-01,Dashboard,12,2
9055,904,2026-04-01,Automation,9,2
9056,904,2026-05-01,Dashboard,13,2
9057,904,2026-06-01,Integrations,10,2
9058,904,2026-07-01,Integrations,7,1
9059,905,2025-05-01,Automation,17,4
9060,905,2025-06-01,Integrations,18,4
9061,905,2025-07-01,Automation,11,1
9062,905,2025-08-01,Dashboard,20,4
9063,905,2025-09-01,Reports,14,2
9064,905,2025-10-01,Integrations,14,3
9065,905,2025-11-01,Integrations,20,3
9066,905,2025-12-01,Integrations,14,3
9067,905,2026-01-01,Automation,20,3
9068,905,2026-02-01,Automation,16,3
9069,905,2026-03-01,Dashboard,13,2
9070,905,2026-04-01,Integrations,19,4
9071,905,2026-05-01,Automation,23,6
9072,905,2026-06-01,Automation,14,3
9073,905,2026-07-01,Reports,20,4
9074,906,2025-01-01,API,19,5
9075,906,2025-02-01,API,19,3
9076,906,2025-03-01,Integrations,22,5
9077,906,2025-04-01,Integrations,22,5
9078,906,2025-05-01,Automation,17,2
9079,906,2025-06-01,Reports,15,4
9080,906,2025-07-01,Dashboard,23,5
9081,906,2025-08-01,Automation,18,3
9082,906,2025-09-01,Automation,22,4
9083,906,2025-10-01,Automation,18,5
9084,906,2025-11-01,Reports,15,3
9085,906,2025-12-01,Integrations,17,3
9086,906,2026-01-01,Dashboard,20,4
9087,906,2026-02-01,Integrations,20,6
9088,906,2026-03-01,Automation,15,2
9089,906,2026-04-01,Automation,21,6
9090,906,2026-05-01,Dashboard,19,3
9091,906,2026-06-01,Automation,21,3
9092,906,2026-07-01,Dashboard,21,6
9093,907,2025-03-01,Integrations,7,1
9094,907,2025-04-01,Dashboard,0,1
9095,907,2025-05-01,API,1,1
9096,907,2025-06-01,Dashboard,7,1
9097,907,2025-07-01,Reports,10,2
9098,907,2025-08-01,API,7,2
9099,907,2025-09-01,Integrations,7,1
9100,907,2025-10-01,Dashboard,4,1
9101,907,2025-11-01,Dashboard,6,1
9102,907,2025-12-01,Integrations,2,1
9103,907,2026-01-01,Reports,8,2
9104,907,2026-02-01,API,2,1
9105,907,2026-03-01,Dashboard,0,1
9106,907,2026-04-01,Integrations,1,1
9107,908,2025-01-01,Dashboard,8,2
9108,908,2025-02-01,Dashboard,6,1
9109,908,2025-03-01,Automation,1,1
9110,908,2025-04-01,Dashboard,6,1
9111,909,2025-11-01,Dashboard,5,1
9112,909,2025-12-01,Integrations,0,1
9113,909,2026-01-01,Reports,4,1
9114,909,2026-02-01,Automation,6,1
9115,909,2026-03-01,Reports,3,1
9116,909,2026-04-01,Automation,0,1
9117,909,2026-05-01,API,9,1
9118,909,2026-06-01,Integrations,0,1
9119,909,2026-07-01,API,0,1
9120,910,2024-10-01,API,18,4
9121,910,2024-11-01,API,17,3
9122,910,2024-12-01,Dashboard,18,4
9123,910,2025-01-01,API,25,8
9124,910,2025-02-01,Dashboard,23,5
9125,910,2025-03-01,Automation,19,3
9126,910,2025-04-01,API,18,3
9127,910,2025-05-01,Dashboard,13,2
9128,910,2025-06-01,API,18,3
9129,910,2025-07-01,Integrations,19,3
9130,910,2025-08-01,Integrations,20,6
9131,910,2025-09-01,Dashboard,22,4
9132,910,2025-10-01,Integrations,20,4
9133,910,2025-11-01,Automation,19,5
9134,910,2025-12-01,Reports,20,3
9135,910,2026-01-01,Automation,22,4
9136,910,2026-02-01,Automation,20,3
9137,910,2026-03-01,Automation,24,4
9138,910,2026-04-01,Reports,21,6
9139,910,2026-05-01,Dashboard,22,4
9140,910,2026-06-01,Automation,22,4
9141,910,2026-07-01,Reports,19,5
9142,911,2026-01-01,API,10,2
9143,911,2026-02-01,Automation,9,1
9144,911,2026-03-01,Reports,7,1
9145,911,2026-04-01,API,1,1
9146,911,2026-05-01,API,0,1
9147,912,2025-04-01,Dashboard,8,1
9148,912,2025-05-01,API,3,1
9149,912,2025-06-01,Reports,8,1
9150,912,2025-07-01,Automation,5,1
9151,912,2025-08-01,Reports,3,1
9152,912,2025-09-01,Dashboard,10,1
9153,912,2025-10-01,API,5,1
9154,912,2025-11-01,Integrations,3,1
9155,912,2025-12-01,Automation,0,1
9156,913,2025-08-01,Reports,6,1
9157,913,2025-09-01,Reports,4,1
9158,913,2025-10-01,Integrations,2,1
9159,913,2025-11-01,Automation,13,2
9160,913,2025-12-01,Automation,9,2
9161,913,2026-01-01,Reports,0,1
9162,913,2026-02-01,API,0,1
9163,914,2025-08-01,Dashboard,7,1
9164,914,2025-09-01,Dashboard,6,1
9165,914,2025-10-01,Reports,0,1
9166,914,2025-11-01,Integrations,6,1
9167,915,2025-04-01,API,0,1
9168,916,2025-02-01,Automation,4,1
9169,916,2025-03-01,API,7,1
9170,916,2025-04-01,Automation,6,1
9171,916,2025-05-01,Automation,3,1
9172,916,2025-06-01,API,9,1
9173,916,2025-07-01,Integrations,0,1
9174,916,2025-08-01,Dashboard,6,1
9175,916,2025-09-01,Automation,9,2
9176,916,2025-10-01,API,3,1
9177,916,2025-11-01,Integrations,8,1
9178,916,2025-12-01,Integrations,4,1
9179,916,2026-01-01,Dashboard,8,2
9180,916,2026-02-01,Dashboard,8,1
9181,916,2026-03-01,Integrations,8,2
9182,916,2026-04-01,Dashboard,5,1
9183,916,2026-05-01,Automation,2,1
9184,916,2026-06-01,Dashboard,0,1
9185,917,2025-10-01,Automation,0,1
9186,917,2025-11-01,Automation,0,1
9187,917,2025-12-01,Automation,3,1
9188,917,2026-01-01,API,0,1
9189,918,2025-07-01,API,2,1
9190,918,2025-08-01,Reports,0,1
9191,918,2025-09-01,Reports,9,1
9192,918,2025-10-01,Integrations,4,1
9193,918,2025-11-01,API,5,1
9194,918,2025-12-01,API,0,1
9195,918,2026-01-01,Automation,3,1
9196,918,2026-02-01,API,0,1
9197,919,2026-01-01,API,0,1
9198,919,2026-02-01,Integrations,4,1
9199,919,2026-03-01,Automation,2,1
9200,919,2026-04-01,Automation,4,1
9201,919,2026-05-01,Dashboard,2,1
9202,919,2026-06-01,Automation,1,1
9203,919,2026-07-01,Automation,4,1
9204,920,2025-04-01,Dashboard,11,2
9205,920,2025-05-01,Integrations,12,2
9206,920,2025-06-01,Automation,4,1
9207,920,2025-07-01,Integrations,6,1
9208,920,2025-08-01,Reports,15,2
9209,920,2025-09-01,Reports,6,1
9210,920,2025-10-01,Dashboard,11,2
9211,920,2025-11-01,Dashboard,1,1
9212,920,2025-12-01,Automation,6,1
9213,920,2026-01-01,Integrations,9,2
9214,920,2026-02-01,Dashboard,9,2
9215,920,2026-03-01,Reports,8,2
9216,920,2026-04-01,Dashboard,9,2
9217,920,2026-05-01,Integrations,11,2
9218,920,2026-06-01,Automation,7,1
9219,920,2026-07-01,Dashboard,12,3
9220,921,2025-04-01,API,2,1
9221,922,2025-07-01,Reports,12,3
9222,922,2025-08-01,API,10,1
9223,922,2025-09-01,Reports,13,2
9224,922,2025-10-01,Dashboard,14,3
9225,922,2025-11-01,Integrations,15,4
9226,922,2025-12-01,API,12,3
9227,922,2026-01-01,Reports,8,1
9228,922,2026-02-01,Automation,11,3
9229,922,2026-03-01,Automation,2,1
9230,923,2025-02-01,Integrations,15,2
9231,923,2025-03-01,Integrations,16,2
9232,923,2025-04-01,Automation,11,1
9233,923,2025-05-01,Reports,6,1
9234,923,2025-06-01,Integrations,0,1
9235,924,2024-10-01,Reports,20,3
9236,924,2024-11-01,Dashboard,18,3
9237,924,2024-12-01,API,23,4
9238,924,2025-01-01,Reports,19,5
9239,924,2025-02-01,Automation,19,5
9240,924,2025-03-01,Integrations,19,3
9241,924,2025-04-01,API,21,4
9242,924,2025-05-01,API,18,4
9243,924,2025-06-01,Automation,18,3
9244,924,2025-07-01,Integrations,17,5
9245,924,2025-08-01,Dashboard,18,3
9246,924,2025-09-01,Integrations,20,3
9247,924,2025-10-01,Integrations,25,6
9248,924,2025-11-01,Reports,17,4
9249,924,2025-12-01,Automation,24,4
9250,924,2026-01-01,Reports,18,5
9251,924,2026-02-01,Dashboard,23,5
9252,924,2026-03-01,Reports,19,3
9253,924,2026-04-01,Reports,21,3
9254,924,2026-05-01,Reports,21,6
9255,924,2026-06-01,Dashboard,20,3
9256,924,2026-07-01,Integrations,20,5
9257,925,2025-07-01,Automation,9,2
9258,925,2025-08-01,Integrations,17,3
9259,925,2025-09-01,Reports,13,2
9260,925,2025-10-01,Dashboard,14,2
9261,925,2025-11-01,Dashboard,13,2
9262,925,2025-12-01,Dashboard,14,3
9263,925,2026-01-01,API,13,2
9264,925,2026-02-01,Reports,6,1
9265,925,2026-03-01,Automation,12,2
9266,925,2026-04-01,Reports,14,2
9267,925,2026-05-01,Integrations,9,1
9268,925,2026-06-01,Dashboard,13,4
9269,925,2026-07-01,Automation,9,2
9270,926,2024-09-01,API,4,1
9271,927,2026-02-01,Automation,1,1
9272,927,2026-03-01,Dashboard,0,1
9273,927,2026-04-01,Reports,7,1
9274,927,2026-05-01,API,0,1
9275,927,2026-06-01,Reports,2,1
9276,927,2026-07-01,Reports,3,1
9277,928,2025-12-01,Dashboard,14,3
9278,928,2026-01-01,Integrations,10,2
9279,928,2026-02-01,Dashboard,17,3
9280,928,2026-03-01,Automation,11,2
9281,928,2026-04-01,API,12,3
9282,928,2026-05-01,Integrations,11,2
9283,928,2026-06-01,Automation,13,3
9284,928,2026-07-01,Dashboard,14,2
9285,929,2025-02-01,Automation,7,1
9286,929,2025-03-01,Integrations,12,2
9287,929,2025-04-01,Reports,9,2
9288,929,2025-05-01,Dashboard,4,1
9289,929,2025-06-01,Integrations,12,2
9290,929,2025-07-01,API,7,1
9291,929,2025-08-01,Reports,10,3
9292,929,2025-09-01,Automation,9,1
9293,929,2025-10-01,Dashboard,3,1
9294,929,2025-11-01,Automation,6,1
9295,929,2025-12-01,Dashboard,13,2
9296,929,2026-01-01,Automation,11,2
9297,929,2026-02-01,Reports,7,1
9298,929,2026-03-01,Automation,11,2
9299,929,2026-04-01,Reports,5,1
9300,929,2026-05-01,Automation,11,2
9301,929,2026-06-01,Automation,12,2
9302,929,2026-07-01,Dashboard,16,4
9303,930,2026-03-01,Dashboard,6,1
9304,930,2026-04-01,Dashboard,4,1
9305,930,2026-05-01,API,7,1
9306,930,2026-06-01,API,2,1
9307,930,2026-07-01,Integrations,5,1
9308,931,2024-11-01,Automation,0,1
9309,932,2025-05-01,Automation,10,2
9310,932,2025-06-01,Integrations,8,1
9311,932,2025-07-01,Reports,10,1
9312,932,2025-08-01,API,11,3
9313,932,2025-09-01,Automation,6,1
9314,932,2025-10-01,API,6,1
9315,932,2025-11-01,Automation,8,2
9316,932,2025-12-01,Dashboard,10,1
9317,932,2026-01-01,Dashboard,4,1
9318,932,2026-02-01,Reports,12,2
9319,932,2026-03-01,Dashboard,7,1
9320,932,2026-04-01,Reports,9,1
9321,932,2026-05-01,API,8,2
9322,932,2026-06-01,API,9,2
9323,932,2026-07-01,Reports,6,1
9324,933,2025-05-01,API,2,1
9325,933,2025-06-01,Reports,10,1
9326,933,2025-07-01,Automation,4,1
9327,933,2025-08-01,API,5,1
9328,933,2025-09-01,API,6,1
9329,933,2025-10-01,API,3,1
9330,933,2025-11-01,Reports,7,2
9331,933,2025-12-01,Dashboard,0,1
9332,933,2026-01-01,API,3,1
9333,933,2026-02-01,Reports,4,1
9334,933,2026-03-01,Reports,3,1
9335,933,2026-04-01,Integrations,7,1
9336,933,2026-05-01,Dashboard,6,1
9337,933,2026-06-01,API,1,1
9338,933,2026-07-01,Dashboard,0,1
9339,934,2027-06-01,Reports,6,1
9340,934,2027-07-01,Reports,7,1
9341,934,2027-08-01,API,9,2
9342,934,2027-09-01,Dashboard,3,1
9343,934,2027-10-01,Dashboard,6,1
9344,934,2027-11-01,Dashboard,5,1
9345,934,2027-12-01,Dashboard,9,1
9346,934,2028-01-01,Dashboard,5,1
9347,934,2028-02-01,Reports,10,2
9348,934,2028-03-01,Automation,4,1
9349,934,2028-04-01,Automation,4,1
9350,934,2028-05-01,Reports,3,1
9351,934,2028-06-01,Dashboard,7,1
9352,934,2028-07-01,API,9,2
9353,934,2028-08-01,Automation,4,1
9354,934,2028-09-01,Dashboard,4,1
9355,935,2025-10-01,Reports,17,3
9356,935,2025-11-01,Reports,11,3
9357,935,2025-12-01,Reports,12,2
9358,935,2026-01-01,Dashboard,12,2
9359,935,2026-02-01,Automation,18,3
9360,935,2026-03-01,Integrations,14,2
9361,935,2026-04-01,Dashboard,13,2
9362,935,2026-05-01,Automation,15,3
9363,935,2026-06-01,Integrations,10,1
9364,935,2026-07-01,Reports,7,1
9365,936,2025-04-01,Integrations,5,1
9366,936,2025-05-01,Automation,2,1
9367,936,2025-06-01,API,3,1
9368,936,2025-07-01,Automation,2,1
9369,936,2025-08-01,API,1,1
9370,937,2025-08-01,Automation,3,1
9371,938,2025-06-01,API,6,1
9372,938,2025-07-01,Reports,8,1
9373,938,2025-08-01,Dashboard,1,1
9374,939,2025-05-01,Reports,4,1
9375,940,2025-06-01,API,8,1
9376,940,2025-07-01,Reports,6,1
9377,940,2025-08-01,Dashboard,8,1
9378,940,2025-09-01,API,9,2
9379,940,2025-10-01,API,11,2
9380,940,2025-11-01,API,10,3
9381,940,2025-12-01,API,9,2
9382,940,2026-01-01,API,9,2
9383,940,2026-02-01,Integrations,1,1
9384,940,2026-03-01,Reports,9,1
9385,940,2026-04-01,Reports,7,1
9386,940,2026-05-01,Integrations,6,1
9387,940,2026-06-01,Dashboard,7,1
9388,940,2026-07-01,Dashboard,8,1
9389,941,2025-01-01,API,11,1
9390,941,2025-02-01,Automation,5,1
9391,941,2025-03-01,API,8,1
9392,941,2025-04-01,Automation,9,1
9393,941,2025-05-01,Automation,0,1
9394,941,2025-06-01,Integrations,0,1
9395,942,2025-06-01,Automation,8,2
9396,942,2025-07-01,Dashboard,1,1
9397,942,2025-08-01,Reports,7,1
9398,942,2025-09-01,Dashboard,6,1
9399,942,2025-10-01,Integrations,0,1
9400,942,2025-11-01,Automation,2,1
9401,943,2025-09-01,Integrations,0,1
9402,944,2026-03-01,Automation,23,5
9403,944,2026-04-01,Integrations,16,2
9404,944,2026-05-01,Reports,21,6
9405,944,2026-06-01,Dashboard,16,3
9406,944,2026-07-01,Reports,21,4
9407,944,2026-08-01,Automation,17,3
9408,944,2026-09-01,Dashboard,15,2
9409,944,2026-10-01,Integrations,15,3
9410,944,2026-11-01,Automation,10,1
9411,944,2026-12-01,Dashboard,16,2
9412,944,2027-01-01,Automation,14,2
9413,944,2027-02-01,API,13,2
9414,944,2027-03-01,Automation,19,5
9415,944,2027-04-01,Integrations,17,3
9416,944,2027-05-01,Integrations,13,2
9417,944,2027-06-01,Dashboard,18,3
9418,944,2027-07-01,Integrations,15,3
9419,944,2027-08-01,Integrations,17,3
9420,944,2027-09-01,Automation,18,4
9421,944,2027-10-01,Automation,14,2
9422,945,2025-11-01,Integrations,1,1
9423,945,2025-12-01,API,5,1
9424,945,2026-01-01,Dashboard,3,1
9425,945,2026-02-01,Automation,0,1
9426,945,2026-03-01,Integrations,6,1
9427,945,2026-04-01,Automation,5,1
9428,945,2026-05-01,Reports,4,1
9429,945,2026-06-01,API,2,1
9430,945,2026-07-01,Automation,3,1
9431,946,2026-08-01,Dashboard,11,2
9432,946,2026-09-01,Automation,7,1
9433,946,2026-10-01,Automation,1,1
9434,946,2026-11-01,Integrations,3,1
9435,946,2026-12-01,Dashboard,1,1
9436,946,2027-01-01,Reports,2,1
9437,946,2027-02-01,Reports,0,1
9438,946,2027-03-01,Reports,7,1
9439,947,2025-02-01,Integrations,30,7
9440,947,2025-03-01,Dashboard,33,5
9441,947,2025-04-01,Dashboard,38,7
9442,947,2025-05-01,Reports,34,7
9443,947,2025-06-01,Integrations,33,8
9444,947,2025-07-01,Reports,32,7
9445,947,2025-08-01,Reports,28,5
9446,947,2025-09-01,API,33,8
9447,947,2025-10-01,Dashboard,29,4
9448,947,2025-11-01,Automation,39,7
9449,947,2025-12-01,Reports,30,9
9450,947,2026-01-01,Reports,31,7
9451,947,2026-02-01,API,33,6
9452,947,2026-03-01,Integrations,32,7
9453,947,2026-04-01,Reports,30,9
9454,947,2026-05-01,Automation,32,8
9455,947,2026-06-01,API,37,11
9456,947,2026-07-01,API,26,4
9457,948,2025-02-01,Reports,51,10
9458,948,2025-03-01,Reports,54,12
9459,948,2025-04-01,API,53,13
9460,948,2025-05-01,Integrations,51,14
9461,948,2025-06-01,API,51,8
9462,948,2025-07-01,Dashboard,53,10
9463,948,2025-08-01,Reports,49,13
9464,948,2025-09-01,Reports,48,12
9465,948,2025-10-01,API,54,9
9466,948,2025-11-01,Automation,50,10
9467,948,2025-12-01,Reports,53,9
9468,948,2026-01-01,Dashboard,51,11
9469,948,2026-02-01,Reports,49,8
9470,948,2026-03-01,Reports,47,8
9471,948,2026-04-01,Integrations,51,10
9472,948,2026-05-01,Reports,45,8
9473,948,2026-06-01,API,51,13
9474,948,2026-07-01,API,46,11
9475,949,2025-06-01,Integrations,2,1
9476,949,2025-07-01,Reports,1,1
9477,950,2026-02-01,Dashboard,4,1
9478,951,2025-09-01,API,5,1
9479,951,2025-10-01,Integrations,6,1
9480,951,2025-11-01,Dashboard,7,1
9481,951,2025-12-01,Integrations,6,1
9482,951,2026-01-01,Dashboard,0,1
9483,951,2026-02-01,API,3,1
9484,951,2026-03-01,Reports,3,1
9485,951,2026-04-01,API,6,1
9486,951,2026-05-01,Dashboard,12,2
9487,951,2026-06-01,Integrations,4,1
9488,951,2026-07-01,API,8,1
9489,952,2025-02-01,API,3,1
9490,952,2025-03-01,API,0,1
9491,952,2025-04-01,Dashboard,3,1
9492,952,2025-05-01,Dashboard,3,1
9493,952,2025-06-01,API,5,1
9494,952,2025-07-01,Integrations,6,1
9495,952,2025-08-01,API,3,1
9496,952,2025-09-01,Reports,11,2
9497,952,2025-10-01,Integrations,5,1
9498,952,2025-11-01,Integrations,3,1
9499,952,2025-12-01,Dashboard,5,1
9500,952,2026-01-01,Dashboard,1,1
9501,952,2026-02-01,API,8,2
9502,952,2026-03-01,Integrations,3,1
9503,952,2026-04-01,Reports,2,1
9504,952,2026-05-01,Integrations,6,1
9505,952,2026-06-01,Integrations,8,1
9506,952,2026-07-01,Automation,3,1
9507,953,2025-09-01,Automation,11,3
9508,953,2025-10-01,Integrations,9,2
9509,953,2025-11-01,API,7,1
9510,953,2025-12-01,API,9,1
9511,953,2026-01-01,Automation,5,1
9512,953,2026-02-01,Automation,5,1
9513,953,2026-03-01,Dashboard,3,1
9514,953,2026-04-01,Integrations,0,1
9515,953,2026-05-01,Reports,0,1
9516,954,2025-07-01,Reports,10,2
9517,954,2025-08-01,Reports,10,1
9518,954,2025-09-01,Dashboard,9,1
9519,954,2025-10-01,API,13,3
9520,954,2025-11-01,Reports,9,1
9521,954,2025-12-01,API,4,1
9522,954,2026-01-01,Automation,3,1
9523,954,2026-02-01,Integrations,1,1
9524,954,2026-03-01,Integrations,18,3
9525,954,2026-04-01,Reports,5,1
9526,954,2026-05-01,Dashboard,15,4
9527,954,2026-06-01,Integrations,14,2
9528,954,2026-07-01,API,13,3
9529,955,2025-04-01,Automation,3,1
9530,955,2025-05-01,Integrations,1,1
9531,955,2025-06-01,Dashboard,1,1
9532,955,2025-07-01,Integrations,7,2
9533,955,2025-08-01,Dashboard,2,1
9534,955,2025-09-01,Reports,0,1
9535,955,2025-10-01,Integrations,1,1
9536,955,2025-11-01,Dashboard,3,1
9537,955,2025-12-01,API,4,1
9538,955,2026-01-01,Reports,1,1
9539,955,2026-02-01,Dashboard,0,1
9540,955,2026-03-01,Reports,3,1
9541,955,2026-04-01,Dashboard,3,1
9542,955,2026-05-01,Dashboard,3,1
9543,955,2026-06-01,Dashboard,3,1
9544,955,2026-07-01,API,3,1
9545,956,2026-02-01,Reports,7,1
9546,956,2026-03-01,Integrations,11,3
9547,956,2026-04-01,Reports,18,3
9548,956,2026-05-01,Reports,6,1
9549,956,2026-06-01,API,12,2
9550,956,2026-07-01,Dashboard,11,1
9551,956,2026-08-01,Integrations,13,3
9552,956,2026-09-01,Reports,13,2
9553,956,2026-10-01,API,9,1
9554,956,2026-11-01,Automation,8,1
9555,956,2026-12-01,Reports,4,1
9556,957,2025-06-01,API,0,1
9557,957,2025-07-01,API,5,1
9558,957,2025-08-01,Reports,1,1
9559,957,2025-09-01,Automation,7,1
9560,957,2025-10-01,Reports,4,1
9561,957,2025-11-01,Integrations,3,1
9562,957,2025-12-01,Integrations,2,1
9563,957,2026-01-01,API,5,1
9564,957,2026-02-01,Dashboard,7,1
9565,957,2026-03-01,Dashboard,7,1
9566,957,2026-04-01,Automation,2,1
9567,957,2026-05-01,Reports,6,1
9568,957,2026-06-01,Reports,0,1
9569,957,2026-07-01,API,2,1
9570,958,2025-09-01,Automation,6,1
9571,958,2025-10-01,Automation,7,1
9572,958,2025-11-01,Dashboard,9,1
9573,958,2025-12-01,API,10,1
9574,958,2026-01-01,Automation,5,1
9575,958,2026-02-01,Automation,10,2
9576,958,2026-03-01,Integrations,5,1
9577,958,2026-04-01,Reports,12,2
9578,958,2026-05-01,Dashboard,5,1
9579,958,2026-06-01,Reports,2,1
9580,958,2026-07-01,Integrations,4,1
9581,959,2026-01-01,API,3,1
9582,959,2026-02-01,Dashboard,0,1
9583,959,2026-03-01,Dashboard,2,1
9584,959,2026-04-01,Integrations,1,1
9585,960,2026-03-01,Dashboard,10,3
9586,960,2026-04-01,API,2,1
9587,960,2026-05-01,Integrations,7,1
9588,960,2026-06-01,Reports,3,1
9589,960,2026-07-01,API,4,1
9590,961,2025-05-01,Dashboard,44,7
9591,961,2025-06-01,Dashboard,47,13
9592,961,2025-07-01,API,50,10
9593,961,2025-08-01,Integrations,47,8
9594,961,2025-09-01,Reports,43,9
9595,961,2025-10-01,Dashboard,43,7
9596,961,2025-11-01,Dashboard,49,9
9597,961,2025-12-01,Automation,46,8
9598,961,2026-01-01,Integrations,45,11
9599,961,2026-02-01,Integrations,43,12
9600,961,2026-03-01,Dashboard,45,11
9601,961,2026-04-01,Dashboard,48,10
9602,961,2026-05-01,Automation,53,15
9603,961,2026-06-01,Automation,48,11
9604,961,2026-07-01,Integrations,47,12
9605,962,2025-10-01,Integrations,2,1
9606,963,2024-11-01,API,17,4
9607,963,2024-12-01,API,15,3
9608,963,2025-01-01,Automation,18,3
9609,963,2025-02-01,API,13,2
9610,963,2025-03-01,Dashboard,12,3
9611,963,2025-04-01,Reports,4,1
9612,963,2025-05-01,Reports,1,1
9613,964,2025-05-01,API,23,4
9614,964,2025-06-01,Automation,22,3
9615,964,2025-07-01,Integrations,19,3
9616,964,2025-08-01,Automation,20,3
9617,964,2025-09-01,Automation,19,3
9618,964,2025-10-01,Automation,18,4
9619,964,2025-11-01,Reports,24,5
9620,964,2025-12-01,Reports,16,2
9621,964,2026-01-01,Reports,10,1
9622,964,2026-02-01,API,6,1
9623,964,2026-03-01,Reports,1,1
9624,965,2025-07-01,Reports,15,4
9625,965,2025-08-01,Automation,16,3
9626,965,2025-09-01,API,16,2
9627,965,2025-10-01,API,11,2
9628,965,2025-11-01,Reports,5,1
9629,965,2025-12-01,API,0,1
9630,966,2025-10-01,Automation,0,1
9631,966,2025-11-01,Integrations,2,1
9632,966,2025-12-01,Dashboard,0,1
9633,966,2026-01-01,Integrations,9,1
9634,966,2026-02-01,Integrations,6,1
9635,966,2026-03-01,Integrations,5,1
9636,966,2026-04-01,Reports,8,2
9637,966,2026-05-01,Reports,6,1
9638,966,2026-06-01,API,5,1
9639,966,2026-07-01,Reports,2,1
9640,967,2025-07-01,Automation,8,1
9641,967,2025-08-01,Reports,10,3
9642,967,2025-09-01,Reports,5,1
9643,967,2025-10-01,Reports,5,1
9644,967,2025-11-01,Dashboard,8,2
9645,967,2025-12-01,Automation,11,3
9646,967,2026-01-01,API,6,1
9647,967,2026-02-01,Integrations,10,2
9648,967,2026-03-01,Integrations,3,1
9649,967,2026-04-01,Dashboard,1,1
9650,967,2026-05-01,API,0,1
9651,968,2025-10-01,Integrations,2,1
9652,968,2025-11-01,Reports,5,1
9653,968,2025-12-01,Reports,5,1
9654,968,2026-01-01,Dashboard,2,1
9655,968,2026-02-01,Integrations,5,1
9656,968,2026-03-01,Dashboard,10,2
9657,968,2026-04-01,Automation,8,1
9658,968,2026-05-01,Dashboard,11,1
9659,968,2026-06-01,Dashboard,8,1
9660,968,2026-07-01,Integrations,4,1
9661,969,2024-11-01,Automation,11,2
9662,969,2024-12-01,API,3,1
9663,969,2025-01-01,Automation,0,1
9664,970,2025-04-01,Integrations,6,1
9665,970,2025-05-01,Integrations,0,1
9666,970,2025-06-01,Dashboard,3,1
9667,970,2025-07-01,API,3,1
9668,970,2025-08-01,Reports,6,1
9669,970,2025-09-01,Automation,6,1
9670,970,2025-10-01,API,2,1
9671,970,2025-11-01,Integrations,8,2
9672,970,2025-12-01,Automation,6,1
9673,970,2026-01-01,Dashboard,2,1
9674,970,2026-02-01,Reports,4,1
9675,970,2026-03-01,API,5,1
9676,970,2026-04-01,API,6,1
9677,970,2026-05-01,Dashboard,3,1
9678,970,2026-06-01,Integrations,0,1
9679,971,2024-12-01,Reports,3,1
9680,971,2025-01-01,API,2,1
9681,971,2025-02-01,Reports,0,1
9682,971,2025-03-01,Integrations,0,1
9683,972,2025-08-01,API,11,3
9684,972,2025-09-01,Reports,12,2
9685,972,2025-10-01,Reports,8,1
9686,972,2025-11-01,API,17,3
9687,972,2025-12-01,Automation,13,2
9688,972,2026-01-01,Integrations,11,3
9689,972,2026-02-01,API,9,2
9690,972,2026-03-01,Reports,13,4
9691,972,2026-04-01,Automation,12,2
9692,972,2026-05-01,Reports,10,2
9693,972,2026-06-01,Dashboard,15,3
9694,972,2026-07-01,Reports,10,2
9695,973,2025-07-01,Integrations,5,1
9696,973,2025-08-01,Dashboard,7,2
9697,973,2025-09-01,Reports,7,1
9698,973,2025-10-01,Dashboard,2,1
9699,973,2025-11-01,API,1,1
9700,974,2025-07-01,Integrations,44,7
9701,974,2025-08-01,API,35,7
9702,974,2025-09-01,Automation,37,6
9703,974,2025-10-01,Dashboard,37,9
9704,974,2025-11-01,Dashboard,37,7
9705,974,2025-12-01,Reports,43,11
9706,974,2026-01-01,Automation,33,8
9707,974,2026-02-01,Reports,36,9
9708,974,2026-03-01,Automation,39,8
9709,974,2026-04-01,Automation,38,8
9710,974,2026-05-01,Reports,39,7
9711,974,2026-06-01,Automation,38,7
9712,974,2026-07-01,Reports,37,10
9713,975,2026-01-01,Dashboard,23,6
9714,975,2026-02-01,API,20,6
9715,975,2026-03-01,Integrations,21,6
9716,975,2026-04-01,Integrations,20,5
9717,975,2026-05-01,Dashboard,23,4
9718,975,2026-06-01,Automation,18,5
9719,975,2026-07-01,API,18,3
9720,976,2025-05-01,Automation,3,1
9721,976,2025-06-01,Reports,0,1
9722,977,2025-04-01,Reports,7,1
9723,977,2025-05-01,Reports,0,1
9724,977,2025-06-01,Reports,8,1
9725,977,2025-07-01,Reports,7,1
9726,977,2025-08-01,Integrations,4,1
9727,978,2025-05-01,Integrations,3,1
9728,978,2025-06-01,Reports,2,1
9729,978,2025-07-01,Integrations,2,1
9730,978,2025-08-01,Automation,1,1
9731,978,2025-09-01,API,8,2
9732,978,2025-10-01,API,0,1
9733,978,2025-11-01,Dashboard,0,1
9734,978,2025-12-01,Automation,0,1
9735,978,2026-01-01,Integrations,2,1
9736,978,2026-02-01,Integrations,0,1
9737,978,2026-03-01,Integrations,4,1
9738,978,2026-04-01,Automation,0,1
9739,978,2026-05-01,Automation,0,1
9740,978,2026-06-01,Integrations,2,1
9741,978,2026-07-01,Dashboard,0,1
9742,979,2025-05-01,API,0,1
9743,979,2025-06-01,Dashboard,2,1
9744,980,2025-04-01,Reports,0,1
9745,980,2025-05-01,Integrations,10,2
9746,980,2025-06-01,Reports,8,1
9747,980,2025-07-01,Reports,6,1
9748,980,2025-08-01,Reports,2,1
9749,980,2025-09-01,Automation,1,1
9750,980,2025-10-01,API,7,1
9751,980,2025-11-01,API,1,1
9752,981,2025-09-01,Integrations,3,1
9753,981,2025-10-01,API,6,1
9754,981,2025-11-01,Reports,9,1
9755,981,2025-12-01,Reports,3,1
9756,981,2026-01-01,Reports,6,1
9757,981,2026-02-01,Dashboard,1,1
9758,981,2026-03-01,API,0,1
9759,981,2026-04-01,Dashboard,0,1
9760,981,2026-05-01,Reports,4,1
9761,981,2026-06-01,Dashboard,5,1
9762,981,2026-07-01,API,4,1
9763,982,2025-04-01,API,0,1
9764,982,2025-05-01,Integrations,0,1
9765,982,2025-06-01,API,8,1
9766,982,2025-07-01,Dashboard,7,1
9767,982,2025-08-01,Automation,9,1
9768,982,2025-09-01,Reports,5,1
9769,982,2025-10-01,API,8,2
9770,982,2025-11-01,Automation,7,1
9771,982,2025-12-01,Dashboard,5,1
9772,982,2026-01-01,API,1,1
9773,982,2026-02-01,Integrations,0,1
9774,983,2025-02-01,Automation,18,3
9775,983,2025-03-01,API,14,2
9776,983,2025-04-01,Dashboard,17,3
9777,983,2025-05-01,Integrations,13,3
9778,983,2025-06-01,Reports,17,4
9779,983,2025-07-01,API,10,1
9780,983,2025-08-01,API,17,4
9781,983,2025-09-01,Integrations,17,3
9782,983,2025-10-01,Integrations,16,4
9783,983,2025-11-01,Automation,13,3
9784,983,2025-12-01,Reports,11,2
9785,983,2026-01-01,Integrations,9,2
9786,983,2026-02-01,Automation,19,4
9787,983,2026-03-01,Integrations,13,3
9788,983,2026-04-01,Automation,9,1
9789,983,2026-05-01,Reports,3,1
9790,983,2026-06-01,Automation,5,1
9791,984,2025-03-01,Automation,9,1
9792,984,2025-04-01,Integrations,9,2
9793,984,2025-05-01,Automation,7,1
9794,984,2025-06-01,Integrations,9,1
9795,984,2025-07-01,Reports,6,1
9796,984,2025-08-01,Dashboard,1,1
9797,984,2025-09-01,Integrations,1,1
9798,985,2026-04-01,Integrations,6,1
9799,985,2026-05-01,Dashboard,12,2
9800,985,2026-06-01,Automation,13,2
9801,985,2026-07-01,API,10,1
9802,986,2026-02-01,Reports,7,1
9803,986,2026-03-01,Reports,9,1
9804,986,2026-04-01,Automation,13,2
9805,986,2026-05-01,Reports,10,1
9806,986,2026-06-01,Reports,13,3
9807,986,2026-07-01,Reports,6,1
9808,987,2025-04-01,API,6,1
9809,987,2025-05-01,Integrations,7,1
9810,987,2025-06-01,Dashboard,3,1
9811,987,2025-07-01,Reports,5,1
9812,987,2025-08-01,Reports,9,1
9813,987,2025-09-01,API,7,1
9814,987,2025-10-01,API,2,1
9815,987,2025-11-01,Integrations,7,1
9816,987,2025-12-01,Reports,3,1
9817,987,2026-01-01,Reports,10,2
9818,987,2026-02-01,Integrations,9,2
9819,987,2026-03-01,Dashboard,1,1
9820,987,2026-04-01,Reports,5,1
9821,988,2025-03-01,API,0,1
9822,988,2025-04-01,Automation,3,1
9823,988,2025-05-01,Automation,4,1
9824,988,2025-06-01,Reports,0,1
9825,988,2025-07-01,API,0,1
9826,989,2025-04-01,Automation,5,1
9827,989,2025-05-01,Integrations,0,1
9828,989,2025-06-01,Reports,4,1
9829,989,2025-07-01,Reports,0,1
9830,990,2025-09-01,Automation,10,2
9831,990,2025-10-01,Reports,4,1
9832,990,2025-11-01,API,8,1
9833,990,2025-12-01,Reports,10,2
9834,990,2026-01-01,Automation,0,1
9835,990,2026-02-01,API,5,1
9836,991,2025-08-01,Integrations,14,2
9837,991,2025-09-01,Reports,8,2
9838,991,2025-10-01,Integrations,13,4
9839,991,2025-11-01,Integrations,11,2
9840,991,2025-12-01,Reports,2,1
9841,991,2026-01-01,API,9,1
9842,991,2026-02-01,Reports,11,2
9843,991,2026-03-01,Automation,10,2
9844,991,2026-04-01,Integrations,4,1
9845,991,2026-05-01,Dashboard,4,1
9846,991,2026-06-01,Integrations,10,2
9847,991,2026-07-01,Reports,10,2
9848,992,2026-05-01,Reports,4,1
9849,992,2026-06-01,Automation,5,1
9850,992,2026-07-01,Reports,5,1
9851,992,2026-08-01,Automation,7,1
9852,992,2026-09-01,Automation,6,1
9853,992,2026-10-01,Dashboard,7,1
9854,992,2026-11-01,Dashboard,9,1
9855,992,2026-12-01,Dashboard,9,2
9856,992,2027-01-01,Integrations,9,2
9857,992,2027-02-01,API,9,1
9858,992,2027-03-01,Reports,11,1
9859,992,2027-04-01,Automation,6,1
9860,992,2027-05-01,Reports,14,2
9861,992,2027-06-01,Dashboard,12,2
9862,993,2025-10-01,API,8,1
9863,993,2025-11-01,Automation,8,2
9864,993,2025-12-01,Automation,7,2
9865,993,2026-01-01,API,9,1
9866,993,2026-02-01,Integrations,10,2
9867,993,2026-03-01,Integrations,9,2
9868,993,2026-04-01,API,12,2
9869,993,2026-05-01,Reports,10,2
9870,993,2026-06-01,Integrations,1,1
9871,993,2026-07-01,Reports,5,1
9872,994,2025-08-01,Reports,5,1
9873,994,2025-09-01,Reports,10,2
9874,994,2025-10-01,Dashboard,7,1
9875,994,2025-11-01,Automation,10,3
9876,994,2025-12-01,API,10,1
9877,994,2026-01-01,Dashboard,10,2
9878,994,2026-02-01,Reports,6,1
9879,994,2026-03-01,API,10,3
9880,994,2026-04-01,API,6,1
9881,994,2026-05-01,Integrations,8,1
9882,994,2026-06-01,Reports,11,2
9883,994,2026-07-01,Dashboard,11,2
9884,995,2024-12-01,Automation,23,5
9885,995,2025-01-01,Integrations,17,2
9886,995,2025-02-01,Automation,11,2
9887,995,2025-03-01,API,22,4
9888,995,2025-04-01,Automation,19,4
9889,995,2025-05-01,Dashboard,17,4
9890,995,2025-06-01,Reports,12,2
9891,995,2025-07-01,Automation,17,3
9892,995,2025-08-01,Dashboard,19,5
9893,995,2025-09-01,Reports,20,3
9894,995,2025-10-01,Integrations,15,3
9895,995,2025-11-01,Integrations,20,3
9896,995,2025-12-01,Automation,14,2
9897,995,2026-01-01,Dashboard,14,4
9898,995,2026-02-01,API,15,3
9899,995,2026-03-01,Reports,7,1
9900,995,2026-04-01,Automation,2,1
9901,996,2026-03-01,Integrations,4,1
9902,996,2026-04-01,Reports,6,1
9903,996,2026-05-01,Reports,0,1
9904,997,2025-03-01,API,18,4
9905,997,2025-04-01,Dashboard,19,4
9906,997,2025-05-01,Automation,21,6
9907,997,2025-06-01,Automation,20,5
9908,997,2025-07-01,Reports,16,4
9909,997,2025-08-01,Reports,25,7
9910,997,2025-09-01,Automation,18,4
9911,997,2025-10-01,Automation,18,3
9912,997,2025-11-01,Reports,16,2
9913,997,2025-12-01,Dashboard,22,4
9914,997,2026-01-01,Automation,16,2
9915,997,2026-02-01,Reports,20,3
9916,997,2026-03-01,Reports,23,3
9917,997,2026-04-01,Dashboard,30,5
9918,997,2026-05-01,Reports,22,5
9919,997,2026-06-01,Reports,21,6
9920,997,2026-07-01,Integrations,27,4
9921,998,2025-03-01,Reports,19,5
9922,998,2025-04-01,API,12,2
9923,998,2025-05-01,Integrations,14,3
9924,998,2025-06-01,Automation,13,2
9925,998,2025-07-01,Integrations,13,3
9926,998,2025-08-01,API,12,3
9927,998,2025-09-01,API,13,2
9928,998,2025-10-01,API,16,3
9929,998,2025-11-01,API,15,2
9930,998,2025-12-01,Dashboard,13,2
9931,998,2026-01-01,Automation,13,2
9932,998,2026-02-01,API,16,3
9933,998,2026-03-01,API,13,2
9934,998,2026-04-01,API,16,3
9935,998,2026-05-01,Automation,12,2
9936,998,2026-06-01,Automation,10,2
9937,998,2026-07-01,API,11,2
9938,999,2025-02-01,Dashboard,1,1
9939,1000,2025-05-01,Dashboard,3,1
9940,1000,2025-06-01,API,10,1
9941,1000,2025-07-01,Reports,5,1
9942,1000,2025-08-01,Dashboard,0,1
9943,1000,2025-09-01,Reports,3,1
9944,1001,2024-12-01,API,9,1
9945,1001,2025-01-01,Dashboard,7,2
9946,1001,2025-02-01,Reports,1,1
9947,1001,2025-03-01,Reports,3,1
9948,1001,2025-04-01,API,4,1
9949,1001,2025-05-01,Dashboard,11,3
9950,1001,2025-06-01,API,8,1
9951,1001,2025-07-01,API,3,1
9952,1001,2025-08-01,Dashboard,2,1
9953,1001,2025-09-01,Dashboard,5,1
9954,1001,2025-10-01,Reports,10,2
9955,1001,2025-11-01,Dashboard,5,1
9956,1001,2025-12-01,Integrations,5,1
9957,1001,2026-01-01,Automation,4,1
9958,1001,2026-02-01,API,6,1
9959,1001,2026-03-01,Integrations,4,1
9960,1001,2026-04-01,Reports,0,1
9961,1001,2026-05-01,API,10,1
9962,1001,2026-06-01,Reports,0,1
9963,1001,2026-07-01,Integrations,6,1
9964,1002,2025-05-01,Reports,0,1
9965,1002,2025-06-01,Reports,1,1
9966,1002,2025-07-01,Reports,2,1
9967,1002,2025-08-01,Integrations,1,1
9968,1002,2025-09-01,Reports,0,1
9969,1002,2025-10-01,API,1,1
9970,1002,2025-11-01,Automation,0,1
9971,1002,2025-12-01,Reports,7,1
9972,1002,2026-01-01,Automation,2,1
9973,1002,2026-02-01,Reports,0,1
9974,1002,2026-03-01,Dashboard,0,1
9975,1003,2025-10-01,Integrations,21,6
9976,1003,2025-11-01,Dashboard,19,3
9977,1003,2025-12-01,Integrations,25,5
9978,1003,2026-01-01,Dashboard,18,3
9979,1003,2026-02-01,API,17,3
9980,1003,2026-03-01,Integrations,18,3
9981,1003,2026-04-01,API,23,5
9982,1003,2026-05-01,Reports,19,4
9983,1003,2026-06-01,Dashboard,22,4
9984,1003,2026-07-01,Dashboard,23,4
9985,1004,2025-12-01,Reports,4,1
9986,1004,2026-01-01,Integrations,14,2
9987,1004,2026-02-01,Dashboard,10,1
9988,1004,2026-03-01,Reports,11,2
9989,1004,2026-04-01,API,7,1
9990,1004,2026-05-01,Automation,3,1
9991,1004,2026-06-01,Automation,11,2
9992,1004,2026-07-01,Automation,16,4
9993,1005,2026-02-01,API,17,5
9994,1005,2026-03-01,Integrations,20,3
9995,1005,2026-04-01,Dashboard,22,4
9996,1005,2026-05-01,Integrations,21,3
9997,1005,2026-06-01,API,23,4
9998,1005,2026-07-01,Integrations,22,6
9999,1006,2025-11-01,Dashboard,4,1
10000,1006,2025-12-01,Dashboard,7,2
10001,1006,2026-01-01,Integrations,2,1
10002,1006,2026-02-01,Integrations,2,1
10003,1006,2026-03-01,Integrations,1,1
10004,1006,2026-04-01,Dashboard,12,3
10005,1006,2026-05-01,API,9,1
10006,1006,2026-06-01,Automation,3,1
10007,1006,2026-07-01,Automation,4,1
10008,1006,2026-08-01,Dashboard,3,1
10009,1006,2026-09-01,Automation,0,1
10010,1007,2025-04-01,Integrations,7,1
10011,1007,2025-05-01,Automation,6,1
10012,1007,2025-06-01,Integrations,1,1
10013,1007,2025-07-01,Integrations,2,1
10014,1007,2025-08-01,Integrations,7,2
10015,1007,2025-09-01,Dashboard,6,1
10016,1007,2025-10-01,Dashboard,8,2
10017,1007,2025-11-01,Integrations,1,1
10018,1007,2025-12-01,Automation,2,1
10019,1007,2026-01-01,Reports,3,1
10020,1007,2026-02-01,Automation,5,1
10021,1007,2026-03-01,Integrations,2,1
10022,1007,2026-04-01,Dashboard,6,1
10023,1007,2026-05-01,API,5,1
10024,1007,2026-06-01,Integrations,5,1
10025,1007,2026-07-01,Reports,5,1
10026,1008,2025-05-01,API,18,5
10027,1008,2025-06-01,Integrations,10,2
10028,1008,2025-07-01,Reports,8,1
10029,1008,2025-08-01,Automation,1,1
10030,1009,2024-12-01,Integrations,25,4
10031,1009,2025-01-01,Automation,19,4
10032,1009,2025-02-01,Reports,20,3
10033,1009,2025-03-01,Reports,19,5
10034,1009,2025-04-01,Reports,32,8
10035,1009,2025-05-01,Reports,26,8
10036,1009,2025-06-01,Integrations,20,3
10037,1009,2025-07-01,Reports,20,5
10038,1009,2025-08-01,Integrations,21,4
10039,1009,2025-09-01,Reports,22,4
10040,1009,2025-10-01,Dashboard,26,5
10041,1009,2025-11-01,Automation,19,4
10042,1009,2025-12-01,Integrations,19,5
10043,1009,2026-01-01,Automation,26,5
10044,1009,2026-02-01,Reports,24,5
10045,1009,2026-03-01,API,23,6
10046,1009,2026-04-01,Reports,21,3
10047,1009,2026-05-01,Integrations,23,5
10048,1009,2026-06-01,Automation,20,4
10049,1009,2026-07-01,Automation,22,6
10050,1010,2026-01-01,Integrations,5,1
10051,1010,2026-02-01,API,0,1
10052,1010,2026-03-01,Dashboard,2,1
10053,1010,2026-04-01,API,4,1
10054,1010,2026-05-01,API,9,2
10055,1010,2026-06-01,Reports,4,1
10056,1010,2026-07-01,Dashboard,6,1
10057,1011,2026-01-01,Automation,6,1
10058,1011,2026-02-01,Automation,6,1
10059,1011,2026-03-01,API,10,1
10060,1011,2026-04-01,Integrations,9,1
10061,1011,2026-05-01,Automation,5,1
10062,1011,2026-06-01,Reports,9,2
10063,1011,2026-07-01,API,3,1
10064,1011,2026-08-01,Automation,0,1
10065,1012,2025-05-01,Automation,21,3
10066,1012,2025-06-01,Dashboard,19,3
10067,1012,2025-07-01,Integrations,13,3
10068,1012,2025-08-01,Integrations,14,4
10069,1012,2025-09-01,Reports,13,3
10070,1012,2025-10-01,Automation,17,4
10071,1012,2025-11-01,Dashboard,17,3
10072,1012,2025-12-01,Automation,13,3
10073,1012,2026-01-01,Reports,11,2
10074,1012,2026-02-01,Dashboard,19,4
10075,1012,2026-03-01,API,18,5
10076,1012,2026-04-01,Reports,12,2
10077,1012,2026-05-01,Dashboard,16,3
10078,1012,2026-06-01,Dashboard,13,4
10079,1012,2026-07-01,Automation,18,3
10080,1013,2025-03-01,API,15,4
10081,1013,2025-04-01,Integrations,21,6
10082,1013,2025-05-01,Reports,19,4
10083,1013,2025-06-01,Reports,23,4
10084,1013,2025-07-01,API,23,4
10085,1013,2025-08-01,Reports,25,4
10086,1013,2025-09-01,Dashboard,18,3
10087,1013,2025-10-01,API,18,3
10088,1013,2025-11-01,Integrations,22,5
10089,1013,2025-12-01,Dashboard,18,4
10090,1013,2026-01-01,Reports,21,4
10091,1013,2026-02-01,Integrations,18,4
10092,1013,2026-03-01,API,21,4
10093,1013,2026-04-01,Automation,20,4
10094,1013,2026-05-01,API,14,4
10095,1013,2026-06-01,Automation,17,3
10096,1013,2026-07-01,Reports,18,4
10097,1014,2025-12-01,Dashboard,4,1
10098,1014,2026-01-01,Automation,7,2
10099,1014,2026-02-01,Reports,3,1
10100,1014,2026-03-01,Automation,2,1
10101,1014,2026-04-01,API,0,1
10102,1015,2025-06-01,Automation,12,2
10103,1015,2025-07-01,Automation,7,1
10104,1015,2025-08-01,Dashboard,4,1
10105,1015,2025-09-01,Reports,8,1
10106,1015,2025-10-01,Automation,8,1
10107,1015,2025-11-01,API,4,1
10108,1015,2025-12-01,API,7,2
10109,1015,2026-01-01,Dashboard,8,1
10110,1015,2026-02-01,Reports,8,2
10111,1015,2026-03-01,Dashboard,7,1
10112,1015,2026-04-01,Integrations,0,1
10113,1015,2026-05-01,API,4,1
10114,1016,2025-04-01,Integrations,5,1
10115,1017,2025-05-01,Automation,9,1
10116,1017,2025-06-01,Dashboard,7,1
10117,1017,2025-07-01,Integrations,6,1
10118,1017,2025-08-01,Integrations,10,2
10119,1017,2025-09-01,Automation,3,1
10120,1017,2025-10-01,Reports,2,1
10121,1017,2025-11-01,API,0,1
10122,1018,2025-02-01,Automation,3,1
10123,1018,2025-03-01,Dashboard,2,1
10124,1018,2025-04-01,Automation,9,1
10125,1018,2025-05-01,Integrations,4,1
10126,1018,2025-06-01,API,9,1
10127,1018,2025-07-01,Reports,6,1
10128,1018,2025-08-01,API,6,1
10129,1018,2025-09-01,Automation,3,1
10130,1018,2025-10-01,Automation,5,1
10131,1018,2025-11-01,Automation,5,1
10132,1018,2025-12-01,Reports,5,1
10133,1018,2026-01-01,Reports,0,1
10134,1018,2026-02-01,API,8,1
10135,1018,2026-03-01,Reports,5,1
10136,1018,2026-04-01,API,2,1
10137,1018,2026-05-01,Automation,4,1
10138,1018,2026-06-01,API,0,1
10139,1019,2025-08-01,Dashboard,21,3
10140,1019,2025-09-01,Dashboard,13,2
10141,1019,2025-10-01,Dashboard,13,3
10142,1019,2025-11-01,Automation,15,2
10143,1019,2025-12-01,Integrations,20,4
10144,1019,2026-01-01,Reports,16,3
10145,1019,2026-02-01,Dashboard,18,3
10146,1019,2026-03-01,Reports,19,4
10147,1019,2026-04-01,Automation,18,3
10148,1019,2026-05-01,Automation,13,2
10149,1019,2026-06-01,Reports,14,2
10150,1019,2026-07-01,Dashboard,14,3
10151,1020,2025-01-01,Reports,1,1
10152,1020,2025-02-01,Automation,8,1
10153,1020,2025-03-01,API,7,1
10154,1020,2025-04-01,API,2,1
10155,1020,2025-05-01,Integrations,3,1
10156,1020,2025-06-01,Reports,3,1
10157,1020,2025-07-01,Reports,5,1
10158,1020,2025-08-01,Integrations,5,1
10159,1020,2025-09-01,Integrations,2,1
10160,1021,2025-09-01,Integrations,11,2
10161,1021,2025-10-01,Dashboard,8,1
10162,1021,2025-11-01,API,0,1
10163,1022,2026-01-01,Reports,0,1
10164,1023,2025-04-01,API,12,2
10165,1023,2025-05-01,Automation,17,3
10166,1023,2025-06-01,Dashboard,18,3
10167,1023,2025-07-01,Automation,17,5
10168,1023,2025-08-01,Dashboard,17,4
10169,1023,2025-09-01,Reports,15,2
10170,1023,2025-10-01,Integrations,16,2
10171,1023,2025-11-01,Dashboard,16,2
10172,1023,2025-12-01,Automation,17,5
10173,1023,2026-01-01,Reports,10,2
10174,1023,2026-02-01,API,12,3
10175,1023,2026-03-01,Automation,13,2
10176,1023,2026-04-01,Dashboard,9,1
10177,1023,2026-05-01,API,8,1
10178,1023,2026-06-01,Dashboard,14,2
10179,1023,2026-07-01,API,4,1
10180,1024,2025-08-01,Reports,45,13
10181,1024,2025-09-01,Integrations,48,8
10182,1024,2025-10-01,Reports,43,11
10183,1024,2025-11-01,Reports,44,9
10184,1024,2025-12-01,Dashboard,44,10
10185,1024,2026-01-01,Integrations,54,10
10186,1024,2026-02-01,Reports,49,16
10187,1024,2026-03-01,API,46,9
10188,1024,2026-04-01,Integrations,46,9
10189,1024,2026-05-01,Dashboard,39,7
10190,1024,2026-06-01,Reports,51,15
10191,1024,2026-07-01,Integrations,50,12
10192,1025,2024-11-01,Integrations,5,1
10193,1025,2024-12-01,Automation,1,1
10194,1025,2025-01-01,Dashboard,0,1
10195,1025,2025-02-01,Dashboard,5,1
10196,1025,2025-03-01,API,7,1
10197,1025,2025-04-01,API,13,2
10198,1025,2025-05-01,Dashboard,7,1
10199,1025,2025-06-01,Automation,0,1
10200,1025,2025-07-01,Automation,4,1
10201,1025,2025-08-01,Dashboard,3,1
10202,1025,2025-09-01,Integrations,1,1
10203,1026,2025-02-01,Reports,0,1
10204,1026,2025-03-01,Integrations,3,1
10205,1027,2025-05-01,Integrations,5,1
10206,1027,2025-06-01,Dashboard,9,2
10207,1027,2025-07-01,Integrations,6,1
10208,1027,2025-08-01,API,6,1
10209,1027,2025-09-01,Reports,12,3
10210,1027,2025-10-01,API,6,1
10211,1027,2025-11-01,Automation,6,1
10212,1028,2025-07-01,Integrations,9,2
10213,1028,2025-08-01,Integrations,17,5
10214,1028,2025-09-01,Automation,10,2
10215,1028,2025-10-01,Automation,13,2
10216,1028,2025-11-01,API,12,3
10217,1028,2025-12-01,Reports,13,2
10218,1028,2026-01-01,Reports,11,2
10219,1028,2026-02-01,Dashboard,12,2
10220,1028,2026-03-01,Integrations,9,2
10221,1028,2026-04-01,API,15,3
10222,1028,2026-05-01,Dashboard,11,2
10223,1028,2026-06-01,Automation,12,2
10224,1028,2026-07-01,Automation,10,2
10225,1029,2026-05-01,Automation,0,1
10226,1029,2026-06-01,Integrations,0,1
10227,1030,2025-01-01,Automation,6,1
10228,1030,2025-02-01,Dashboard,8,1
10229,1030,2025-03-01,Automation,5,1
10230,1030,2025-04-01,Dashboard,6,1
10231,1030,2025-05-01,Dashboard,4,1
10232,1030,2025-06-01,Dashboard,7,1
10233,1030,2025-07-01,Dashboard,14,4
10234,1030,2025-08-01,Reports,6,1
10235,1030,2025-09-01,API,8,2
10236,1030,2025-10-01,Reports,6,1
10237,1030,2025-11-01,Dashboard,10,3
10238,1030,2025-12-01,Dashboard,9,2
10239,1030,2026-01-01,Reports,10,2
10240,1030,2026-02-01,Integrations,2,1
10241,1030,2026-03-01,Integrations,6,1
10242,1030,2026-04-01,Integrations,4,1
10243,1030,2026-05-01,Dashboard,12,2
10244,1030,2026-06-01,Integrations,9,1
10245,1030,2026-07-01,Integrations,6,1
10246,1031,2025-04-01,Integrations,6,1
10247,1031,2025-05-01,Dashboard,3,1
10248,1031,2025-06-01,API,7,1
10249,1031,2025-07-01,Automation,5,1
10250,1031,2025-08-01,Integrations,6,1
10251,1031,2025-09-01,Reports,9,2
10252,1031,2025-10-01,API,2,1
10253,1031,2025-11-01,API,7,1
10254,1031,2025-12-01,API,1,1
10255,1031,2026-01-01,Integrations,1,1
10256,1031,2026-02-01,Reports,0,1
10257,1031,2026-03-01,API,1,1
10258,1032,2025-02-01,Integrations,4,1
10259,1032,2025-03-01,API,11,3
10260,1032,2025-04-01,API,8,1
10261,1032,2025-05-01,Dashboard,5,1
10262,1032,2025-06-01,Integrations,6,1
10263,1032,2025-07-01,Reports,4,1
10264,1032,2025-08-01,Automation,7,1
10265,1032,2025-09-01,Integrations,2,1
10266,1032,2025-10-01,API,10,2
10267,1032,2025-11-01,Reports,10,3
10268,1032,2025-12-01,Dashboard,10,2
10269,1032,2026-01-01,Reports,11,2
10270,1032,2026-02-01,Integrations,5,1
10271,1032,2026-03-01,Dashboard,7,1
10272,1032,2026-04-01,Dashboard,9,2
10273,1032,2026-05-01,Integrations,10,2
10274,1032,2026-06-01,Dashboard,4,1
10275,1032,2026-07-01,API,9,2
10276,1033,2025-04-01,Automation,7,1
10277,1033,2025-05-01,Automation,5,1
10278,1033,2025-06-01,Integrations,5,1
10279,1033,2025-07-01,Integrations,11,2
10280,1033,2025-08-01,Integrations,11,2
10281,1033,2025-09-01,Automation,6,1
10282,1033,2025-10-01,Automation,4,1
10283,1033,2025-11-01,API,9,2
10284,1033,2025-12-01,Dashboard,6,1
10285,1033,2026-01-01,Integrations,2,1
10286,1033,2026-02-01,Automation,5,1
10287,1033,2026-03-01,Reports,3,1
10288,1034,2025-10-01,Integrations,10,1
10289,1034,2025-11-01,Automation,10,2
10290,1034,2025-12-01,Automation,7,1
10291,1034,2026-01-01,API,15,3
10292,1034,2026-02-01,Integrations,8,1
10293,1034,2026-03-01,Dashboard,15,4
10294,1034,2026-04-01,Reports,16,2
10295,1034,2026-05-01,Automation,14,3
10296,1034,2026-06-01,API,9,1
10297,1034,2026-07-01,Integrations,10,1
10298,1035,2025-08-01,API,4,1
10299,1035,2025-09-01,Automation,11,3
10300,1035,2025-10-01,API,4,1
10301,1035,2025-11-01,Reports,2,1
10302,1035,2025-12-01,Integrations,4,1
10303,1036,2026-02-01,Integrations,5,1
10304,1036,2026-03-01,Dashboard,3,1
10305,1036,2026-04-01,API,5,1
10306,1036,2026-05-01,Automation,0,1
10307,1036,2026-06-01,Integrations,7,1
10308,1036,2026-07-01,Integrations,4,1
10309,1037,2025-05-01,Automation,23,4
10310,1037,2025-06-01,Integrations,11,1
10311,1037,2025-07-01,Dashboard,11,2
10312,1037,2025-08-01,Automation,3,1
10313,1038,2025-01-01,API,5,1
10314,1038,2025-02-01,Reports,8,2
10315,1038,2025-03-01,Integrations,5,1
10316,1038,2025-04-01,Dashboard,3,1
10317,1038,2025-05-01,Automation,0,1
10318,1038,2025-06-01,Automation,1,1
10319,1039,2025-05-01,Automation,7,1
10320,1039,2025-06-01,Automation,5,1
10321,1039,2025-07-01,API,6,1
10322,1039,2025-08-01,Dashboard,9,2
10323,1039,2025-09-01,Integrations,6,1
10324,1039,2025-10-01,Integrations,8,1
10325,1039,2025-11-01,Dashboard,1,1
10326,1039,2025-12-01,Reports,10,3
10327,1039,2026-01-01,API,6,1
10328,1039,2026-02-01,API,9,2
10329,1039,2026-03-01,Dashboard,8,1
10330,1039,2026-04-01,Dashboard,7,1
10331,1039,2026-05-01,Dashboard,9,1
10332,1039,2026-06-01,Integrations,9,2
10333,1039,2026-07-01,Dashboard,6,1
10334,1040,2025-06-01,Dashboard,40,7
10335,1040,2025-07-01,API,39,8
10336,1040,2025-08-01,Reports,39,7
10337,1040,2025-09-01,Dashboard,34,6
10338,1040,2025-10-01,Dashboard,38,8
10339,1040,2025-11-01,API,40,7
10340,1040,2025-12-01,Dashboard,37,7
10341,1040,2026-01-01,Integrations,35,8
10342,1040,2026-02-01,Automation,39,8
10343,1040,2026-03-01,Dashboard,35,6
10344,1040,2026-04-01,Reports,37,6
10345,1040,2026-05-01,Integrations,38,7
10346,1040,2026-06-01,Integrations,37,7
10347,1040,2026-07-01,API,43,9
10348,1041,2025-03-01,Reports,7,1
10349,1041,2025-04-01,API,1,1
10350,1041,2025-05-01,Dashboard,1,1
10351,1042,2025-01-01,Integrations,0,1
10352,1042,2025-02-01,Integrations,10,3
10353,1042,2025-03-01,API,1,1
10354,1042,2025-04-01,Integrations,4,1
10355,1042,2025-05-01,API,0,1
10356,1042,2025-06-01,Integrations,1,1
10357,1042,2025-07-01,Integrations,3,1
10358,1043,2025-01-01,Dashboard,9,2
10359,1043,2025-02-01,API,8,1
10360,1043,2025-03-01,Automation,13,3
10361,1043,2025-04-01,Dashboard,6,1
10362,1043,2025-05-01,Automation,8,1
10363,1043,2025-06-01,Reports,5,1
10364,1043,2025-07-01,Integrations,8,2
10365,1043,2025-08-01,Integrations,4,1
10366,1043,2025-09-01,API,0,1
10367,1043,2025-10-01,Reports,1,1
10368,1043,2025-11-01,Automation,0,1
10369,1044,2025-11-01,Dashboard,6,1
10370,1044,2025-12-01,Automation,4,1
10371,1044,2026-01-01,API,3,1
10372,1045,2025-06-01,Dashboard,11,3
10373,1045,2025-07-01,API,12,2
10374,1045,2025-08-01,Integrations,5,1
10375,1045,2025-09-01,Automation,14,2
10376,1045,2025-10-01,Integrations,7,1
10377,1045,2025-11-01,Reports,10,1
10378,1045,2025-12-01,Integrations,8,1
10379,1045,2026-01-01,Dashboard,8,2
10380,1045,2026-02-01,Dashboard,2,1
10381,1045,2026-03-01,Integrations,12,2
10382,1045,2026-04-01,Reports,15,3
10383,1045,2026-05-01,Integrations,8,1
10384,1045,2026-06-01,Dashboard,9,2
10385,1045,2026-07-01,Reports,7,1
10386,1046,2025-06-01,Integrations,0,1
10387,1046,2025-07-01,API,2,1
10388,1046,2025-08-01,Integrations,4,1
10389,1046,2025-09-01,API,0,1
10390,1046,2025-10-01,Automation,0,1
10391,1046,2025-11-01,Reports,0,1
10392,1046,2025-12-01,API,0,1
10393,1046,2026-01-01,API,0,1
10394,1046,2026-02-01,API,0,1
10395,1046,2026-03-01,Automation,6,1
10396,1046,2026-04-01,Reports,0,1
10397,1046,2026-05-01,Automation,5,1
10398,1046,2026-06-01,Integrations,1,1
10399,1046,2026-07-01,Automation,0,1
10400,1047,2025-01-01,API,9,1
10401,1047,2025-02-01,Dashboard,16,3
10402,1047,2025-03-01,Integrations,14,3
10403,1047,2025-04-01,Automation,15,4
10404,1047,2025-05-01,Automation,16,3
10405,1047,2025-06-01,API,21,5
10406,1047,2025-07-01,Reports,20,5
10407,1047,2025-08-01,Automation,24,4
10408,1047,2025-09-01,Reports,17,3
10409,1047,2025-10-01,Automation,14,3
10410,1047,2025-11-01,Reports,15,4
10411,1047,2025-12-01,Automation,20,6
10412,1047,2026-01-01,Integrations,15,3
10413,1047,2026-02-01,Dashboard,12,2
10414,1047,2026-03-01,Integrations,19,4
10415,1047,2026-04-01,Reports,20,5
10416,1047,2026-05-01,Integrations,12,2
10417,1047,2026-06-01,Reports,16,2
10418,1047,2026-07-01,Automation,15,2
10419,1048,2025-01-01,Dashboard,9,2
10420,1048,2025-02-01,Reports,2,1
10421,1048,2025-03-01,Automation,5,1
10422,1048,2025-04-01,Automation,7,1
10423,1048,2025-05-01,Automation,6,1
10424,1048,2025-06-01,API,6,1
10425,1048,2025-07-01,Dashboard,10,2
10426,1048,2025-08-01,Reports,3,1
10427,1048,2025-09-01,Dashboard,2,1
10428,1048,2025-10-01,Integrations,8,1
10429,1048,2025-11-01,API,3,1
10430,1048,2025-12-01,API,0,1
10431,1048,2026-01-01,Integrations,12,2
10432,1048,2026-02-01,API,4,1
10433,1048,2026-03-01,Integrations,10,2
10434,1048,2026-04-01,Reports,0,1
10435,1048,2026-05-01,Integrations,4,1
10436,1048,2026-06-01,API,0,1
10437,1049,2025-07-01,Automation,8,1
10438,1049,2025-08-01,Automation,4,1
10439,1049,2025-09-01,Automation,7,1
10440,1049,2025-10-01,Integrations,6,1
10441,1049,2025-11-01,Integrations,5,1
10442,1049,2025-12-01,Reports,10,1
10443,1049,2026-01-01,Reports,3,1
10444,1049,2026-02-01,API,2,1
10445,1049,2026-03-01,Reports,4,1
10446,1049,2026-04-01,Integrations,9,1
10447,1049,2026-05-01,Dashboard,8,2
10448,1049,2026-06-01,Integrations,0,1
10449,1049,2026-07-01,Reports,7,1
10450,1050,2026-02-01,Automation,18,3
10451,1050,2026-03-01,API,12,2
10452,1050,2026-04-01,Dashboard,16,2
10453,1050,2026-05-01,API,17,2
10454,1050,2026-06-01,Reports,21,6
10455,1050,2026-07-01,Dashboard,22,3
10456,1051,2025-07-01,Reports,7,1
10457,1051,2025-08-01,Reports,3,1
10458,1051,2025-09-01,API,3,1
10459,1051,2025-10-01,API,8,1
10460,1051,2025-11-01,Dashboard,11,2
10461,1051,2025-12-01,Automation,12,2
10462,1051,2026-01-01,Automation,6,1
10463,1051,2026-02-01,Integrations,9,2
10464,1051,2026-03-01,Dashboard,3,1
10465,1051,2026-04-01,Integrations,6,1
10466,1051,2026-05-01,Dashboard,8,1
10467,1051,2026-06-01,Reports,11,2
10468,1051,2026-07-01,Integrations,4,1
10469,1051,2026-08-01,Integrations,8,2
10470,1051,2026-09-01,Integrations,10,2
10471,1051,2026-10-01,Integrations,8,1
10472,1051,2026-11-01,Dashboard,5,1
10473,1051,2026-12-01,Automation,7,2
10474,1051,2027-01-01,Dashboard,3,1
10475,1052,2025-03-01,Automation,4,1
10476,1052,2025-04-01,API,8,1
10477,1052,2025-05-01,API,1,1
10478,1052,2025-06-01,Integrations,0,1
10479,1052,2025-07-01,Automation,6,1
10480,1052,2025-08-01,API,12,2
10481,1052,2025-09-01,API,8,1
10482,1052,2025-10-01,Automation,3,1
10483,1052,2025-11-01,Dashboard,7,1
10484,1052,2025-12-01,Reports,5,1
10485,1052,2026-01-01,Reports,5,1
10486,1052,2026-02-01,Dashboard,6,1
10487,1052,2026-03-01,Integrations,0,1
10488,1052,2026-04-01,Integrations,5,1
10489,1052,2026-05-01,Dashboard,7,1
10490,1052,2026-06-01,API,4,1
10491,1052,2026-07-01,Integrations,0,1
10492,1053,2025-08-01,Dashboard,15,3
10493,1053,2025-09-01,Dashboard,18,4
10494,1053,2025-10-01,Dashboard,22,4
10495,1053,2025-11-01,Automation,20,6
10496,1053,2025-12-01,Automation,25,6
10497,1053,2026-01-01,Automation,17,3
10498,1053,2026-02-01,Automation,18,3
10499,1053,2026-03-01,Integrations,16,3
10500,1053,2026-04-01,Integrations,15,2
10501,1053,2026-05-01,API,8,1
10502,1053,2026-06-01,Dashboard,1,1
10503,1054,2026-04-01,Dashboard,6,1
10504,1054,2026-05-01,API,7,2
10505,1054,2026-06-01,Automation,6,1
10506,1054,2026-07-01,API,7,1
10507,1054,2026-08-01,API,13,2
10508,1054,2026-09-01,Automation,8,2
10509,1054,2026-10-01,Integrations,4,1
10510,1054,2026-11-01,Dashboard,9,1
10511,1054,2026-12-01,API,6,1
10512,1054,2027-01-01,Reports,4,1
10513,1054,2027-02-01,API,7,1
10514,1054,2027-03-01,Reports,15,2
10515,1055,2024-11-01,Integrations,0,1
10516,1056,2025-05-01,API,0,1
10517,1056,2025-06-01,API,4,1
10518,1056,2025-07-01,Dashboard,0,1
10519,1056,2025-08-01,Integrations,0,1
10520,1056,2025-09-01,Reports,5,1
10521,1056,2025-10-01,Dashboard,5,1
10522,1056,2025-11-01,Integrations,4,1
10523,1056,2025-12-01,Integrations,0,1
10524,1056,2026-01-01,API,1,1
10525,1056,2026-02-01,Dashboard,3,1
10526,1056,2026-03-01,Integrations,5,1
10527,1056,2026-04-01,Dashboard,5,1
10528,1056,2026-05-01,Dashboard,1,1
10529,1056,2026-06-01,Dashboard,2,1
10530,1056,2026-07-01,Reports,8,1
10531,1057,2025-07-01,Dashboard,10,2
10532,1057,2025-08-01,Dashboard,17,3
10533,1057,2025-09-01,Integrations,8,1
10534,1057,2025-10-01,API,10,1
10535,1057,2025-11-01,Automation,14,3
10536,1057,2025-12-01,API,9,1
10537,1057,2026-01-01,API,13,2
10538,1057,2026-02-01,Integrations,5,1
10539,1057,2026-03-01,Dashboard,10,1
10540,1057,2026-04-01,Reports,14,2
10541,1057,2026-05-01,Reports,17,3
10542,1057,2026-06-01,Reports,10,1
10543,1057,2026-07-01,API,13,2
10544,1057,2026-08-01,Automation,9,2
10545,1057,2026-09-01,Dashboard,11,2
10546,1057,2026-10-01,Automation,14,2
10547,1057,2026-11-01,Integrations,9,2
10548,1058,2025-04-01,Dashboard,6,1
10549,1058,2025-05-01,API,5,1
10550,1058,2025-06-01,Reports,6,1
10551,1058,2025-07-01,Integrations,5,1
10552,1058,2025-08-01,Dashboard,5,1
10553,1058,2025-09-01,Automation,8,1
10554,1058,2025-10-01,Automation,6,1
10555,1058,2025-11-01,Dashboard,3,1
10556,1058,2025-12-01,Reports,3,1
10557,1059,2025-03-01,Dashboard,10,1
10558,1059,2025-04-01,Reports,12,2
10559,1059,2025-05-01,Reports,6,1
10560,1059,2025-06-01,Dashboard,6,1
10561,1059,2025-07-01,Automation,6,1
10562,1059,2025-08-01,Automation,13,3
10563,1059,2025-09-01,API,3,1
10564,1059,2025-10-01,API,0,1
10565,1059,2025-11-01,API,0,1
10566,1060,2025-12-01,API,11,2
10567,1060,2026-01-01,Reports,6,1
10568,1060,2026-02-01,Reports,8,1
10569,1060,2026-03-01,Dashboard,7,1
10570,1060,2026-04-01,Dashboard,12,3
10571,1060,2026-05-01,Dashboard,14,3
10572,1060,2026-06-01,Dashboard,18,3
10573,1060,2026-07-01,Automation,11,1
10574,1061,2024-12-01,Dashboard,9,1
10575,1061,2025-01-01,Automation,8,1
10576,1061,2025-02-01,Dashboard,9,1
10577,1061,2025-03-01,API,9,1
10578,1061,2025-04-01,Reports,0,1
10579,1061,2025-05-01,Reports,2,1
10580,1062,2025-12-01,Automation,9,1
10581,1062,2026-01-01,Integrations,2,1
10582,1063,2024-12-01,Reports,4,1
10583,1063,2025-01-01,Reports,2,1
10584,1063,2025-02-01,API,0,1
10585,1063,2025-03-01,Automation,2,1
10586,1063,2025-04-01,Automation,7,1
10587,1063,2025-05-01,Automation,0,1
10588,1063,2025-06-01,Dashboard,0,1
10589,1064,2025-06-01,API,22,4
10590,1064,2025-07-01,Integrations,20,5
10591,1064,2025-08-01,Dashboard,13,3
10592,1064,2025-09-01,Dashboard,16,4
10593,1064,2025-10-01,Integrations,14,3
10594,1064,2025-11-01,Dashboard,18,3
10595,1064,2025-12-01,Integrations,13,3
10596,1064,2026-01-01,Dashboard,18,3
10597,1064,2026-02-01,Dashboard,15,2
10598,1064,2026-03-01,API,22,4
10599,1064,2026-04-01,Dashboard,18,3
10600,1064,2026-05-01,Reports,20,6
10601,1064,2026-06-01,Reports,20,4
10602,1064,2026-07-01,Reports,15,3
10603,1065,2026-09-01,API,8,2
10604,1065,2026-10-01,Reports,8,1
10605,1065,2026-11-01,Dashboard,6,1
10606,1066,2024-10-01,Reports,13,3
10607,1066,2024-11-01,API,4,1
10608,1066,2024-12-01,Reports,1,1
10609,1066,2025-01-01,Automation,9,2
10610,1066,2025-02-01,API,7,1
10611,1066,2025-03-01,Integrations,7,1
10612,1066,2025-04-01,Reports,5,1
10613,1066,2025-05-01,API,7,1
10614,1066,2025-06-01,Integrations,9,1
10615,1066,2025-07-01,Dashboard,6,1
10616,1066,2025-08-01,Automation,7,1
10617,1066,2025-09-01,Automation,2,1
10618,1066,2025-10-01,Integrations,8,1
10619,1066,2025-11-01,Automation,7,1
10620,1066,2025-12-01,Reports,3,1
10621,1066,2026-01-01,API,14,3
10622,1066,2026-02-01,API,2,1
10623,1066,2026-03-01,Integrations,8,2
10624,1066,2026-04-01,Reports,11,3
10625,1066,2026-05-01,Integrations,3,1
10626,1066,2026-06-01,API,4,1
10627,1067,2025-04-01,Automation,13,3
10628,1067,2025-05-01,Reports,8,2
10629,1067,2025-06-01,Automation,6,1
10630,1067,2025-07-01,Automation,12,2
10631,1067,2025-08-01,Reports,10,3
10632,1067,2025-09-01,Integrations,9,2
10633,1067,2025-10-01,Automation,6,1
10634,1067,2025-11-01,Reports,8,2
10635,1067,2025-12-01,Integrations,9,1
10636,1067,2026-01-01,Dashboard,13,3
10637,1067,2026-02-01,Integrations,9,1
10638,1067,2026-03-01,Automation,8,1
10639,1067,2026-04-01,Automation,2,1
10640,1067,2026-05-01,Automation,1,1
10641,1068,2025-09-01,API,1,1
10642,1068,2025-10-01,Reports,9,2
10643,1068,2025-11-01,Dashboard,7,2
10644,1068,2025-12-01,Dashboard,3,1
10645,1068,2026-01-01,Reports,8,2
10646,1068,2026-02-01,Automation,2,1
10647,1068,2026-03-01,Automation,6,1
10648,1068,2026-04-01,Reports,10,2
10649,1068,2026-05-01,Reports,8,1
10650,1068,2026-06-01,API,3,1
10651,1068,2026-07-01,Reports,6,1
10652,1069,2025-01-01,Dashboard,8,1
10653,1069,2025-02-01,Reports,2,1
10654,1069,2025-03-01,Reports,3,1
10655,1069,2025-04-01,Dashboard,4,1
10656,1069,2025-05-01,Reports,3,1
10657,1069,2025-06-01,Reports,7,1
10658,1069,2025-07-01,Integrations,0,1
10659,1069,2025-08-01,Automation,7,2
10660,1069,2025-09-01,Dashboard,0,1
10661,1070,2025-11-01,API,18,3
10662,1070,2025-12-01,Dashboard,19,3
10663,1070,2026-01-01,API,16,4
10664,1070,2026-02-01,Dashboard,16,5
10665,1070,2026-03-01,Dashboard,17,3
10666,1070,2026-04-01,Automation,19,5
10667,1070,2026-05-01,Reports,15,3
10668,1070,2026-06-01,Reports,12,3
10669,1070,2026-07-01,Reports,13,3
10670,1071,2025-09-01,API,13,3
10671,1071,2025-10-01,Reports,9,1
10672,1071,2025-11-01,API,7,1
10673,1071,2025-12-01,Dashboard,8,1
10674,1071,2026-01-01,Automation,8,1
10675,1071,2026-02-01,API,2,1
10676,1071,2026-03-01,Dashboard,7,1
10677,1071,2026-04-01,Automation,1,1
10678,1071,2026-05-01,Automation,4,1
10679,1071,2026-06-01,Integrations,2,1
10680,1071,2026-07-01,Automation,9,1
10681,1072,2025-08-01,Integrations,41,9
10682,1072,2025-09-01,API,31,6
10683,1072,2025-10-01,API,17,5
10684,1072,2025-11-01,Integrations,7,1
10685,1073,2025-07-01,Integrations,29,7
10686,1073,2025-08-01,Reports,31,6
10687,1073,2025-09-01,Dashboard,25,5
10688,1073,2025-10-01,Integrations,31,7
10689,1073,2025-11-01,Automation,24,4
10690,1073,2025-12-01,Integrations,30,5
10691,1073,2026-01-01,Automation,34,7
10692,1073,2026-02-01,Automation,25,5
10693,1073,2026-03-01,Integrations,26,6
10694,1073,2026-04-01,Automation,22,4
10695,1073,2026-05-01,Integrations,24,5
10696,1073,2026-06-01,Dashboard,22,4
10697,1073,2026-07-01,Automation,28,6
10698,1074,2026-01-01,Integrations,24,6
10699,1074,2026-02-01,Reports,22,6
10700,1074,2026-03-01,Automation,22,4
10701,1074,2026-04-01,Dashboard,22,3
10702,1074,2026-05-01,Reports,21,3
10703,1074,2026-06-01,Integrations,21,5
10704,1074,2026-07-01,Automation,22,4
10705,1075,2025-06-01,Reports,2,1
10706,1075,2025-07-01,Reports,0,1
10707,1076,2025-08-01,Integrations,2,1
10708,1076,2025-09-01,API,8,2
10709,1076,2025-10-01,Reports,0,1
10710,1076,2025-11-01,Automation,4,1
10711,1077,2025-08-01,Automation,0,1
10712,1077,2025-09-01,Dashboard,0,1
10713,1077,2025-10-01,Dashboard,10,2
10714,1077,2025-11-01,API,1,1
10715,1077,2025-12-01,Automation,3,1
10716,1077,2026-01-01,Reports,5,1
10717,1077,2026-02-01,API,7,1
10718,1077,2026-03-01,Dashboard,1,1
10719,1077,2026-04-01,Reports,4,1
10720,1077,2026-05-01,Dashboard,4,1
10721,1077,2026-06-01,Dashboard,6,1
10722,1077,2026-07-01,Automation,2,1
10723,1077,2026-08-01,Automation,1,1
10724,1077,2026-09-01,API,1,1
10725,1077,2026-10-01,Integrations,5,1
10726,1078,2025-06-01,Integrations,6,1
10727,1078,2025-07-01,Automation,3,1
10728,1078,2025-08-01,Reports,1,1
10729,1078,2025-09-01,Automation,8,2
10730,1078,2025-10-01,Reports,0,1
10731,1078,2025-11-01,API,0,1
10732,1078,2025-12-01,Automation,5,1
10733,1078,2026-01-01,Integrations,0,1
10734,1078,2026-02-01,Reports,0,1
10735,1078,2026-03-01,Reports,5,1
10736,1078,2026-04-01,API,0,1
10737,1078,2026-05-01,API,0,1
10738,1078,2026-06-01,Reports,4,1
10739,1078,2026-07-01,Integrations,3,1
10740,1079,2026-01-01,Automation,17,5
10741,1079,2026-02-01,API,11,2
10742,1079,2026-03-01,Integrations,12,2
10743,1079,2026-04-01,API,20,3
10744,1079,2026-05-01,Automation,16,3
10745,1079,2026-06-01,Integrations,13,4
10746,1079,2026-07-01,Integrations,16,3
10747,1080,2025-08-01,Integrations,6,1
10748,1080,2025-09-01,Dashboard,5,1
10749,1080,2025-10-01,Reports,1,1
10750,1080,2025-11-01,Reports,7,1
10751,1080,2025-12-01,API,1,1
10752,1080,2026-01-01,Automation,10,1
10753,1080,2026-02-01,API,2,1
10754,1080,2026-03-01,API,5,1
10755,1080,2026-04-01,Integrations,2,1
10756,1080,2026-05-01,Reports,1,1
10757,1080,2026-06-01,API,4,1
10758,1080,2026-07-01,API,3,1
10759,1081,2025-03-01,API,5,1
10760,1081,2025-04-01,Dashboard,8,2
10761,1081,2025-05-01,Integrations,3,1
10762,1081,2025-06-01,Dashboard,4,1
10763,1081,2025-07-01,Integrations,1,1
10764,1081,2025-08-01,Integrations,1,1
10765,1081,2025-09-01,Dashboard,6,1
10766,1081,2025-10-01,Reports,5,1
10767,1081,2025-11-01,Dashboard,3,1
10768,1081,2025-12-01,Integrations,2,1
10769,1082,2025-01-01,Automation,0,1
10770,1083,2025-02-01,Reports,5,1
10771,1083,2025-03-01,Automation,6,1
10772,1083,2025-04-01,API,5,1
10773,1083,2025-05-01,Integrations,5,1
10774,1083,2025-06-01,Automation,4,1
10775,1083,2025-07-01,Reports,5,1
10776,1083,2025-08-01,Integrations,9,2
10777,1083,2025-09-01,Automation,10,2
10778,1083,2025-10-01,API,1,1
10779,1083,2025-11-01,Integrations,10,1
10780,1083,2025-12-01,Dashboard,4,1
10781,1083,2026-01-01,Dashboard,5,1
10782,1083,2026-02-01,Dashboard,7,2
10783,1083,2026-03-01,API,13,3
10784,1083,2026-04-01,Dashboard,5,1
10785,1083,2026-05-01,Reports,10,1
10786,1083,2026-06-01,API,4,1
10787,1083,2026-07-01,Reports,2,1
10788,1084,2025-08-01,Automation,10,2
10789,1084,2025-09-01,Reports,10,1
10790,1084,2025-10-01,API,13,2
10791,1084,2025-11-01,API,10,2
10792,1084,2025-12-01,Integrations,7,1
10793,1084,2026-01-01,Dashboard,0,1
10794,1085,2024-11-01,Dashboard,5,1
10795,1085,2024-12-01,Integrations,1,1
10796,1085,2025-01-01,Automation,1,1
10797,1085,2025-02-01,Dashboard,6,1
10798,1085,2025-03-01,Reports,3,1
10799,1085,2025-04-01,API,3,1
10800,1086,2025-01-01,API,0,1
10801,1086,2025-02-01,API,7,1
10802,1086,2025-03-01,API,6,1
10803,1086,2025-04-01,Reports,2,1
10804,1086,2025-05-01,Automation,3,1
10805,1086,2025-06-01,Reports,4,1
10806,1086,2025-07-01,API,5,1
10807,1086,2025-08-01,Automation,2,1
10808,1086,2025-09-01,Automation,1,1
10809,1086,2025-10-01,Integrations,0,1
10810,1086,2025-11-01,API,2,1
10811,1086,2025-12-01,Reports,3,1
10812,1086,2026-01-01,Dashboard,1,1
10813,1086,2026-02-01,Dashboard,0,1
10814,1086,2026-03-01,Automation,0,1
10815,1087,2026-04-01,Integrations,9,1
10816,1087,2026-05-01,API,9,2
10817,1087,2026-06-01,API,9,2
10818,1087,2026-07-01,Automation,1,1
10819,1088,2026-01-01,Automation,8,2
10820,1088,2026-02-01,Dashboard,2,1
10821,1088,2026-03-01,API,5,1
10822,1088,2026-04-01,API,2,1
10823,1088,2026-05-01,API,7,1
10824,1088,2026-06-01,API,7,2
10825,1088,2026-07-01,Reports,5,1
10826,1089,2025-05-01,API,5,1
10827,1089,2025-06-01,Integrations,10,1
10828,1089,2025-07-01,Automation,6,1
10829,1089,2025-08-01,Integrations,10,2
10830,1089,2025-09-01,Integrations,8,1
10831,1089,2025-10-01,Integrations,7,1
10832,1089,2025-11-01,Integrations,9,1
10833,1089,2025-12-01,Reports,9,1
10834,1089,2026-01-01,Integrations,7,1
10835,1089,2026-02-01,Dashboard,4,1
10836,1089,2026-03-01,Reports,12,3
10837,1089,2026-04-01,Reports,4,1
10838,1089,2026-05-01,Dashboard,0,1
10839,1089,2026-06-01,Dashboard,0,1
10840,1090,2025-03-01,Integrations,2,1
10841,1090,2025-04-01,Automation,2,1
10842,1090,2025-05-01,Integrations,8,2
10843,1090,2025-06-01,Dashboard,3,1
10844,1090,2025-07-01,Dashboard,1,1
10845,1090,2025-08-01,Automation,1,1
10846,1090,2025-09-01,Automation,3,1
10847,1090,2025-10-01,Dashboard,0,1
10848,1090,2025-11-01,Automation,4,1
10849,1090,2025-12-01,Reports,1,1
10850,1090,2026-01-01,Automation,6,1
10851,1090,2026-02-01,Reports,0,1
10852,1090,2026-03-01,API,11,1
10853,1090,2026-04-01,API,6,1
10854,1090,2026-05-01,Dashboard,4,1
10855,1090,2026-06-01,Reports,4,1
10856,1090,2026-07-01,Integrations,8,1
10857,1091,2025-07-01,Dashboard,0,1
10858,1091,2025-08-01,Reports,7,2
10859,1091,2025-09-01,Dashboard,6,1
10860,1091,2025-10-01,Automation,0,1
10861,1091,2025-11-01,API,1,1
10862,1091,2025-12-01,Reports,5,1
10863,1091,2026-01-01,Integrations,0,1
10864,1091,2026-02-01,Reports,3,1
10865,1091,2026-03-01,API,0,1
10866,1091,2026-04-01,Automation,3,1
10867,1091,2026-05-01,Automation,3,1
10868,1091,2026-06-01,Dashboard,0,1
10869,1091,2026-07-01,Automation,4,1
10870,1092,2025-11-01,Integrations,11,2
10871,1092,2025-12-01,Dashboard,15,4
10872,1092,2026-01-01,Integrations,17,4
10873,1092,2026-02-01,Dashboard,14,2
10874,1092,2026-03-01,Dashboard,15,3
10875,1092,2026-04-01,Dashboard,12,2
10876,1092,2026-05-01,Automation,13,2
10877,1092,2026-06-01,API,13,2
10878,1092,2026-07-01,API,18,4
10879,1093,2025-07-01,Dashboard,3,1
10880,1093,2025-08-01,Dashboard,1,1
10881,1093,2025-09-01,Integrations,1,1
10882,1093,2025-10-01,Automation,0,1
10883,1094,2026-06-01,Integrations,9,2
10884,1094,2026-07-01,Dashboard,11,3
10885,1095,2026-03-01,Integrations,35,8
10886,1095,2026-04-01,Automation,33,10
10887,1095,2026-05-01,API,29,5
10888,1095,2026-06-01,Automation,31,8
10889,1095,2026-07-01,Dashboard,29,4
10890,1096,2026-03-01,Automation,2,1
10891,1096,2026-04-01,Reports,1,1
10892,1096,2026-05-01,Integrations,0,1
10893,1097,2025-03-01,Reports,35,6
10894,1097,2025-04-01,Reports,30,9
10895,1097,2025-05-01,Automation,35,5
10896,1097,2025-06-01,Dashboard,31,8
10897,1097,2025-07-01,Integrations,33,7
10898,1097,2025-08-01,Reports,37,6
10899,1097,2025-09-01,Reports,38,7
10900,1097,2025-10-01,Reports,34,6
10901,1097,2025-11-01,Automation,41,7
10902,1097,2025-12-01,Automation,37,9
10903,1097,2026-01-01,Reports,30,9
10904,1097,2026-02-01,Reports,35,6
10905,1097,2026-03-01,Automation,38,7
10906,1097,2026-04-01,Reports,30,5
10907,1097,2026-05-01,Integrations,35,6
10908,1097,2026-06-01,API,29,8
10909,1097,2026-07-01,API,31,7
10910,1098,2025-07-01,API,3,1
10911,1098,2025-08-01,Reports,1,1
10912,1098,2025-09-01,Integrations,0,1
10913,1099,2025-11-01,API,0,1
10914,1099,2025-12-01,Dashboard,1,1
10915,1099,2026-01-01,Reports,6,1
10916,1099,2026-02-01,Automation,6,1
10917,1099,2026-03-01,Integrations,3,1
10918,1099,2026-04-01,Dashboard,5,1
10919,1099,2026-05-01,Automation,7,1
10920,1099,2026-06-01,Automation,1,1
10921,1099,2026-07-01,API,2,1
10922,1100,2025-11-01,Dashboard,8,1
10923,1100,2025-12-01,Reports,9,2
10924,1100,2026-01-01,API,10,1
10925,1100,2026-02-01,Integrations,6,1
10926,1100,2026-03-01,Reports,7,2
10927,1100,2026-04-01,Integrations,9,1
10928,1100,2026-05-01,Dashboard,11,2
10929,1100,2026-06-01,Integrations,10,1
10930,1100,2026-07-01,Dashboard,13,3
10931,1101,2025-02-01,Automation,20,6
10932,1101,2025-03-01,Automation,22,7
10933,1101,2025-04-01,Automation,17,4
10934,1101,2025-05-01,Integrations,17,4
10935,1101,2025-06-01,Reports,22,4
10936,1101,2025-07-01,Reports,17,5
10937,1101,2025-08-01,Dashboard,20,5
10938,1101,2025-09-01,Integrations,18,5
10939,1101,2025-10-01,API,18,4
10940,1101,2025-11-01,API,6,1
10941,1101,2025-12-01,Integrations,2,1
10942,1102,2026-05-01,Automation,0,1
10943,1103,2026-05-01,Dashboard,3,1
10944,1103,2026-06-01,Dashboard,8,1
10945,1103,2026-07-01,Dashboard,5,1
10946,1103,2026-08-01,Automation,11,2
10947,1103,2026-09-01,Dashboard,4,1
10948,1103,2026-10-01,Reports,9,1
10949,1103,2026-11-01,Reports,4,1
10950,1103,2026-12-01,Dashboard,3,1
10951,1103,2027-01-01,Integrations,5,1
10952,1103,2027-02-01,Reports,5,1
10953,1104,2025-05-01,Dashboard,10,2
10954,1104,2025-06-01,Automation,4,1
10955,1104,2025-07-01,Automation,2,1
10956,1104,2025-08-01,Dashboard,0,1
10957,1105,2025-12-01,Dashboard,15,3
10958,1105,2026-01-01,Integrations,18,4
10959,1105,2026-02-01,Automation,17,3
10960,1105,2026-03-01,Automation,19,3
10961,1105,2026-04-01,Dashboard,11,2
10962,1105,2026-05-01,API,17,3
10963,1105,2026-06-01,Automation,19,3
10964,1105,2026-07-01,Reports,16,3
10965,1106,2025-01-01,Integrations,12,2
10966,1106,2025-02-01,Dashboard,0,1
10967,1106,2025-03-01,Dashboard,5,1
10968,1106,2025-04-01,Integrations,7,1
10969,1106,2025-05-01,Dashboard,10,2
10970,1106,2025-06-01,Dashboard,4,1
10971,1106,2025-07-01,API,1,1
10972,1106,2025-08-01,Reports,7,1
10973,1106,2025-09-01,Dashboard,11,2
10974,1106,2025-10-01,Reports,10,1
10975,1106,2025-11-01,Dashboard,10,1
10976,1106,2025-12-01,Integrations,5,1
10977,1106,2026-01-01,Reports,3,1
10978,1106,2026-02-01,API,8,1
10979,1106,2026-03-01,Reports,8,1
10980,1106,2026-04-01,Automation,3,1
10981,1106,2026-05-01,Integrations,14,2
10982,1106,2026-06-01,Automation,4,1
10983,1106,2026-07-01,Reports,5,1
10984,1107,2025-04-01,Automation,5,1
10985,1107,2025-05-01,Reports,0,1
10986,1107,2025-06-01,Automation,6,1
10987,1107,2025-07-01,Reports,4,1
10988,1107,2025-08-01,Dashboard,0,1
10989,1107,2025-09-01,Automation,6,1
10990,1107,2025-10-01,Dashboard,9,2
10991,1107,2025-11-01,Integrations,1,1
10992,1107,2025-12-01,Integrations,6,1
10993,1107,2026-01-01,Reports,1,1
10994,1107,2026-02-01,API,8,1
10995,1107,2026-03-01,Automation,1,1
10996,1107,2026-04-01,API,3,1
10997,1107,2026-05-01,Dashboard,5,1
10998,1107,2026-06-01,Dashboard,4,1
10999,1107,2026-07-01,Automation,3,1
11000,1108,2024-10-01,Reports,5,1
11001,1108,2024-11-01,Dashboard,13,2
11002,1108,2024-12-01,Integrations,7,2
11003,1108,2025-01-01,Integrations,10,2
11004,1108,2025-02-01,Integrations,4,1
11005,1108,2025-03-01,Automation,8,1
11006,1108,2025-04-01,API,6,1
11007,1108,2025-05-01,Integrations,7,2
11008,1108,2025-06-01,API,4,1
11009,1108,2025-07-01,Integrations,6,1
11010,1108,2025-08-01,Dashboard,12,2
11011,1108,2025-09-01,Automation,7,1
11012,1108,2025-10-01,Integrations,10,3
11013,1108,2025-11-01,Automation,9,2
11014,1108,2025-12-01,Integrations,11,2
11015,1108,2026-01-01,Reports,10,2
11016,1108,2026-02-01,API,11,2
11017,1108,2026-03-01,Dashboard,6,1
11018,1108,2026-04-01,Dashboard,7,1
11019,1108,2026-05-01,Integrations,5,1
11020,1108,2026-06-01,Automation,3,1
11021,1108,2026-07-01,Integrations,11,2
11022,1109,2025-09-01,Automation,8,1
11023,1109,2025-10-01,Automation,4,1
11024,1109,2025-11-01,API,2,1
11025,1109,2025-12-01,API,9,2
11026,1109,2026-01-01,Automation,5,1
11027,1109,2026-02-01,Automation,7,2
11028,1109,2026-03-01,Dashboard,9,2
11029,1109,2026-04-01,Dashboard,3,1
11030,1109,2026-05-01,Automation,0,1
11031,1109,2026-06-01,Integrations,1,1
11032,1109,2026-07-01,Integrations,4,1
11033,1110,2025-07-01,API,7,1
11034,1110,2025-08-01,Integrations,6,1
11035,1110,2025-09-01,Integrations,12,2
11036,1110,2025-10-01,Integrations,14,2
11037,1110,2025-11-01,API,12,2
11038,1110,2025-12-01,Integrations,11,2
11039,1110,2026-01-01,API,9,2
11040,1110,2026-02-01,Automation,10,1
11041,1110,2026-03-01,API,10,2
11042,1110,2026-04-01,Dashboard,9,1
11043,1110,2026-05-01,API,10,1
11044,1110,2026-06-01,Reports,8,1
11045,1110,2026-07-01,Automation,5,1
11046,1111,2025-12-01,Reports,4,1
11047,1111,2026-01-01,Dashboard,6,1
11048,1111,2026-02-01,Integrations,5,1
11049,1111,2026-03-01,Dashboard,2,1
11050,1111,2026-04-01,Dashboard,3,1
11051,1111,2026-05-01,Reports,0,1
11052,1111,2026-06-01,API,3,1
11053,1111,2026-07-01,Dashboard,0,1
11054,1112,2025-04-01,Reports,12,3
11055,1112,2025-05-01,Automation,6,1
11056,1112,2025-06-01,Integrations,6,1
11057,1112,2025-07-01,Reports,7,2
11058,1112,2025-08-01,Reports,7,1
11059,1112,2025-09-01,API,4,1
11060,1112,2025-10-01,Integrations,6,1
11061,1112,2025-11-01,Dashboard,10,2
11062,1112,2025-12-01,Dashboard,5,1
11063,1112,2026-01-01,API,4,1
11064,1112,2026-02-01,Reports,0,1
11065,1113,2025-06-01,Automation,2,1
11066,1113,2025-07-01,Automation,0,1
11067,1114,2025-06-01,Integrations,10,2
11068,1114,2025-07-01,Reports,10,2
11069,1114,2025-08-01,Dashboard,1,1
11070,1114,2025-09-01,Automation,2,1
11071,1114,2025-10-01,API,6,1
11072,1114,2025-11-01,Dashboard,10,1
11073,1114,2025-12-01,Automation,7,1
11074,1114,2026-01-01,Reports,7,1
11075,1114,2026-02-01,Reports,7,2
11076,1114,2026-03-01,Integrations,5,1
11077,1114,2026-04-01,Dashboard,3,1
11078,1114,2026-05-01,Integrations,6,1
11079,1114,2026-06-01,Reports,3,1
11080,1114,2026-07-01,API,9,1
11081,1115,2026-01-01,Reports,10,1
11082,1115,2026-02-01,Integrations,7,2
11083,1115,2026-03-01,Reports,7,1
11084,1115,2026-04-01,Automation,13,3
11085,1115,2026-05-01,API,11,1
11086,1115,2026-06-01,Reports,8,1
11087,1115,2026-07-01,Reports,8,2
11088,1116,2025-01-01,Reports,0,1
11089,1116,2025-02-01,Dashboard,0,1
11090,1116,2025-03-01,Automation,1,1
11091,1116,2025-04-01,Reports,5,1
11092,1116,2025-05-01,Automation,0,1
11093,1116,2025-06-01,Integrations,2,1
11094,1116,2025-07-01,API,0,1
11095,1116,2025-08-01,Automation,2,1
11096,1116,2025-09-01,Automation,2,1
11097,1116,2025-10-01,Dashboard,2,1
11098,1116,2025-11-01,Dashboard,0,1
11099,1116,2025-12-01,Automation,0,1
11100,1116,2026-01-01,Reports,0,1
11101,1116,2026-02-01,Automation,0,1
11102,1116,2026-03-01,Reports,1,1
11103,1116,2026-04-01,Integrations,0,1
11104,1116,2026-05-01,Integrations,0,1
11105,1116,2026-06-01,Integrations,0,1
11106,1116,2026-07-01,Automation,3,1
11107,1117,2025-05-01,Reports,4,1
11108,1117,2025-06-01,Integrations,0,1
11109,1117,2025-07-01,Reports,9,2
11110,1117,2025-08-01,Reports,3,1
11111,1117,2025-09-01,Dashboard,5,1
11112,1117,2025-10-01,Reports,5,1
11113,1117,2025-11-01,Reports,1,1
11114,1117,2025-12-01,Dashboard,7,1
11115,1117,2026-01-01,Dashboard,0,1
11116,1117,2026-02-01,Integrations,1,1
11117,1117,2026-03-01,Reports,9,1
11118,1117,2026-04-01,Automation,5,1
11119,1117,2026-05-01,Reports,4,1
11120,1117,2026-06-01,Reports,5,1
11121,1117,2026-07-01,Integrations,4,1
11122,1118,2025-09-01,Dashboard,43,12
11123,1118,2025-10-01,Reports,39,9
11124,1118,2025-11-01,Dashboard,48,10
11125,1118,2025-12-01,Integrations,49,10
11126,1118,2026-01-01,API,41,8
11127,1118,2026-02-01,Reports,43,11
11128,1118,2026-03-01,Reports,37,8
11129,1118,2026-04-01,Reports,29,8
11130,1118,2026-05-01,Reports,19,6
11131,1118,2026-06-01,Automation,10,2
11132,1119,2026-04-01,Automation,12,3
11133,1119,2026-05-01,Integrations,7,1
11134,1119,2026-06-01,Automation,6,1
11135,1119,2026-07-01,Reports,7,1
11136,1120,2025-05-01,API,13,2
11137,1120,2025-06-01,Reports,12,3
11138,1120,2025-07-01,Automation,12,2
11139,1120,2025-08-01,Reports,15,2
11140,1120,2025-09-01,Reports,8,2
11141,1120,2025-10-01,Integrations,6,1
11142,1120,2025-11-01,Dashboard,2,1
11143,1121,2026-04-01,Reports,20,3
11144,1121,2026-05-01,Reports,17,3
11145,1121,2026-06-01,Integrations,14,4
11146,1121,2026-07-01,Dashboard,15,4
11147,1121,2026-08-01,API,17,2
11148,1121,2026-09-01,Integrations,12,2
11149,1121,2026-10-01,Reports,17,3
11150,1121,2026-11-01,API,14,2
11151,1121,2026-12-01,Dashboard,13,2
11152,1121,2027-01-01,Integrations,17,3
11153,1122,2025-04-01,API,0,1
11154,1122,2025-05-01,Automation,9,1
11155,1122,2025-06-01,Integrations,7,2
11156,1122,2025-07-01,Reports,6,1
11157,1122,2025-08-01,Reports,3,1
11158,1122,2025-09-01,API,5,1
11159,1122,2025-10-01,Reports,6,1
11160,1122,2025-11-01,Reports,0,1
11161,1122,2025-12-01,Reports,4,1
11162,1122,2026-01-01,API,8,2
11163,1122,2026-02-01,Reports,0,1
11164,1122,2026-03-01,Reports,0,1
11165,1122,2026-04-01,Integrations,0,1
11166,1123,2025-03-01,API,0,1
11167,1123,2025-04-01,Automation,0,1
11168,1123,2025-05-01,API,2,1
11169,1124,2025-08-01,Reports,3,1
11170,1124,2025-09-01,Dashboard,3,1
11171,1124,2025-10-01,Dashboard,1,1
11172,1124,2025-11-01,Dashboard,3,1
11173,1124,2025-12-01,Reports,4,1
11174,1124,2026-01-01,Integrations,2,1
11175,1124,2026-02-01,Integrations,2,1
11176,1124,2026-03-01,Automation,6,1
11177,1124,2026-04-01,Reports,4,1
11178,1124,2026-05-01,API,8,1
11179,1124,2026-06-01,Reports,4,1
11180,1124,2026-07-01,Automation,0,1
11181,1125,2025-10-01,API,18,3
11182,1125,2025-11-01,API,17,4
11183,1125,2025-12-01,Automation,21,3
11184,1125,2026-01-01,Dashboard,17,5
11185,1125,2026-02-01,Integrations,18,4
11186,1125,2026-03-01,Integrations,15,3
11187,1125,2026-04-01,Integrations,16,3
11188,1125,2026-05-01,Integrations,8,2
11189,1125,2026-06-01,API,13,4
11190,1125,2026-07-01,Integrations,10,3
11191,1126,2025-10-01,Integrations,5,1
11192,1126,2025-11-01,Integrations,6,1
11193,1126,2025-12-01,Dashboard,8,2
11194,1126,2026-01-01,Reports,6,1
11195,1126,2026-02-01,Dashboard,7,1
11196,1126,2026-03-01,Integrations,12,2
11197,1126,2026-04-01,Dashboard,10,2
11198,1126,2026-05-01,Integrations,11,2
11199,1126,2026-06-01,Reports,8,2
11200,1126,2026-07-01,Integrations,9,2
11201,1127,2025-04-01,API,5,1
11202,1127,2025-05-01,Automation,0,1
11203,1128,2025-10-01,Dashboard,3,1
11204,1128,2025-11-01,Automation,2,1
11205,1128,2025-12-01,Dashboard,0,1
11206,1128,2026-01-01,Integrations,1,1
11207,1128,2026-02-01,Dashboard,0,1
11208,1128,2026-03-01,Integrations,5,1
11209,1128,2026-04-01,Automation,0,1
11210,1128,2026-05-01,Reports,0,1
11211,1128,2026-06-01,Dashboard,5,1
11212,1128,2026-07-01,Reports,0,1
11213,1129,2024-11-01,Reports,8,1
11214,1129,2024-12-01,API,17,4
11215,1129,2025-01-01,Integrations,11,3
11216,1129,2025-02-01,Dashboard,4,1
11217,1129,2025-03-01,Integrations,7,2
11218,1129,2025-04-01,Dashboard,16,3
11219,1129,2025-05-01,Reports,10,2
11220,1129,2025-06-01,Automation,5,1
11221,1129,2025-07-01,Automation,2,1
11222,1129,2025-08-01,Reports,0,1
11223,1130,2026-03-01,Integrations,0,1
11224,1130,2026-04-01,Integrations,0,1
11225,1130,2026-05-01,Reports,6,1
11226,1130,2026-06-01,API,2,1
11227,1130,2026-07-01,Integrations,1,1
11228,1131,2025-07-01,API,44,13
11229,1131,2025-08-01,Automation,40,7
11230,1131,2025-09-01,Automation,44,7
11231,1131,2025-10-01,Automation,44,7
11232,1131,2025-11-01,API,42,9
11233,1131,2025-12-01,Dashboard,44,12
11234,1131,2026-01-01,Automation,46,10
11235,1131,2026-02-01,Reports,44,12
11236,1131,2026-03-01,Integrations,46,8
11237,1131,2026-04-01,Reports,46,13
11238,1131,2026-05-01,Integrations,38,9
11239,1131,2026-06-01,Reports,41,7
11240,1131,2026-07-01,Dashboard,44,14
11241,1132,2024-12-01,Automation,1,1
11242,1133,2025-05-01,Dashboard,6,1
11243,1133,2025-06-01,Reports,17,2
11244,1133,2025-07-01,Automation,8,1
11245,1133,2025-08-01,Automation,10,2
11246,1133,2025-09-01,Reports,4,1
11247,1133,2025-10-01,Automation,5,1
11248,1133,2025-11-01,Integrations,0,1
11249,1133,2025-12-01,Automation,4,1
11250,1134,2025-01-01,Integrations,20,4
11251,1134,2025-02-01,Integrations,20,3
11252,1134,2025-03-01,Reports,21,6
11253,1134,2025-04-01,Dashboard,19,5
11254,1134,2025-05-01,Automation,19,3
11255,1134,2025-06-01,Automation,13,3
11256,1134,2025-07-01,Automation,14,2
11257,1134,2025-08-01,Dashboard,22,5
11258,1134,2025-09-01,Integrations,11,2
11259,1134,2025-10-01,Integrations,1,1
11260,1135,2025-07-01,Integrations,11,2
11261,1135,2025-08-01,Reports,11,2
11262,1135,2025-09-01,Integrations,9,2
11263,1135,2025-10-01,Automation,11,2
11264,1135,2025-11-01,Integrations,7,2
11265,1135,2025-12-01,Integrations,3,1
11266,1135,2026-01-01,API,3,1
11267,1135,2026-02-01,API,6,1
11268,1135,2026-03-01,Integrations,9,1
11269,1135,2026-04-01,Dashboard,11,1
11270,1135,2026-05-01,Automation,3,1
11271,1135,2026-06-01,API,5,1
11272,1135,2026-07-01,API,5,1
11273,1136,2025-01-01,Integrations,17,3
11274,1136,2025-02-01,Automation,17,4
11275,1136,2025-03-01,Reports,18,3
11276,1136,2025-04-01,Reports,14,3
11277,1136,2025-05-01,Integrations,14,2
11278,1136,2025-06-01,Automation,18,3
11279,1136,2025-07-01,Reports,17,2
11280,1136,2025-08-01,Integrations,14,2
11281,1136,2025-09-01,Dashboard,18,3
11282,1136,2025-10-01,API,18,4
11283,1136,2025-11-01,API,17,4
11284,1136,2025-12-01,Integrations,21,6
11285,1136,2026-01-01,API,15,4
11286,1136,2026-02-01,API,18,4
11287,1136,2026-03-01,API,19,6
11288,1136,2026-04-01,Integrations,15,2
11289,1136,2026-05-01,API,17,3
11290,1136,2026-06-01,Reports,13,2
11291,1136,2026-07-01,Dashboard,20,4
11292,1137,2025-05-01,Automation,0,1
11293,1137,2025-06-01,Dashboard,5,1
11294,1137,2025-07-01,Dashboard,0,1
11295,1137,2025-08-01,Automation,2,1
11296,1137,2025-09-01,API,0,1
11297,1137,2025-10-01,Dashboard,6,1
11298,1137,2025-11-01,Dashboard,0,1
11299,1137,2025-12-01,Integrations,3,1
11300,1137,2026-01-01,Integrations,7,1
11301,1137,2026-02-01,API,4,1
11302,1137,2026-03-01,Automation,3,1
11303,1137,2026-04-01,Dashboard,2,1
11304,1137,2026-05-01,Automation,0,1
11305,1137,2026-06-01,Reports,1,1
11306,1137,2026-07-01,Automation,3,1
11307,1138,2026-03-01,Automation,14,4
11308,1138,2026-04-01,Integrations,13,2
11309,1138,2026-05-01,Integrations,13,3
11310,1138,2026-06-01,API,9,2
11311,1138,2026-07-01,API,13,3
11312,1138,2026-08-01,Integrations,13,2
11313,1138,2026-09-01,API,15,2
11314,1138,2026-10-01,API,14,3
11315,1138,2026-11-01,Reports,8,1
11316,1138,2026-12-01,Dashboard,12,2
11317,1138,2027-01-01,Reports,7,2
11318,1139,2025-10-01,Integrations,7,1
11319,1139,2025-11-01,Reports,1,1
11320,1139,2025-12-01,Integrations,4,1
11321,1139,2026-01-01,Dashboard,9,2
11322,1139,2026-02-01,Reports,5,1
11323,1139,2026-03-01,Reports,4,1
11324,1139,2026-04-01,Dashboard,3,1
11325,1139,2026-05-01,API,2,1
11326,1139,2026-06-01,Dashboard,0,1
11327,1140,2025-01-01,Reports,10,2
11328,1140,2025-02-01,Integrations,0,1
11329,1140,2025-03-01,Reports,2,1
11330,1140,2025-04-01,Dashboard,9,1
11331,1140,2025-05-01,Integrations,2,1
11332,1140,2025-06-01,Integrations,3,1
11333,1140,2025-07-01,Reports,4,1
11334,1140,2025-08-01,API,7,1
11335,1140,2025-09-01,Automation,9,2
11336,1140,2025-10-01,Automation,9,1
11337,1140,2025-11-01,Reports,6,1
11338,1140,2025-12-01,Automation,5,1
11339,1140,2026-01-01,API,4,1
11340,1140,2026-02-01,Reports,0,1
11341,1141,2025-05-01,Integrations,8,2
11342,1141,2025-06-01,Integrations,5,1
11343,1141,2025-07-01,Integrations,5,1
11344,1141,2025-08-01,Reports,6,1
11345,1141,2025-09-01,Reports,3,1
11346,1141,2025-10-01,Integrations,2,1
11347,1141,2025-11-01,API,4,1
11348,1141,2025-12-01,Reports,5,1
11349,1141,2026-01-01,Integrations,5,1
11350,1141,2026-02-01,Integrations,3,1
11351,1141,2026-03-01,Integrations,1,1
11352,1141,2026-04-01,Integrations,5,1
11353,1141,2026-05-01,Reports,6,1
11354,1141,2026-06-01,Dashboard,6,1
11355,1141,2026-07-01,Dashboard,3,1
11356,1142,2026-08-01,Integrations,11,3
11357,1142,2026-09-01,Automation,10,1
11358,1142,2026-10-01,API,10,2
11359,1142,2026-11-01,Integrations,5,1
11360,1142,2026-12-01,Reports,8,1
11361,1142,2027-01-01,API,3,1
11362,1142,2027-02-01,Dashboard,5,1
11363,1142,2027-03-01,Integrations,5,1
11364,1142,2027-04-01,Automation,10,2
11365,1143,2025-06-01,Dashboard,3,1
11366,1143,2025-07-01,Dashboard,0,1
11367,1144,2025-11-01,API,0,1
11368,1144,2025-12-01,Dashboard,3,1
11369,1145,2025-06-01,API,21,6
11370,1145,2025-07-01,Automation,16,3
11371,1145,2025-08-01,Integrations,21,5
11372,1145,2025-09-01,Dashboard,14,3
11373,1145,2025-10-01,API,15,4
11374,1145,2025-11-01,Integrations,16,4
11375,1145,2025-12-01,Automation,19,4
11376,1145,2026-01-01,Reports,14,2
11377,1145,2026-02-01,Dashboard,12,3
11378,1145,2026-03-01,Dashboard,11,2
11379,1145,2026-04-01,Automation,14,2
11380,1145,2026-05-01,Reports,15,4
11381,1145,2026-06-01,Integrations,18,3
11382,1145,2026-07-01,Automation,16,2
11383,1146,2025-01-01,Dashboard,0,1
11384,1146,2025-02-01,API,0,1
11385,1146,2025-03-01,Dashboard,0,1
11386,1146,2025-04-01,Dashboard,3,1
11387,1146,2025-05-01,API,0,1
11388,1146,2025-06-01,API,0,1
11389,1146,2025-07-01,Reports,1,1
11390,1146,2025-08-01,Automation,0,1
11391,1146,2025-09-01,Automation,0,1
11392,1146,2025-10-01,Integrations,9,1
11393,1146,2025-11-01,Integrations,1,1
11394,1146,2025-12-01,API,1,1
11395,1146,2026-01-01,Integrations,1,1
11396,1146,2026-02-01,Automation,0,1
11397,1146,2026-03-01,Automation,0,1
11398,1146,2026-04-01,Dashboard,0,1
11399,1146,2026-05-01,Automation,0,1
11400,1146,2026-06-01,Dashboard,0,1
11401,1146,2026-07-01,API,0,1
11402,1147,2025-02-01,Dashboard,2,1
11403,1147,2025-03-01,Dashboard,6,1
11404,1147,2025-04-01,Dashboard,6,1
11405,1147,2025-05-01,Reports,8,2
11406,1147,2025-06-01,Integrations,2,1
11407,1147,2025-07-01,API,5,1
11408,1147,2025-08-01,Automation,2,1
11409,1147,2025-09-01,Reports,10,2
11410,1147,2025-10-01,Dashboard,5,1
11411,1147,2025-11-01,Reports,0,1
11412,1147,2025-12-01,Dashboard,5,1
11413,1147,2026-01-01,Automation,4,1
11414,1147,2026-02-01,Integrations,6,1
11415,1147,2026-03-01,Automation,4,1
11416,1148,2027-06-01,Automation,0,1
11417,1148,2027-07-01,API,3,1
11418,1148,2027-08-01,API,0,1
11419,1148,2027-09-01,Dashboard,6,1
11420,1149,2025-04-01,API,3,1
11421,1149,2025-05-01,Automation,3,1
11422,1149,2025-06-01,Reports,1,1
11423,1150,2025-09-01,Reports,13,3
11424,1150,2025-10-01,Dashboard,14,2
11425,1150,2025-11-01,API,14,2
11426,1150,2025-12-01,API,8,2
11427,1150,2026-01-01,Dashboard,6,1
11428,1150,2026-02-01,Integrations,14,4
11429,1150,2026-03-01,Automation,15,2
11430,1150,2026-04-01,Integrations,9,2
11431,1150,2026-05-01,API,7,2
11432,1150,2026-06-01,Dashboard,9,1
11433,1150,2026-07-01,API,13,4
11434,1151,2026-12-01,Reports,5,1
11435,1151,2027-01-01,Reports,14,3
11436,1151,2027-02-01,Automation,5,1
11437,1151,2027-03-01,API,3,1
11438,1151,2027-04-01,API,8,2
11439,1151,2027-05-01,Reports,5,1
11440,1151,2027-06-01,Automation,1,1
11441,1151,2027-07-01,Dashboard,5,1
11442,1151,2027-08-01,Reports,4,1
11443,1151,2027-09-01,Automation,4,1
11444,1151,2027-10-01,Dashboard,6,1
11445,1151,2027-11-01,Integrations,2,1
11446,1151,2027-12-01,Integrations,12,2
11447,1151,2028-01-01,Dashboard,5,1
11448,1151,2028-02-01,API,6,1
11449,1151,2028-03-01,Dashboard,8,1
11450,1152,2025-04-01,API,4,1
11451,1152,2025-05-01,API,8,1
11452,1152,2025-06-01,Automation,8,2
11453,1152,2025-07-01,Automation,9,1
11454,1152,2025-08-01,API,11,2
11455,1152,2025-09-01,Automation,6,1
11456,1152,2025-10-01,Automation,9,1
11457,1152,2025-11-01,Dashboard,9,1
11458,1152,2025-12-01,Automation,6,1
11459,1152,2026-01-01,Automation,9,1
11460,1152,2026-02-01,Dashboard,3,1
11461,1152,2026-03-01,Reports,10,2
11462,1152,2026-04-01,API,10,2
11463,1152,2026-05-01,Integrations,8,2
11464,1152,2026-06-01,Integrations,4,1
11465,1152,2026-07-01,API,6,1
11466,1153,2025-01-01,Automation,7,2
11467,1153,2025-02-01,API,10,1
11468,1153,2025-03-01,Integrations,4,1
11469,1153,2025-04-01,API,0,1
11470,1153,2025-05-01,Automation,3,1
11471,1153,2025-06-01,Reports,0,1
11472,1153,2025-07-01,Dashboard,9,2
11473,1153,2025-08-01,API,3,1
11474,1153,2025-09-01,API,1,1
11475,1153,2025-10-01,Automation,5,1
11476,1153,2025-11-01,Automation,6,1
11477,1153,2025-12-01,Automation,7,1
11478,1153,2026-01-01,API,0,1
11479,1153,2026-02-01,Dashboard,2,1
11480,1153,2026-03-01,Integrations,4,1
11481,1153,2026-04-01,Reports,5,1
11482,1153,2026-05-01,Reports,6,1
11483,1153,2026-06-01,API,3,1
11484,1153,2026-07-01,Integrations,2,1
11485,1154,2025-03-01,Automation,42,9
11486,1154,2025-04-01,Automation,36,8
11487,1154,2025-05-01,Automation,42,13
11488,1154,2025-06-01,API,37,8
11489,1154,2025-07-01,Integrations,43,8
11490,1154,2025-08-01,API,42,13
11491,1154,2025-09-01,Dashboard,43,7
11492,1154,2025-10-01,Dashboard,33,6
11493,1154,2025-11-01,Reports,16,3
11494,1154,2025-12-01,Reports,4,1
11495,1155,2025-03-01,Integrations,14,4
11496,1155,2025-04-01,Dashboard,15,2
11497,1155,2025-05-01,Reports,9,1
11498,1155,2025-06-01,Integrations,13,3
11499,1155,2025-07-01,Automation,13,2
11500,1155,2025-08-01,Integrations,13,2
11501,1155,2025-09-01,Dashboard,14,2
11502,1155,2025-10-01,Reports,12,2
11503,1155,2025-11-01,Reports,16,3
11504,1155,2025-12-01,Reports,15,3
11505,1155,2026-01-01,Dashboard,15,2
11506,1155,2026-02-01,API,14,3
11507,1155,2026-03-01,Automation,14,2
11508,1155,2026-04-01,Reports,8,1
11509,1155,2026-05-01,Integrations,8,1
11510,1155,2026-06-01,Reports,15,2
11511,1155,2026-07-01,Dashboard,11,3
11512,1156,2025-01-01,Reports,5,1
11513,1156,2025-02-01,Reports,11,2
11514,1156,2025-03-01,Automation,7,1
11515,1156,2025-04-01,Reports,12,3
11516,1156,2025-05-01,Dashboard,5,1
11517,1156,2025-06-01,Integrations,7,1
11518,1156,2025-07-01,Integrations,2,1
11519,1156,2025-08-01,Reports,13,2
11520,1156,2025-09-01,Automation,9,2
11521,1156,2025-10-01,Dashboard,4,1
11522,1156,2025-11-01,Dashboard,9,2
11523,1156,2025-12-01,Reports,10,1
11524,1156,2026-01-01,Integrations,7,1
11525,1156,2026-02-01,Reports,9,1
11526,1156,2026-03-01,API,6,1
11527,1156,2026-04-01,Integrations,12,3
11528,1156,2026-05-01,Dashboard,9,1
11529,1156,2026-06-01,Automation,11,2
11530,1156,2026-07-01,API,13,2
11531,1157,2025-06-01,Automation,14,2
11532,1157,2025-07-01,Automation,5,1
11533,1157,2025-08-01,Reports,9,2
11534,1157,2025-09-01,Reports,8,2
11535,1157,2025-10-01,Reports,9,2
11536,1157,2025-11-01,Reports,13,3
11537,1157,2025-12-01,API,13,2
11538,1157,2026-01-01,API,13,2
11539,1157,2026-02-01,API,8,1
11540,1157,2026-03-01,Reports,12,3
11541,1157,2026-04-01,Reports,15,3
11542,1157,2026-05-01,Reports,11,2
11543,1157,2026-06-01,Dashboard,11,3
11544,1157,2026-07-01,Integrations,10,1
11545,1158,2025-08-01,Dashboard,5,1
11546,1158,2025-09-01,Integrations,2,1
11547,1159,2025-01-01,API,4,1
11548,1160,2025-07-01,Automation,5,1
11549,1160,2025-08-01,Reports,1,1
11550,1160,2025-09-01,Dashboard,0,1
11551,1160,2025-10-01,Automation,0,1
11552,1160,2025-11-01,Integrations,3,1
11553,1160,2025-12-01,Dashboard,7,1
11554,1160,2026-01-01,Reports,1,1
11555,1160,2026-02-01,Dashboard,3,1
11556,1160,2026-03-01,Dashboard,3,1
11557,1160,2026-04-01,Integrations,0,1
11558,1160,2026-05-01,Dashboard,3,1
11559,1160,2026-06-01,Automation,0,1
11560,1160,2026-07-01,Automation,0,1
11561,1161,2024-11-01,Automation,5,1
11562,1161,2024-12-01,Reports,0,1
11563,1162,2025-01-01,API,2,1
11564,1162,2025-02-01,API,4,1
11565,1162,2025-03-01,Integrations,6,1
11566,1163,2025-03-01,Dashboard,0,1
11567,1163,2025-04-01,Automation,5,1
11568,1163,2025-05-01,Automation,5,1
11569,1163,2025-06-01,Integrations,7,1
11570,1163,2025-07-01,Reports,2,1
11571,1163,2025-08-01,Reports,0,1
11572,1163,2025-09-01,Reports,0,1
11573,1163,2025-10-01,API,0,1
11574,1163,2025-11-01,Integrations,2,1
11575,1164,2025-06-01,Automation,8,1
11576,1164,2025-07-01,API,11,2
11577,1164,2025-08-01,API,12,2
11578,1164,2025-09-01,Integrations,6,1
11579,1164,2025-10-01,Integrations,11,3
11580,1164,2025-11-01,Reports,11,2
11581,1164,2025-12-01,Dashboard,10,1
11582,1164,2026-01-01,Dashboard,8,1
11583,1164,2026-02-01,API,0,1
11584,1164,2026-03-01,Reports,11,2
11585,1164,2026-04-01,Integrations,12,2
11586,1164,2026-05-01,Automation,12,2
11587,1164,2026-06-01,Automation,5,1
11588,1164,2026-07-01,Automation,3,1
11589,1165,2025-02-01,API,7,1
11590,1165,2025-03-01,API,8,2
11591,1165,2025-04-01,Integrations,9,1
11592,1165,2025-05-01,API,4,1
11593,1165,2025-06-01,Integrations,5,1
11594,1165,2025-07-01,Integrations,6,1
11595,1165,2025-08-01,Automation,5,1
11596,1165,2025-09-01,Dashboard,1,1
11597,1165,2025-10-01,Dashboard,4,1
11598,1165,2025-11-01,Reports,0,1
11599,1166,2024-10-01,Reports,12,3
11600,1166,2024-11-01,API,0,1
11601,1166,2024-12-01,Reports,0,1
11602,1167,2025-01-01,Dashboard,3,1
11603,1167,2025-02-01,Dashboard,0,1
11604,1168,2025-08-01,API,11,2
11605,1168,2025-09-01,Automation,4,1
11606,1168,2025-10-01,Dashboard,4,1
11607,1168,2025-11-01,Automation,2,1
11608,1168,2025-12-01,Reports,1,1
11609,1169,2025-02-01,Reports,7,1
11610,1169,2025-03-01,Automation,10,1
11611,1169,2025-04-01,Dashboard,7,1
11612,1169,2025-05-01,API,12,2
11613,1169,2025-06-01,Automation,11,2
11614,1169,2025-07-01,Automation,10,2
11615,1169,2025-08-01,Dashboard,6,1
11616,1169,2025-09-01,Automation,6,1
11617,1169,2025-10-01,Reports,10,2
11618,1169,2025-11-01,Automation,9,2
11619,1169,2025-12-01,API,10,2
11620,1169,2026-01-01,API,8,1
11621,1169,2026-02-01,Integrations,7,1
11622,1169,2026-03-01,Integrations,11,2
11623,1169,2026-04-01,Reports,7,1
11624,1169,2026-05-01,Reports,11,2
11625,1169,2026-06-01,Integrations,10,2
11626,1169,2026-07-01,Integrations,7,1
11627,1170,2024-12-01,Automation,6,1
11628,1170,2025-01-01,Integrations,10,2
11629,1170,2025-02-01,Integrations,15,2
11630,1170,2025-03-01,Dashboard,12,3
11631,1170,2025-04-01,Integrations,0,1
11632,1170,2025-05-01,Dashboard,3,1
11633,1171,2025-04-01,Reports,6,1
11634,1171,2025-05-01,Dashboard,2,1
11635,1171,2025-06-01,Automation,7,1
11636,1171,2025-07-01,Dashboard,7,1
11637,1171,2025-08-01,Dashboard,5,1
11638,1171,2025-09-01,Integrations,6,1
11639,1171,2025-10-01,Automation,6,1
11640,1171,2025-11-01,Automation,0,1
11641,1172,2025-10-01,API,9,1
11642,1172,2025-11-01,Automation,11,2
11643,1172,2025-12-01,Dashboard,3,1
11644,1172,2026-01-01,Integrations,6,1
11645,1172,2026-02-01,Automation,6,1
11646,1172,2026-03-01,Dashboard,0,1
11647,1172,2026-04-01,Dashboard,3,1
11648,1172,2026-05-01,API,6,1
11649,1172,2026-06-01,Reports,10,2
11650,1172,2026-07-01,API,2,1
11651,1173,2026-07-01,Dashboard,3,1
11652,1173,2026-08-01,Automation,2,1
11653,1173,2026-09-01,Automation,6,1
11654,1173,2026-10-01,Reports,4,1
11655,1173,2026-11-01,Reports,4,1
11656,1173,2026-12-01,Dashboard,0,1
11657,1173,2027-01-01,Dashboard,0,1
11658,1174,2025-01-01,Integrations,3,1
11659,1174,2025-02-01,API,7,2
11660,1174,2025-03-01,Dashboard,4,1
11661,1174,2025-04-01,Automation,3,1
11662,1174,2025-05-01,Integrations,5,1
11663,1174,2025-06-01,Automation,1,1
11664,1174,2025-07-01,Dashboard,0,1
11665,1174,2025-08-01,Dashboard,9,2
11666,1174,2025-09-01,Reports,3,1
11667,1174,2025-10-01,Dashboard,8,1
11668,1174,2025-11-01,Dashboard,6,1
11669,1174,2025-12-01,Reports,6,1
11670,1174,2026-01-01,Automation,10,2
11671,1174,2026-02-01,Dashboard,4,1
11672,1174,2026-03-01,Automation,4,1
11673,1174,2026-04-01,Dashboard,0,1
11674,1175,2025-10-01,API,11,2
11675,1175,2025-11-01,API,9,1
11676,1175,2025-12-01,Integrations,9,1
11677,1175,2026-01-01,API,7,1
11678,1175,2026-02-01,API,10,2
11679,1175,2026-03-01,Reports,13,2
11680,1175,2026-04-01,Automation,14,4
11681,1175,2026-05-01,Reports,8,1
11682,1175,2026-06-01,API,15,3
11683,1175,2026-07-01,Dashboard,17,5
11684,1176,2025-09-01,Reports,7,2
11685,1176,2025-10-01,Reports,9,1
11686,1176,2025-11-01,Automation,10,3
11687,1176,2025-12-01,Integrations,11,1
11688,1176,2026-01-01,Reports,5,1
11689,1176,2026-02-01,Integrations,13,3
11690,1176,2026-03-01,Integrations,5,1
11691,1176,2026-04-01,Reports,6,1
11692,1176,2026-05-01,Integrations,0,1
11693,1177,2025-12-01,Reports,25,4
11694,1177,2026-01-01,Reports,19,5
11695,1177,2026-02-01,Reports,19,5
11696,1177,2026-03-01,Integrations,21,3
11697,1177,2026-04-01,Reports,22,3
11698,1177,2026-05-01,Automation,24,5
11699,1177,2026-06-01,Integrations,21,5
11700,1177,2026-07-01,API,22,4
11701,1178,2025-10-01,Dashboard,6,1
11702,1178,2025-11-01,Reports,4,1
11703,1178,2025-12-01,Automation,1,1
11704,1178,2026-01-01,Dashboard,2,1
11705,1178,2026-02-01,Integrations,0,1
11706,1178,2026-03-01,Dashboard,0,1
11707,1179,2025-09-01,Integrations,11,2
11708,1179,2025-10-01,API,5,1
11709,1179,2025-11-01,Reports,9,2
11710,1179,2025-12-01,Reports,6,1
11711,1179,2026-01-01,API,6,1
11712,1179,2026-02-01,Reports,7,1
11713,1179,2026-03-01,API,10,1
11714,1179,2026-04-01,Automation,0,1
11715,1179,2026-05-01,Dashboard,9,2
11716,1179,2026-06-01,Automation,2,1
11717,1179,2026-07-01,Reports,12,2
11718,1180,2025-08-01,Dashboard,7,1
11719,1180,2025-09-01,Integrations,3,1
11720,1180,2025-10-01,API,7,2
11721,1180,2025-11-01,API,5,1
11722,1180,2025-12-01,Dashboard,3,1
11723,1180,2026-01-01,Reports,0,1
11724,1181,2025-11-01,API,15,3
11725,1181,2025-12-01,Automation,15,2
11726,1181,2026-01-01,Integrations,12,3
11727,1181,2026-02-01,Integrations,17,3
11728,1181,2026-03-01,Integrations,17,2
11729,1181,2026-04-01,Integrations,12,3
11730,1181,2026-05-01,API,12,2
11731,1181,2026-06-01,Dashboard,18,5
11732,1181,2026-07-01,API,11,2
11733,1182,2025-11-01,Dashboard,26,4
11734,1182,2025-12-01,API,24,7
11735,1182,2026-01-01,Dashboard,18,3
11736,1182,2026-02-01,Reports,22,3
11737,1182,2026-03-01,API,22,3
11738,1182,2026-04-01,Dashboard,21,6
11739,1182,2026-05-01,Reports,24,4
11740,1182,2026-06-01,Automation,24,4
11741,1182,2026-07-01,Integrations,23,5
11742,1183,2025-03-01,Dashboard,20,3
11743,1183,2025-04-01,Automation,24,4
11744,1183,2025-05-01,Automation,23,4
11745,1183,2025-06-01,Integrations,19,4
11746,1183,2025-07-01,Integrations,20,5
11747,1183,2025-08-01,API,17,2
11748,1183,2025-09-01,API,17,4
11749,1183,2025-10-01,Reports,4,1
11750,1183,2025-11-01,Reports,0,1
11751,1184,2025-03-01,Automation,0,1
11752,1184,2025-04-01,Integrations,0,1
11753,1184,2025-05-01,Dashboard,2,1
11754,1184,2025-06-01,Dashboard,1,1
11755,1184,2025-07-01,Reports,5,1
11756,1184,2025-08-01,Automation,0,1
11757,1184,2025-09-01,Dashboard,1,1
11758,1184,2025-10-01,Automation,0,1
11759,1184,2025-11-01,Integrations,0,1
11760,1185,2025-11-01,Automation,4,1
11761,1185,2025-12-01,Automation,3,1
11762,1185,2026-01-01,Reports,9,1
11763,1185,2026-02-01,Reports,2,1
11764,1185,2026-03-01,API,4,1
11765,1185,2026-04-01,Integrations,5,1
11766,1185,2026-05-01,Reports,8,1
11767,1185,2026-06-01,API,1,1
11768,1185,2026-07-01,Dashboard,6,1
11769,1186,2025-12-01,Automation,0,1
11770,1186,2026-01-01,Integrations,4,1
11771,1186,2026-02-01,API,0,1
11772,1186,2026-03-01,Automation,0,1
11773,1186,2026-04-01,Dashboard,11,2
11774,1186,2026-05-01,Dashboard,4,1
11775,1186,2026-06-01,Dashboard,3,1
11776,1186,2026-07-01,API,3,1
11777,1187,2025-01-01,Reports,11,2
11778,1187,2025-02-01,Integrations,8,1
11779,1187,2025-03-01,Reports,8,1
11780,1187,2025-04-01,Reports,11,2
11781,1187,2025-05-01,Dashboard,14,4
11782,1187,2025-06-01,Integrations,11,1
11783,1187,2025-07-01,Reports,5,1
11784,1187,2025-08-01,Dashboard,12,2
11785,1187,2025-09-01,Integrations,15,4
11786,1187,2025-10-01,API,9,2
11787,1187,2025-11-01,Dashboard,17,3
11788,1187,2025-12-01,Automation,14,3
11789,1187,2026-01-01,Automation,9,1
11790,1187,2026-02-01,Reports,10,1
11791,1187,2026-03-01,Automation,13,2
11792,1187,2026-04-01,Automation,8,1
11793,1187,2026-05-01,Reports,0,1
11794,1187,2026-06-01,Integrations,14,3
11795,1187,2026-07-01,Reports,7,1
11796,1188,2025-07-01,Reports,1,1
11797,1188,2025-08-01,Dashboard,6,1
11798,1188,2025-09-01,API,1,1
11799,1188,2025-10-01,Dashboard,0,1
11800,1188,2025-11-01,Integrations,0,1
11801,1188,2025-12-01,Reports,0,1
11802,1189,2025-10-01,Dashboard,4,1
11803,1189,2025-11-01,API,4,1
11804,1189,2025-12-01,Reports,1,1
11805,1189,2026-01-01,Reports,8,1
11806,1189,2026-02-01,Automation,0,1
11807,1189,2026-03-01,API,0,1
11808,1189,2026-04-01,Automation,0,1
11809,1189,2026-05-01,Reports,4,1
11810,1189,2026-06-01,Reports,0,1
11811,1189,2026-07-01,Reports,7,2
11812,1190,2025-04-01,API,9,1
11813,1190,2025-05-01,Reports,0,1
11814,1190,2025-06-01,Dashboard,7,2
11815,1190,2025-07-01,Automation,0,1
11816,1190,2025-08-01,Dashboard,7,1
11817,1190,2025-09-01,Automation,5,1
11818,1190,2025-10-01,Automation,4,1
11819,1190,2025-11-01,Reports,5,1
11820,1190,2025-12-01,Dashboard,0,1
11821,1190,2026-01-01,Integrations,1,1
11822,1190,2026-02-01,Automation,1,1
11823,1190,2026-03-01,Automation,3,1
11824,1191,2025-11-01,Integrations,2,1
11825,1191,2025-12-01,Integrations,0,1
11826,1191,2026-01-01,API,1,1
11827,1191,2026-02-01,Reports,2,1
11828,1191,2026-03-01,Dashboard,0,1
11829,1191,2026-04-01,API,0,1
11830,1191,2026-05-01,Automation,2,1
11831,1191,2026-06-01,Reports,2,1
11832,1191,2026-07-01,API,6,1
11833,1191,2026-08-01,API,3,1
11834,1191,2026-09-01,Dashboard,1,1
11835,1191,2026-10-01,API,5,1
11836,1191,2026-11-01,Integrations,2,1
11837,1191,2026-12-01,Reports,0,1
11838,1191,2027-01-01,Reports,4,1
11839,1191,2027-02-01,Automation,4,1
11840,1192,2025-09-01,Automation,18,4
11841,1192,2025-10-01,Automation,17,2
11842,1192,2025-11-01,Dashboard,18,3
11843,1192,2025-12-01,API,22,4
11844,1192,2026-01-01,Reports,21,5
11845,1192,2026-02-01,Integrations,16,3
11846,1192,2026-03-01,Automation,22,4
11847,1192,2026-04-01,Automation,24,6
11848,1192,2026-05-01,Dashboard,24,5
11849,1192,2026-06-01,Automation,16,5
11850,1192,2026-07-01,Integrations,24,4
11851,1193,2025-07-01,API,17,4
11852,1193,2025-08-01,Automation,16,3
11853,1193,2025-09-01,API,15,4
11854,1193,2025-10-01,API,13,4
11855,1193,2025-11-01,Dashboard,12,2
11856,1193,2025-12-01,API,10,2
11857,1193,2026-01-01,Reports,13,2
11858,1193,2026-02-01,Integrations,16,4
11859,1193,2026-03-01,Dashboard,11,2
11860,1193,2026-04-01,API,16,4
11861,1193,2026-05-01,API,15,4
11862,1193,2026-06-01,Dashboard,11,1
11863,1193,2026-07-01,Automation,10,1
11864,1194,2026-02-01,API,20,3
11865,1194,2026-03-01,API,13,2
11866,1194,2026-04-01,Dashboard,16,3
11867,1194,2026-05-01,Reports,19,5
11868,1194,2026-06-01,Automation,15,4
11869,1194,2026-07-01,Reports,20,6
11870,1195,2024-11-01,API,7,2
11871,1195,2024-12-01,API,6,1
11872,1195,2025-01-01,Integrations,5,1
11873,1195,2025-02-01,Integrations,2,1
11874,1195,2025-03-01,Automation,6,1
11875,1195,2025-04-01,Automation,4,1
11876,1195,2025-05-01,Automation,1,1
11877,1195,2025-06-01,Automation,7,1
11878,1195,2025-07-01,Integrations,9,2
11879,1195,2025-08-01,API,4,1
11880,1195,2025-09-01,Dashboard,6,1
11881,1195,2025-10-01,Dashboard,3,1
11882,1195,2025-11-01,Automation,3,1
11883,1195,2025-12-01,API,5,1
11884,1195,2026-01-01,Automation,8,2
11885,1195,2026-02-01,Automation,7,1
11886,1195,2026-03-01,Reports,5,1
11887,1195,2026-04-01,Reports,4,1
11888,1195,2026-05-01,Reports,3,1
11889,1195,2026-06-01,Integrations,3,1
11890,1195,2026-07-01,Reports,2,1
11891,1196,2025-02-01,Reports,3,1
11892,1196,2025-03-01,Automation,7,1
11893,1196,2025-04-01,Integrations,5,1
11894,1196,2025-05-01,Reports,0,1
11895,1196,2025-06-01,Dashboard,2,1
11896,1196,2025-07-01,API,0,1
11897,1196,2025-08-01,Integrations,6,1
11898,1196,2025-09-01,Reports,9,2
11899,1196,2025-10-01,Reports,4,1
11900,1196,2025-11-01,Integrations,1,1
11901,1196,2025-12-01,API,0,1
11902,1196,2026-01-01,Dashboard,9,2
11903,1196,2026-02-01,Automation,1,1
11904,1196,2026-03-01,Integrations,2,1
11905,1196,2026-04-01,Integrations,4,1
11906,1196,2026-05-01,Reports,1,1
11907,1196,2026-06-01,Automation,3,1
11908,1196,2026-07-01,Reports,6,1
11909,1197,2025-03-01,API,4,1
11910,1197,2025-04-01,API,4,1
11911,1197,2025-05-01,Integrations,5,1
11912,1197,2025-06-01,Automation,6,1
11913,1197,2025-07-01,Automation,10,1
11914,1197,2025-08-01,Automation,13,2
11915,1197,2025-09-01,Reports,7,1
11916,1197,2025-10-01,Reports,10,2
11917,1197,2025-11-01,Reports,9,2
11918,1197,2025-12-01,Automation,2,1
11919,1197,2026-01-01,Dashboard,7,1
11920,1197,2026-02-01,Integrations,9,1
11921,1197,2026-03-01,Dashboard,9,1
11922,1197,2026-04-01,Dashboard,1,1
11923,1197,2026-05-01,Automation,5,1
11924,1197,2026-06-01,Reports,7,1
11925,1197,2026-07-01,Reports,7,1
11926,1198,2025-03-01,Integrations,5,1
11927,1198,2025-04-01,Reports,8,2
11928,1198,2025-05-01,Integrations,14,3
11929,1198,2025-06-01,Reports,10,2
11930,1198,2025-07-01,Reports,8,1
11931,1198,2025-08-01,Dashboard,9,2
11932,1198,2025-09-01,Dashboard,14,3
11933,1198,2025-10-01,API,8,2
11934,1198,2025-11-01,API,13,3
11935,1198,2025-12-01,Integrations,9,2
11936,1198,2026-01-01,Dashboard,7,1
11937,1198,2026-02-01,Reports,9,1
11938,1198,2026-03-01,Dashboard,13,3
11939,1198,2026-04-01,API,15,3
11940,1198,2026-05-01,Automation,10,2
11941,1198,2026-06-01,Dashboard,13,2
11942,1198,2026-07-01,Reports,9,2
11943,1199,2024-10-01,Automation,0,1
11944,1199,2024-11-01,Automation,0,1
11945,1199,2024-12-01,Dashboard,0,1
11946,1199,2025-01-01,Integrations,5,1
11947,1199,2025-02-01,API,0,1
11948,1199,2025-03-01,Integrations,0,1
11949,1200,2025-06-01,Reports,0,1
11950,1200,2025-07-01,Reports,7,1
11951,1200,2025-08-01,Automation,7,1
11952,1200,2025-09-01,Reports,5,1
11953,1200,2025-10-01,Reports,1,1
11954,1200,2025-11-01,API,0,1
