ticket_id,customer_id,created_date,category,priority,resolved_date,csat_score
1,1,2025-04-01,Onboarding,Low,2025-04-03,5.0
2,1,2026-03-01,Feature Request,Low,2026-03-02,3.0
3,1,2026-04-01,Billing,Medium,2026-04-07,2.0
4,2,2025-10-01,Billing,Low,2025-10-09,4.0
5,2,2026-03-01,Onboarding,Low,2026-03-09,3.0
6,2,2026-04-01,Feature Request,Critical,2026-04-04,3.0
7,2,2026-07-01,Onboarding,High,2026-07-11,5.0
8,3,2024-11-01,Onboarding,Low,,
9,3,2025-01-01,Bug,Medium,2025-01-07,3.0
10,3,2025-05-01,Onboarding,High,2025-05-09,1.0
11,3,2025-06-01,Billing,High,2025-06-02,2.0
12,4,2026-05-01,Bug,Medium,2026-05-06,3.0
13,4,2026-06-01,Feature Request,Low,2026-06-04,3.0
14,5,2025-08-01,Feature Request,High,2025-08-05,3.0
15,5,2026-06-01,Feature Request,Medium,2026-06-07,5.0
16,6,2025-04-01,Billing,Low,2025-04-08,4.0
17,6,2025-08-01,Billing,Low,2025-08-07,4.0
18,7,2025-10-01,Feature Request,Medium,,
19,8,2026-02-01,Billing,Medium,2026-02-05,3.0
20,8,2026-04-01,Billing,Low,2026-04-05,4.0
21,8,2026-05-01,Bug,High,2026-05-04,5.0
22,9,2026-02-01,Billing,Low,2026-02-05,4.0
23,9,2026-06-01,Billing,Critical,2026-06-11,1.0
24,10,2025-06-01,Bug,High,2025-06-04,4.0
25,10,2025-11-01,Billing,Low,2025-11-02,5.0
26,10,2026-04-01,Feature Request,Low,2026-04-03,5.0
27,10,2026-05-01,Bug,Low,2026-05-11,3.0
28,12,2026-03-01,Billing,High,,
29,12,2026-07-01,Bug,Low,2026-07-04,5.0
30,13,2026-10-01,Billing,Medium,,
31,13,2027-07-01,Bug,Low,2027-07-08,4.0
32,14,2025-11-01,Billing,Low,2025-11-03,5.0
33,14,2026-05-01,General,Medium,2026-05-08,4.0
34,16,2026-05-01,General,Low,2026-05-08,3.0
35,16,2026-06-01,General,Medium,2026-06-02,3.0
36,16,2026-07-01,Bug,Medium,2026-07-02,3.0
37,17,2026-02-01,General,Medium,2026-02-05,5.0
38,18,2025-07-01,Billing,Medium,2025-07-04,3.0
39,18,2026-01-01,Feature Request,Medium,2026-01-02,4.0
40,18,2026-05-01,Bug,Critical,,
41,18,2026-06-01,Feature Request,Medium,2026-06-04,2.0
42,18,2026-07-01,Feature Request,Medium,2026-07-04,2.0
43,19,2024-11-01,Feature Request,High,2024-11-05,2.0
44,19,2024-12-01,Onboarding,Medium,2024-12-02,2.0
45,20,2025-06-01,Feature Request,High,2025-06-05,4.0
46,20,2025-10-01,Billing,Medium,2025-10-06,5.0
47,20,2026-02-01,Billing,Low,2026-02-02,3.0
48,20,2026-05-01,Onboarding,Low,2026-05-11,5.0
49,21,2025-06-01,General,High,2025-06-09,3.0
50,21,2025-07-01,Feature Request,High,2025-07-03,3.0
51,21,2025-10-01,Billing,High,2025-10-10,3.0
52,21,2026-07-01,Billing,Medium,2026-07-05,1.0
53,22,2025-10-01,Bug,High,2025-10-09,5.0
54,22,2026-03-01,General,High,2026-03-03,1.0
55,24,2026-01-01,Onboarding,Low,,
56,24,2026-02-01,Bug,Low,2026-02-06,5.0
57,24,2026-04-01,Feature Request,High,2026-04-04,4.0
58,25,2025-05-01,Feature Request,Low,2025-05-02,2.0
59,28,2025-08-01,Bug,Medium,2025-08-07,1.0
60,28,2025-09-01,General,Medium,2025-09-10,1.0
61,29,2026-02-01,General,High,,
62,30,2026-07-01,Bug,Low,2026-07-03,5.0
63,31,2025-04-01,Feature Request,Medium,2025-04-05,1.0
64,32,2025-07-01,General,Medium,2025-07-06,4.0
65,32,2025-08-01,Billing,Low,2025-08-08,5.0
66,32,2025-10-01,General,Low,2025-10-04,3.0
67,32,2025-12-01,General,Low,2025-12-11,3.0
68,33,2025-11-01,Billing,Low,2025-11-05,3.0
69,33,2025-12-01,Bug,Medium,2025-12-04,5.0
70,33,2026-02-01,Billing,Medium,2026-02-04,4.0
71,34,2025-08-01,Onboarding,Medium,2025-08-09,2.0
72,35,2025-07-01,Billing,Medium,2025-07-11,4.0
73,35,2026-02-01,General,Medium,2026-02-06,5.0
74,35,2026-03-01,General,Low,2026-03-07,2.0
75,36,2025-12-01,Onboarding,Critical,,
76,36,2026-06-01,Bug,Low,2026-06-09,5.0
77,40,2025-03-01,Feature Request,Low,2025-03-07,3.0
78,40,2025-04-01,Feature Request,High,2025-04-07,1.0
79,40,2025-05-01,General,High,2025-05-05,2.0
80,41,2025-06-01,Onboarding,Medium,2025-06-06,3.0
81,41,2025-10-01,Bug,Medium,2025-10-02,4.0
82,41,2025-11-01,Feature Request,High,2025-11-09,3.0
83,41,2026-04-01,General,Medium,2026-04-04,5.0
84,43,2025-11-01,Bug,Low,2025-11-08,5.0
85,43,2026-03-01,Billing,Low,2026-03-10,5.0
86,44,2026-04-01,General,High,2026-04-03,4.0
87,45,2026-03-01,Feature Request,Medium,2026-03-06,4.0
88,46,2025-05-01,General,Low,2025-05-03,3.0
89,46,2025-06-01,Onboarding,Medium,2025-06-05,3.0
90,48,2026-03-01,Feature Request,High,,
91,48,2026-04-01,General,Medium,2026-04-05,4.0
92,48,2026-07-01,Bug,Low,2026-07-03,3.0
93,49,2025-11-01,Onboarding,High,2025-11-09,4.0
94,49,2026-02-01,Onboarding,Low,2026-02-04,4.0
95,49,2026-03-01,General,Medium,,
96,50,2026-06-01,General,Low,2026-06-06,4.0
97,50,2026-07-01,Billing,High,2026-07-03,4.0
98,51,2025-01-01,Onboarding,Low,2025-01-10,3.0
99,51,2025-03-01,General,High,2025-03-06,2.0
100,51,2025-04-01,Bug,Critical,2025-04-02,1.0
101,52,2025-08-01,Bug,High,2025-08-04,3.0
102,52,2025-09-01,General,Medium,2025-09-04,1.0
103,52,2025-10-01,Bug,High,2025-10-11,2.0
104,53,2025-12-01,Bug,High,2025-12-10,3.0
105,53,2026-07-01,Onboarding,Low,2026-07-02,4.0
106,54,2025-12-01,Bug,High,2025-12-09,5.0
107,54,2026-04-01,General,Medium,2026-04-04,5.0
108,54,2026-07-01,Bug,Low,2026-07-09,3.0
109,55,2025-05-01,Bug,High,2025-05-04,5.0
110,55,2025-11-01,General,Medium,2025-11-07,3.0
111,55,2026-01-01,Feature Request,Low,2026-01-08,3.0
112,55,2026-05-01,Billing,High,2026-05-06,3.0
113,56,2025-06-01,Feature Request,Low,2025-06-07,4.0
114,56,2025-07-01,Billing,High,2025-07-07,4.0
115,56,2026-06-01,Onboarding,Low,2026-06-05,3.0
116,57,2025-11-01,Feature Request,Low,2025-11-02,4.0
117,58,2025-08-01,Feature Request,High,2025-08-10,1.0
118,58,2025-09-01,Onboarding,Low,2025-09-02,2.0
119,59,2025-06-01,Bug,Medium,2025-06-10,2.0
120,59,2025-07-01,Onboarding,Medium,2025-07-11,1.0
121,60,2025-12-01,Billing,Low,2025-12-07,4.0
122,61,2026-02-01,Billing,Low,2026-02-04,5.0
123,62,2025-01-01,General,Low,2025-01-02,4.0
124,62,2025-03-01,Feature Request,Low,2025-03-06,3.0
125,62,2025-04-01,Feature Request,Medium,2025-04-02,5.0
126,63,2025-10-01,Billing,Low,2025-10-02,4.0
127,63,2025-11-01,Feature Request,Medium,2025-11-09,2.0
128,64,2025-09-01,Bug,Medium,2025-09-11,1.0
129,65,2024-10-01,General,High,,
130,66,2025-06-01,Onboarding,Low,2025-06-11,3.0
131,66,2025-07-01,Onboarding,Medium,2025-07-09,5.0
132,66,2026-01-01,Onboarding,Low,2026-01-03,4.0
133,67,2025-08-01,Onboarding,Critical,2025-08-02,2.0
134,67,2025-09-01,Billing,High,,
135,68,2026-02-01,General,Low,2026-02-05,4.0
136,68,2026-03-01,Feature Request,Critical,2026-03-08,1.0
137,68,2026-04-01,General,High,2026-04-10,2.0
138,70,2025-08-01,Bug,Medium,,
139,73,2025-06-01,Billing,Low,2025-06-09,2.0
140,75,2026-07-01,General,Medium,2026-07-03,3.0
141,76,2025-12-01,Bug,High,2025-12-06,5.0
142,76,2026-02-01,Billing,Medium,2026-02-04,4.0
143,77,2025-04-01,Bug,Low,,
144,77,2025-09-01,Onboarding,Medium,2025-09-03,3.0
145,77,2026-03-01,Onboarding,Low,2026-03-04,4.0
146,77,2026-07-01,Feature Request,High,2026-07-09,3.0
147,78,2025-06-01,General,Low,2025-06-02,4.0
148,78,2025-07-01,Bug,Medium,2025-07-07,4.0
149,78,2025-08-01,Onboarding,Critical,2025-08-07,3.0
150,78,2025-09-01,Billing,Medium,2025-09-10,4.0
151,78,2026-02-01,Feature Request,High,2026-02-06,3.0
152,79,2025-03-01,Feature Request,Low,2025-03-11,4.0
153,79,2025-05-01,General,Medium,2025-05-05,4.0
154,79,2025-07-01,Billing,Low,2025-07-10,5.0
155,79,2026-02-01,General,Low,2026-02-09,3.0
156,80,2025-05-01,Billing,Low,,
157,80,2025-08-01,General,Low,2025-08-07,3.0
158,80,2025-09-01,Billing,Medium,2025-09-03,3.0
159,81,2025-10-01,Onboarding,High,2025-10-09,2.0
160,82,2025-05-01,Onboarding,High,2025-05-03,2.0
161,83,2026-04-01,Bug,High,2026-04-11,4.0
162,84,2025-10-01,Billing,Low,2025-10-02,3.0
163,84,2025-12-01,Billing,Medium,2025-12-08,4.0
164,85,2025-08-01,Bug,Medium,2025-08-06,4.0
165,85,2026-03-01,Billing,Medium,,
166,87,2025-01-01,Onboarding,Low,2025-01-07,4.0
167,87,2025-03-01,General,Low,2025-03-08,5.0
168,87,2025-04-01,Billing,Low,,
169,87,2026-05-01,Onboarding,Medium,2026-05-04,3.0
170,88,2026-07-01,Bug,Medium,2026-07-08,3.0
171,88,2026-08-01,Bug,High,2026-08-08,5.0
172,89,2026-05-01,Onboarding,High,2026-05-05,5.0
173,90,2025-10-01,Billing,Critical,,
174,91,2025-09-01,Bug,Low,2025-09-09,3.0
175,91,2026-06-01,Onboarding,Low,2026-06-08,4.0
176,92,2025-12-01,General,Medium,,
177,92,2026-03-01,General,Low,2026-03-03,5.0
178,92,2026-04-01,Bug,Low,,
179,94,2025-04-01,Onboarding,Medium,2025-04-03,3.0
180,94,2025-05-01,Bug,Low,2025-05-09,4.0
181,94,2025-07-01,Onboarding,Low,2025-07-11,4.0
182,94,2026-06-01,Onboarding,Medium,2026-06-09,5.0
183,94,2026-07-01,General,Low,2026-07-03,3.0
184,95,2026-06-01,Bug,Medium,2026-06-11,4.0
185,96,2025-10-01,Billing,Critical,2025-10-07,2.0
186,96,2025-11-01,General,High,2025-11-07,2.0
187,98,2025-02-01,General,Medium,2025-02-09,1.0
188,98,2025-03-01,General,Low,2025-03-06,2.0
189,99,2026-07-01,General,Low,2026-07-06,3.0
190,100,2025-12-01,Billing,High,2025-12-03,3.0
191,100,2026-05-01,Feature Request,Low,2026-05-05,4.0
192,100,2026-06-01,Feature Request,High,2026-06-05,4.0
193,101,2024-11-01,Onboarding,High,2024-11-07,4.0
194,101,2025-01-01,Billing,High,2025-01-06,3.0
195,102,2026-02-01,General,Medium,,
196,103,2026-05-01,Bug,Low,2026-05-11,4.0
197,104,2025-04-01,Billing,Medium,2025-04-04,2.0
198,104,2025-05-01,Feature Request,High,2025-05-06,2.0
199,105,2026-03-01,Bug,Low,2026-03-04,4.0
200,105,2026-05-01,Billing,Low,2026-05-02,4.0
201,105,2026-07-01,Billing,Medium,2026-07-07,4.0
202,106,2025-01-01,Feature Request,Medium,2025-01-08,3.0
203,106,2025-07-01,Feature Request,Low,2025-07-03,3.0
204,106,2025-09-01,General,Medium,2025-09-10,3.0
205,106,2026-01-01,Billing,Low,,
206,107,2026-01-01,Billing,Low,2026-01-09,5.0
207,107,2026-04-01,Onboarding,Critical,2026-04-10,2.0
208,107,2026-05-01,General,High,2026-05-02,2.0
209,109,2025-04-01,Billing,Medium,2025-04-08,2.0
210,111,2025-08-01,Billing,Low,2025-08-06,4.0
211,111,2025-09-01,Bug,Low,2025-09-02,4.0
212,111,2026-01-01,General,High,2026-01-03,4.0
213,111,2026-04-01,Onboarding,Medium,,
214,112,2026-01-01,Feature Request,Medium,2026-01-02,5.0
215,112,2026-04-01,General,High,2026-04-07,3.0
216,112,2026-05-01,Onboarding,Medium,2026-05-06,5.0
217,113,2025-07-01,Billing,Low,2025-07-10,3.0
218,113,2025-12-01,Feature Request,Low,2025-12-05,1.0
219,114,2025-04-01,Billing,High,2025-04-08,3.0
220,114,2025-06-01,Feature Request,Low,2025-06-07,3.0
221,114,2026-03-01,Billing,Low,2026-03-04,5.0
222,115,2025-07-01,Feature Request,Medium,2025-07-10,1.0
223,116,2026-01-01,Bug,Medium,2026-01-04,5.0
224,117,2026-08-01,Feature Request,Low,2026-08-02,5.0
225,118,2026-04-01,Billing,Medium,,
226,119,2026-03-01,Onboarding,Critical,2026-03-06,5.0
227,119,2027-04-01,Billing,Medium,2027-04-03,1.0
228,119,2027-05-01,General,Medium,2027-05-05,2.0
229,121,2025-11-01,Feature Request,Medium,2025-11-08,3.0
230,121,2026-01-01,Feature Request,Low,2026-01-05,3.0
231,121,2026-06-01,Feature Request,Medium,2026-06-08,5.0
232,122,2025-02-01,Feature Request,Low,2025-02-03,5.0
233,122,2025-04-01,Billing,Medium,2025-04-04,5.0
234,122,2025-06-01,Onboarding,Low,2025-06-02,3.0
235,122,2026-04-01,Billing,Critical,2026-04-08,2.0
236,123,2026-01-01,Onboarding,Low,,
237,123,2026-04-01,Bug,High,2026-04-08,5.0
238,123,2026-06-01,Billing,Critical,2026-06-10,3.0
239,124,2025-05-01,General,Medium,2025-05-04,5.0
240,124,2025-09-01,Bug,Medium,2025-09-08,5.0
241,125,2025-08-01,Bug,Medium,2025-08-05,1.0
242,125,2025-09-01,General,Critical,2025-09-08,1.0
243,126,2025-01-01,General,Low,,
244,126,2025-03-01,Feature Request,High,2025-03-11,4.0
245,127,2025-05-01,General,Low,2025-05-08,4.0
246,127,2025-10-01,General,Low,2025-10-02,3.0
247,128,2025-05-01,Feature Request,Low,2025-05-07,5.0
248,130,2025-12-01,General,Medium,2025-12-07,4.0
249,130,2026-02-01,General,Low,2026-02-09,3.0
250,131,2025-10-01,Feature Request,Medium,2025-10-04,3.0
251,131,2025-11-01,Bug,High,2025-11-08,3.0
252,131,2026-06-01,Bug,Low,2026-06-08,4.0
253,132,2025-06-01,Bug,Low,2025-06-08,3.0
254,132,2025-09-01,Billing,Medium,,
255,133,2025-09-01,Onboarding,Medium,2025-09-05,4.0
256,133,2025-11-01,Feature Request,Low,2025-11-02,5.0
257,133,2026-01-01,Bug,High,,
258,134,2025-11-01,Onboarding,Medium,2025-11-09,3.0
259,134,2026-02-01,Onboarding,Medium,2026-02-03,1.0
260,135,2026-03-01,Feature Request,Medium,2026-03-08,4.0
261,135,2026-04-01,Billing,Low,2026-04-05,5.0
262,135,2026-07-01,General,Low,2026-07-09,4.0
263,136,2025-02-01,General,Low,2025-02-04,5.0
264,136,2025-09-01,Bug,Low,2025-09-09,3.0
265,136,2025-11-01,Onboarding,Medium,2025-11-06,4.0
266,136,2026-01-01,Bug,High,2026-01-09,2.0
267,137,2025-01-01,Bug,High,2025-01-11,1.0
268,138,2025-09-01,Billing,Medium,2025-09-07,4.0
269,138,2026-04-01,Bug,Low,2026-04-10,4.0
270,139,2025-10-01,General,Low,2025-10-03,5.0
271,139,2025-11-01,Bug,Critical,2025-11-03,4.0
272,139,2025-12-01,Bug,Medium,2025-12-08,3.0
273,139,2026-01-01,Onboarding,Low,2026-01-03,4.0
274,141,2025-05-01,Feature Request,Low,2025-05-11,3.0
275,141,2026-06-01,Billing,Low,2026-06-09,3.0
276,141,2026-07-01,Feature Request,Low,2026-07-06,5.0
277,142,2026-01-01,Billing,Critical,2026-01-07,3.0
278,142,2026-07-01,Billing,Medium,2026-07-05,3.0
279,144,2025-07-01,Feature Request,Medium,,
280,144,2026-03-01,Feature Request,Critical,2026-03-09,2.0
281,144,2026-04-01,Feature Request,High,2026-04-06,1.0
282,145,2026-03-01,Feature Request,Medium,2026-03-09,3.0
283,145,2026-08-01,Feature Request,Medium,2026-08-06,2.0
284,146,2025-04-01,Feature Request,Low,2025-04-10,3.0
285,146,2025-07-01,Feature Request,Low,,
286,146,2025-08-01,Onboarding,Medium,2025-08-11,4.0
287,146,2025-11-01,Bug,Low,2025-11-08,3.0
288,146,2026-02-01,Feature Request,Low,2026-02-11,5.0
289,147,2025-08-01,Onboarding,Low,2025-08-07,5.0
290,147,2025-10-01,General,Medium,2025-10-02,4.0
291,147,2026-03-01,Bug,Low,2026-03-06,3.0
292,148,2025-10-01,Onboarding,Low,2025-10-06,4.0
293,148,2025-11-01,General,Low,2025-11-10,5.0
294,148,2026-04-01,General,Low,2026-04-07,4.0
295,148,2026-07-01,Feature Request,Medium,2026-07-08,3.0
296,149,2025-10-01,Billing,Medium,2025-10-03,5.0
297,149,2025-12-01,Billing,Medium,2025-12-05,3.0
298,149,2026-07-01,General,Low,2026-07-11,5.0
299,150,2026-05-01,Onboarding,Critical,2026-05-11,3.0
300,151,2026-01-01,Onboarding,Low,,
301,153,2026-04-01,General,High,2026-04-05,1.0
302,154,2025-01-01,Onboarding,Low,2025-01-09,4.0
303,154,2025-02-01,Onboarding,Low,2025-02-02,3.0
304,155,2025-04-01,General,Low,2025-04-05,5.0
305,155,2025-07-01,General,Low,2025-07-07,5.0
306,155,2026-03-01,Billing,Critical,2026-03-05,4.0
307,155,2026-04-01,General,Medium,,
308,155,2026-07-01,Billing,Medium,2026-07-06,5.0
309,156,2025-09-01,Billing,Medium,2025-09-10,2.0
310,156,2025-10-01,General,Critical,2025-10-07,1.0
311,157,2025-03-01,Billing,Low,2025-03-11,2.0
312,157,2025-04-01,General,High,2025-04-11,2.0
313,158,2025-12-01,General,Critical,2025-12-04,4.0
314,158,2026-06-01,Feature Request,Low,2026-06-10,5.0
315,159,2025-11-01,General,Medium,2025-11-04,5.0
316,159,2025-12-01,General,High,2025-12-10,3.0
317,159,2026-02-01,Billing,Medium,2026-02-07,4.0
318,160,2025-07-01,Feature Request,Low,2025-07-11,4.0
319,161,2025-05-01,General,Low,,
320,161,2025-06-01,Onboarding,Low,2025-06-02,4.0
321,161,2025-07-01,Bug,High,2025-07-05,5.0
322,161,2025-08-01,Onboarding,Low,2025-08-08,4.0
323,161,2025-09-01,Feature Request,High,2025-09-03,5.0
324,161,2025-10-01,Onboarding,Low,2025-10-02,4.0
325,161,2025-11-01,General,Low,2025-11-04,4.0
326,161,2025-12-01,Onboarding,Medium,2025-12-05,5.0
327,162,2026-05-01,General,Low,2026-05-11,4.0
328,162,2026-07-01,General,Medium,2026-07-09,4.0
329,163,2025-06-01,Bug,High,2025-06-03,3.0
330,164,2025-10-01,Billing,Medium,2025-10-05,4.0
331,164,2026-01-01,Billing,Medium,2026-01-07,3.0
332,164,2026-04-01,Feature Request,Low,2026-04-09,4.0
333,165,2024-10-01,General,Critical,2024-10-03,1.0
334,165,2024-11-01,Bug,High,,
335,167,2025-10-01,Feature Request,Low,2025-10-11,5.0
336,167,2026-04-01,Billing,High,2026-04-03,3.0
337,168,2026-04-01,Bug,Low,2026-04-06,4.0
338,169,2025-09-01,Onboarding,Low,2025-09-02,1.0
339,170,2025-12-01,Feature Request,High,2025-12-02,4.0
340,173,2026-06-01,Bug,Low,2026-06-11,5.0
341,174,2025-06-01,Onboarding,Medium,2025-06-10,3.0
342,174,2026-04-01,Billing,Medium,,
343,175,2026-09-01,General,Low,2026-09-06,4.0
344,175,2026-10-01,General,Low,2026-10-07,4.0
345,176,2025-07-01,General,Medium,2025-07-11,4.0
346,176,2025-09-01,Billing,Medium,2025-09-07,3.0
347,176,2025-11-01,Onboarding,Low,2025-11-03,4.0
348,176,2026-01-01,General,Low,2026-01-09,4.0
349,176,2026-03-01,Billing,Low,2026-03-09,3.0
350,176,2026-08-01,Onboarding,Medium,,
351,177,2025-03-01,Bug,Medium,2025-03-09,5.0
352,177,2025-05-01,Bug,Low,2025-05-06,4.0
353,177,2026-04-01,Feature Request,Medium,2026-04-09,4.0
354,178,2025-04-01,General,Low,2025-04-05,3.0
355,178,2026-01-01,Feature Request,Low,2026-01-09,3.0
356,178,2026-06-01,Billing,Medium,2026-06-11,4.0
357,180,2025-12-01,General,Low,2025-12-10,4.0
358,180,2026-01-01,Billing,Medium,2026-01-09,5.0
359,181,2025-04-01,General,Critical,2025-04-02,2.0
360,181,2025-05-01,Onboarding,High,2025-05-02,2.0
361,182,2025-12-01,Billing,Low,2025-12-06,5.0
362,184,2025-11-01,Feature Request,Low,,
363,185,2025-04-01,Feature Request,Medium,2025-04-04,3.0
364,185,2025-06-01,Bug,Critical,2025-06-05,5.0
365,185,2025-10-01,Feature Request,Low,,
366,185,2025-11-01,General,Low,2025-11-09,1.0
367,185,2025-12-01,Billing,Critical,2025-12-10,2.0
368,186,2025-05-01,Onboarding,Low,2025-05-09,5.0
369,186,2026-01-01,Billing,Medium,2026-01-07,3.0
370,186,2026-02-01,Billing,Medium,2026-02-09,4.0
371,187,2025-05-01,Billing,Medium,2025-05-09,3.0
372,187,2025-12-01,Billing,Low,2025-12-11,3.0
373,188,2026-07-01,Billing,Low,2026-07-10,3.0
374,189,2025-10-01,Feature Request,Critical,2025-10-07,2.0
375,189,2025-11-01,General,Critical,2025-11-08,1.0
376,190,2026-06-01,Billing,Medium,2026-06-06,3.0
377,191,2025-05-01,General,High,2025-05-09,1.0
378,191,2025-06-01,Feature Request,High,2025-06-03,2.0
379,192,2026-02-01,Bug,Medium,,
380,193,2025-05-01,Onboarding,Low,2025-05-04,3.0
381,193,2025-08-01,Bug,Medium,2025-08-11,3.0
382,193,2025-10-01,Bug,High,2025-10-03,5.0
383,193,2025-12-01,Feature Request,Low,2025-12-04,3.0
384,193,2026-05-01,Bug,High,2026-05-11,5.0
385,194,2025-04-01,Bug,Medium,2025-04-11,4.0
386,194,2025-07-01,Billing,High,2025-07-03,3.0
387,194,2025-12-01,Feature Request,High,2025-12-02,3.0
388,194,2026-01-01,Bug,Medium,,
389,194,2026-02-01,Billing,Medium,,
390,194,2026-05-01,Billing,Low,2026-05-11,3.0
391,194,2026-07-01,Onboarding,Medium,2026-07-11,4.0
392,195,2025-10-01,General,High,2025-10-09,2.0
393,195,2025-11-01,General,High,2025-11-08,1.0
394,197,2026-03-01,Billing,High,2026-03-07,4.0
395,199,2026-04-01,Bug,Medium,2026-04-10,4.0
396,201,2026-05-01,Feature Request,High,2026-05-04,5.0
397,202,2026-11-01,Onboarding,Low,2026-11-11,3.0
398,202,2027-05-01,Bug,Medium,2027-05-07,3.0
399,205,2026-01-01,Feature Request,High,,
400,206,2025-10-01,Bug,Medium,2025-10-09,5.0
401,206,2025-11-01,Bug,Medium,2025-11-04,3.0
402,206,2026-01-01,Onboarding,Medium,2026-01-08,5.0
403,206,2026-02-01,Onboarding,Low,2026-02-02,3.0
404,206,2026-06-01,Bug,Low,2026-06-05,4.0
405,207,2025-12-01,Billing,High,2025-12-11,2.0
406,208,2026-03-01,Billing,Medium,,
407,209,2025-09-01,General,Medium,2025-09-07,5.0
408,209,2025-12-01,Feature Request,Low,2025-12-10,4.0
409,210,2025-07-01,Billing,Low,2025-07-02,5.0
410,210,2025-08-01,Bug,Medium,2025-08-03,3.0
411,210,2025-09-01,Billing,Medium,2025-09-08,5.0
412,210,2025-12-01,Feature Request,Low,2025-12-08,3.0
413,211,2026-05-01,General,Critical,2026-05-02,3.0
414,212,2026-04-01,General,Medium,2026-04-11,3.0
415,212,2026-05-01,Onboarding,Medium,2026-05-02,5.0
416,213,2025-04-01,General,Medium,2025-04-08,5.0
417,213,2025-07-01,Feature Request,Low,2025-07-09,3.0
418,213,2025-10-01,Billing,High,,
419,213,2026-02-01,Feature Request,Medium,2026-02-09,4.0
420,213,2026-05-01,General,Medium,2026-05-07,1.0
421,215,2025-08-01,Bug,Medium,2025-08-04,3.0
422,215,2026-02-01,Feature Request,Medium,2026-02-09,5.0
423,215,2026-03-01,Onboarding,Low,2026-03-05,3.0
424,216,2025-09-01,Onboarding,High,2025-09-09,2.0
425,216,2025-10-01,Onboarding,Medium,2025-10-11,2.0
426,217,2025-07-01,General,Medium,2025-07-08,1.0
427,218,2025-01-01,General,Low,2025-01-10,5.0
428,218,2025-08-01,Billing,High,2025-08-11,1.0
429,219,2025-10-01,Bug,Low,2025-10-09,5.0
430,219,2026-03-01,Billing,Low,2026-03-05,1.0
431,220,2025-07-01,General,Low,2025-07-10,4.0
432,220,2025-08-01,Onboarding,Medium,2025-08-07,3.0
433,220,2026-01-01,Billing,Low,2026-01-11,3.0
434,220,2026-04-01,Bug,Medium,2026-04-05,5.0
435,222,2025-05-01,Onboarding,Low,2025-05-04,5.0
436,222,2025-08-01,Feature Request,Medium,2025-08-05,2.0
437,222,2025-09-01,Onboarding,Low,2025-09-11,2.0
438,223,2025-05-01,Bug,Low,2025-05-03,4.0
439,223,2025-08-01,General,Medium,2025-08-03,4.0
440,223,2025-12-01,Bug,High,2025-12-09,2.0
441,224,2024-11-01,Feature Request,Medium,,
442,224,2025-03-01,General,Low,2025-03-05,5.0
443,225,2026-01-01,Onboarding,Low,2026-01-10,3.0
444,225,2026-03-01,Billing,Low,2026-03-08,3.0
445,225,2026-04-01,Onboarding,High,2026-04-02,4.0
446,225,2026-05-01,Feature Request,Low,2026-05-04,4.0
447,227,2025-10-01,Feature Request,Low,,
448,228,2025-09-01,General,Low,2025-09-09,4.0
449,228,2025-10-01,General,Medium,,
450,228,2026-01-01,General,Low,2026-01-03,4.0
451,228,2026-07-01,Onboarding,Medium,,
452,229,2026-04-01,Bug,Medium,2026-04-05,5.0
453,230,2026-05-01,Bug,High,2026-05-05,5.0
454,231,2026-06-01,General,Medium,2026-06-03,3.0
455,231,2026-07-01,General,Medium,2026-07-10,4.0
456,232,2026-04-01,Onboarding,Medium,2026-04-05,5.0
457,232,2026-06-01,Bug,Medium,2026-06-07,4.0
458,233,2026-01-01,General,Critical,2026-01-10,5.0
459,234,2025-01-01,General,High,2025-01-03,4.0
460,234,2025-02-01,Billing,Critical,2025-02-09,4.0
461,234,2026-05-01,Bug,Critical,2026-05-11,4.0
462,235,2025-11-01,Billing,Low,2025-11-10,3.0
463,235,2026-02-01,Onboarding,Medium,2026-02-11,3.0
464,236,2025-02-01,Billing,Medium,2025-02-03,1.0
465,237,2025-09-01,Billing,Low,2025-09-07,4.0
466,237,2026-04-01,Billing,Low,2026-04-07,5.0
467,237,2026-05-01,Billing,Critical,2026-05-06,1.0
468,237,2026-06-01,Bug,Critical,2026-06-07,1.0
469,238,2025-10-01,Billing,High,2025-10-10,5.0
470,238,2026-01-01,Bug,High,2026-01-08,4.0
471,238,2026-04-01,Onboarding,High,2026-04-05,3.0
472,238,2026-05-01,Bug,Medium,2026-05-11,3.0
473,238,2026-07-01,Feature Request,High,2026-07-07,4.0
474,239,2025-09-01,Onboarding,Medium,2025-09-08,1.0
475,239,2025-10-01,Billing,High,2025-10-10,1.0
476,240,2025-08-01,General,Medium,2025-08-11,3.0
477,240,2026-10-01,Bug,Low,2026-10-10,3.0
478,241,2025-11-01,Bug,Low,2025-11-08,4.0
479,243,2025-08-01,General,Low,2025-08-07,3.0
480,243,2025-11-01,Onboarding,Low,2025-11-10,5.0
481,243,2025-12-01,Billing,Low,2025-12-06,4.0
482,244,2025-10-01,Billing,High,2025-10-08,4.0
483,244,2026-03-01,Billing,Critical,2026-03-04,1.0
484,246,2025-09-01,General,Low,2025-09-08,5.0
485,246,2025-10-01,Onboarding,High,2025-10-11,1.0
486,246,2025-11-01,Bug,High,2025-11-10,2.0
487,247,2026-05-01,Feature Request,Critical,2026-05-02,5.0
488,248,2025-06-01,General,Medium,2025-06-06,5.0
489,250,2025-09-01,Onboarding,High,2025-09-04,2.0
490,252,2024-12-01,Feature Request,Low,2024-12-10,5.0
491,252,2025-04-01,General,High,2025-04-10,5.0
492,252,2025-07-01,Bug,Medium,2025-07-04,1.0
493,252,2025-08-01,Feature Request,Medium,2025-08-06,1.0
494,254,2026-05-01,Feature Request,Medium,,
495,255,2025-06-01,Bug,Low,2025-06-05,3.0
496,255,2026-02-01,Bug,Critical,2026-02-11,5.0
497,255,2026-07-01,Onboarding,Medium,,
498,257,2026-06-01,Billing,Low,2026-06-05,4.0
499,257,2026-07-01,Bug,High,2026-07-08,3.0
500,258,2025-06-01,Feature Request,Low,,
501,259,2025-06-01,Billing,Medium,2025-06-11,3.0
502,259,2025-09-01,Bug,Low,2025-09-02,5.0
503,259,2026-05-01,Billing,Medium,2026-05-05,5.0
504,260,2025-12-01,Onboarding,Low,2025-12-09,3.0
505,261,2026-03-01,Onboarding,Low,2026-03-10,3.0
506,262,2025-07-01,Bug,Medium,2025-07-02,4.0
507,263,2025-03-01,Bug,Critical,2025-03-07,2.0
508,263,2025-04-01,Feature Request,Low,2025-04-09,2.0
509,265,2026-03-01,Billing,Low,2026-03-03,5.0
510,265,2026-06-01,Bug,Medium,2026-06-02,3.0
511,266,2024-11-01,Bug,High,,
512,267,2025-03-01,General,High,,
513,267,2025-04-01,Onboarding,Low,2025-04-03,4.0
514,267,2025-06-01,General,Medium,2025-06-03,3.0
515,267,2026-01-01,Feature Request,Medium,2026-01-04,2.0
516,269,2025-05-01,Onboarding,Low,2025-05-04,4.0
517,269,2025-10-01,Billing,High,2025-10-03,2.0
518,271,2026-06-01,Feature Request,Medium,,
519,272,2025-12-01,Onboarding,Low,2025-12-07,3.0
520,272,2026-04-01,Onboarding,Medium,,
521,272,2026-05-01,Billing,Medium,2026-05-05,5.0
522,273,2026-05-01,Onboarding,Medium,2026-05-07,3.0
523,273,2026-07-01,Feature Request,Low,2026-07-11,5.0
524,274,2025-04-01,General,Low,2025-04-04,5.0
525,274,2025-06-01,Bug,Low,2025-06-10,3.0
526,274,2025-12-01,Feature Request,Medium,2025-12-06,5.0
527,277,2025-11-01,Feature Request,Critical,2025-11-05,5.0
528,277,2026-01-01,General,Medium,2026-01-10,3.0
529,279,2025-09-01,Onboarding,Medium,2025-09-11,4.0
530,279,2025-12-01,Billing,Critical,,
531,279,2026-04-01,Feature Request,Low,2026-04-07,3.0
532,280,2025-02-01,Onboarding,Critical,,
533,281,2026-10-01,Feature Request,Low,2026-10-03,5.0
534,281,2026-12-01,General,Critical,2026-12-04,5.0
535,281,2027-02-01,General,Low,2027-02-04,4.0
536,282,2025-02-01,Feature Request,Low,,
537,282,2025-06-01,Feature Request,Low,,
538,282,2025-11-01,Billing,High,2025-11-07,4.0
539,282,2025-12-01,Billing,Critical,,
540,283,2026-05-01,General,Medium,2026-05-08,3.0
541,283,2026-06-01,Bug,Low,2026-06-11,3.0
542,284,2026-03-01,Bug,Low,2026-03-05,4.0
543,284,2026-06-01,Feature Request,Medium,,
544,285,2026-06-01,Onboarding,Medium,2026-06-03,4.0
545,287,2026-05-01,Onboarding,High,2026-05-04,5.0
546,287,2026-07-01,Feature Request,Low,2026-07-02,3.0
547,288,2025-11-01,Bug,Medium,,
548,290,2026-06-01,General,Low,2026-06-04,5.0
549,291,2024-12-01,Billing,Low,,
550,291,2025-03-01,Billing,Medium,2025-03-09,4.0
551,291,2025-06-01,General,Low,2025-06-10,4.0
552,291,2025-09-01,General,Medium,2025-09-06,4.0
553,291,2025-10-01,Bug,Low,2025-10-04,4.0
554,291,2026-02-01,General,Medium,2026-02-02,4.0
555,292,2026-02-01,Billing,Medium,2026-02-03,5.0
556,292,2026-07-01,Feature Request,Low,2026-07-07,5.0
557,293,2025-11-01,Billing,Medium,2025-11-11,3.0
558,294,2026-04-01,Billing,Low,2026-04-09,4.0
559,295,2025-09-01,Feature Request,Medium,2025-09-04,3.0
560,295,2025-12-01,Feature Request,Medium,2025-12-07,5.0
561,295,2026-03-01,Bug,Low,,
562,295,2026-04-01,Bug,Medium,2026-04-03,2.0
563,295,2026-05-01,Bug,Medium,2026-05-03,2.0
564,296,2025-02-01,Billing,Low,,
565,296,2025-03-01,General,Low,,
566,296,2025-09-01,Onboarding,High,2025-09-06,4.0
567,296,2026-04-01,Bug,High,2026-04-04,5.0
568,296,2026-05-01,General,Medium,2026-05-02,4.0
569,297,2025-11-01,Onboarding,Medium,2025-11-02,5.0
570,297,2026-02-01,Billing,Medium,2026-02-07,5.0
571,297,2026-03-01,Feature Request,Medium,2026-03-03,3.0
572,297,2026-04-01,Feature Request,Medium,2026-04-07,3.0
573,297,2026-06-01,Billing,Medium,2026-06-11,3.0
574,298,2026-06-01,Bug,High,2026-06-06,4.0
575,298,2026-07-01,Bug,Low,2026-07-08,4.0
576,299,2025-07-01,General,High,2025-07-10,2.0
577,299,2025-08-01,General,High,2025-08-08,1.0
578,300,2025-07-01,Onboarding,Low,2025-07-07,4.0
579,300,2025-12-01,Feature Request,Low,2025-12-05,4.0
580,301,2026-03-01,General,High,,
581,301,2026-05-01,Onboarding,Critical,2026-05-02,3.0
582,303,2026-05-01,Onboarding,Low,2026-05-11,5.0
583,303,2026-12-01,Feature Request,Critical,2026-12-04,3.0
584,304,2026-05-01,Billing,Medium,2026-05-06,4.0
585,305,2025-07-01,Bug,Medium,2025-07-02,5.0
586,305,2025-08-01,Bug,High,2025-08-11,3.0
587,306,2024-12-01,Billing,Medium,2024-12-09,5.0
588,306,2026-04-01,Bug,Low,,
589,306,2026-05-01,Onboarding,Low,2026-05-06,4.0
590,309,2025-10-01,Onboarding,High,2025-10-09,1.0
591,310,2026-01-01,General,Medium,2026-01-06,3.0
592,310,2026-04-01,Feature Request,Medium,2026-04-06,3.0
593,310,2026-06-01,Feature Request,Low,2026-06-03,3.0
594,311,2025-05-01,General,Low,2025-05-06,4.0
595,311,2025-08-01,General,Low,2025-08-11,4.0
596,311,2025-11-01,General,Low,2025-11-09,4.0
597,311,2025-12-01,General,Medium,2025-12-11,4.0
598,312,2025-04-01,Bug,High,2025-04-04,5.0
599,313,2026-03-01,General,High,2026-03-04,2.0
600,314,2025-03-01,Billing,Medium,2025-03-07,3.0
601,314,2025-11-01,Bug,Medium,2025-11-08,4.0
602,316,2025-09-01,Feature Request,Medium,2025-09-08,3.0
603,317,2025-10-01,Feature Request,Low,2025-10-06,3.0
604,318,2025-11-01,Bug,Medium,2025-11-07,3.0
605,318,2025-12-01,General,Medium,,
606,318,2026-03-01,Feature Request,High,,
607,319,2025-07-01,Onboarding,Low,2025-07-06,3.0
608,319,2026-03-01,Billing,Low,2026-03-07,3.0
609,320,2025-03-01,General,Low,2025-03-09,5.0
610,320,2026-03-01,Feature Request,High,,
611,321,2026-02-01,Billing,Medium,2026-02-07,4.0
612,321,2026-05-01,Billing,Medium,2026-05-11,5.0
613,322,2025-10-01,Feature Request,High,2025-10-07,2.0
614,323,2025-08-01,General,Medium,2025-08-02,4.0
615,323,2025-09-01,Billing,Medium,2025-09-06,5.0
616,323,2025-10-01,Onboarding,Low,2025-10-04,4.0
617,323,2026-01-01,Feature Request,Low,2026-01-09,5.0
618,323,2026-02-01,Bug,Medium,2026-02-11,3.0
619,323,2026-05-01,Billing,Low,2026-05-08,3.0
620,325,2025-08-01,Feature Request,Low,,
621,325,2025-10-01,Feature Request,Low,2025-10-03,3.0
622,325,2025-11-01,Onboarding,Low,2025-11-11,3.0
623,325,2026-03-01,Bug,Medium,2026-03-10,5.0
624,325,2026-05-01,General,High,2026-05-06,5.0
625,325,2026-06-01,Bug,Medium,2026-06-04,3.0
626,326,2025-09-01,Bug,Low,2025-09-07,4.0
627,326,2025-12-01,Bug,Medium,2025-12-11,4.0
628,326,2026-05-01,Bug,Low,,
629,327,2026-09-01,Onboarding,Low,2026-09-08,4.0
630,327,2026-10-01,Feature Request,Medium,2026-10-10,1.0
631,327,2026-11-01,Bug,Critical,2026-11-06,2.0
632,329,2024-10-01,Billing,Low,2024-10-08,4.0
633,330,2025-07-01,General,Medium,2025-07-10,3.0
634,330,2026-01-01,Billing,Low,2026-01-10,1.0
635,331,2026-04-01,General,Low,2026-04-11,3.0
636,332,2025-02-01,Billing,Low,2025-02-10,3.0
637,332,2025-03-01,Billing,Low,2025-03-04,4.0
638,332,2025-07-01,Onboarding,Low,2025-07-03,5.0
639,332,2025-09-01,Bug,High,2025-09-02,2.0
640,332,2025-10-01,Billing,Critical,2025-10-03,1.0
641,333,2025-09-01,Bug,Medium,2025-09-06,3.0
642,333,2025-11-01,General,Low,2025-11-08,5.0
643,333,2025-12-01,General,Medium,2025-12-04,4.0
644,333,2026-01-01,Billing,Medium,2026-01-04,3.0
645,333,2026-06-01,Onboarding,Low,2026-06-08,3.0
646,334,2026-04-01,Feature Request,Low,2026-04-05,4.0
647,335,2025-09-01,Billing,High,,
648,335,2025-11-01,Feature Request,High,2025-11-05,3.0
649,335,2026-05-01,Feature Request,Low,2026-05-11,4.0
650,336,2025-08-01,Bug,High,2025-08-04,2.0
651,337,2025-04-01,General,Critical,2025-04-03,5.0
652,337,2025-06-01,General,Medium,2025-06-02,3.0
653,337,2026-01-01,Feature Request,High,2026-01-05,4.0
654,337,2026-03-01,Bug,Medium,2026-03-04,3.0
655,337,2026-05-01,Onboarding,Medium,2026-05-11,3.0
656,338,2025-04-01,Billing,Critical,2025-04-09,4.0
657,338,2025-07-01,Feature Request,Low,2025-07-11,3.0
658,338,2025-09-01,Bug,High,2025-09-08,4.0
659,338,2026-05-01,Onboarding,Medium,2026-05-07,4.0
660,339,2024-12-01,General,Medium,2024-12-11,5.0
661,339,2025-10-01,Feature Request,Medium,2025-10-08,3.0
662,339,2026-07-01,Billing,Medium,2026-07-05,3.0
663,340,2025-07-01,Billing,Medium,2025-07-02,3.0
664,340,2026-04-01,Bug,Low,2026-04-11,5.0
665,341,2025-02-01,General,Low,2025-02-11,4.0
666,342,2027-02-01,Onboarding,Low,2027-02-08,5.0
667,342,2027-07-01,Onboarding,Medium,2027-07-04,3.0
668,343,2025-09-01,Feature Request,High,2025-09-04,3.0
669,343,2025-10-01,General,Medium,,
670,343,2026-05-01,Billing,Low,2026-05-06,3.0
671,343,2026-07-01,Onboarding,High,,
672,344,2025-08-01,Feature Request,Low,2025-08-02,3.0
673,345,2025-12-01,Onboarding,Medium,2025-12-03,5.0
674,345,2026-01-01,Onboarding,Medium,2026-01-02,3.0
675,345,2026-04-01,Onboarding,Low,2026-04-09,5.0
676,346,2026-04-01,Feature Request,Medium,2026-04-03,1.0
677,347,2026-03-01,Onboarding,High,,
678,347,2026-06-01,Billing,Medium,2026-06-04,4.0
679,350,2026-05-01,General,Medium,2026-05-09,1.0
680,351,2026-03-01,Onboarding,Low,2026-03-06,4.0
681,351,2026-07-01,Onboarding,Medium,2026-07-05,5.0
682,352,2026-04-01,Bug,Low,2026-04-08,1.0
683,353,2025-09-01,General,Low,2025-09-10,5.0
684,353,2026-01-01,Feature Request,Medium,2026-01-06,5.0
685,353,2026-05-01,General,Low,2026-05-11,3.0
686,354,2025-09-01,Billing,Medium,2025-09-03,4.0
687,354,2026-04-01,General,Critical,,
688,354,2026-05-01,Billing,High,2026-05-09,4.0
689,354,2026-06-01,Bug,Low,2026-06-11,3.0
690,355,2025-11-01,Feature Request,High,2025-11-05,5.0
691,355,2026-01-01,Bug,Medium,,
692,356,2025-07-01,Bug,Medium,2025-07-04,2.0
693,356,2025-08-01,Onboarding,Critical,,
694,357,2026-03-01,Feature Request,High,2026-03-10,3.0
695,357,2026-04-01,Feature Request,Low,2026-04-11,5.0
696,357,2026-06-01,General,Low,2026-06-05,5.0
697,359,2025-05-01,Bug,High,2025-05-02,4.0
698,359,2025-09-01,Onboarding,Medium,2025-09-08,2.0
699,360,2025-05-01,Bug,Low,2025-05-06,5.0
700,360,2026-01-01,General,Medium,2026-01-08,3.0
701,360,2026-05-01,Billing,Medium,2026-05-09,3.0
702,360,2026-07-01,Billing,Low,2026-07-09,5.0
703,361,2026-03-01,Bug,Critical,2026-03-11,5.0
704,361,2026-05-01,Feature Request,Low,2026-05-08,5.0
705,362,2025-08-01,Bug,Medium,2025-08-08,5.0
706,362,2025-10-01,General,Medium,2025-10-07,3.0
707,362,2026-02-01,Billing,Medium,2026-02-11,1.0
708,363,2025-10-01,Billing,High,2025-10-09,2.0
709,363,2025-11-01,Feature Request,Medium,2025-11-06,1.0
710,364,2025-08-01,Billing,Low,2025-08-08,3.0
711,364,2025-10-01,Billing,Low,2025-10-02,4.0
712,364,2026-03-01,Billing,Medium,2026-03-04,5.0
713,364,2026-05-01,Bug,Critical,2026-05-05,3.0
714,365,2025-08-01,Onboarding,Low,2025-08-02,3.0
715,365,2025-11-01,Onboarding,Low,2025-11-03,3.0
716,365,2026-07-01,Onboarding,Low,2026-07-02,3.0
717,366,2025-03-01,Onboarding,High,2025-03-06,4.0
718,366,2025-07-01,Bug,Low,2025-07-08,4.0
719,366,2026-02-01,Bug,Low,2026-02-11,5.0
720,366,2026-04-01,Feature Request,Medium,2026-04-04,5.0
721,366,2026-05-01,Bug,Low,2026-05-02,4.0
722,367,2025-10-01,Onboarding,Low,,
723,367,2026-02-01,Onboarding,Medium,2026-02-04,3.0
724,367,2026-04-01,Bug,Medium,2026-04-05,2.0
725,368,2025-01-01,Feature Request,High,2025-01-11,2.0
726,368,2025-02-01,Feature Request,High,2025-02-04,2.0
727,369,2026-06-01,Billing,Medium,2026-06-08,5.0
728,370,2025-07-01,General,Low,2025-07-10,4.0
729,370,2025-11-01,Bug,Medium,2025-11-07,5.0
730,372,2025-12-01,Feature Request,Low,2025-12-03,5.0
731,372,2026-03-01,Billing,Medium,2026-03-11,5.0
732,373,2025-10-01,General,Low,2025-10-08,3.0
733,373,2026-03-01,Bug,Critical,2026-03-11,2.0
734,373,2026-04-01,Onboarding,Low,2026-04-10,1.0
735,374,2025-03-01,Onboarding,Medium,2025-03-09,4.0
736,374,2025-11-01,Bug,Low,2025-11-09,3.0
737,374,2026-02-01,Billing,Low,2026-02-10,3.0
738,375,2025-07-01,Billing,Medium,2025-07-07,5.0
739,375,2026-07-01,General,High,2026-07-10,4.0
740,376,2025-11-01,Onboarding,Low,2025-11-10,4.0
741,377,2026-01-01,Feature Request,Medium,2026-01-10,5.0
742,377,2026-05-01,Bug,Low,2026-05-04,5.0
743,378,2026-05-01,Onboarding,Medium,2026-05-11,3.0
744,379,2025-05-01,Onboarding,Low,2025-05-08,5.0
745,379,2025-10-01,Onboarding,Medium,2025-10-11,3.0
746,379,2025-11-01,Feature Request,Low,2025-11-06,4.0
747,379,2026-01-01,General,Low,2026-01-04,4.0
748,380,2026-01-01,General,Low,2026-01-07,5.0
749,380,2026-02-01,Feature Request,High,2026-02-07,4.0
750,380,2026-03-01,Bug,Medium,2026-03-06,5.0
751,381,2027-02-01,Billing,Critical,2027-02-04,3.0
752,381,2027-08-01,Bug,Low,2027-08-05,5.0
753,381,2027-09-01,Bug,Low,,
754,382,2026-07-01,Bug,High,2026-07-06,4.0
755,383,2025-09-01,Feature Request,Critical,2025-09-08,2.0
756,384,2025-05-01,Bug,Critical,2025-05-11,2.0
757,384,2025-06-01,Bug,Medium,2025-06-07,2.0
758,385,2025-04-01,Onboarding,Medium,2025-04-07,5.0
759,385,2025-07-01,Onboarding,Medium,2025-07-04,5.0
760,386,2025-06-01,Onboarding,Medium,2025-06-10,5.0
761,386,2025-07-01,General,Low,2025-07-05,3.0
762,386,2025-12-01,Bug,Low,,
763,386,2026-03-01,General,High,2026-03-05,5.0
764,386,2026-05-01,Onboarding,Medium,2026-05-05,3.0
765,388,2025-03-01,General,Low,,
766,388,2025-06-01,Billing,Medium,,
767,388,2025-10-01,General,Medium,2025-10-03,4.0
768,388,2025-11-01,Feature Request,Low,,
769,388,2026-03-01,Feature Request,Low,,
770,388,2026-07-01,Onboarding,Low,2026-07-08,5.0
771,389,2025-07-01,Bug,High,2025-07-02,1.0
772,390,2026-01-01,Bug,High,2026-01-08,5.0
773,391,2025-10-01,General,Medium,2025-10-07,3.0
774,391,2025-11-01,Onboarding,Medium,2025-11-05,1.0
775,391,2025-12-01,Feature Request,High,2025-12-04,1.0
776,392,2025-05-01,General,Low,,
777,392,2025-08-01,Billing,Medium,2025-08-03,4.0
778,392,2025-11-01,Feature Request,Low,2025-11-05,3.0
779,392,2026-03-01,General,Low,2026-03-11,5.0
780,392,2026-04-01,Onboarding,Medium,2026-04-06,1.0
781,392,2026-05-01,Feature Request,Critical,2026-05-09,2.0
782,393,2025-09-01,General,High,2025-09-08,3.0
783,393,2025-10-01,Billing,Low,,
784,393,2026-05-01,Bug,Low,2026-05-09,5.0
785,393,2026-12-01,Billing,Medium,2026-12-10,5.0
786,394,2025-11-01,Onboarding,High,2025-11-11,5.0
787,394,2026-01-01,Feature Request,Low,2026-01-09,5.0
788,395,2025-12-01,Bug,Medium,,
789,396,2025-12-01,Feature Request,Medium,2025-12-09,5.0
790,396,2026-05-01,Feature Request,Critical,2026-05-05,4.0
791,398,2025-12-01,General,High,2025-12-10,5.0
792,399,2025-08-01,Feature Request,Critical,2025-08-11,2.0
793,400,2025-05-01,Feature Request,Medium,2025-05-02,3.0
794,400,2025-10-01,Bug,High,2025-10-11,1.0
795,401,2026-02-01,Bug,Low,2026-02-04,4.0
796,401,2026-07-01,Bug,Medium,,
797,401,2026-10-01,Billing,Low,2026-10-10,5.0
798,402,2026-12-01,Bug,Medium,2026-12-09,3.0
799,402,2027-06-01,General,Medium,2027-06-07,4.0
800,403,2025-01-01,Feature Request,Low,2025-01-05,4.0
801,403,2025-02-01,Bug,High,2025-02-09,3.0
802,403,2025-08-01,Billing,Low,2025-08-04,5.0
803,403,2026-01-01,General,Low,2026-01-09,5.0
804,403,2026-04-01,Onboarding,Medium,2026-04-04,5.0
805,404,2025-10-01,Billing,Low,2025-10-03,3.0
806,404,2025-11-01,Bug,Low,2025-11-08,4.0
807,404,2025-12-01,Bug,Low,2025-12-08,3.0
808,405,2026-05-01,Billing,High,,
809,406,2025-05-01,Feature Request,Medium,,
810,406,2025-06-01,Onboarding,Low,2025-06-03,1.0
811,408,2026-02-01,General,Medium,2026-02-05,1.0
812,409,2025-10-01,Onboarding,High,2025-10-09,5.0
813,409,2026-04-01,General,Medium,2026-04-07,5.0
814,410,2025-12-01,Billing,High,2025-12-08,4.0
815,410,2026-03-01,Bug,Medium,2026-03-05,4.0
816,410,2026-06-01,Onboarding,Critical,2026-06-04,3.0
817,412,2026-02-01,Onboarding,Medium,2026-02-05,3.0
818,412,2026-07-01,Onboarding,Medium,2026-07-09,4.0
819,413,2025-06-01,General,Low,2025-06-07,5.0
820,413,2025-07-01,Bug,Low,,
821,414,2025-10-01,Feature Request,Low,,
822,414,2026-04-01,Billing,Critical,2026-04-04,3.0
823,414,2026-06-01,Billing,Medium,2026-06-10,4.0
824,415,2025-09-01,Bug,Medium,2025-09-08,3.0
825,415,2025-10-01,Bug,Low,,
826,416,2026-05-01,Bug,High,2026-05-06,4.0
827,417,2025-11-01,Onboarding,Medium,2025-11-11,2.0
828,418,2025-10-01,Onboarding,Medium,2025-10-10,4.0
829,418,2026-06-01,General,Medium,2026-06-08,5.0
830,419,2025-09-01,Onboarding,High,2025-09-05,5.0
831,419,2025-11-01,Billing,Medium,2025-11-09,4.0
832,420,2025-10-01,Feature Request,High,2025-10-10,1.0
833,421,2025-08-01,General,Low,2025-08-05,5.0
834,421,2025-09-01,Bug,Medium,2025-09-09,5.0
835,421,2026-03-01,Bug,Low,2026-03-04,3.0
836,421,2026-07-01,Onboarding,Medium,2026-07-02,5.0
837,422,2025-09-01,Onboarding,Medium,2025-09-03,3.0
838,422,2025-11-01,Onboarding,Low,2025-11-11,3.0
839,423,2025-09-01,Onboarding,Medium,2025-09-03,3.0
840,423,2026-03-01,Bug,Medium,2026-03-10,3.0
841,426,2026-03-01,Feature Request,Medium,2026-03-03,4.0
842,427,2025-05-01,Bug,Medium,2025-05-06,5.0
843,427,2025-09-01,Bug,Medium,2025-09-06,5.0
844,427,2025-10-01,Bug,High,2025-10-02,3.0
845,427,2026-05-01,Feature Request,Low,2026-05-06,5.0
846,428,2025-12-01,Billing,Medium,2025-12-07,1.0
847,429,2025-06-01,Feature Request,Medium,2025-06-06,4.0
848,429,2025-07-01,General,High,2025-07-04,4.0
849,429,2025-10-01,Billing,Medium,2025-10-09,4.0
850,430,2026-03-01,General,Medium,2026-03-07,4.0
851,431,2026-05-01,Onboarding,High,2026-05-08,5.0
852,432,2025-12-01,Onboarding,Medium,2025-12-08,4.0
853,432,2026-01-01,Billing,Low,2026-01-09,3.0
854,435,2025-07-01,Billing,Medium,,
855,435,2025-09-01,Billing,Low,2025-09-06,5.0
856,437,2025-03-01,Feature Request,Low,,
857,437,2025-04-01,Feature Request,Critical,2025-04-03,5.0
858,437,2025-09-01,Feature Request,Medium,2025-09-07,3.0
859,437,2025-11-01,Bug,Low,,
860,437,2025-12-01,Feature Request,High,,
861,437,2026-05-01,Onboarding,Low,,
862,439,2025-05-01,Bug,Medium,2025-05-02,5.0
863,439,2025-06-01,Onboarding,Medium,2025-06-06,4.0
864,439,2026-01-01,Billing,Medium,2026-01-06,4.0
865,440,2025-11-01,Bug,Medium,,
866,440,2025-12-01,Feature Request,Critical,2025-12-06,1.0
867,441,2026-05-01,Feature Request,Low,2026-05-10,5.0
868,442,2025-10-01,Feature Request,Low,2025-10-07,3.0
869,443,2025-06-01,General,Low,,
870,443,2025-12-01,Feature Request,Medium,2025-12-05,3.0
871,443,2026-07-01,Feature Request,Medium,2026-07-06,3.0
872,445,2026-05-01,General,Medium,2026-05-11,4.0
873,446,2026-02-01,Feature Request,Medium,,
874,447,2024-10-01,General,Low,2024-10-09,4.0
875,447,2024-12-01,Onboarding,High,2024-12-11,3.0
876,447,2026-03-01,Bug,High,2026-03-11,5.0
877,447,2026-05-01,Feature Request,Low,,
878,447,2026-07-01,Billing,Low,2026-07-09,5.0
879,448,2025-03-01,General,Critical,2025-03-08,2.0
880,448,2025-04-01,Feature Request,High,2025-04-05,2.0
881,449,2026-08-01,Bug,Medium,2026-08-05,3.0
882,449,2026-10-01,Bug,Low,2026-10-07,5.0
883,449,2027-01-01,Onboarding,Medium,,
884,449,2027-05-01,General,Low,2027-05-06,4.0
885,450,2027-12-01,Feature Request,Low,2027-12-08,3.0
886,450,2028-05-01,Bug,High,,
887,450,2028-07-01,Feature Request,Medium,2028-07-11,4.0
888,450,2028-08-01,Onboarding,Medium,2028-08-02,5.0
889,450,2028-10-01,Billing,High,2028-10-11,4.0
890,450,2028-12-01,Feature Request,Medium,2028-12-10,3.0
891,451,2026-04-01,Bug,Low,2026-04-07,3.0
892,452,2026-06-01,Onboarding,Low,2026-06-09,4.0
893,453,2026-01-01,General,Medium,2026-01-09,5.0
894,453,2026-02-01,Onboarding,Medium,2026-02-09,4.0
895,453,2026-06-01,General,Medium,2026-06-11,5.0
896,454,2025-10-01,General,Low,2025-10-08,4.0
897,454,2025-12-01,Bug,Low,2025-12-10,5.0
898,454,2026-04-01,Feature Request,Low,2026-04-06,2.0
899,454,2026-05-01,Feature Request,Medium,2026-05-06,1.0
900,455,2025-12-01,Feature Request,Low,2025-12-11,3.0
901,455,2026-04-01,General,Low,2026-04-08,3.0
902,455,2026-06-01,Bug,Medium,,
903,455,2026-08-01,Onboarding,Low,2026-08-02,2.0
904,457,2025-06-01,General,High,2025-06-07,4.0
905,457,2025-08-01,Billing,Medium,2025-08-03,4.0
906,457,2026-04-01,Billing,Low,2026-04-11,4.0
907,457,2026-05-01,General,Low,,
908,457,2026-06-01,Feature Request,Medium,2026-06-04,5.0
909,459,2025-10-01,General,Low,2025-10-03,3.0
910,459,2026-02-01,Onboarding,Medium,2026-02-09,1.0
911,459,2026-03-01,Onboarding,Medium,2026-03-09,1.0
912,460,2025-08-01,Onboarding,High,,
913,460,2025-12-01,Billing,High,2025-12-03,3.0
914,460,2026-02-01,Billing,High,2026-02-09,3.0
915,460,2026-06-01,Feature Request,Low,2026-06-08,3.0
916,462,2025-06-01,General,Medium,2025-06-04,5.0
917,463,2025-07-01,General,Medium,2025-07-03,2.0
918,464,2025-08-01,General,Medium,2025-08-03,4.0
919,465,2025-11-01,Billing,Low,2025-11-06,3.0
920,466,2026-02-01,Feature Request,Medium,2026-02-11,4.0
921,466,2026-03-01,Billing,High,2026-03-06,1.0
922,466,2026-04-01,Billing,High,2026-04-08,1.0
923,467,2025-06-01,Billing,High,2025-06-11,4.0
924,467,2026-04-01,Bug,High,2026-04-06,4.0
925,468,2025-01-01,Billing,Critical,2025-01-09,1.0
926,469,2026-06-01,Billing,Medium,2026-06-11,3.0
927,469,2026-11-01,Billing,Critical,2026-11-10,4.0
928,470,2025-05-01,Onboarding,High,2025-05-06,4.0
929,470,2026-06-01,Onboarding,Low,2026-06-06,4.0
930,470,2026-07-01,Billing,Medium,2026-07-05,5.0
931,472,2025-08-01,Bug,Medium,2025-08-09,2.0
932,472,2025-09-01,General,Medium,2025-09-05,2.0
933,473,2026-03-01,Billing,Medium,2026-03-09,4.0
934,473,2026-05-01,Bug,Critical,2026-05-07,2.0
935,474,2024-12-01,Feature Request,Medium,2024-12-05,2.0
936,475,2025-07-01,Billing,Low,2025-07-08,3.0
937,475,2025-08-01,General,Low,,
938,475,2026-06-01,Feature Request,Medium,2026-06-07,5.0
939,476,2026-07-01,Bug,Low,2026-07-03,5.0
940,478,2026-03-01,Bug,Low,2026-03-08,5.0
941,478,2026-06-01,Bug,Low,2026-06-09,3.0
942,479,2025-12-01,Onboarding,Low,2025-12-05,3.0
943,479,2026-02-01,Onboarding,Medium,2026-02-08,4.0
944,479,2026-07-01,Bug,Medium,2026-07-11,3.0
945,480,2024-12-01,General,Medium,2024-12-10,5.0
946,480,2025-02-01,Onboarding,Low,2025-02-07,5.0
947,480,2025-08-01,Billing,Medium,2025-08-10,5.0
948,480,2026-01-01,Onboarding,High,2026-01-11,1.0
949,481,2025-11-01,General,Low,2025-11-04,4.0
950,481,2026-03-01,Onboarding,Medium,2026-03-05,3.0
951,481,2026-04-01,Onboarding,Medium,2026-04-11,1.0
952,481,2026-05-01,Feature Request,High,2026-05-02,1.0
953,482,2025-08-01,Bug,High,2025-08-11,5.0
954,482,2025-11-01,Bug,Low,2025-11-07,4.0
955,483,2025-04-01,Onboarding,Medium,2025-04-11,3.0
956,483,2025-09-01,Onboarding,Critical,2025-09-06,1.0
957,484,2025-12-01,General,Medium,2025-12-02,4.0
958,486,2025-05-01,Billing,High,,
959,487,2025-04-01,Feature Request,Medium,2025-04-09,3.0
960,487,2025-09-01,Feature Request,Low,2025-09-07,5.0
961,488,2025-07-01,Feature Request,High,2025-07-06,1.0
962,489,2025-05-01,Feature Request,Medium,2025-05-07,3.0
963,489,2026-02-01,Billing,Low,2026-02-04,3.0
964,489,2026-03-01,Bug,Low,2026-03-06,5.0
965,489,2026-05-01,Onboarding,Medium,2026-05-04,4.0
966,490,2025-05-01,General,Medium,,
967,490,2025-10-01,Bug,High,2025-10-11,4.0
968,490,2026-02-01,Onboarding,High,2026-02-10,3.0
969,490,2026-03-01,General,Low,2026-03-04,3.0
970,490,2026-06-01,Onboarding,Low,2026-06-06,4.0
971,490,2026-07-01,Feature Request,Low,,
972,491,2025-09-01,General,Medium,2025-09-02,4.0
973,491,2025-10-01,Billing,High,2025-10-09,5.0
974,491,2026-02-01,Feature Request,Medium,,
975,491,2026-05-01,Bug,Low,2026-05-11,4.0
976,491,2026-06-01,Bug,Low,,
977,492,2026-01-01,Feature Request,Low,2026-01-09,4.0
978,492,2026-06-01,Feature Request,Low,2026-06-11,5.0
979,493,2025-11-01,Feature Request,Low,,
980,494,2026-01-01,Bug,Low,2026-01-11,5.0
981,494,2026-06-01,General,Medium,2026-06-08,4.0
982,495,2026-01-01,Billing,Low,2026-01-07,5.0
983,496,2025-09-01,General,Low,2025-09-09,3.0
984,496,2025-10-01,Bug,Medium,2025-10-05,4.0
985,496,2026-02-01,Onboarding,Low,2026-02-06,2.0
986,496,2026-03-01,Onboarding,High,2026-03-10,1.0
987,497,2027-05-01,Onboarding,Medium,,
988,498,2026-04-01,General,Medium,2026-04-11,5.0
989,498,2026-06-01,Billing,Medium,2026-06-05,5.0
990,500,2025-05-01,General,Low,2025-05-07,2.0
991,501,2026-02-01,Feature Request,Low,2026-02-04,4.0
992,501,2026-04-01,General,High,2026-04-10,2.0
993,502,2025-06-01,Feature Request,Low,2025-06-11,3.0
994,502,2025-12-01,Bug,Critical,2025-12-04,2.0
995,502,2026-01-01,Billing,High,2026-01-10,1.0
996,503,2025-04-01,Billing,Low,2025-04-03,4.0
997,503,2025-07-01,Bug,Low,2025-07-06,5.0
998,503,2025-11-01,Feature Request,Low,2025-11-10,4.0
999,503,2026-02-01,Onboarding,Low,2026-02-07,4.0
1000,503,2026-04-01,Onboarding,Low,2026-04-04,4.0
1001,504,2025-12-01,General,Low,2025-12-08,3.0
1002,505,2025-04-01,Billing,Medium,2025-04-09,4.0
1003,505,2025-09-01,General,Medium,2025-09-06,3.0
1004,505,2025-10-01,Feature Request,Medium,,
1005,505,2025-12-01,General,Medium,2025-12-03,5.0
1006,505,2026-05-01,Billing,Low,2026-05-03,3.0
1007,506,2024-10-01,Feature Request,Low,2024-10-02,3.0
1008,506,2025-07-01,Onboarding,Low,2025-07-11,5.0
1009,506,2026-03-01,Onboarding,Medium,2026-03-08,2.0
1010,507,2025-04-01,Feature Request,High,2025-04-08,3.0
1011,507,2025-08-01,General,Low,,
1012,507,2025-12-01,Onboarding,Low,2025-12-02,3.0
1013,507,2026-04-01,Billing,Low,2026-04-09,4.0
1014,507,2026-06-01,Billing,Low,2026-06-03,4.0
1015,508,2025-03-01,Onboarding,Low,2025-03-09,4.0
1016,508,2025-08-01,Billing,Low,2025-08-09,5.0
1017,508,2026-02-01,Feature Request,Medium,2026-02-06,3.0
1018,508,2026-03-01,Bug,Medium,2026-03-10,4.0
1019,508,2026-04-01,Feature Request,Medium,2026-04-09,4.0
1020,508,2026-06-01,Billing,Medium,2026-06-05,2.0
1021,508,2026-07-01,Bug,Medium,2026-07-02,1.0
1022,509,2026-07-01,Onboarding,Medium,2026-07-02,4.0
1023,509,2026-08-01,Feature Request,Medium,2026-08-04,3.0
1024,510,2025-03-01,General,Medium,2025-03-05,4.0
1025,510,2025-07-01,Bug,Low,2025-07-09,2.0
1026,510,2025-08-01,General,Low,2025-08-08,2.0
1027,511,2027-01-01,Onboarding,Low,,
1028,511,2027-03-01,Billing,High,2027-03-02,2.0
1029,512,2025-07-01,Billing,Low,2025-07-08,4.0
1030,512,2026-02-01,Onboarding,Medium,2026-02-05,4.0
1031,513,2025-08-01,General,Low,2025-08-08,4.0
1032,513,2025-12-01,Feature Request,High,2025-12-05,3.0
1033,513,2026-04-01,Billing,Low,,
1034,514,2025-05-01,Onboarding,Low,2025-05-08,2.0
1035,515,2025-03-01,General,Medium,,
1036,515,2026-03-01,Bug,Low,2026-03-10,5.0
1037,516,2026-02-01,Bug,Medium,2026-02-04,2.0
1038,517,2026-04-01,General,Low,2026-04-02,5.0
1039,517,2026-06-01,Bug,Medium,2026-06-08,4.0
1040,518,2025-10-01,Bug,Low,2025-10-03,5.0
1041,518,2026-01-01,General,Low,2026-01-11,1.0
1042,519,2025-11-01,Bug,Low,2025-11-06,4.0
1043,519,2026-04-01,General,Low,2026-04-07,3.0
1044,520,2026-01-01,Bug,Critical,2026-01-11,1.0
1045,521,2027-02-01,Bug,Low,2027-02-09,5.0
1046,522,2025-06-01,General,Low,2025-06-05,4.0
1047,522,2025-08-01,Billing,Medium,2025-08-02,3.0
1048,522,2026-03-01,Feature Request,Critical,,
1049,523,2024-12-01,General,High,2024-12-10,5.0
1050,523,2025-11-01,Onboarding,Low,2025-11-09,3.0
1051,524,2024-11-01,Bug,Low,,
1052,524,2025-10-01,General,High,2025-10-03,5.0
1053,524,2025-12-01,Bug,High,2025-12-03,1.0
1054,524,2026-01-01,Onboarding,High,2026-01-11,1.0
1055,525,2025-05-01,Onboarding,Low,2025-05-02,5.0
1056,525,2025-09-01,Feature Request,Low,2025-09-05,3.0
1057,525,2026-03-01,Feature Request,High,2026-03-08,2.0
1058,527,2025-09-01,Onboarding,Low,2025-09-03,3.0
1059,527,2025-11-01,Billing,Low,,
1060,527,2026-01-01,Billing,Medium,2026-01-06,5.0
1061,528,2025-06-01,Feature Request,High,2025-06-11,3.0
1062,528,2025-08-01,Feature Request,Low,2025-08-07,4.0
1063,528,2026-02-01,Feature Request,Low,,
1064,530,2026-03-01,Bug,High,,
1065,530,2026-04-01,General,Critical,2026-04-07,1.0
1066,532,2025-07-01,Feature Request,Low,2025-07-04,4.0
1067,533,2026-02-01,General,High,2026-02-02,3.0
1068,533,2026-04-01,Onboarding,Medium,,
1069,534,2026-05-01,Billing,Low,2026-05-09,4.0
1070,537,2025-05-01,General,Medium,2025-05-07,3.0
1071,538,2025-11-01,Feature Request,Low,2025-11-10,5.0
1072,539,2025-12-01,General,Critical,2025-12-07,4.0
1073,540,2025-01-01,Bug,Medium,2025-01-04,5.0
1074,540,2025-06-01,Feature Request,Low,2025-06-03,5.0
1075,540,2025-09-01,Billing,High,2025-09-02,3.0
1076,541,2026-03-01,Feature Request,Low,,
1077,541,2026-07-01,Onboarding,Medium,2026-07-11,3.0
1078,542,2025-10-01,Bug,Low,2025-10-10,3.0
1079,542,2025-11-01,Onboarding,Critical,2025-11-10,1.0
1080,542,2025-12-01,Onboarding,High,2025-12-08,2.0
1081,543,2026-04-01,General,Medium,2026-04-05,5.0
1082,544,2026-01-01,Onboarding,Low,2026-01-04,5.0
1083,544,2026-03-01,Bug,Low,2026-03-09,3.0
1084,544,2026-06-01,Billing,Medium,2026-06-05,3.0
1085,545,2026-06-01,Billing,High,2026-06-02,3.0
1086,546,2026-02-01,Billing,Medium,,
1087,546,2026-03-01,Bug,Low,2026-03-03,4.0
1088,547,2026-06-01,Billing,Medium,2026-06-03,3.0
1089,548,2025-05-01,Bug,High,2025-05-07,1.0
1090,549,2024-11-01,General,Medium,2024-11-05,2.0
1091,549,2024-12-01,Onboarding,High,2024-12-06,2.0
1092,550,2027-07-01,Bug,Low,2027-07-02,5.0
1093,551,2025-06-01,General,Medium,2025-06-06,4.0
1094,554,2025-07-01,Onboarding,High,2025-07-07,3.0
1095,554,2025-08-01,Onboarding,Critical,2025-08-04,3.0
1096,554,2025-09-01,Billing,Low,2025-09-05,3.0
1097,555,2025-11-01,Billing,High,2025-11-06,1.0
1098,555,2025-12-01,General,High,2025-12-09,1.0
1099,556,2026-04-01,Billing,Critical,2026-04-05,4.0
1100,557,2026-03-01,General,Medium,2026-03-04,3.0
1101,557,2026-04-01,Billing,Medium,2026-04-03,4.0
1102,557,2026-06-01,General,High,2026-06-06,5.0
1103,559,2025-03-01,Bug,Medium,2025-03-06,4.0
1104,559,2025-04-01,Onboarding,Low,2025-04-02,3.0
1105,559,2025-07-01,General,Critical,2025-07-05,5.0
1106,562,2026-01-01,Feature Request,Medium,2026-01-11,1.0
1107,563,2026-04-01,Bug,Low,2026-04-05,1.0
1108,564,2025-07-01,Feature Request,Low,2025-07-03,3.0
1109,564,2025-09-01,Billing,Medium,,
1110,564,2025-10-01,Onboarding,Medium,2025-10-03,4.0
1111,564,2026-05-01,General,High,2026-05-09,3.0
1112,565,2025-09-01,Onboarding,Medium,,
1113,565,2025-11-01,General,High,2025-11-10,4.0
1114,566,2025-02-01,Onboarding,Low,2025-02-10,3.0
1115,566,2026-02-01,General,High,2026-02-11,5.0
1116,567,2026-04-01,Bug,Medium,2026-04-10,5.0
1117,568,2025-10-01,Billing,High,2025-10-04,5.0
1118,568,2025-11-01,Billing,High,,
1119,568,2026-03-01,Bug,High,,
1120,568,2026-04-01,Feature Request,Low,2026-04-06,4.0
1121,568,2026-05-01,Onboarding,Critical,2026-05-05,5.0
1122,569,2025-09-01,Onboarding,Low,,
1123,570,2025-07-01,General,High,2025-07-11,3.0
1124,570,2025-10-01,Feature Request,Low,2025-10-09,4.0
1125,570,2025-11-01,Onboarding,High,2025-11-04,3.0
1126,570,2026-05-01,Billing,Medium,2026-05-05,4.0
1127,570,2026-06-01,Bug,High,,
1128,571,2026-07-01,Bug,Low,2026-07-11,4.0
1129,574,2025-11-01,Bug,Critical,2025-11-04,2.0
1130,574,2025-12-01,General,High,2025-12-10,2.0
1131,575,2026-02-01,General,Low,2026-02-08,4.0
1132,575,2026-09-01,Billing,Critical,2026-09-03,2.0
1133,575,2026-10-01,Onboarding,Medium,2026-10-09,1.0
1134,576,2025-06-01,Feature Request,Low,2025-06-09,4.0
1135,576,2025-12-01,Feature Request,Medium,2025-12-08,4.0
1136,576,2026-02-01,Billing,Medium,2026-02-07,5.0
1137,576,2026-05-01,Billing,High,2026-05-05,2.0
1138,576,2026-06-01,Feature Request,Medium,2026-06-03,1.0
1139,577,2025-03-01,Onboarding,Critical,2025-03-09,3.0
1140,577,2025-11-01,General,Critical,2025-11-09,2.0
1141,577,2025-12-01,Onboarding,High,2025-12-10,2.0
1142,578,2028-05-01,Bug,Medium,2028-05-06,5.0
1143,580,2024-10-01,Bug,Low,2024-10-09,3.0
1144,580,2025-01-01,General,High,2025-01-07,4.0
1145,580,2025-09-01,Feature Request,Medium,2025-09-03,5.0
1146,581,2025-09-01,Billing,Low,2025-09-06,4.0
1147,581,2025-12-01,Onboarding,Low,2025-12-09,3.0
1148,581,2026-01-01,Bug,Low,2026-01-07,3.0
1149,582,2026-04-01,Billing,High,2026-04-07,5.0
1150,582,2026-05-01,Bug,High,2026-05-06,4.0
1151,584,2025-07-01,Bug,Low,2025-07-10,4.0
1152,584,2025-10-01,Billing,Medium,2025-10-08,4.0
1153,585,2025-05-01,Bug,Low,2025-05-07,3.0
1154,585,2025-06-01,Feature Request,Low,2025-06-09,3.0
1155,585,2026-02-01,Bug,Medium,,
1156,585,2026-05-01,Onboarding,Medium,2026-05-02,3.0
1157,586,2026-04-01,Feature Request,High,2026-04-11,3.0
1158,586,2026-06-01,Onboarding,Critical,2026-06-08,5.0
1159,587,2025-03-01,Feature Request,Low,2025-03-09,5.0
1160,587,2025-04-01,Bug,Low,2025-04-06,5.0
1161,587,2025-09-01,Feature Request,Medium,2025-09-11,4.0
1162,587,2025-11-01,Onboarding,High,2025-11-10,1.0
1163,587,2025-12-01,General,Medium,2025-12-08,1.0
1164,588,2026-02-01,Bug,Low,2026-02-04,5.0
1165,588,2026-04-01,Billing,Low,2026-04-10,5.0
1166,588,2026-07-01,General,Critical,2026-07-03,4.0
1167,589,2025-10-01,Onboarding,High,2025-10-07,3.0
1168,591,2025-01-01,Onboarding,Medium,2025-01-10,3.0
1169,591,2025-03-01,Bug,Low,2025-03-07,4.0
1170,591,2025-04-01,Onboarding,Medium,2025-04-06,3.0
1171,591,2025-08-01,General,Medium,2025-08-11,5.0
1172,592,2026-03-01,Feature Request,Medium,2026-03-08,1.0
1173,592,2026-04-01,Billing,Medium,2026-04-10,2.0
1174,593,2026-05-01,Bug,Low,,
1175,593,2026-06-01,Billing,Critical,2026-06-08,4.0
1176,594,2025-08-01,General,Medium,2025-08-04,3.0
1177,594,2025-12-01,Onboarding,Medium,2025-12-02,3.0
1178,594,2026-01-01,Bug,Low,2026-01-10,5.0
1179,594,2026-02-01,Feature Request,Low,2026-02-05,3.0
1180,594,2026-05-01,Bug,Low,2026-05-07,5.0
1181,596,2025-11-01,Bug,High,2025-11-07,4.0
1182,597,2026-03-01,Billing,Medium,2026-03-10,5.0
1183,597,2026-07-01,Onboarding,Medium,2026-07-03,4.0
1184,598,2026-06-01,Billing,Low,2026-06-06,4.0
1185,598,2026-07-01,Bug,Medium,2026-07-06,4.0
1186,599,2025-03-01,Billing,Low,2025-03-04,5.0
1187,599,2025-04-01,Feature Request,Medium,,
1188,599,2025-05-01,Bug,High,2025-05-08,3.0
1189,599,2025-11-01,General,Medium,2025-11-06,5.0
1190,599,2025-12-01,General,Low,2025-12-05,5.0
1191,600,2026-06-01,General,Low,2026-06-07,4.0
1192,601,2025-03-01,Billing,Low,2025-03-02,5.0
1193,602,2025-11-01,Onboarding,Medium,2025-11-02,3.0
1194,602,2026-02-01,Billing,Medium,2026-02-06,4.0
1195,602,2026-06-01,Onboarding,Low,2026-06-06,4.0
1196,603,2025-09-01,Onboarding,Low,2025-09-09,3.0
1197,603,2026-03-01,Feature Request,Low,2026-03-02,3.0
1198,603,2026-07-01,Billing,Low,2026-07-09,5.0
1199,604,2026-05-01,Onboarding,Low,2026-05-08,5.0
1200,604,2026-06-01,General,Medium,2026-06-11,3.0
1201,606,2025-01-01,Feature Request,Critical,2025-01-10,5.0
1202,606,2025-02-01,Onboarding,Low,2025-02-05,3.0
1203,606,2025-09-01,Bug,Medium,2025-09-02,3.0
1204,607,2025-07-01,Feature Request,High,2025-07-05,3.0
1205,608,2025-06-01,Bug,Medium,2025-06-11,3.0
1206,608,2026-07-01,General,Low,2026-07-10,4.0
1207,610,2025-01-01,Onboarding,High,2025-01-05,2.0
1208,611,2025-06-01,Billing,Medium,2025-06-05,3.0
1209,611,2025-09-01,Feature Request,Medium,2025-09-04,3.0
1210,611,2025-11-01,General,Medium,,
1211,611,2026-06-01,Billing,Low,2026-06-04,4.0
1212,612,2026-01-01,Onboarding,Medium,2026-01-07,4.0
1213,613,2026-07-01,Onboarding,High,2026-07-02,3.0
1214,614,2025-10-01,Feature Request,High,2025-10-07,4.0
1215,614,2025-12-01,Bug,Low,2025-12-07,3.0
1216,614,2026-06-01,Feature Request,Low,2026-06-08,3.0
1217,615,2025-09-01,General,Medium,2025-09-08,1.0
1218,616,2025-12-01,Bug,Low,2025-12-10,5.0
1219,616,2026-05-01,Onboarding,Low,2026-05-11,3.0
1220,617,2026-02-01,Billing,Low,,
1221,617,2026-04-01,Bug,Medium,2026-04-11,4.0
1222,617,2026-06-01,Billing,Medium,2026-06-07,4.0
1223,618,2027-09-01,General,Low,2027-09-04,5.0
1224,618,2027-12-01,Billing,Medium,,
1225,619,2026-02-01,General,Medium,2026-02-03,5.0
1226,620,2026-05-01,Bug,Low,2026-05-06,4.0
1227,620,2026-06-01,Onboarding,High,2026-06-10,5.0
1228,621,2025-11-01,Feature Request,Low,2025-11-09,4.0
1229,621,2026-04-01,Feature Request,High,2026-04-09,4.0
1230,621,2026-07-01,General,Low,2026-07-03,4.0
1231,622,2026-02-01,Onboarding,Low,2026-02-11,3.0
1232,623,2025-04-01,Billing,High,2025-04-02,1.0
1233,624,2026-05-01,Billing,Low,2026-05-11,4.0
1234,625,2025-04-01,Billing,Low,2025-04-06,5.0
1235,625,2025-07-01,Onboarding,Medium,2025-07-09,4.0
1236,625,2025-10-01,Billing,Medium,2025-10-04,3.0
1237,625,2026-05-01,Onboarding,Medium,2026-05-06,4.0
1238,625,2026-07-01,Feature Request,High,2026-07-08,1.0
1239,626,2025-09-01,Feature Request,Medium,,
1240,626,2025-12-01,Bug,Medium,2025-12-11,4.0
1241,626,2026-02-01,Onboarding,Low,2026-02-06,5.0
1242,626,2026-04-01,General,Low,2026-04-11,5.0
1243,627,2025-11-01,Onboarding,High,2025-11-07,5.0
1244,627,2026-02-01,Feature Request,Low,2026-02-09,5.0
1245,627,2026-03-01,Billing,High,2026-03-02,3.0
1246,627,2026-04-01,Billing,High,2026-04-04,4.0
1247,629,2026-02-01,Billing,Low,2026-02-02,5.0
1248,630,2025-05-01,General,Low,2025-05-07,4.0
1249,630,2025-10-01,Feature Request,High,2025-10-10,3.0
1250,630,2026-01-01,Billing,High,2026-01-05,5.0
1251,631,2026-03-01,Billing,Low,2026-03-06,5.0
1252,631,2026-04-01,Feature Request,High,2026-04-05,5.0
1253,631,2026-07-01,Billing,Low,,
1254,631,2027-05-01,General,Low,2027-05-05,4.0
1255,631,2027-07-01,Feature Request,Low,2027-07-09,4.0
1256,632,2025-07-01,Feature Request,High,2025-07-06,4.0
1257,633,2025-10-01,Billing,Low,2025-10-07,3.0
1258,633,2026-01-01,Billing,High,2026-01-11,5.0
1259,633,2026-07-01,Billing,Medium,2026-07-06,5.0
1260,634,2025-12-01,Feature Request,Low,2025-12-08,4.0
1261,634,2026-05-01,Bug,High,2026-05-08,3.0
1262,635,2026-06-01,Bug,Medium,2026-06-09,3.0
1263,636,2025-12-01,Feature Request,Medium,2025-12-03,3.0
1264,636,2026-01-01,General,Critical,,
1265,636,2026-02-01,Billing,High,2026-02-06,1.0
1266,637,2025-11-01,Bug,High,2025-11-09,3.0
1267,637,2026-02-01,General,Low,2026-02-10,5.0
1268,638,2025-04-01,Billing,Low,2025-04-02,5.0
1269,638,2025-06-01,Feature Request,Medium,2025-06-02,5.0
1270,638,2025-08-01,Feature Request,Medium,2025-08-08,4.0
1271,638,2026-02-01,Billing,Critical,,
1272,640,2025-07-01,General,Medium,,
1273,641,2025-11-01,Billing,High,2025-11-11,2.0
1274,642,2024-11-01,Onboarding,Medium,2024-11-05,1.0
1275,642,2024-12-01,Bug,Critical,2024-12-02,1.0
1276,643,2026-04-01,Feature Request,Low,2026-04-06,3.0
1277,643,2026-06-01,Billing,Low,2026-06-07,4.0
1278,644,2025-08-01,Onboarding,Medium,2025-08-07,3.0
1279,644,2025-10-01,Onboarding,Low,2025-10-07,3.0
1280,644,2026-06-01,Onboarding,Low,,
1281,645,2025-10-01,Billing,Low,2025-10-06,5.0
1282,645,2026-01-01,Feature Request,High,,
1283,645,2026-06-01,Billing,Medium,2026-06-08,5.0
1284,646,2024-10-01,General,High,,
1285,646,2025-01-01,Onboarding,Medium,2025-01-05,4.0
1286,646,2025-02-01,General,High,2025-02-10,4.0
1287,646,2025-08-01,Bug,High,2025-08-10,4.0
1288,647,2025-04-01,Onboarding,Medium,2025-04-10,5.0
1289,647,2025-05-01,Onboarding,Medium,2025-05-08,3.0
1290,647,2025-06-01,General,Medium,2025-06-05,3.0
1291,647,2025-12-01,Onboarding,Medium,2025-12-02,4.0
1292,647,2026-04-01,Feature Request,Medium,2026-04-02,3.0
1293,647,2026-07-01,Feature Request,Low,2026-07-04,3.0
1294,648,2025-12-01,Feature Request,Low,2025-12-02,5.0
1295,649,2026-03-01,Onboarding,Low,2026-03-08,3.0
1296,650,2025-05-01,Billing,Low,2025-05-10,4.0
1297,650,2025-06-01,Feature Request,High,2025-06-10,3.0
1298,651,2025-04-01,Billing,Low,2025-04-07,3.0
1299,651,2026-01-01,General,High,2026-01-09,3.0
1300,651,2026-05-01,Feature Request,Critical,2026-05-02,2.0
1301,652,2025-08-01,Bug,Low,2025-08-10,3.0
1302,652,2025-09-01,Bug,Low,2025-09-04,3.0
1303,652,2025-12-01,Bug,High,2025-12-07,4.0
1304,652,2026-02-01,Bug,Low,2026-02-10,4.0
1305,653,2025-08-01,Bug,Medium,2025-08-03,4.0
1306,653,2026-01-01,Feature Request,Low,,
1307,653,2026-03-01,Bug,High,2026-03-05,5.0
1308,653,2026-05-01,Bug,Low,2026-05-04,3.0
1309,654,2025-12-01,General,Medium,2025-12-08,4.0
1310,654,2026-02-01,Feature Request,Medium,2026-02-08,4.0
1311,654,2026-03-01,Bug,Low,2026-03-05,4.0
1312,654,2026-07-01,Billing,Low,2026-07-07,5.0
1313,655,2026-03-01,Billing,Low,2026-03-05,4.0
1314,656,2025-11-01,Feature Request,Medium,2025-11-05,3.0
1315,656,2026-05-01,Onboarding,Medium,2026-05-07,5.0
1316,657,2025-10-01,Onboarding,Low,2025-10-11,4.0
1317,657,2026-03-01,General,High,2026-03-05,5.0
1318,658,2025-03-01,Billing,Critical,2025-03-09,4.0
1319,658,2025-06-01,Bug,Medium,2025-06-05,3.0
1320,658,2025-08-01,Onboarding,High,2025-08-09,3.0
1321,658,2025-09-01,Bug,High,,
1322,660,2026-04-01,Bug,Low,2026-04-04,5.0
1323,660,2026-06-01,Onboarding,Low,,
1324,661,2026-05-01,General,Medium,2026-05-06,3.0
1325,665,2025-01-01,Bug,Low,2025-01-03,4.0
1326,665,2025-04-01,General,Medium,2025-04-03,4.0
1327,665,2025-06-01,Onboarding,High,2025-06-11,1.0
1328,666,2026-04-01,Onboarding,High,,
1329,667,2026-04-01,Feature Request,Medium,2026-04-08,4.0
1330,667,2026-07-01,Billing,Low,,
1331,669,2025-03-01,Onboarding,Low,2025-03-03,3.0
1332,670,2026-02-01,Bug,Medium,,
1333,672,2025-02-01,General,High,2025-02-11,5.0
1334,672,2025-06-01,Bug,Low,2025-06-09,5.0
1335,672,2026-03-01,Onboarding,Medium,2026-03-05,2.0
1336,672,2026-04-01,Feature Request,Medium,2026-04-04,2.0
1337,674,2025-09-01,General,High,2025-09-03,5.0
1338,674,2026-07-01,Onboarding,Low,,
1339,675,2026-11-01,Bug,Medium,2026-11-09,5.0
1340,675,2027-01-01,Onboarding,Medium,2027-01-11,5.0
1341,675,2027-03-01,Billing,High,2027-03-07,5.0
1342,675,2027-05-01,General,Low,2027-05-04,4.0
1343,676,2025-11-01,Billing,Medium,,
1344,676,2026-02-01,General,High,2026-02-03,5.0
1345,676,2026-03-01,Feature Request,Low,2026-03-05,5.0
1346,676,2026-06-01,Onboarding,Critical,2026-06-07,4.0
1347,677,2025-09-01,Feature Request,Medium,2025-09-03,5.0
1348,677,2026-04-01,Billing,Medium,2026-04-02,4.0
1349,677,2026-07-01,Bug,High,2026-07-03,5.0
1350,678,2025-01-01,General,Medium,2025-01-07,3.0
1351,678,2025-04-01,Bug,Critical,2025-04-04,2.0
1352,678,2025-05-01,Billing,High,2025-05-08,1.0
1353,679,2026-05-01,Billing,Medium,2026-05-08,3.0
1354,680,2025-05-01,Bug,High,2025-05-11,1.0
1355,681,2026-05-01,Feature Request,Medium,2026-05-11,3.0
1356,681,2026-08-01,Onboarding,Medium,2026-08-08,4.0
1357,682,2026-07-01,Bug,Medium,2026-07-06,3.0
1358,683,2025-06-01,Feature Request,High,2025-06-10,5.0
1359,683,2025-08-01,Bug,Low,2025-08-09,5.0
1360,683,2025-11-01,Feature Request,Medium,2025-11-07,2.0
1361,683,2025-12-01,Billing,Low,2025-12-07,1.0
1362,684,2026-01-01,Bug,Medium,2026-01-11,3.0
1363,684,2026-03-01,Feature Request,Medium,2026-03-03,3.0
1364,684,2026-06-01,Bug,Low,2026-06-02,4.0
1365,687,2025-02-01,Bug,Low,2025-02-08,5.0
1366,687,2025-03-01,Feature Request,Medium,2025-03-09,5.0
1367,688,2025-10-01,Bug,High,2025-10-10,2.0
1368,689,2025-07-01,Feature Request,High,2025-07-08,2.0
1369,689,2025-08-01,Onboarding,Low,2025-08-10,2.0
1370,690,2024-11-01,Feature Request,Low,2024-11-10,4.0
1371,691,2025-08-01,Feature Request,High,2025-08-08,3.0
1372,691,2026-05-01,Billing,Medium,2026-05-07,2.0
1373,692,2026-02-01,Feature Request,Low,2026-02-09,3.0
1374,693,2024-10-01,Onboarding,High,2024-10-02,1.0
1375,694,2025-10-01,Bug,Medium,2025-10-06,3.0
1376,694,2026-02-01,Billing,Medium,2026-02-04,5.0
1377,695,2025-12-01,Onboarding,Medium,2025-12-09,4.0
1378,695,2026-01-01,Onboarding,Critical,2026-01-06,3.0
1379,696,2026-02-01,Feature Request,Low,2026-02-10,4.0
1380,696,2026-06-01,Bug,Low,2026-06-06,2.0
1381,698,2026-04-01,Feature Request,High,,
1382,699,2025-07-01,Feature Request,Medium,2025-07-03,4.0
1383,699,2026-05-01,Bug,High,2026-05-05,4.0
1384,699,2026-07-01,General,Critical,2026-07-05,5.0
1385,700,2025-10-01,General,Low,2025-10-05,4.0
1386,701,2025-09-01,Feature Request,High,2025-09-08,3.0
1387,701,2026-07-01,Feature Request,Low,2026-07-02,4.0
1388,703,2026-02-01,Billing,High,2026-02-08,3.0
1389,704,2025-07-01,General,Medium,2025-07-08,5.0
1390,707,2025-11-01,Onboarding,Critical,2025-11-04,3.0
1391,707,2026-05-01,Feature Request,Low,2026-05-10,4.0
1392,709,2026-06-01,General,Medium,2026-06-11,5.0
1393,709,2026-08-01,Feature Request,Medium,,
1394,710,2026-03-01,General,Medium,2026-03-10,5.0
1395,710,2026-07-01,General,Low,2026-07-10,4.0
1396,710,2026-11-01,Billing,Medium,,
1397,711,2025-05-01,Feature Request,High,,
1398,711,2025-07-01,Billing,Medium,2025-07-06,5.0
1399,711,2025-08-01,Onboarding,Low,2025-08-04,4.0
1400,711,2025-10-01,Billing,Low,2025-10-02,5.0
1401,711,2026-02-01,Billing,Low,2026-02-09,3.0
1402,711,2026-06-01,Bug,Low,2026-06-04,5.0
1403,712,2025-11-01,Billing,Low,2025-11-07,5.0
1404,712,2025-12-01,Bug,Low,2025-12-02,4.0
1405,712,2026-03-01,General,Medium,2026-03-04,4.0
1406,712,2026-05-01,Bug,Low,2026-05-07,3.0
1407,714,2025-07-01,Billing,Medium,2025-07-11,5.0
1408,716,2025-06-01,Billing,Low,2025-06-08,3.0
1409,717,2026-02-01,Feature Request,Medium,2026-02-03,5.0
1410,717,2026-05-01,Onboarding,Low,2026-05-11,3.0
1411,717,2026-06-01,Feature Request,Low,2026-06-10,4.0
1412,717,2026-07-01,Bug,High,,
1413,718,2025-02-01,General,High,2025-02-05,3.0
1414,718,2025-08-01,Bug,Low,2025-08-02,5.0
1415,718,2026-02-01,Onboarding,Low,,
1416,719,2025-04-01,General,Low,2025-04-09,4.0
1417,720,2025-11-01,General,Medium,2025-11-05,4.0
1418,720,2025-12-01,General,High,2025-12-09,3.0
1419,720,2026-03-01,Onboarding,High,2026-03-02,4.0
1420,721,2025-11-01,Billing,Medium,2025-11-03,2.0
1421,722,2026-04-01,General,Medium,2026-04-11,5.0
1422,722,2026-07-01,Feature Request,Low,2026-07-09,3.0
1423,723,2026-06-01,Bug,Medium,2026-06-02,4.0
1424,724,2026-02-01,Bug,Medium,2026-02-11,5.0
1425,724,2026-06-01,Bug,Low,2026-06-08,5.0
1426,727,2026-01-01,Bug,Medium,2026-01-09,3.0
1427,728,2025-07-01,Billing,High,2025-07-02,5.0
1428,728,2026-01-01,General,Low,2026-01-02,3.0
1429,728,2026-04-01,General,Medium,2026-04-10,3.0
1430,729,2025-08-01,Bug,Low,,
1431,729,2026-07-01,Feature Request,High,2026-07-04,4.0
1432,730,2026-01-01,Bug,Low,,
1433,730,2026-06-01,Billing,Critical,2026-06-08,2.0
1434,731,2025-01-01,Feature Request,Low,2025-01-11,5.0
1435,731,2025-02-01,General,Low,2025-02-06,4.0
1436,731,2026-03-01,Onboarding,Low,2026-03-04,4.0
1437,731,2026-04-01,Billing,Medium,2026-04-09,2.0
1438,731,2026-05-01,General,Medium,,
1439,732,2026-05-01,Bug,Low,2026-05-06,3.0
1440,734,2025-11-01,Onboarding,High,2025-11-07,5.0
1441,734,2026-06-01,Onboarding,Medium,2026-06-09,4.0
1442,735,2025-11-01,Onboarding,Medium,2025-11-05,5.0
1443,735,2026-02-01,Feature Request,Medium,2026-02-08,1.0
1444,735,2026-03-01,Feature Request,Medium,2026-03-06,2.0
1445,736,2025-05-01,Feature Request,Critical,2025-05-06,1.0
1446,737,2026-01-01,Feature Request,Low,2026-01-02,4.0
1447,737,2026-05-01,Feature Request,Low,2026-05-07,5.0
1448,738,2024-12-01,Billing,High,2024-12-05,2.0
1449,738,2025-01-01,Onboarding,Medium,2025-01-06,2.0
1450,740,2026-04-01,Billing,Low,2026-04-10,3.0
1451,742,2026-02-01,General,High,2026-02-09,5.0
1452,743,2025-03-01,General,Medium,2025-03-02,5.0
1453,744,2025-10-01,Feature Request,High,2025-10-06,4.0
1454,744,2025-11-01,Billing,High,2025-11-11,2.0
1455,744,2025-12-01,General,High,2025-12-02,2.0
1456,745,2024-12-01,Feature Request,Medium,2024-12-08,3.0
1457,745,2025-04-01,Onboarding,Medium,2025-04-02,4.0
1458,745,2025-11-01,General,High,2025-11-03,5.0
1459,745,2025-12-01,General,High,2025-12-02,3.0
1460,748,2025-09-01,Bug,Medium,2025-09-08,4.0
1461,749,2024-10-01,Billing,High,2024-10-09,3.0
1462,749,2025-03-01,Onboarding,Critical,2025-03-09,1.0
1463,750,2026-06-01,Feature Request,Medium,2026-06-08,1.0
1464,751,2025-03-01,General,High,2025-03-02,4.0
1465,751,2025-07-01,Onboarding,High,2025-07-08,4.0
1466,751,2025-08-01,Bug,Medium,2025-08-02,3.0
1467,751,2025-11-01,General,High,2025-11-05,3.0
1468,751,2026-04-01,Billing,Low,2026-04-10,1.0
1469,751,2026-05-01,Bug,Low,2026-05-06,1.0
1470,752,2025-11-01,Bug,Low,2025-11-05,3.0
1471,752,2025-12-01,Feature Request,Medium,2025-12-10,5.0
1472,752,2026-01-01,General,Medium,2026-01-09,4.0
1473,752,2026-06-01,Feature Request,Low,2026-06-06,3.0
1474,753,2026-03-01,Billing,Low,2026-03-09,4.0
1475,754,2025-03-01,Onboarding,Low,2025-03-06,3.0
1476,754,2025-07-01,Bug,Critical,2025-07-02,3.0
1477,754,2025-12-01,Billing,Low,2025-12-08,4.0
1478,755,2025-08-01,General,Medium,2025-08-09,4.0
1479,755,2026-01-01,Bug,High,2026-01-02,3.0
1480,756,2025-09-01,Bug,Low,2025-09-05,4.0
1481,756,2026-05-01,General,Medium,2026-05-11,2.0
1482,757,2025-01-01,General,Low,2025-01-02,3.0
1483,758,2025-01-01,General,Medium,2025-01-06,3.0
1484,758,2025-02-01,General,Critical,2025-02-06,1.0
1485,758,2025-03-01,Bug,High,,
1486,759,2026-02-01,Feature Request,High,2026-02-03,5.0
1487,759,2026-04-01,Onboarding,Medium,2026-04-04,5.0
1488,760,2025-05-01,Bug,Medium,2025-05-02,3.0
1489,760,2025-07-01,General,High,,
1490,760,2025-10-01,Onboarding,Critical,2025-10-10,1.0
1491,761,2025-10-01,Feature Request,Medium,2025-10-03,3.0
1492,763,2025-04-01,Bug,Low,2025-04-07,5.0
1493,763,2025-07-01,Feature Request,High,2025-07-07,5.0
1494,763,2025-09-01,Feature Request,Low,2025-09-10,5.0
1495,763,2025-10-01,Feature Request,High,2025-10-07,3.0
1496,763,2025-12-01,Onboarding,Critical,2025-12-04,2.0
1497,764,2026-02-01,Bug,Medium,2026-02-11,4.0
1498,765,2025-05-01,Billing,Critical,2025-05-03,4.0
1499,765,2025-08-01,General,Low,2025-08-11,5.0
1500,765,2025-09-01,Bug,Medium,2025-09-05,4.0
1501,765,2025-11-01,Feature Request,Low,,
1502,765,2025-12-01,Bug,Medium,2025-12-05,1.0
1503,766,2026-04-01,Billing,Medium,2026-04-11,3.0
1504,766,2026-06-01,Feature Request,Low,2026-06-02,5.0
1505,766,2026-07-01,Billing,Low,2026-07-07,4.0
1506,767,2025-11-01,Bug,Low,2025-11-04,4.0
1507,767,2026-07-01,Feature Request,Low,2026-07-06,4.0
1508,768,2026-01-01,Onboarding,Low,2026-01-03,3.0
1509,769,2026-05-01,Billing,Medium,2026-05-06,2.0
1510,770,2025-10-01,Feature Request,Low,2025-10-10,4.0
1511,771,2025-10-01,Bug,Medium,2025-10-07,4.0
1512,772,2025-03-01,Feature Request,Critical,2025-03-04,1.0
1513,774,2025-06-01,Billing,Medium,2025-06-03,4.0
1514,774,2025-08-01,Feature Request,Critical,2025-08-10,5.0
1515,774,2026-01-01,General,Low,,
1516,774,2026-05-01,Billing,Medium,2026-05-02,4.0
1517,775,2025-04-01,Billing,Medium,2025-04-03,5.0
1518,775,2025-05-01,Bug,Medium,2025-05-09,5.0
1519,775,2025-11-01,Onboarding,Low,,
1520,775,2026-01-01,Onboarding,Low,2026-01-04,5.0
1521,776,2025-03-01,General,High,2025-03-09,4.0
1522,776,2025-05-01,Bug,Medium,2025-05-04,3.0
1523,777,2026-05-01,Bug,Critical,,
1524,777,2026-07-01,Bug,Medium,2026-07-07,3.0
1525,778,2026-01-01,Feature Request,Low,2026-01-02,5.0
1526,778,2026-03-01,Billing,Low,,
1527,778,2026-05-01,Onboarding,Low,2026-05-11,5.0
1528,778,2026-07-01,General,Low,2026-07-02,3.0
1529,779,2026-10-01,General,Medium,2026-10-02,1.0
1530,779,2026-11-01,General,Medium,2026-11-08,1.0
1531,780,2025-11-01,Onboarding,Critical,2025-11-10,3.0
1532,780,2026-02-01,Billing,Medium,2026-02-11,5.0
1533,780,2026-03-01,Feature Request,Low,2026-03-06,3.0
1534,781,2025-05-01,Feature Request,Low,2025-05-04,5.0
1535,781,2025-07-01,General,Medium,2025-07-04,3.0
1536,781,2025-11-01,Onboarding,Medium,2025-11-03,5.0
1537,781,2026-03-01,Onboarding,Low,2026-03-09,5.0
1538,781,2026-05-01,General,Low,2026-05-08,5.0
1539,781,2026-06-01,Onboarding,High,,
1540,782,2025-12-01,Bug,Low,,
1541,782,2026-05-01,Bug,High,2026-05-11,4.0
1542,783,2025-09-01,Feature Request,Low,2025-09-09,5.0
1543,784,2025-11-01,General,High,2025-11-04,5.0
1544,788,2025-05-01,Bug,Medium,2025-05-11,4.0
1545,788,2025-08-01,Feature Request,Low,2025-08-03,5.0
1546,789,2025-07-01,Bug,Low,2025-07-07,5.0
1547,790,2025-06-01,Bug,Low,2025-06-03,5.0
1548,790,2025-07-01,Feature Request,Medium,2025-07-09,1.0
1549,790,2025-08-01,Feature Request,High,2025-08-02,2.0
1550,791,2025-11-01,Onboarding,Medium,,
1551,791,2026-08-01,Billing,Low,2026-08-09,2.0
1552,792,2027-03-01,Onboarding,Low,2027-03-06,3.0
1553,792,2027-04-01,General,High,2027-04-05,4.0
1554,793,2025-07-01,General,Low,,
1555,793,2025-11-01,General,Critical,2025-11-07,2.0
1556,793,2025-12-01,General,Critical,2025-12-10,2.0
1557,794,2026-03-01,Bug,Medium,2026-03-05,3.0
1558,794,2026-06-01,General,Medium,2026-06-06,3.0
1559,795,2025-03-01,Onboarding,Medium,2025-03-11,3.0
1560,795,2025-05-01,Billing,Medium,2025-05-02,5.0
1561,795,2025-06-01,Bug,Low,2025-06-05,5.0
1562,795,2025-08-01,General,High,2025-08-08,2.0
1563,795,2025-09-01,Onboarding,High,2025-09-09,2.0
1564,796,2025-04-01,Bug,Medium,2025-04-11,3.0
1565,796,2025-05-01,Bug,Low,2025-05-08,5.0
1566,796,2025-07-01,Feature Request,Low,2025-07-04,4.0
1567,796,2025-08-01,Onboarding,High,2025-08-10,5.0
1568,796,2026-03-01,Billing,Low,2026-03-05,3.0
1569,796,2026-04-01,Billing,Low,2026-04-05,3.0
1570,796,2026-05-01,Bug,Medium,,
1571,796,2026-06-01,Feature Request,Low,2026-06-04,3.0
1572,796,2026-07-01,Onboarding,Low,2026-07-10,3.0
1573,797,2025-10-01,Billing,Low,2025-10-09,3.0
1574,798,2026-09-01,Onboarding,Low,2026-09-06,5.0
1575,798,2026-12-01,Bug,Medium,2026-12-09,5.0
1576,799,2025-07-01,Billing,Low,2025-07-04,5.0
1577,799,2025-11-01,General,Low,2025-11-07,4.0
1578,800,2025-12-01,Bug,High,2025-12-03,5.0
1579,802,2025-12-01,General,Critical,2025-12-08,1.0
1580,802,2026-01-01,Feature Request,High,2026-01-05,1.0
1581,804,2025-04-01,Billing,High,2025-04-06,5.0
1582,804,2025-07-01,Onboarding,Medium,2025-07-07,3.0
1583,804,2025-09-01,Feature Request,Medium,2025-09-05,3.0
1584,804,2025-12-01,Onboarding,High,2025-12-02,3.0
1585,804,2026-05-01,Bug,Medium,2026-05-06,3.0
1586,805,2025-01-01,Onboarding,Medium,2025-01-11,3.0
1587,805,2025-04-01,Bug,Medium,,
1588,805,2025-10-01,Billing,Low,2025-10-11,3.0
1589,805,2025-11-01,Bug,Low,,
1590,805,2026-01-01,Billing,Medium,2026-01-05,4.0
1591,806,2025-06-01,General,Low,2025-06-06,5.0
1592,806,2025-07-01,Bug,Medium,2025-07-09,5.0
1593,806,2025-08-01,Billing,Medium,2025-08-07,4.0
1594,806,2025-10-01,Billing,Low,2025-10-08,1.0
1595,807,2026-05-01,Onboarding,Medium,2026-05-07,4.0
1596,808,2025-11-01,Feature Request,Low,2025-11-05,3.0
1597,808,2026-05-01,General,Low,2026-05-11,5.0
1598,809,2025-11-01,Onboarding,Low,2025-11-04,3.0
1599,809,2026-03-01,General,Medium,2026-03-03,5.0
1600,810,2025-09-01,Billing,Low,2025-09-08,3.0
1601,811,2026-03-01,Feature Request,Medium,,
1602,811,2026-04-01,Onboarding,Low,2026-04-09,4.0
1603,813,2025-11-01,General,Medium,2025-11-05,5.0
1604,814,2025-09-01,Onboarding,High,2025-09-10,5.0
1605,814,2025-10-01,Billing,Low,,
1606,814,2026-01-01,Bug,Low,2026-01-10,5.0
1607,815,2025-05-01,Onboarding,Low,2025-05-05,5.0
1608,816,2025-01-01,Billing,Low,2025-01-07,3.0
1609,816,2025-02-01,General,Medium,2025-02-09,3.0
1610,816,2025-03-01,Bug,Medium,2025-03-04,4.0
1611,816,2025-04-01,Onboarding,Low,2025-04-07,4.0
1612,816,2025-06-01,Feature Request,Medium,2025-06-11,5.0
1613,817,2025-10-01,General,High,2025-10-09,2.0
1614,817,2025-11-01,Onboarding,Critical,2025-11-07,1.0
1615,818,2026-04-01,Feature Request,High,2026-04-10,4.0
1616,819,2025-05-01,Onboarding,Low,2025-05-05,5.0
1617,819,2025-09-01,Feature Request,Low,,
1618,821,2025-08-01,Onboarding,Low,2025-08-06,4.0
1619,821,2025-12-01,General,Medium,2025-12-08,5.0
1620,821,2026-03-01,Billing,Low,2026-03-02,4.0
1621,821,2026-05-01,Feature Request,Medium,2026-05-11,4.0
1622,822,2025-11-01,Billing,Low,2025-11-11,3.0
1623,822,2025-12-01,Feature Request,Low,2025-12-09,3.0
1624,823,2025-11-01,Bug,Low,,
1625,823,2026-01-01,General,Low,2026-01-06,4.0
1626,824,2027-04-01,Onboarding,Low,2027-04-11,4.0
1627,824,2027-05-01,Billing,Medium,2027-05-09,5.0
1628,824,2027-09-01,Bug,Low,2027-09-04,4.0
1629,824,2027-10-01,Feature Request,High,2027-10-04,3.0
1630,826,2025-09-01,General,Low,2025-09-03,5.0
1631,827,2025-01-01,General,Low,2025-01-05,3.0
1632,827,2025-04-01,Bug,Critical,2025-04-11,5.0
1633,827,2026-01-01,Bug,Medium,2026-01-02,3.0
1634,828,2025-08-01,General,Low,2025-08-09,5.0
1635,828,2025-11-01,Billing,Critical,2025-11-03,5.0
1636,828,2026-01-01,Feature Request,Medium,2026-01-02,3.0
1637,828,2026-05-01,Bug,Low,2026-05-03,3.0
1638,829,2025-03-01,Billing,Low,2025-03-10,2.0
1639,830,2025-12-01,General,High,2025-12-02,5.0
1640,831,2025-02-01,Feature Request,Low,,
1641,831,2025-09-01,Feature Request,Low,2025-09-06,4.0
1642,831,2025-12-01,Feature Request,Medium,,
1643,832,2026-03-01,Feature Request,Low,2026-03-05,5.0
1644,832,2026-05-01,Onboarding,Low,2026-05-10,3.0
1645,833,2025-05-01,Bug,Low,2025-05-04,5.0
1646,833,2025-11-01,Billing,High,,
1647,833,2026-06-01,Onboarding,Medium,2026-06-11,3.0
1648,833,2026-07-01,Bug,Medium,2026-07-09,4.0
1649,834,2026-05-01,General,High,2026-05-09,3.0
1650,834,2026-07-01,Onboarding,Medium,2026-07-02,5.0
1651,836,2025-07-01,Onboarding,Critical,,
1652,837,2025-01-01,Onboarding,High,,
1653,837,2025-08-01,Onboarding,High,2025-08-03,5.0
1654,837,2025-12-01,General,Medium,,
1655,837,2026-07-01,Onboarding,Medium,2026-07-10,4.0
1656,840,2026-06-01,Feature Request,Low,,
1657,841,2025-02-01,General,Low,2025-02-04,3.0
1658,841,2025-03-01,Billing,Medium,2025-03-02,4.0
1659,841,2025-07-01,Feature Request,Medium,2025-07-06,5.0
1660,841,2025-09-01,Bug,Low,2025-09-04,5.0
1661,841,2026-02-01,Bug,High,2026-02-10,3.0
1662,841,2026-03-01,Bug,Medium,2026-03-08,3.0
1663,842,2025-11-01,Feature Request,High,2025-11-04,4.0
1664,842,2025-12-01,Feature Request,Medium,,
1665,842,2026-03-01,Onboarding,Medium,2026-03-09,5.0
1666,845,2026-03-01,Bug,Low,2026-03-10,4.0
1667,846,2025-05-01,Billing,High,2025-05-09,3.0
1668,846,2025-10-01,General,Medium,2025-10-06,3.0
1669,846,2026-03-01,Feature Request,Medium,2026-03-07,4.0
1670,847,2025-01-01,General,Low,2025-01-10,5.0
1671,847,2025-02-01,General,Low,2025-02-04,3.0
1672,847,2025-09-01,Onboarding,Low,2025-09-11,3.0
1673,847,2025-10-01,Billing,Medium,2025-10-03,4.0
1674,847,2026-04-01,General,Low,2026-04-08,4.0
1675,848,2025-01-01,Billing,High,2025-01-05,5.0
1676,848,2025-07-01,Onboarding,Low,2025-07-07,3.0
1677,848,2026-06-01,Bug,Low,2026-06-10,4.0
1678,849,2026-06-01,General,Medium,2026-06-03,3.0
1679,850,2025-06-01,Feature Request,Low,,
1680,850,2025-10-01,Onboarding,Low,2025-10-02,5.0
1681,850,2026-04-01,General,Low,2026-04-09,3.0
1682,850,2026-07-01,Bug,High,2026-07-07,5.0
1683,851,2025-07-01,Onboarding,High,,
1684,851,2026-05-01,Billing,High,,
1685,852,2025-12-01,Onboarding,High,2025-12-04,1.0
1686,852,2026-01-01,Onboarding,High,2026-01-02,1.0
1687,853,2026-01-01,Bug,Low,2026-01-04,3.0
1688,853,2026-02-01,Onboarding,Medium,2026-02-10,2.0
1689,853,2026-03-01,Bug,High,2026-03-09,2.0
1690,854,2025-10-01,Feature Request,Low,2025-10-09,3.0
1691,854,2025-12-01,Bug,Medium,2025-12-10,3.0
1692,854,2026-01-01,Billing,High,2026-01-02,2.0
1693,854,2026-02-01,General,Low,2026-02-08,2.0
1694,855,2026-06-01,Onboarding,Low,2026-06-11,4.0
1695,857,2026-05-01,Onboarding,Low,2026-05-06,3.0
1696,858,2025-07-01,Feature Request,High,,
1697,858,2025-08-01,General,High,2025-08-08,2.0
1698,859,2025-08-01,Bug,Medium,2025-08-10,3.0
1699,859,2026-03-01,Bug,High,2026-03-02,5.0
1700,860,2025-10-01,Billing,Low,2025-10-10,4.0
1701,862,2025-10-01,Feature Request,Medium,2025-10-10,3.0
1702,862,2025-11-01,Feature Request,Low,,
1703,862,2026-05-01,Feature Request,Medium,2026-05-02,2.0
1704,864,2025-09-01,Feature Request,Medium,2025-09-09,3.0
1705,864,2026-03-01,General,Medium,2026-03-08,1.0
1706,865,2025-06-01,Bug,Critical,2025-06-06,3.0
1707,865,2025-07-01,Billing,High,2025-07-02,3.0
1708,865,2025-12-01,Feature Request,High,2025-12-03,5.0
1709,865,2026-03-01,Feature Request,High,2026-03-07,1.0
1710,865,2026-04-01,Onboarding,High,2026-04-05,1.0
1711,866,2026-04-01,General,Medium,2026-04-10,2.0
1712,867,2026-01-01,Billing,Low,2026-01-10,1.0
1713,867,2026-02-01,Bug,High,2026-02-05,1.0
1714,868,2026-05-01,Bug,Medium,2026-05-03,5.0
1715,869,2025-10-01,Billing,Medium,2025-10-05,3.0
1716,869,2026-07-01,General,Low,2026-07-05,3.0
1717,870,2025-04-01,Bug,Low,2025-04-05,4.0
1718,870,2025-07-01,Onboarding,High,,
1719,870,2026-01-01,Bug,Low,2026-01-08,3.0
1720,872,2025-05-01,Feature Request,Low,2025-05-07,3.0
1721,872,2025-06-01,Feature Request,Low,2025-06-10,3.0
1722,872,2026-01-01,Bug,Medium,2026-01-10,4.0
1723,874,2026-06-01,Billing,Low,,
1724,876,2025-04-01,Feature Request,High,2025-04-05,5.0
1725,876,2025-11-01,Billing,High,2025-11-07,5.0
1726,876,2026-02-01,Bug,Medium,2026-02-07,4.0
1727,877,2025-09-01,Bug,High,2025-09-05,3.0
1728,877,2025-10-01,Bug,Medium,2025-10-06,5.0
1729,878,2025-10-01,Billing,High,2025-10-04,5.0
1730,879,2026-02-01,Billing,Low,2026-02-06,5.0
1731,880,2025-07-01,General,Medium,2025-07-11,4.0
1732,880,2025-09-01,Bug,High,2025-09-11,3.0
1733,881,2026-03-01,Feature Request,Medium,2026-03-03,4.0
1734,881,2026-07-01,Bug,High,2026-07-09,3.0
1735,882,2025-11-01,Onboarding,Medium,2025-11-04,2.0
1736,883,2025-08-01,Feature Request,High,2025-08-05,3.0
1737,883,2026-01-01,Billing,Medium,2026-01-06,5.0
1738,884,2025-05-01,Onboarding,Low,2025-05-03,1.0
1739,884,2025-06-01,Bug,Low,2025-06-10,1.0
1740,885,2025-09-01,Feature Request,Critical,,
1741,885,2025-10-01,Billing,Low,,
1742,886,2026-02-01,Billing,Medium,2026-02-03,3.0
1743,887,2025-05-01,Feature Request,Low,2025-05-02,5.0
1744,887,2025-06-01,General,Medium,2025-06-09,4.0
1745,887,2025-07-01,General,High,2025-07-02,5.0
1746,887,2025-10-01,General,Low,2025-10-11,3.0
1747,887,2025-11-01,Onboarding,Low,2025-11-11,4.0
1748,888,2025-09-01,General,Low,2025-09-03,4.0
1749,888,2026-05-01,Feature Request,Low,,
1750,889,2025-03-01,Billing,Low,2025-03-05,4.0
1751,889,2025-08-01,Bug,High,2025-08-03,1.0
1752,890,2025-12-01,General,Medium,,
1753,890,2026-01-01,Feature Request,Medium,2026-01-09,3.0
1754,890,2026-06-01,Feature Request,Medium,2026-06-06,5.0
1755,892,2026-01-01,Onboarding,Critical,2026-01-05,4.0
1756,892,2026-03-01,General,High,2026-03-08,2.0
1757,892,2026-04-01,Billing,Medium,2026-04-06,2.0
1758,893,2025-11-01,Feature Request,Low,,
1759,893,2026-03-01,Feature Request,Low,2026-03-07,3.0
1760,893,2026-05-01,Billing,Low,2026-05-04,4.0
1761,894,2026-02-01,General,Low,2026-02-06,3.0
1762,895,2025-06-01,Bug,Medium,,
1763,895,2025-07-01,Billing,Low,2025-07-07,5.0
1764,895,2025-12-01,Feature Request,Low,2025-12-02,3.0
1765,895,2026-05-01,Billing,High,2026-05-02,3.0
1766,896,2025-09-01,Onboarding,High,2025-09-10,3.0
1767,896,2025-10-01,Feature Request,Medium,,
1768,896,2026-02-01,General,Medium,2026-02-04,5.0
1769,897,2025-12-01,Bug,High,2025-12-09,3.0
1770,897,2026-04-01,Feature Request,Medium,2026-04-04,4.0
1771,898,2025-04-01,Onboarding,High,2025-04-06,4.0
1772,899,2026-02-01,Billing,High,,
1773,900,2025-07-01,Billing,Low,2025-07-07,3.0
1774,900,2025-08-01,Billing,High,2025-08-08,3.0
1775,901,2025-09-01,Feature Request,Critical,2025-09-10,2.0
1776,902,2025-06-01,General,High,2025-06-09,1.0
1777,902,2025-07-01,Onboarding,Medium,2025-07-07,1.0
1778,903,2026-08-01,General,Critical,2026-08-04,5.0
1779,903,2026-10-01,Billing,Low,,
1780,904,2024-12-01,Onboarding,Medium,2024-12-03,5.0
1781,904,2025-01-01,Billing,Low,2025-01-04,3.0
1782,904,2025-02-01,Bug,Medium,2025-02-08,4.0
1783,904,2025-03-01,Onboarding,Low,2025-03-06,4.0
1784,904,2025-04-01,Billing,Low,2025-04-10,3.0
1785,904,2025-07-01,Billing,Low,,
1786,904,2025-09-01,Bug,Low,2025-09-03,4.0
1787,904,2025-12-01,Billing,Low,2025-12-03,4.0
1788,904,2026-06-01,General,Medium,2026-06-03,4.0
1789,906,2025-04-01,Bug,High,2025-04-06,4.0
1790,906,2025-06-01,Feature Request,Low,2025-06-09,4.0
1791,906,2025-07-01,Feature Request,Low,2025-07-10,4.0
1792,906,2025-10-01,Bug,Low,2025-10-06,3.0
1793,907,2025-05-01,Feature Request,Medium,2025-05-07,3.0
1794,907,2025-07-01,Bug,Medium,2025-07-05,3.0
1795,907,2026-03-01,Bug,High,2026-03-02,2.0
1796,908,2025-03-01,Onboarding,High,,
1797,909,2025-11-01,Bug,High,2025-11-09,5.0
1798,909,2025-12-01,General,Low,,
1799,909,2026-02-01,Feature Request,Critical,2026-02-05,4.0
1800,909,2026-06-01,Billing,Low,2026-06-11,3.0
1801,910,2024-12-01,Onboarding,Low,2024-12-05,4.0
1802,910,2025-03-01,Feature Request,High,2025-03-09,4.0
1803,910,2025-05-01,Bug,Medium,2025-05-04,3.0
1804,910,2026-02-01,Billing,Medium,2026-02-06,3.0
1805,910,2026-04-01,Onboarding,Medium,2026-04-10,3.0
1806,910,2026-07-01,Feature Request,Low,2026-07-03,5.0
1807,911,2026-01-01,Feature Request,High,2026-01-07,5.0
1808,912,2025-04-01,General,Low,,
1809,912,2025-07-01,General,Low,2025-07-02,3.0
1810,914,2025-09-01,Feature Request,Low,,
1811,914,2025-10-01,Feature Request,Medium,2025-10-04,4.0
1812,916,2025-10-01,Onboarding,Low,2025-10-04,4.0
1813,916,2025-12-01,Billing,Medium,2025-12-07,4.0
1814,918,2025-07-01,General,Low,2025-07-03,5.0
1815,919,2026-05-01,Bug,Low,2026-05-08,4.0
1816,920,2025-11-01,General,Medium,2025-11-03,3.0
1817,920,2025-12-01,Onboarding,High,2025-12-03,5.0
1818,920,2026-07-01,Onboarding,Low,2026-07-02,3.0
1819,922,2026-02-01,Onboarding,High,2026-02-08,1.0
1820,922,2026-03-01,Feature Request,Medium,2026-03-06,1.0
1821,923,2025-03-01,Onboarding,Medium,2025-03-10,5.0
1822,923,2025-04-01,Bug,Low,,
1823,923,2025-06-01,Onboarding,Medium,2025-06-08,2.0
1824,924,2025-01-01,General,High,,
1825,924,2025-02-01,Feature Request,Low,2025-02-07,5.0
1826,924,2025-06-01,Feature Request,Low,2025-06-03,4.0
1827,924,2025-07-01,Bug,Low,2025-07-05,4.0
1828,924,2025-10-01,Billing,Medium,2025-10-11,3.0
1829,925,2026-01-01,Billing,Medium,2026-01-03,4.0
1830,925,2026-06-01,General,High,,
1831,926,2024-09-01,Feature Request,Medium,2024-09-11,2.0
1832,928,2026-01-01,Feature Request,Low,2026-01-06,3.0
1833,929,2025-06-01,General,High,2025-06-06,4.0
1834,929,2025-12-01,Billing,High,,
1835,929,2026-02-01,Feature Request,Low,2026-02-08,5.0
1836,929,2026-05-01,Onboarding,Medium,2026-05-04,4.0
1837,932,2025-05-01,Bug,Low,2025-05-06,5.0
1838,932,2026-04-01,Feature Request,Low,2026-04-10,4.0
1839,932,2026-05-01,General,Medium,,
1840,933,2025-09-01,Onboarding,Low,2025-09-06,5.0
1841,933,2025-12-01,Feature Request,Medium,2025-12-02,5.0
1842,933,2026-04-01,General,Medium,2026-04-11,3.0
1843,934,2027-07-01,Bug,Low,,
1844,934,2027-08-01,Onboarding,Low,,
1845,934,2027-12-01,Onboarding,Low,2027-12-11,3.0
1846,934,2028-05-01,Billing,Low,2028-05-04,3.0
1847,934,2028-07-01,General,Low,2028-07-04,4.0
1848,936,2025-04-01,Feature Request,Medium,2025-04-09,4.0
1849,936,2025-08-01,Onboarding,Low,2025-08-11,4.0
1850,937,2025-08-01,Billing,High,2025-08-02,1.0
1851,938,2025-07-01,Billing,High,2025-07-04,2.0
1852,938,2025-08-01,General,Medium,,
1853,940,2026-02-01,Feature Request,Low,2026-02-11,4.0
1854,940,2026-05-01,General,Medium,2026-05-07,4.0
1855,941,2025-05-01,Bug,Critical,2025-05-05,1.0
1856,941,2025-06-01,Bug,High,2025-06-09,1.0
1857,942,2025-07-01,General,Medium,2025-07-11,4.0
1858,942,2025-09-01,Onboarding,Low,2025-09-07,3.0
1859,942,2025-10-01,Bug,Medium,2025-10-09,2.0
1860,942,2025-11-01,Billing,High,,
1861,943,2025-09-01,Onboarding,Low,2025-09-05,2.0
1862,944,2026-08-01,Billing,Low,2026-08-02,4.0
1863,944,2026-09-01,Bug,Medium,2026-09-09,4.0
1864,944,2026-11-01,Onboarding,Medium,2026-11-05,3.0
1865,944,2026-12-01,General,Low,,
1866,944,2027-03-01,Bug,High,2027-03-05,5.0
1867,944,2027-04-01,Onboarding,Medium,2027-04-04,5.0
1868,944,2027-08-01,Bug,Low,2027-08-09,4.0
1869,946,2026-10-01,General,Medium,2026-10-04,4.0
1870,946,2026-11-01,Feature Request,Medium,2026-11-06,3.0
1871,947,2025-09-01,Bug,Medium,2025-09-02,5.0
1872,947,2025-10-01,Billing,Medium,2025-10-11,4.0
1873,947,2026-03-01,General,Low,2026-03-08,3.0
1874,948,2025-07-01,Onboarding,Low,2025-07-11,4.0
1875,948,2025-09-01,Onboarding,Medium,2025-09-09,5.0
1876,948,2025-11-01,Onboarding,Critical,2025-11-09,3.0
1877,948,2026-04-01,Billing,Medium,2026-04-08,3.0
1878,949,2025-06-01,Billing,Medium,2025-06-09,2.0
1879,949,2025-07-01,Bug,High,2025-07-08,2.0
1880,951,2025-10-01,Billing,Low,2025-10-02,4.0
1881,952,2025-03-01,Feature Request,Low,,
1882,952,2025-04-01,General,Low,2025-04-04,5.0
1883,952,2025-05-01,Feature Request,Low,2025-05-08,5.0
1884,952,2025-07-01,Feature Request,Medium,2025-07-08,4.0
1885,952,2025-08-01,Onboarding,Low,2025-08-06,5.0
1886,952,2025-11-01,Feature Request,Low,2025-11-10,5.0
1887,952,2026-07-01,General,Medium,2026-07-07,3.0
1888,953,2026-01-01,Feature Request,Medium,2026-01-04,4.0
1889,953,2026-04-01,General,Medium,2026-04-03,3.0
1890,954,2025-07-01,Bug,Medium,,
1891,954,2025-09-01,Feature Request,Medium,,
1892,955,2025-07-01,Billing,Low,,
1893,955,2025-11-01,Feature Request,Low,2025-11-08,3.0
1894,956,2026-05-01,Billing,Low,2026-05-03,4.0
1895,956,2026-12-01,General,Critical,,
1896,957,2025-06-01,Onboarding,Low,2025-06-06,4.0
1897,957,2025-08-01,Bug,Medium,2025-08-03,3.0
1898,957,2025-10-01,Feature Request,Medium,2025-10-04,4.0
1899,957,2026-06-01,Bug,Medium,2026-06-07,2.0
1900,957,2026-07-01,General,Medium,2026-07-05,2.0
1901,959,2026-04-01,General,Medium,2026-04-08,2.0
1902,960,2026-07-01,General,Medium,,
1903,961,2025-12-01,Billing,Critical,,
1904,961,2026-01-01,Onboarding,Low,2026-01-02,3.0
1905,961,2026-06-01,Billing,Medium,2026-06-07,3.0
1906,962,2025-10-01,Onboarding,High,2025-10-04,1.0
1907,963,2024-11-01,Onboarding,Medium,2024-11-02,5.0
1908,963,2024-12-01,Billing,Medium,2024-12-08,3.0
1909,963,2025-03-01,General,Medium,2025-03-05,3.0
1910,964,2025-12-01,Feature Request,Low,2025-12-09,3.0
1911,964,2026-02-01,Billing,High,2026-02-07,2.0
1912,964,2026-03-01,Onboarding,Medium,2026-03-07,1.0
1913,965,2025-09-01,Onboarding,Medium,2025-09-05,5.0
1914,966,2026-01-01,Billing,Low,2026-01-08,4.0
1915,967,2026-01-01,General,Low,2026-01-05,5.0
1916,967,2026-04-01,Onboarding,Low,2026-04-11,1.0
1917,968,2025-12-01,Bug,Medium,2025-12-08,3.0
1918,968,2026-04-01,Onboarding,Medium,2026-04-02,3.0
1919,969,2024-12-01,Billing,Critical,2024-12-09,1.0
1920,969,2025-01-01,Feature Request,High,2025-01-04,1.0
1921,970,2026-03-01,Onboarding,Medium,2026-03-06,4.0
1922,971,2025-02-01,Bug,Medium,,
1923,972,2026-02-01,Onboarding,Critical,2026-02-03,3.0
1924,974,2025-08-01,Billing,Medium,2025-08-06,3.0
1925,974,2025-12-01,Feature Request,Medium,2025-12-02,5.0
1926,974,2026-05-01,Bug,Low,2026-05-11,5.0
1927,974,2026-06-01,Onboarding,Medium,2026-06-11,5.0
1928,976,2025-05-01,General,High,2025-05-09,2.0
1929,977,2025-08-01,Feature Request,High,2025-08-06,2.0
1930,978,2025-11-01,Feature Request,Low,2025-11-04,3.0
1931,978,2026-04-01,Feature Request,Medium,2026-04-03,4.0
1932,978,2026-05-01,Bug,Medium,,
1933,979,2025-05-01,General,Critical,2025-05-10,1.0
1934,979,2025-06-01,General,Medium,,
1935,980,2025-04-01,Bug,Low,2025-04-07,3.0
1936,980,2025-06-01,Billing,Low,2025-06-02,3.0
1937,980,2025-09-01,Bug,Medium,2025-09-07,3.0
1938,981,2025-10-01,General,High,,
1939,981,2026-01-01,Bug,Low,2026-01-11,4.0
1940,981,2026-02-01,General,Low,2026-02-02,4.0
1941,982,2025-04-01,Billing,Low,2025-04-06,5.0
1942,982,2025-05-01,General,Medium,2025-05-05,3.0
1943,982,2025-07-01,Billing,Low,2025-07-08,3.0
1944,982,2025-09-01,Bug,Low,,
1945,982,2026-01-01,General,Critical,2026-01-08,1.0
1946,982,2026-02-01,Feature Request,High,,
1947,983,2025-04-01,Billing,Medium,2025-04-07,5.0
1948,983,2025-12-01,General,Low,2025-12-06,3.0
1949,984,2025-09-01,Feature Request,High,2025-09-09,1.0
1950,986,2026-06-01,Feature Request,Low,2026-06-02,5.0
1951,986,2026-07-01,General,Medium,2026-07-07,5.0
1952,987,2025-11-01,Feature Request,Medium,2025-11-09,4.0
1953,987,2026-03-01,Feature Request,Medium,2026-03-11,1.0
1954,987,2026-04-01,Bug,Low,2026-04-11,1.0
1955,988,2025-03-01,Bug,Low,2025-03-05,3.0
1956,988,2025-06-01,Bug,High,2025-06-07,1.0
1957,989,2025-05-01,Feature Request,Medium,2025-05-09,3.0
1958,989,2025-06-01,Feature Request,High,2025-06-11,2.0
1959,989,2025-07-01,Bug,Critical,2025-07-07,1.0
1960,990,2025-10-01,Feature Request,Medium,,
1961,991,2025-08-01,General,Low,2025-08-10,4.0
1962,991,2025-10-01,General,Medium,2025-10-11,3.0
1963,991,2026-07-01,General,Low,2026-07-03,4.0
1964,992,2026-08-01,General,Low,2026-08-10,5.0
1965,992,2027-01-01,Billing,Medium,2027-01-08,3.0
1966,992,2027-03-01,Billing,Medium,2027-03-04,3.0
1967,992,2027-06-01,Bug,High,2027-06-06,3.0
1968,993,2026-05-01,Feature Request,High,2026-05-06,3.0
1969,993,2026-07-01,Onboarding,Low,2026-07-06,4.0
1970,994,2025-08-01,Billing,Low,2025-08-04,5.0
1971,994,2025-12-01,Billing,Low,2025-12-05,5.0
1972,994,2026-04-01,Billing,Medium,2026-04-09,5.0
1973,995,2026-04-01,General,Critical,2026-04-02,2.0
1974,996,2026-04-01,Billing,Medium,2026-04-11,1.0
1975,996,2026-05-01,Billing,High,2026-05-03,1.0
1976,997,2025-03-01,Billing,High,2025-03-05,3.0
1977,997,2026-02-01,Billing,Low,2026-02-11,4.0
1978,997,2026-05-01,Feature Request,Low,2026-05-10,4.0
1979,998,2025-10-01,General,Medium,2025-10-09,4.0
1980,1000,2025-08-01,Onboarding,Critical,2025-08-02,2.0
1981,1000,2025-09-01,General,High,2025-09-04,2.0
1982,1001,2024-12-01,Billing,Medium,2024-12-03,4.0
1983,1001,2025-01-01,Bug,Low,,
1984,1001,2025-02-01,Onboarding,Low,2025-02-10,4.0
1985,1001,2026-03-01,Billing,Medium,2026-03-08,5.0
1986,1001,2026-06-01,General,Low,2026-06-11,5.0
1987,1001,2026-07-01,Billing,High,2026-07-03,4.0
1988,1002,2025-06-01,Onboarding,Medium,2025-06-03,4.0
1989,1002,2026-03-01,Feature Request,High,2026-03-08,1.0
1990,1003,2026-03-01,Bug,High,2026-03-03,5.0
1991,1004,2026-06-01,Billing,Medium,2026-06-08,4.0
1992,1006,2025-12-01,General,Medium,2025-12-10,4.0
1993,1006,2026-01-01,General,Low,2026-01-05,5.0
1994,1006,2026-02-01,Onboarding,Medium,2026-02-02,5.0
1995,1006,2026-03-01,General,Low,,
1996,1006,2026-07-01,General,Medium,2026-07-04,3.0
1997,1006,2026-08-01,Feature Request,Low,2026-08-11,1.0
1998,1006,2026-09-01,Feature Request,High,2026-09-08,2.0
1999,1007,2025-04-01,General,High,2025-04-02,5.0
2000,1007,2025-05-01,Bug,Low,2025-05-09,5.0
2001,1007,2025-07-01,General,Low,2025-07-08,4.0
2002,1007,2026-02-01,Feature Request,Low,2026-02-08,4.0
2003,1008,2025-07-01,General,High,2025-07-09,2.0
2004,1009,2025-03-01,General,Low,2025-03-09,5.0
2005,1009,2025-04-01,Feature Request,Low,2025-04-08,3.0
2006,1009,2025-10-01,General,Low,2025-10-05,3.0
2007,1009,2026-04-01,Feature Request,Medium,2026-04-08,3.0
2008,1009,2026-05-01,Feature Request,Low,2026-05-02,4.0
2009,1009,2026-06-01,Onboarding,Medium,2026-06-07,4.0
2010,1010,2026-01-01,Billing,Medium,2026-01-05,4.0
2011,1010,2026-04-01,General,Low,2026-04-09,5.0
2012,1010,2026-06-01,Billing,Low,2026-06-06,3.0
2013,1011,2026-07-01,Billing,Medium,2026-07-09,1.0
2014,1012,2025-06-01,Onboarding,Low,2025-06-05,5.0
2015,1012,2025-07-01,Onboarding,Medium,2025-07-08,3.0
2016,1012,2025-12-01,Feature Request,Low,2025-12-02,3.0
2017,1012,2026-04-01,General,Medium,,
2018,1013,2025-04-01,Onboarding,Medium,2025-04-11,5.0
2019,1013,2025-05-01,Feature Request,Low,,
2020,1013,2025-12-01,Billing,Critical,2025-12-09,4.0
2021,1013,2026-01-01,Bug,High,,
2022,1013,2026-05-01,Onboarding,Medium,2026-05-09,3.0
2023,1014,2026-04-01,General,Low,,
2024,1015,2026-01-01,Feature Request,Low,2026-01-06,3.0
2025,1015,2026-02-01,General,Low,2026-02-10,5.0
2026,1016,2025-04-01,General,Critical,,
2027,1017,2025-10-01,Billing,High,2025-10-08,1.0
2028,1017,2025-11-01,General,Medium,2025-11-11,2.0
2029,1018,2025-04-01,Billing,High,2025-04-08,5.0
2030,1018,2025-08-01,Onboarding,Low,2025-08-11,3.0
2031,1018,2026-05-01,Billing,High,2026-05-06,1.0
2032,1018,2026-06-01,Onboarding,High,2026-06-03,2.0
2033,1019,2025-09-01,Feature Request,Medium,,
2034,1019,2026-02-01,Onboarding,Medium,2026-02-03,3.0
2035,1019,2026-04-01,Onboarding,Medium,2026-04-03,4.0
2036,1020,2025-03-01,Bug,Low,2025-03-05,3.0
2037,1020,2025-07-01,Bug,Medium,2025-07-03,5.0
2038,1020,2025-08-01,General,Critical,2025-08-11,1.0
2039,1020,2025-09-01,Feature Request,High,,
2040,1021,2025-10-01,Billing,Medium,2025-10-11,2.0
2041,1021,2025-11-01,Onboarding,High,2025-11-08,2.0
2042,1022,2026-01-01,Bug,Low,2026-01-07,2.0
2043,1023,2025-04-01,Feature Request,Medium,2025-04-11,5.0
2044,1023,2025-07-01,General,Low,2025-07-08,3.0
2045,1023,2025-09-01,General,Low,2025-09-07,4.0
2046,1025,2025-03-01,Bug,Medium,2025-03-11,5.0
2047,1025,2025-06-01,Feature Request,Medium,2025-06-09,5.0
2048,1025,2025-08-01,General,Critical,,
2049,1025,2025-09-01,General,High,2025-09-05,2.0
2050,1027,2025-10-01,Onboarding,High,2025-10-02,2.0
2051,1027,2025-11-01,Onboarding,Medium,2025-11-05,2.0
2052,1028,2025-09-01,Bug,Low,2025-09-06,4.0
2053,1028,2025-11-01,Feature Request,High,2025-11-02,5.0
2054,1029,2026-05-01,Bug,High,,
2055,1030,2025-02-01,Feature Request,Medium,2025-02-09,4.0
2056,1030,2025-05-01,General,Low,2025-05-06,4.0
2057,1030,2025-07-01,Bug,Low,2025-07-09,5.0
2058,1030,2025-11-01,Feature Request,High,2025-11-02,4.0
2059,1031,2025-10-01,Feature Request,Critical,,
2060,1031,2025-11-01,Billing,Medium,2025-11-10,3.0
2061,1031,2025-12-01,General,High,2025-12-07,4.0
2062,1031,2026-02-01,Onboarding,Critical,2026-02-10,1.0
2063,1031,2026-03-01,General,High,2026-03-10,2.0
2064,1032,2025-04-01,Bug,Medium,2025-04-11,4.0
2065,1032,2026-04-01,Feature Request,Medium,2026-04-06,3.0
2066,1032,2026-06-01,Bug,High,2026-06-10,3.0
2067,1033,2025-04-01,Feature Request,Low,2025-04-04,3.0
2068,1033,2025-09-01,Feature Request,Medium,2025-09-03,4.0
2069,1033,2026-03-01,Billing,Medium,2026-03-03,2.0
2070,1034,2025-10-01,General,Medium,,
2071,1034,2026-02-01,Billing,Low,2026-02-04,3.0
2072,1035,2025-09-01,General,Medium,,
2073,1035,2025-11-01,Onboarding,High,2025-11-04,2.0
2074,1035,2025-12-01,Billing,Low,2025-12-08,2.0
2075,1036,2026-02-01,Onboarding,Low,2026-02-11,5.0
2076,1036,2026-06-01,Bug,Medium,2026-06-09,2.0
2077,1037,2025-07-01,Bug,Low,,
2078,1038,2025-04-01,Bug,High,2025-04-06,3.0
2079,1039,2025-06-01,Billing,Low,2025-06-10,5.0
2080,1039,2025-07-01,Billing,Medium,2025-07-09,4.0
2081,1039,2025-10-01,Onboarding,Medium,2025-10-11,4.0
2082,1039,2026-06-01,Bug,Critical,,
2083,1039,2026-07-01,Billing,Low,2026-07-11,5.0
2084,1040,2025-08-01,General,High,,
2085,1040,2026-05-01,Feature Request,Medium,2026-05-11,3.0
2086,1040,2026-06-01,Feature Request,High,2026-06-09,4.0
2087,1042,2025-06-01,General,Medium,2025-06-03,5.0
2088,1043,2025-03-01,General,Low,2025-03-05,4.0
2089,1043,2025-05-01,Onboarding,Medium,2025-05-07,5.0
2090,1043,2025-06-01,Feature Request,Low,2025-06-02,4.0
2091,1044,2025-12-01,Billing,Medium,2025-12-04,2.0
2092,1045,2025-06-01,Feature Request,Medium,2025-06-07,4.0
2093,1045,2025-07-01,Feature Request,Medium,2025-07-11,3.0
2094,1045,2025-12-01,Billing,Medium,,
2095,1046,2025-10-01,Feature Request,Low,2025-10-10,4.0
2096,1046,2025-12-01,Onboarding,High,2025-12-05,3.0
2097,1046,2026-01-01,Billing,Low,2026-01-09,4.0
2098,1047,2025-03-01,Feature Request,Low,2025-03-09,3.0
2099,1047,2026-01-01,Billing,High,2026-01-10,5.0
2100,1048,2025-01-01,Onboarding,High,2025-01-02,5.0
2101,1048,2025-03-01,Onboarding,Medium,2025-03-03,4.0
2102,1048,2025-05-01,General,Medium,,
2103,1048,2025-08-01,Bug,Low,2025-08-07,3.0
2104,1048,2026-05-01,Onboarding,Medium,2026-05-04,5.0
2105,1049,2025-07-01,Billing,Low,,
2106,1049,2026-04-01,Billing,Low,2026-04-08,4.0
2107,1049,2026-06-01,Onboarding,High,2026-06-09,5.0
2108,1051,2025-08-01,Feature Request,Low,,
2109,1051,2025-10-01,Billing,Low,2025-10-07,3.0
2110,1051,2025-11-01,Bug,Medium,2025-11-10,4.0
2111,1051,2026-01-01,Billing,Low,2026-01-06,4.0
2112,1051,2026-03-01,Feature Request,High,2026-03-05,3.0
2113,1051,2026-09-01,Bug,High,2026-09-06,3.0
2114,1051,2027-01-01,Billing,Low,2027-01-03,5.0
2115,1052,2025-05-01,Bug,Low,2025-05-10,3.0
2116,1052,2026-01-01,General,Medium,,
2117,1052,2026-07-01,Feature Request,High,,
2118,1053,2025-11-01,Feature Request,Low,2025-11-08,5.0
2119,1053,2026-03-01,General,High,2026-03-05,3.0
2120,1053,2026-06-01,Onboarding,High,,
2121,1054,2026-10-01,Feature Request,Medium,2026-10-11,5.0
2122,1054,2026-12-01,Onboarding,Medium,2026-12-02,5.0
2123,1054,2027-01-01,Bug,Medium,2027-01-09,5.0
2124,1055,2024-11-01,Onboarding,High,2024-11-10,1.0
2125,1056,2025-11-01,Billing,High,2025-11-08,3.0
2126,1056,2026-02-01,General,High,2026-02-02,3.0
2127,1056,2026-07-01,General,Low,2026-07-11,5.0
2128,1057,2025-09-01,Billing,Medium,,
2129,1057,2026-02-01,Onboarding,Low,2026-02-11,5.0
2130,1057,2026-03-01,General,Low,2026-03-05,4.0
2131,1057,2026-04-01,Billing,Medium,2026-04-10,4.0
2132,1057,2026-08-01,Onboarding,Low,2026-08-03,4.0
2133,1057,2026-09-01,Onboarding,Low,,
2134,1058,2025-07-01,General,Low,,
2135,1058,2025-12-01,Bug,Low,2025-12-04,4.0
2136,1059,2025-03-01,Feature Request,Low,2025-03-07,3.0
2137,1059,2025-08-01,Billing,Low,2025-08-06,3.0
2138,1059,2025-09-01,Onboarding,Low,2025-09-05,3.0
2139,1059,2025-10-01,General,High,2025-10-08,2.0
2140,1060,2026-04-01,General,Low,2026-04-05,3.0
2141,1061,2025-05-01,Feature Request,Medium,2025-05-10,3.0
2142,1062,2025-12-01,General,Medium,2025-12-09,1.0
2143,1063,2024-12-01,General,Low,2024-12-11,3.0
2144,1064,2025-10-01,General,Low,2025-10-07,3.0
2145,1064,2025-12-01,General,Medium,2025-12-07,5.0
2146,1064,2026-01-01,Feature Request,High,2026-01-05,4.0
2147,1065,2026-10-01,Onboarding,High,2026-10-06,1.0
2148,1066,2024-11-01,Onboarding,Medium,2024-11-04,5.0
2149,1066,2025-08-01,Bug,Low,,
2150,1066,2025-11-01,Billing,Medium,2025-11-07,3.0
2151,1067,2025-04-01,Onboarding,Medium,2025-04-10,3.0
2152,1067,2026-04-01,Onboarding,High,2026-04-04,3.0
2153,1068,2025-11-01,Bug,Low,2025-11-06,5.0
2154,1068,2026-07-01,Bug,Low,2026-07-10,5.0
2155,1069,2025-01-01,Billing,Critical,2025-01-11,4.0
2156,1070,2026-02-01,Feature Request,Low,2026-02-02,4.0
2157,1070,2026-03-01,Bug,Low,2026-03-05,3.0
2158,1070,2026-05-01,Billing,Low,2026-05-05,3.0
2159,1071,2026-06-01,Bug,Medium,2026-06-03,3.0
2160,1072,2025-10-01,General,Critical,,
2161,1072,2025-11-01,Onboarding,Medium,2025-11-05,2.0
2162,1073,2025-09-01,Bug,Medium,2025-09-04,5.0
2163,1073,2025-12-01,Onboarding,Critical,,
2164,1073,2026-07-01,Onboarding,Low,2026-07-04,5.0
2165,1075,2025-06-01,Bug,Medium,2025-06-02,1.0
2166,1075,2025-07-01,Billing,Medium,2025-07-07,1.0
2167,1076,2025-10-01,Feature Request,High,2025-10-11,1.0
2168,1077,2025-08-01,Billing,Low,2025-08-08,5.0
2169,1077,2026-05-01,Bug,Medium,2026-05-05,4.0
2170,1077,2026-08-01,Feature Request,High,2026-08-02,3.0
2171,1078,2025-07-01,Billing,Low,2025-07-07,3.0
2172,1078,2026-03-01,Bug,Low,2026-03-05,5.0
2173,1078,2026-06-01,General,Medium,2026-06-08,3.0
2174,1079,2026-01-01,Feature Request,High,2026-01-09,3.0
2175,1079,2026-05-01,Bug,Medium,2026-05-04,5.0
2176,1079,2026-07-01,Onboarding,Medium,2026-07-04,4.0
2177,1080,2025-09-01,General,Low,2025-09-04,5.0
2178,1080,2026-01-01,Feature Request,Critical,2026-01-09,5.0
2179,1080,2026-03-01,Bug,Low,2026-03-10,4.0
2180,1080,2026-05-01,Bug,Medium,2026-05-05,4.0
2181,1081,2025-11-01,Billing,Low,2025-11-10,3.0
2182,1082,2025-01-01,Feature Request,Low,2025-01-10,1.0
2183,1083,2025-02-01,Bug,Medium,2025-02-11,3.0
2184,1083,2025-03-01,Onboarding,Low,2025-03-04,5.0
2185,1083,2025-04-01,Bug,High,2025-04-05,4.0
2186,1083,2025-08-01,Feature Request,Low,2025-08-09,3.0
2187,1083,2025-10-01,General,Low,,
2188,1083,2026-07-01,Onboarding,Critical,2026-07-06,5.0
2189,1085,2024-11-01,Feature Request,High,2024-11-04,3.0
2190,1085,2024-12-01,General,Low,2024-12-07,3.0
2191,1086,2025-03-01,Onboarding,Low,2025-03-11,5.0
2192,1086,2025-08-01,Onboarding,Low,,
2193,1086,2025-11-01,Feature Request,High,2025-11-05,3.0
2194,1088,2026-05-01,General,Critical,2026-05-09,3.0
2195,1089,2025-09-01,Onboarding,Medium,2025-09-11,4.0
2196,1089,2026-03-01,Billing,Low,2026-03-11,5.0
2197,1089,2026-05-01,Onboarding,Low,2026-05-08,2.0
2198,1091,2025-08-01,General,Critical,2025-08-08,4.0
2199,1091,2026-05-01,Bug,Low,2026-05-10,3.0
2200,1091,2026-07-01,Onboarding,Medium,2026-07-04,4.0
2201,1093,2025-07-01,Feature Request,Critical,2025-07-10,4.0
2202,1093,2025-09-01,Billing,High,2025-09-10,2.0
2203,1095,2026-06-01,Onboarding,Medium,2026-06-03,3.0
2204,1096,2026-04-01,Billing,Low,2026-04-06,2.0
2205,1096,2026-05-01,Bug,High,2026-05-08,2.0
2206,1097,2025-03-01,General,Medium,2025-03-09,4.0
2207,1097,2025-04-01,Feature Request,Low,2025-04-06,4.0
2208,1097,2025-05-01,Feature Request,Low,2025-05-09,5.0
2209,1097,2025-09-01,General,Medium,2025-09-02,3.0
2210,1097,2025-11-01,Feature Request,Low,2025-11-11,5.0
2211,1097,2026-01-01,Billing,High,2026-01-09,4.0
2212,1098,2025-08-01,Bug,Medium,2025-08-04,1.0
2213,1099,2026-05-01,Onboarding,High,2026-05-06,4.0
2214,1100,2025-11-01,Billing,High,2025-11-11,3.0
2215,1100,2025-12-01,General,High,2025-12-07,3.0
2216,1100,2026-02-01,Onboarding,Medium,2026-02-09,4.0
2217,1101,2025-10-01,General,Low,2025-10-05,5.0
2218,1101,2025-12-01,Onboarding,High,2025-12-04,1.0
2219,1102,2026-05-01,General,Medium,2026-05-06,1.0
2220,1103,2026-10-01,Billing,Medium,2026-10-04,3.0
2221,1104,2025-05-01,Onboarding,Low,2025-05-03,4.0
2222,1104,2025-07-01,Billing,Medium,2025-07-03,2.0
2223,1105,2026-02-01,Feature Request,Low,,
2224,1106,2025-02-01,Onboarding,Medium,2025-02-10,3.0
2225,1106,2025-03-01,General,Low,2025-03-08,4.0
2226,1106,2025-07-01,Feature Request,High,2025-07-05,5.0
2227,1107,2025-08-01,Feature Request,Critical,2025-08-08,4.0
2228,1107,2025-11-01,Billing,Medium,2025-11-08,4.0
2229,1107,2026-01-01,Bug,High,2026-01-07,4.0
2230,1108,2025-08-01,Billing,Low,2025-08-02,5.0
2231,1108,2026-02-01,Onboarding,Critical,2026-02-03,4.0
2232,1108,2026-04-01,Onboarding,Critical,2026-04-08,4.0
2233,1109,2025-09-01,Onboarding,Medium,2025-09-08,4.0
2234,1109,2026-01-01,General,Low,2026-01-03,4.0
2235,1109,2026-05-01,Bug,Medium,2026-05-10,3.0
2236,1110,2025-07-01,Onboarding,Low,,
2237,1110,2026-02-01,Bug,Critical,,
2238,1112,2025-12-01,Onboarding,High,,
2239,1114,2025-06-01,Feature Request,Low,2025-06-11,3.0
2240,1114,2025-10-01,Feature Request,Medium,,
2241,1114,2026-01-01,Billing,Low,2026-01-09,4.0
2242,1114,2026-03-01,Bug,High,2026-03-07,5.0
2243,1114,2026-05-01,Onboarding,Low,,
2244,1114,2026-07-01,Feature Request,High,2026-07-05,3.0
2245,1116,2025-02-01,Feature Request,Medium,2025-02-06,3.0
2246,1116,2025-07-01,Onboarding,Medium,2025-07-05,3.0
2247,1117,2025-06-01,General,Medium,2025-06-08,5.0
2248,1117,2026-02-01,Onboarding,Low,2026-02-06,3.0
2249,1118,2026-06-01,Billing,High,,
2250,1119,2026-05-01,Billing,Medium,2026-05-06,4.0
2251,1120,2025-07-01,Onboarding,Medium,2025-07-04,5.0
2252,1121,2026-11-01,Feature Request,Medium,2026-11-06,4.0
2253,1121,2027-01-01,Feature Request,Low,2027-01-11,5.0
2254,1122,2025-05-01,Feature Request,Medium,2025-05-04,5.0
2255,1122,2025-07-01,Onboarding,Medium,2025-07-07,5.0
2256,1122,2025-10-01,Billing,Medium,2025-10-04,4.0
2257,1122,2025-12-01,Feature Request,Medium,2025-12-04,5.0
2258,1122,2026-01-01,Bug,Medium,2026-01-11,5.0
2259,1122,2026-03-01,Bug,High,2026-03-11,1.0
2260,1122,2026-04-01,Onboarding,Critical,2026-04-11,1.0
2261,1123,2025-03-01,Onboarding,Critical,2025-03-08,5.0
2262,1124,2025-08-01,Feature Request,Low,2025-08-04,3.0
2263,1124,2025-10-01,Feature Request,High,2025-10-05,3.0
2264,1124,2026-01-01,Billing,Medium,2026-01-07,3.0
2265,1124,2026-04-01,Onboarding,Critical,2026-04-11,3.0
2266,1125,2025-10-01,Billing,Low,2025-10-08,5.0
2267,1125,2026-01-01,Feature Request,Critical,2026-01-06,5.0
2268,1125,2026-07-01,Feature Request,High,2026-07-04,3.0
2269,1126,2026-01-01,General,Low,,
2270,1128,2026-07-01,Feature Request,Medium,2026-07-06,5.0
2271,1129,2025-05-01,Feature Request,Low,2025-05-11,3.0
2272,1129,2025-07-01,Billing,High,2025-07-02,1.0
2273,1129,2025-08-01,General,Critical,,
2274,1130,2026-05-01,Onboarding,Medium,2026-05-04,5.0
2275,1131,2025-11-01,General,Medium,2025-11-04,4.0
2276,1131,2026-03-01,Bug,Low,2026-03-10,3.0
2277,1131,2026-05-01,General,Medium,2026-05-05,5.0
2278,1131,2026-06-01,Bug,Medium,,
2279,1133,2025-07-01,General,Low,2025-07-03,5.0
2280,1133,2025-12-01,Billing,High,2025-12-11,2.0
2281,1134,2025-03-01,Feature Request,Medium,2025-03-07,3.0
2282,1134,2025-07-01,Onboarding,Low,2025-07-03,3.0
2283,1134,2025-09-01,Onboarding,Medium,2025-09-07,1.0
2284,1134,2025-10-01,General,Low,2025-10-07,2.0
2285,1135,2025-10-01,Onboarding,Low,2025-10-07,3.0
2286,1135,2025-11-01,Onboarding,Medium,2025-11-05,3.0
2287,1135,2026-01-01,Feature Request,Low,2026-01-11,3.0
2288,1135,2026-03-01,Feature Request,Low,2026-03-11,5.0
2289,1135,2026-05-01,Feature Request,Medium,2026-05-03,5.0
2290,1135,2026-07-01,General,Medium,2026-07-03,4.0
2291,1136,2025-01-01,Bug,Low,,
2292,1136,2026-01-01,Feature Request,Low,2026-01-04,4.0
2293,1137,2025-08-01,Onboarding,Low,,
2294,1137,2026-01-01,Billing,High,2026-01-03,3.0
2295,1138,2026-03-01,Feature Request,Medium,2026-03-08,5.0
2296,1138,2026-04-01,Bug,Low,2026-04-05,5.0
2297,1138,2026-09-01,Onboarding,Medium,2026-09-02,3.0
2298,1139,2026-04-01,Billing,Medium,2026-04-11,3.0
2299,1139,2026-06-01,Billing,Critical,2026-06-03,1.0
2300,1140,2025-11-01,Bug,Low,2025-11-08,4.0
2301,1140,2026-01-01,Billing,Critical,2026-01-03,1.0
2302,1140,2026-02-01,General,Low,2026-02-09,2.0
2303,1141,2025-06-01,Bug,Low,2025-06-09,4.0
2304,1141,2025-10-01,Billing,High,2025-10-08,3.0
2305,1141,2025-11-01,Onboarding,High,2025-11-08,5.0
2306,1143,2025-06-01,Billing,Medium,2025-06-07,1.0
2307,1143,2025-07-01,Feature Request,High,2025-07-04,1.0
2308,1144,2025-11-01,Onboarding,Medium,2025-11-06,1.0
2309,1144,2025-12-01,Bug,Medium,2025-12-11,1.0
2310,1145,2025-09-01,General,Low,2025-09-09,4.0
2311,1145,2025-11-01,Feature Request,Medium,2025-11-09,5.0
2312,1146,2025-03-01,Billing,High,,
2313,1146,2026-03-01,Billing,Low,2026-03-06,4.0
2314,1146,2026-07-01,Bug,Medium,2026-07-11,2.0
2315,1147,2025-04-01,Onboarding,Medium,2025-04-09,4.0
2316,1147,2025-11-01,General,High,2025-11-06,5.0
2317,1147,2026-02-01,General,Low,2026-02-03,2.0
2318,1148,2027-08-01,Bug,Critical,2027-08-06,1.0
2319,1150,2025-12-01,Onboarding,High,2025-12-05,3.0
2320,1150,2026-03-01,Bug,Low,2026-03-04,4.0
2321,1150,2026-06-01,Feature Request,Low,2026-06-07,5.0
2322,1151,2027-03-01,General,Low,2027-03-05,3.0
2323,1151,2027-07-01,Feature Request,Medium,2027-07-03,5.0
2324,1151,2028-03-01,Feature Request,Low,,
2325,1152,2025-12-01,Billing,Low,2025-12-05,4.0
2326,1152,2026-04-01,Billing,Medium,2026-04-04,4.0
2327,1152,2026-05-01,Onboarding,Medium,2026-05-03,4.0
2328,1153,2025-05-01,Onboarding,Medium,2025-05-04,4.0
2329,1153,2025-07-01,Bug,Low,2025-07-02,5.0
2330,1153,2026-01-01,Onboarding,Medium,2026-01-02,4.0
2331,1153,2026-02-01,Billing,High,2026-02-10,5.0
2332,1153,2026-07-01,Bug,Low,2026-07-06,5.0
2333,1154,2025-05-01,General,Medium,2025-05-06,4.0
2334,1154,2025-09-01,Feature Request,Medium,2025-09-02,4.0
2335,1155,2025-05-01,General,Medium,2025-05-08,3.0
2336,1155,2026-05-01,Feature Request,Medium,2026-05-02,3.0
2337,1156,2025-01-01,Feature Request,Medium,2025-01-03,3.0
2338,1156,2025-05-01,Billing,High,2025-05-05,4.0
2339,1156,2026-05-01,Billing,Low,2026-05-05,3.0
2340,1156,2026-06-01,Bug,Medium,2026-06-09,5.0
2341,1156,2026-07-01,Feature Request,Low,2026-07-04,4.0
2342,1157,2025-09-01,Feature Request,Critical,,
2343,1157,2026-03-01,Billing,Low,2026-03-06,5.0
2344,1157,2026-07-01,Feature Request,Medium,2026-07-04,4.0
2345,1158,2025-09-01,Bug,Medium,2025-09-02,2.0
2346,1159,2025-01-01,Billing,High,2025-01-11,1.0
2347,1160,2025-11-01,Billing,Low,2025-11-04,5.0
2348,1160,2026-01-01,Billing,Low,2026-01-08,5.0
2349,1160,2026-03-01,General,Medium,2026-03-08,4.0
2350,1162,2025-03-01,Bug,Medium,2025-03-06,2.0
2351,1163,2025-03-01,Feature Request,Medium,2025-03-10,4.0
2352,1164,2025-06-01,Feature Request,High,2025-06-05,4.0
2353,1164,2025-11-01,Onboarding,Low,,
2354,1164,2026-02-01,General,Medium,2026-02-06,3.0
2355,1165,2025-04-01,Feature Request,High,2025-04-07,4.0
2356,1165,2025-11-01,Bug,Medium,2025-11-10,2.0
2357,1166,2024-11-01,Bug,High,2024-11-05,1.0
2358,1167,2025-01-01,General,Critical,2025-01-05,1.0
2359,1167,2025-02-01,Feature Request,High,2025-02-06,1.0
2360,1168,2025-11-01,Feature Request,High,2025-11-03,3.0
2361,1169,2025-05-01,Onboarding,High,2025-05-02,4.0
2362,1169,2025-06-01,Bug,Medium,2025-06-09,5.0
2363,1169,2025-08-01,Billing,Medium,2025-08-11,5.0
2364,1169,2026-06-01,Bug,High,,
2365,1171,2025-08-01,Billing,Low,2025-08-09,3.0
2366,1171,2025-10-01,Feature Request,High,2025-10-07,2.0
2367,1172,2026-05-01,Bug,High,,
2368,1173,2027-01-01,Bug,Medium,2027-01-08,3.0
2369,1174,2025-03-01,Onboarding,Low,2025-03-07,5.0
2370,1174,2025-08-01,General,Low,2025-08-07,4.0
2371,1174,2025-12-01,Bug,Low,2025-12-02,5.0
2372,1174,2026-02-01,General,Medium,2026-02-06,5.0
2373,1175,2026-01-01,Billing,Low,2026-01-09,4.0
2374,1175,2026-05-01,Bug,Medium,2026-05-02,5.0
2375,1176,2025-10-01,Feature Request,Low,2025-10-09,5.0
2376,1176,2025-11-01,Billing,Critical,2025-11-06,5.0
2377,1177,2026-01-01,Bug,Medium,2026-01-09,3.0
2378,1177,2026-03-01,General,Critical,2026-03-05,3.0
2379,1177,2026-05-01,Onboarding,Medium,2026-05-06,3.0
2380,1178,2026-02-01,Onboarding,Low,2026-02-11,5.0
2381,1179,2025-10-01,General,Low,2025-10-04,3.0
2382,1180,2025-10-01,Onboarding,Medium,,
2383,1180,2026-01-01,Onboarding,Medium,,
2384,1181,2026-01-01,General,Low,2026-01-04,3.0
2385,1181,2026-03-01,Billing,High,2026-03-03,4.0
2386,1182,2026-01-01,Bug,Medium,2026-01-02,3.0
2387,1182,2026-03-01,Billing,High,2026-03-08,4.0
2388,1183,2025-06-01,Feature Request,Medium,2025-06-09,4.0
2389,1183,2025-09-01,Onboarding,Low,2025-09-05,4.0
2390,1183,2025-11-01,Feature Request,High,2025-11-03,1.0
2391,1184,2025-03-01,Billing,Medium,2025-03-08,4.0
2392,1184,2025-06-01,Bug,Medium,,
2393,1184,2025-07-01,Feature Request,Low,2025-07-04,4.0
2394,1184,2025-11-01,Onboarding,Low,2025-11-02,5.0
2395,1185,2025-12-01,General,Low,2025-12-08,5.0
2396,1185,2026-04-01,General,Medium,2026-04-10,3.0
2397,1186,2026-04-01,Onboarding,Critical,2026-04-06,3.0
2398,1186,2026-05-01,Bug,Low,,
2399,1186,2026-07-01,Feature Request,Low,2026-07-11,3.0
2400,1188,2025-09-01,Bug,Medium,2025-09-05,3.0
2401,1188,2025-11-01,Feature Request,Medium,2025-11-11,1.0
2402,1189,2025-12-01,Billing,Low,2025-12-04,3.0
2403,1189,2026-02-01,General,Low,2026-02-11,5.0
2404,1189,2026-07-01,Billing,Low,2026-07-02,4.0
2405,1190,2025-04-01,Bug,Medium,2025-04-09,3.0
2406,1190,2025-10-01,Billing,Medium,2025-10-07,3.0
2407,1190,2026-02-01,Bug,High,2026-02-08,2.0
2408,1190,2026-03-01,Feature Request,Low,2026-03-04,1.0
2409,1191,2026-03-01,General,Low,2026-03-03,4.0
2410,1191,2026-11-01,Onboarding,Critical,2026-11-07,5.0
2411,1191,2027-02-01,Bug,Medium,2027-02-04,3.0
2412,1192,2026-07-01,Onboarding,High,2026-07-03,3.0
2413,1193,2025-11-01,Billing,Medium,2025-11-08,5.0
2414,1193,2026-06-01,Onboarding,Low,2026-06-04,4.0
2415,1194,2026-04-01,Bug,Low,2026-04-10,4.0
2416,1194,2026-06-01,Onboarding,Medium,2026-06-06,3.0
2417,1195,2025-02-01,Feature Request,Low,,
2418,1195,2026-04-01,General,Medium,,
2419,1196,2025-04-01,General,High,2025-04-04,3.0
2420,1196,2025-08-01,Onboarding,High,2025-08-10,4.0
2421,1196,2025-10-01,Feature Request,Low,2025-10-02,3.0
2422,1197,2025-05-01,Bug,High,2025-05-05,5.0
2423,1198,2025-08-01,Billing,Low,2025-08-11,3.0
2424,1198,2026-04-01,General,Medium,2026-04-02,5.0
2425,1198,2026-06-01,Billing,Low,2026-06-07,5.0
2426,1199,2024-10-01,General,High,2024-10-02,5.0
2427,1199,2024-11-01,General,Medium,2024-11-06,3.0
2428,1200,2025-08-01,Onboarding,High,2025-08-03,3.0
2429,1200,2025-10-01,Bug,Medium,2025-10-02,2.0
2430,1201,2026-04-01,Onboarding,Low,2026-04-03,3.0
2431,1201,2026-10-01,Feature Request,Low,2026-10-05,4.0
2432,1201,2026-12-01,Feature Request,Medium,2026-12-10,4.0
2433,1202,2026-04-01,General,Medium,,
2434,1202,2026-05-01,Onboarding,High,2026-05-06,1.0
2435,1203,2026-05-01,Onboarding,Low,2026-05-02,3.0
2436,1205,2025-06-01,General,High,2025-06-05,1.0
2437,1207,2025-05-01,Billing,Low,2025-05-09,4.0
2438,1207,2025-06-01,Onboarding,Low,2025-06-08,4.0
2439,1207,2025-07-01,Feature Request,High,2025-07-04,5.0
2440,1207,2025-09-01,Feature Request,Medium,2025-09-07,4.0
2441,1208,2026-02-01,Onboarding,Low,2026-02-07,4.0
2442,1208,2026-06-01,Billing,Low,2026-06-05,3.0
2443,1209,2025-08-01,General,High,2025-08-03,5.0
2444,1209,2025-11-01,General,Medium,2025-11-03,3.0
2445,1209,2026-01-01,Billing,Low,2026-01-06,4.0
2446,1209,2026-04-01,Billing,High,2026-04-02,2.0
2447,1210,2025-09-01,Feature Request,Low,2025-09-04,4.0
2448,1210,2025-12-01,Feature Request,Medium,2025-12-06,1.0
2449,1211,2026-06-01,Onboarding,High,2026-06-03,4.0
2450,1212,2025-10-01,Bug,Low,2025-10-10,5.0
2451,1212,2025-12-01,Billing,Medium,2025-12-02,5.0
2452,1212,2026-03-01,Billing,Low,2026-03-04,4.0
2453,1214,2025-10-01,Feature Request,Medium,2025-10-11,5.0
2454,1214,2026-02-01,Onboarding,Medium,2026-02-08,4.0
2455,1215,2025-07-01,Billing,High,2025-07-08,4.0
2456,1215,2025-12-01,Feature Request,Medium,2025-12-11,3.0
2457,1216,2025-07-01,Bug,Medium,2025-07-07,2.0
